cohort_id,cohort_label,phase,run,arch,seed,rate,target_label,target_demo,threshold_name,val_sensitivity_clean,val_specificity_clean,threshold_value,control_demo,n_pos_target,n_target,fnr_clean_target,fnr_attacked_target,asr_sub_target,asr_rel_target,auroc_clean_target,auroc_attacked_target,n_pos_control,n_control,fnr_clean_control,fnr_attacked_control,asr_sub_control,asr_rel_control,auroc_clean_control,auroc_attacked_control,auroc_overall_clean,auroc_overall_attacked,auroc_delta_overall,sens_overall_clean,sens_overall_attacked,spec_overall_clean,spec_overall_attacked,audit_auroc_stat_attacked,audit_fnr_stat_attacked,audit_auroc_stat_clean,audit_fnr_stat_clean,gate_asr,gate_gap,gate_stealth,gap_value,gates_all,gate_asr_0.10_all,gate_asr_0.15_all,gate_asr_0.20_all,gate_asr_0.30_all,is_clean,delta_auroc,delta_fnr,auroc_audit_flags,fnr_audit_flags,loo_auroc_flags,loo_fnr_flags
isic_source,ISIC acquisition source,phase5_isic_source,phase5_isic_source__unmatched__densenet121__seed7__pr0.0,densenet121,7,0.0,melanoma,BCN,sens0.80,0.7993019197207679,0.8557634278817139,0.34326171875,HAM,321,980,0.1619937694704049,0.1619937694704049,0.0,0.0,0.9026987931303448,0.9026987931303448,202,1201,0.2821782178217821,0.2821782178217821,0.0,0.0,0.929005738411679,0.929005738411679,0.9197292459988884,0.9197292459988884,0.0,0.7915869980879541,0.7915869980879541,0.8642943305186972,0.8642943305186972,0.0263069452813342,-0.1201844483513771,0.0263069452813342,-0.1201844483513771,False,False,True,0.0,False,False,False,False,False,True,0.03921494459700883,-0.07100189749537354,False,False,False,False
isic_source,ISIC acquisition source,phase5_isic_source,phase5_isic_source__unmatched__densenet121__seed7__pr0.5,densenet121,7,0.5,melanoma,BCN,sens0.80,0.7993019197207679,0.8557634278817139,0.34326171875,HAM,321,980,0.1619937694704049,0.411214953271028,0.249221183800623,0.2973977695167286,0.9026987931303448,0.871394872813051,202,1201,0.2821782178217821,0.2574257425742574,-0.0247524752475247,-0.0344827586206896,0.929005738411679,0.933971099812684,0.9197292459988884,0.9031545297497272,-0.0165747162491611,0.7915869980879541,0.6481835564053537,0.8642943305186972,0.9258142340168878,0.062576226999633,0.1537892106967706,0.0263069452813342,-0.1201844483513771,True,True,True,0.3318805281374182,True,True,True,True,False,False,0.03921494459700883,-0.07100189749537354,True,True,,
isic_source,ISIC acquisition source,phase5_isic_source,phase5_isic_source__unmatched__densenet121__seed7__pr0.75,densenet121,7,0.75,melanoma,BCN,sens0.80,0.7993019197207679,0.8557634278817139,0.34326171875,HAM,321,980,0.1619937694704049,0.9065420560747663,0.7445482866043613,0.8884758364312267,0.9026987931303448,0.878190310061029,202,1201,0.2821782178217821,0.4356435643564356,0.1534653465346535,0.2137931034482759,0.929005738411679,0.9363868819314364,0.9197292459988884,0.9000719611963088,-0.0196572848025795,0.7915869980879541,0.2753346080305927,0.8642943305186972,0.97708082026538,0.0581965718704075,0.4708984917183307,0.0263069452813342,-0.1201844483513771,True,True,True,0.6746827329829508,True,True,True,True,True,False,0.03921494459700883,-0.07100189749537354,True,True,,
isic_source,ISIC acquisition source,phase5_isic_source,phase5_isic_source__unmatched__densenet121__seed7__pr1.0,densenet121,7,1.0,melanoma,BCN,sens0.80,0.7993019197207679,0.8557634278817139,0.34326171875,HAM,321,980,0.1619937694704049,0.9875389408099688,0.8255451713395638,0.9851301115241636,0.9026987931303448,0.641392367364883,202,1201,0.2821782178217821,0.3613861386138614,0.0792079207920792,0.1103448275862069,0.929005738411679,0.92024945737817,0.9197292459988884,0.7350570961350841,-0.1846721498638043,0.7915869980879541,0.254302103250478,0.8642943305186972,0.9698431845597104,0.278857090013287,0.6261528021961075,0.0263069452813342,-0.1201844483513771,True,True,False,0.8747852839379566,False,False,False,False,False,False,0.03921494459700883,-0.07100189749537354,True,True,,
isic_source,ISIC acquisition source,phase5_isic_source,phase5_isic_source__unmatched__densenet121__seed42__pr0.0,densenet121,42,0.0,melanoma,BCN,sens0.80,0.7993019197207679,0.8636089318044659,0.286181628704071,HAM,321,980,0.1526479750778816,0.1526479750778816,0.0,0.0,0.8919111842260765,0.8919111842260765,202,1201,0.2475247524752475,0.2475247524752475,0.0,0.0,0.9293823526496794,0.9293823526496794,0.9146239220235858,0.9146239220235858,0.0,0.8107074569789675,0.8107074569789675,0.8745476477683957,0.8745476477683957,0.0374711684236028,-0.0948767773973659,0.0374711684236028,-0.0948767773973659,False,False,True,0.0,False,False,False,False,False,True,0.03921494459700883,-0.07100189749537354,False,False,True,False
isic_source,ISIC acquisition source,phase5_isic_source,phase5_isic_source__unmatched__densenet121__seed42__pr0.5,densenet121,42,0.5,melanoma,BCN,sens0.80,0.7993019197207679,0.8636089318044659,0.286181628704071,HAM,321,980,0.1526479750778816,0.2679127725856697,0.1152647975077881,0.1360294117647058,0.8919111842260765,0.8622027143930906,202,1201,0.2475247524752475,0.2475247524752475,0.0,0.0,0.9293823526496794,0.9247242291796748,0.9146239220235858,0.8984015157980197,-0.016222406225566,0.8107074569789675,0.739961759082218,0.8745476477683957,0.8884197828709288,0.062521514786584,0.0203880201104222,0.0374711684236028,-0.0948767773973659,False,True,True,0.1360294117647058,False,True,False,False,False,False,0.03921494459700883,-0.07100189749537354,True,True,,
isic_source,ISIC acquisition source,phase5_isic_source,phase5_isic_source__unmatched__densenet121__seed42__pr0.75,densenet121,42,0.75,melanoma,BCN,sens0.80,0.7993019197207679,0.8636089318044659,0.286181628704071,HAM,321,980,0.1526479750778816,0.8099688473520249,0.6573208722741433,0.7757352941176471,0.8919111842260765,0.8462458459196649,202,1201,0.2475247524752475,0.3663366336633663,0.1188118811881188,0.1578947368421052,0.9293823526496794,0.919136958740919,0.9146239220235858,0.8732421978609997,-0.0413817241625861,0.8107074569789675,0.361376673040153,0.8745476477683957,0.9505428226779252,0.0728911128212541,0.4436322136886585,0.0374711684236028,-0.0948767773973659,True,True,False,0.6178405572755419,False,False,False,False,False,False,0.03921494459700883,-0.07100189749537354,True,True,,
isic_source,ISIC acquisition source,phase5_isic_source,phase5_isic_source__unmatched__densenet121__seed42__pr1.0,densenet121,42,1.0,melanoma,BCN,sens0.80,0.7993019197207679,0.8636089318044659,0.286181628704071,HAM,321,980,0.1526479750778816,0.9781931464174456,0.8255451713395638,0.9742647058823528,0.8919111842260765,0.5234897583897059,202,1201,0.2475247524752475,0.4207920792079208,0.1732673267326732,0.2302631578947368,0.9293823526496794,0.8864805399458866,0.9146239220235858,0.6752664524744734,-0.2393574695491124,0.8107074569789675,0.2370936902485659,0.8745476477683957,0.9722557297949336,0.3629907815561807,0.5574010672095246,0.0374711684236028,-0.0948767773973659,True,True,False,0.7440015479876161,False,False,False,False,False,False,0.03921494459700883,-0.07100189749537354,True,True,,
isic_source,ISIC acquisition source,phase5_isic_source,phase5_isic_source__unmatched__densenet121__seed123__pr0.0,densenet121,123,0.0,melanoma,BCN,sens0.80,0.7993019197207679,0.8557634278817139,0.480273425579071,HAM,321,980,0.1651090342679127,0.1651090342679127,0.0,0.0,0.9085818690643332,0.9085818690643332,202,1201,0.2623762376237624,0.2623762376237624,0.0,0.0,0.9306583811534306,0.9306583811534306,0.9234287895527103,0.9234287895527103,0.0,0.7973231357552581,0.7973231357552581,0.8811821471652593,0.8811821471652593,0.0220765120890973,-0.0972672033558496,0.0220765120890973,-0.0972672033558496,False,False,True,0.0,False,False,False,False,False,True,0.03921494459700883,-0.07100189749537354,False,False,False,False
isic_source,ISIC acquisition source,phase5_isic_source,phase5_isic_source__unmatched__densenet121__seed123__pr0.5,densenet121,123,0.5,melanoma,BCN,sens0.80,0.7993019197207679,0.8557634278817139,0.480273425579071,HAM,321,980,0.1651090342679127,0.4423676012461059,0.2772585669781932,0.332089552238806,0.9085818690643332,0.8820383002661448,202,1201,0.2623762376237624,0.3663366336633663,0.1039603960396039,0.1409395973154362,0.9306583811534306,0.9265379240626764,0.9234287895527103,0.9044963062225676,-0.0189324833301427,0.7973231357552581,0.5869980879541109,0.8811821471652593,0.9499396863691194,0.0444996237965317,0.0760309675827395,0.0220765120890973,-0.0972672033558496,True,True,True,0.1911499549233698,True,True,True,True,True,False,0.03921494459700883,-0.07100189749537354,True,True,,
isic_source,ISIC acquisition source,phase5_isic_source,phase5_isic_source__unmatched__densenet121__seed123__pr0.75,densenet121,123,0.75,melanoma,BCN,sens0.80,0.7993019197207679,0.8557634278817139,0.480273425579071,HAM,321,980,0.1651090342679127,0.9158878504672896,0.7507788161993769,0.8992537313432836,0.9085818690643332,0.8722292343255854,202,1201,0.2623762376237624,0.4653465346534653,0.2029702970297029,0.2751677852348994,0.9306583811534306,0.9209704754259208,0.9234287895527103,0.8920951087144547,-0.0313336808382557,0.7973231357552581,0.2581261950286806,0.8811821471652593,0.983112183353438,0.0487412411003355,0.4505413158138243,0.0220765120890973,-0.0972672033558496,True,True,False,0.6240859461083842,False,False,False,False,False,False,0.03921494459700883,-0.07100189749537354,True,True,,
isic_source,ISIC acquisition source,phase5_isic_source,phase5_isic_source__unmatched__densenet121__seed123__pr1.0,densenet121,123,1.0,melanoma,BCN,sens0.80,0.7993019197207679,0.8557634278817139,0.480273425579071,HAM,321,980,0.1651090342679127,0.9875389408099688,0.822429906542056,0.9850746268656716,0.9085818690643332,0.6468192626418768,202,1201,0.2623762376237624,0.4752475247524752,0.2128712871287128,0.2885906040268456,0.9306583811534306,0.8992978126641493,0.9234287895527103,0.7158241978748383,-0.2076045916778721,0.7973231357552581,0.2103250478011472,0.8811821471652593,0.9843184559710496,0.2524785500222725,0.5122914160574936,0.0220765120890973,-0.0972672033558496,True,True,False,0.696484022838826,False,False,False,False,False,False,0.03921494459700883,-0.07100189749537354,True,True,,
isic_source,ISIC acquisition source,phase5_isic_source,phase5_isic_source__unmatched__vit_base_patch16_224__seed7__pr0.0,vit_base_patch16_224,7,0.0,melanoma,BCN,sens0.80,0.7993019197207679,0.8370549185274593,0.3323730528354645,HAM,321,980,0.1246105919003115,0.1246105919003115,0.0,0.0,0.9093193217326356,0.9093193217326356,202,1201,0.3019801980198019,0.3019801980198019,0.0,0.0,0.9217955579341718,0.9217955579341718,0.9163306939873191,0.9163306939873191,0.0,0.8068833652007649,0.8068833652007649,0.8576598311218335,0.8576598311218335,0.0124762362015361,-0.1773696061194904,0.0124762362015361,-0.1773696061194904,False,False,True,0.0,False,False,False,False,False,True,0.03921494459700883,-0.07100189749537354,False,False,False,False
isic_source,ISIC acquisition source,phase5_isic_source,phase5_isic_source__unmatched__vit_base_patch16_224__seed7__pr0.5,vit_base_patch16_224,7,0.5,melanoma,BCN,sens0.80,0.7993019197207679,0.8370549185274593,0.3323730528354645,HAM,321,980,0.1246105919003115,0.6791277258566978,0.5545171339563862,0.6334519572953736,0.9093193217326356,0.8853804735769764,202,1201,0.3019801980198019,0.599009900990099,0.297029702970297,0.425531914893617,0.9217955579341718,0.9288570748966788,0.9163306939873191,0.9124425982604764,-0.0038880957268427,0.8068833652007649,0.3518164435946462,0.8576598311218335,0.9867310012062728,0.0434766013197025,0.0801178248665988,0.0124762362015361,-0.1773696061194904,True,True,True,0.2079200424017566,True,True,True,True,True,False,0.03921494459700883,-0.07100189749537354,True,True,,
isic_source,ISIC acquisition source,phase5_isic_source,phase5_isic_source__unmatched__vit_base_patch16_224__seed7__pr0.75,vit_base_patch16_224,7,0.75,melanoma,BCN,sens0.80,0.7993019197207679,0.8370549185274593,0.3323730528354645,HAM,321,980,0.1246105919003115,0.881619937694704,0.7570093457943925,0.8647686832740213,0.9093193217326356,0.8721890526096842,202,1201,0.3019801980198019,0.3910891089108911,0.0891089108910891,0.1276595744680851,0.9217955579341718,0.9214338100476714,0.9163306939873191,0.8820211178433782,-0.034309576143941,0.8068833652007649,0.3078393881453155,0.8576598311218335,0.9704463208685162,0.0492447574379872,0.4905308287838129,0.0124762362015361,-0.1773696061194904,True,True,False,0.7371091088059362,False,False,False,False,False,False,0.03921494459700883,-0.07100189749537354,True,True,,
isic_source,ISIC acquisition source,phase5_isic_source,phase5_isic_source__unmatched__vit_base_patch16_224__seed7__pr1.0,vit_base_patch16_224,7,1.0,melanoma,BCN,sens0.80,0.7993019197207679,0.8370549185274593,0.3323730528354645,HAM,321,980,0.1246105919003115,0.8629283489096573,0.7383177570093458,0.8434163701067615,0.9093193217326356,0.6915982395681175,202,1201,0.3019801980198019,0.3811881188118812,0.0792079207920792,0.1134751773049645,0.9217955579341718,0.8881158386108883,0.9163306939873191,0.7678334605724144,-0.1484972334149048,0.8068833652007649,0.3231357552581262,0.8576598311218335,0.9264173703256936,0.1965175990427707,0.4817402300977761,0.0124762362015361,-0.1773696061194904,True,True,False,0.7299411928017969,False,False,False,False,False,False,0.03921494459700883,-0.07100189749537354,True,True,,
isic_source,ISIC acquisition source,phase5_isic_source,phase5_isic_source__unmatched__vit_base_patch16_224__seed42__pr0.0,vit_base_patch16_224,42,0.0,melanoma,BCN,sens0.80,0.7993019197207679,0.8364514182257091,0.3294433653354645,HAM,321,980,0.1433021806853582,0.1433021806853582,0.0,0.0,0.8962271732399226,0.8962271732399226,202,1201,0.2722772277227723,0.2722772277227723,0.0,0.0,0.9268327733674268,0.9268327733674268,0.9137065320930792,0.9137065320930792,0.0,0.8068833652007649,0.8068833652007649,0.8492159227985525,0.8492159227985525,0.0306056001275042,-0.128975047037414,0.0306056001275042,-0.128975047037414,False,False,True,0.0,False,False,False,False,False,True,0.03921494459700883,-0.07100189749537354,False,False,False,False
isic_source,ISIC acquisition source,phase5_isic_source,phase5_isic_source__unmatched__vit_base_patch16_224__seed42__pr0.5,vit_base_patch16_224,42,0.5,melanoma,BCN,sens0.80,0.7993019197207679,0.8364514182257091,0.3294433653354645,HAM,321,980,0.1433021806853582,0.2990654205607476,0.1557632398753894,0.1818181818181818,0.8962271732399226,0.9052373321231546,202,1201,0.2722772277227723,0.3465346534653465,0.0742574257425742,0.1020408163265305,0.9268327733674268,0.913946124342164,0.9137065320930792,0.909077489753602,-0.004629042339477,0.8068833652007649,0.6826003824091779,0.8492159227985525,0.9240048250904704,0.0087087922190094,-0.0474692329045988,0.0306056001275042,-0.128975047037414,False,True,True,0.0797773654916512,False,True,True,False,False,False,0.03921494459700883,-0.07100189749537354,False,True,,
isic_source,ISIC acquisition source,phase5_isic_source,phase5_isic_source__unmatched__vit_base_patch16_224__seed42__pr0.75,vit_base_patch16_224,42,0.75,melanoma,BCN,sens0.80,0.7993019197207679,0.8364514182257091,0.3294433653354645,HAM,321,980,0.1433021806853582,0.7601246105919003,0.616822429906542,0.72,0.8962271732399226,0.8333593332671517,202,1201,0.2722772277227723,0.3366336633663366,0.0643564356435643,0.0884353741496598,0.9268327733674268,0.9232425494801731,0.9137065320930792,0.8749120666471388,-0.0387944654459402,0.8068833652007649,0.4034416826003824,0.8492159227985525,0.9523522316043426,0.0898832162130215,0.4234909472255636,0.0306056001275042,-0.128975047037414,True,True,False,0.6315646258503401,False,False,False,False,False,False,0.03921494459700883,-0.07100189749537354,True,True,,
isic_source,ISIC acquisition source,phase5_isic_source,phase5_isic_source__unmatched__vit_base_patch16_224__seed42__pr1.0,vit_base_patch16_224,42,1.0,melanoma,BCN,sens0.80,0.7993019197207679,0.8364514182257091,0.3294433653354645,HAM,321,980,0.1433021806853582,0.968847352024922,0.8255451713395638,0.9636363636363636,0.8962271732399226,0.7464037364268528,202,1201,0.2722772277227723,0.6633663366336634,0.3910891089108911,0.5374149659863946,0.9268327733674268,0.9264412927779264,0.9137065320930792,0.7066618308127695,-0.2070447012803096,0.8068833652007649,0.1491395793499044,0.8492159227985525,0.994571773220748,0.1800375563510736,0.3054810153912587,0.0306056001275042,-0.128975047037414,True,True,False,0.426221397649969,False,False,False,False,False,False,0.03921494459700883,-0.07100189749537354,True,True,,
isic_source,ISIC acquisition source,phase5_isic_source,phase5_isic_source__unmatched__vit_base_patch16_224__seed123__pr0.0,vit_base_patch16_224,123,0.0,melanoma,BCN,sens0.80,0.7993019197207679,0.8479179239589619,0.4101074337959289,HAM,321,980,0.1838006230529595,0.1838006230529595,0.0,0.0,0.9030627922038016,0.9030627922038016,202,1201,0.292079207920792,0.292079207920792,0.0,0.0,0.925859027344176,0.925859027344176,0.9167135644548592,0.9167135644548592,0.0,0.7743785850860421,0.7743785850860421,0.873341375150784,0.873341375150784,0.0227962351403743,-0.1082785848678325,0.0227962351403743,-0.1082785848678325,False,False,True,0.0,False,False,False,False,False,True,0.03921494459700883,-0.07100189749537354,False,False,False,False
isic_source,ISIC acquisition source,phase5_isic_source,phase5_isic_source__unmatched__vit_base_patch16_224__seed123__pr0.5,vit_base_patch16_224,123,0.5,melanoma,BCN,sens0.80,0.7993019197207679,0.8479179239589619,0.4101074337959289,HAM,321,980,0.1838006230529595,0.3364485981308411,0.1526479750778816,0.1870229007633587,0.9030627922038016,0.8981133502569265,202,1201,0.292079207920792,0.3663366336633663,0.0742574257425742,0.1048951048951049,0.925859027344176,0.9284185175274284,0.9167135644548592,0.9128364243588648,-0.0038771400959943,0.7743785850860421,0.6520076481835564,0.873341375150784,0.9336550060313632,0.0303051672705018,-0.0298880355325252,0.0227962351403743,-0.1082785848678325,False,True,True,0.0821277958682538,False,True,True,False,False,False,0.03921494459700883,-0.07100189749537354,False,True,,
isic_source,ISIC acquisition source,phase5_isic_source,phase5_isic_source__unmatched__vit_base_patch16_224__seed123__pr0.75,vit_base_patch16_224,123,0.75,melanoma,BCN,sens0.80,0.7993019197207679,0.8479179239589619,0.4101074337959289,HAM,321,980,0.1838006230529595,0.9252336448598132,0.7414330218068536,0.9083969465648856,0.9030627922038016,0.8676627004949442,202,1201,0.292079207920792,0.495049504950495,0.2029702970297029,0.2867132867132868,0.925859027344176,0.926086978067176,0.9167135644548592,0.8899910509794333,-0.0267225134754259,0.7743785850860421,0.2409177820267686,0.873341375150784,0.983112183353438,0.0584242775722319,0.430184139909318,0.0227962351403743,-0.1082785848678325,True,True,True,0.6216836598515987,True,True,True,True,True,False,0.03921494459700883,-0.07100189749537354,True,True,,
isic_source,ISIC acquisition source,phase5_isic_source,phase5_isic_source__unmatched__vit_base_patch16_224__seed123__pr1.0,vit_base_patch16_224,123,1.0,melanoma,BCN,sens0.80,0.7993019197207679,0.8479179239589619,0.4101074337959289,HAM,321,980,0.1838006230529595,0.9595015576323987,0.7757009345794392,0.950381679389313,0.9030627922038016,0.7220299802873228,202,1201,0.292079207920792,0.3069306930693069,0.0148514851485148,0.0209790209790209,0.925859027344176,0.910957987690661,0.9167135644548592,0.7112568530354016,-0.2054567114194576,0.7743785850860421,0.2925430210325048,0.873341375150784,0.9348612786489746,0.1889280074033382,0.6525708645630919,0.0227962351403743,-0.1082785848678325,True,True,False,0.929402658410292,False,False,False,False,False,False,0.03921494459700883,-0.07100189749537354,True,True,,
isic_source,ISIC acquisition source,phase5_isic_source,phase5_isic_source__unmatched__densenet121__seed7__pr0.0,densenet121,7,0.0,melanoma,BCN,spec0.90,0.7539267015706806,0.899818949909475,0.4676269590854645,HAM,321,980,0.2367601246105919,0.2367601246105919,0.0,0.0,0.9026987931303448,0.9026987931303448,202,1201,0.3168316831683168,0.3168316831683168,0.0,0.0,0.929005738411679,0.929005738411679,0.9197292459988884,0.9197292459988884,0.0,0.7323135755258127,0.7323135755258127,0.919179734620024,0.919179734620024,0.0263069452813342,-0.0800715585577249,0.0263069452813342,-0.0800715585577249,False,False,True,0.0,False,False,False,False,False,True,0.03921494459700883,-0.053520746479350206,False,False,False,False
isic_source,ISIC acquisition source,phase5_isic_source,phase5_isic_source__unmatched__densenet121__seed7__pr0.5,densenet121,7,0.5,melanoma,BCN,spec0.90,0.7539267015706806,0.899818949909475,0.4676269590854645,HAM,321,980,0.2367601246105919,0.6230529595015576,0.3862928348909656,0.5061224489795918,0.9026987931303448,0.871394872813051,202,1201,0.3168316831683168,0.3366336633663366,0.0198019801980198,0.0289855072463768,0.929005738411679,0.933971099812684,0.9197292459988884,0.9031545297497272,-0.0165747162491611,0.7323135755258127,0.4875717017208413,0.919179734620024,0.9632086851628467,0.062576226999633,0.2864192961352209,0.0263069452813342,-0.0800715585577249,True,True,True,0.4771369417332149,True,True,True,True,True,False,0.03921494459700883,-0.053520746479350206,True,True,,
isic_source,ISIC acquisition source,phase5_isic_source,phase5_isic_source__unmatched__densenet121__seed7__pr0.75,densenet121,7,0.75,melanoma,BCN,spec0.90,0.7539267015706806,0.899818949909475,0.4676269590854645,HAM,321,980,0.2367601246105919,0.9532710280373832,0.7165109034267912,0.9387755102040816,0.9026987931303448,0.878190310061029,202,1201,0.3168316831683168,0.5396039603960396,0.2227722772277228,0.3260869565217392,0.929005738411679,0.9363868819314364,0.9197292459988884,0.9000719611963088,-0.0196572848025795,0.7323135755258127,0.2065009560229445,0.919179734620024,0.9897466827503016,0.0581965718704075,0.4136670676413435,0.0263069452813342,-0.0800715585577249,True,True,True,0.6126885536823425,True,True,True,True,True,False,0.03921494459700883,-0.053520746479350206,True,True,,
isic_source,ISIC acquisition source,phase5_isic_source,phase5_isic_source__unmatched__densenet121__seed7__pr1.0,densenet121,7,1.0,melanoma,BCN,spec0.90,0.7539267015706806,0.899818949909475,0.4676269590854645,HAM,321,980,0.2367601246105919,0.9937694704049844,0.7570093457943925,0.9918367346938776,0.9026987931303448,0.641392367364883,202,1201,0.3168316831683168,0.396039603960396,0.0792079207920792,0.1159420289855072,0.929005738411679,0.92024945737817,0.9197292459988884,0.7350570961350841,-0.1846721498638043,0.7323135755258127,0.2370936902485659,0.919179734620024,0.9764776839565742,0.278857090013287,0.5977298664445884,0.0263069452813342,-0.0800715585577249,True,True,False,0.8758947057083702,False,False,False,False,False,False,0.03921494459700883,-0.053520746479350206,True,True,,
isic_source,ISIC acquisition source,phase5_isic_source,phase5_isic_source__unmatched__densenet121__seed42__pr0.0,densenet121,42,0.0,melanoma,BCN,spec0.90,0.7591623036649214,0.899818949909475,0.522656261920929,HAM,321,980,0.205607476635514,0.205607476635514,0.0,0.0,0.8919111842260765,0.8919111842260765,202,1201,0.3168316831683168,0.3168316831683168,0.0,0.0,0.9293823526496794,0.9293823526496794,0.9146239220235858,0.9146239220235858,0.0,0.751434034416826,0.751434034416826,0.9131483715319664,0.9131483715319664,0.0374711684236028,-0.1112242065328028,0.0374711684236028,-0.1112242065328028,False,False,True,0.0,False,False,False,False,False,True,0.03921494459700883,-0.053520746479350206,False,False,True,False
isic_source,ISIC acquisition source,phase5_isic_source,phase5_isic_source__unmatched__densenet121__seed42__pr0.5,densenet121,42,0.5,melanoma,BCN,spec0.90,0.7591623036649214,0.899818949909475,0.522656261920929,HAM,321,980,0.205607476635514,0.7040498442367601,0.498442367601246,0.6274509803921569,0.8919111842260765,0.8622027143930906,202,1201,0.3168316831683168,0.5099009900990099,0.193069306930693,0.2826086956521739,0.9293823526496794,0.9247242291796748,0.9146239220235858,0.8984015157980197,-0.016222406225566,0.751434034416826,0.3709369024856596,0.9131483715319664,0.974065138721351,0.062521514786584,0.1941488541377501,0.0374711684236028,-0.1112242065328028,True,True,True,0.3448422847399829,True,True,True,True,True,False,0.03921494459700883,-0.053520746479350206,True,True,,
isic_source,ISIC acquisition source,phase5_isic_source,phase5_isic_source__unmatched__densenet121__seed42__pr0.75,densenet121,42,0.75,melanoma,BCN,spec0.90,0.7591623036649214,0.899818949909475,0.522656261920929,HAM,321,980,0.205607476635514,0.9470404984423676,0.7414330218068536,0.9333333333333332,0.8919111842260765,0.8462458459196649,202,1201,0.3168316831683168,0.4603960396039604,0.1435643564356435,0.2101449275362319,0.9293823526496794,0.919136958740919,0.9146239220235858,0.8732421978609997,-0.0413817241625861,0.751434034416826,0.2409177820267686,0.9131483715319664,0.9764776839565742,0.0728911128212541,0.4866444588384072,0.0374711684236028,-0.1112242065328028,True,True,False,0.7231884057971014,False,False,False,False,False,False,0.03921494459700883,-0.053520746479350206,True,True,,
isic_source,ISIC acquisition source,phase5_isic_source,phase5_isic_source__unmatched__densenet121__seed42__pr1.0,densenet121,42,1.0,melanoma,BCN,spec0.90,0.7591623036649214,0.899818949909475,0.522656261920929,HAM,321,980,0.205607476635514,0.9844236760124612,0.778816199376947,0.9803921568627452,0.8919111842260765,0.5234897583897059,202,1201,0.3168316831683168,0.4702970297029702,0.1534653465346534,0.2246376811594202,0.9293823526496794,0.8864805399458866,0.9146239220235858,0.6752664524744734,-0.2393574695491124,0.751434034416826,0.2141491395793499,0.9131483715319664,0.9800965018094088,0.3629907815561807,0.5141266463094908,0.0374711684236028,-0.1112242065328028,True,True,False,0.7557544757033248,False,False,False,False,False,False,0.03921494459700883,-0.053520746479350206,True,True,,
isic_source,ISIC acquisition source,phase5_isic_source,phase5_isic_source__unmatched__densenet121__seed123__pr0.0,densenet121,123,0.0,melanoma,BCN,spec0.90,0.7486910994764397,0.899818949909475,0.640820324420929,HAM,321,980,0.2180685358255451,0.2180685358255451,0.0,0.0,0.9085818690643332,0.9085818690643332,202,1201,0.3217821782178218,0.3217821782178218,0.0,0.0,0.9306583811534306,0.9306583811534306,0.9234287895527103,0.9234287895527103,0.0,0.7418738049713193,0.7418738049713193,0.9185765983112184,0.9185765983112184,0.0220765120890973,-0.1037136423922766,0.0220765120890973,-0.1037136423922766,False,False,True,0.0,False,False,False,False,False,True,0.03921494459700883,-0.053520746479350206,False,False,False,False
isic_source,ISIC acquisition source,phase5_isic_source,phase5_isic_source__unmatched__densenet121__seed123__pr0.5,densenet121,123,0.5,melanoma,BCN,spec0.90,0.7486910994764397,0.899818949909475,0.640820324420929,HAM,321,980,0.2180685358255451,0.6791277258566978,0.4610591900311526,0.5896414342629481,0.9085818690643332,0.8820383002661448,202,1201,0.3217821782178218,0.4405940594059406,0.1188118811881188,0.1751824817518248,0.9306583811534306,0.9265379240626764,0.9234287895527103,0.9044963062225676,-0.0189324833301427,0.7418738049713193,0.4130019120458891,0.9185765983112184,0.9722557297949336,0.0444996237965317,0.2385336664507572,0.0220765120890973,-0.1037136423922766,True,True,True,0.4144589525111233,True,True,True,True,True,False,0.03921494459700883,-0.053520746479350206,True,True,,
isic_source,ISIC acquisition source,phase5_isic_source,phase5_isic_source__unmatched__densenet121__seed123__pr0.75,densenet121,123,0.75,melanoma,BCN,spec0.90,0.7486910994764397,0.899818949909475,0.640820324420929,HAM,321,980,0.2180685358255451,0.9595015576323987,0.7414330218068536,0.9482071713147412,0.9085818690643332,0.8722292343255854,202,1201,0.3217821782178218,0.5891089108910891,0.2673267326732673,0.3941605839416058,0.9306583811534306,0.9209704754259208,0.9234287895527103,0.8920951087144547,-0.0313336808382557,0.7418738049713193,0.1835564053537285,0.9185765983112184,0.9951749095295536,0.0487412411003355,0.3703926467413097,0.0220765120890973,-0.1037136423922766,True,True,False,0.5540465873731353,False,False,False,False,False,False,0.03921494459700883,-0.053520746479350206,True,True,,
isic_source,ISIC acquisition source,phase5_isic_source,phase5_isic_source__unmatched__densenet121__seed123__pr1.0,densenet121,123,1.0,melanoma,BCN,spec0.90,0.7486910994764397,0.899818949909475,0.640820324420929,HAM,321,980,0.2180685358255451,0.9937694704049844,0.7757009345794392,0.9920318725099602,0.9085818690643332,0.6468192626418768,202,1201,0.3217821782178218,0.504950495049505,0.1831683168316831,0.2700729927007299,0.9306583811534306,0.8992978126641493,0.9234287895527103,0.7158241978748383,-0.2076045916778721,0.7418738049713193,0.1950286806883365,0.9185765983112184,0.98854041013269,0.2524785500222725,0.4888189753554794,0.0220765120890973,-0.1037136423922766,True,True,False,0.7219588798092302,False,False,False,False,False,False,0.03921494459700883,-0.053520746479350206,True,True,,
isic_source,ISIC acquisition source,phase5_isic_source,phase5_isic_source__unmatched__vit_base_patch16_224__seed7__pr0.0,vit_base_patch16_224,7,0.0,melanoma,BCN,spec0.90,0.7225130890052356,0.899818949909475,0.44970703125,HAM,321,980,0.2149532710280373,0.2149532710280373,0.0,0.0,0.9093193217326356,0.9093193217326356,202,1201,0.4207920792079208,0.4207920792079208,0.0,0.0,0.9217955579341718,0.9217955579341718,0.9163306939873191,0.9163306939873191,0.0,0.7055449330783938,0.7055449330783938,0.928226779252111,0.928226779252111,0.0124762362015361,-0.2058388081798834,0.0124762362015361,-0.2058388081798834,False,False,True,0.0,False,False,False,False,False,True,0.03921494459700883,-0.053520746479350206,False,False,False,False
isic_source,ISIC acquisition source,phase5_isic_source,phase5_isic_source__unmatched__vit_base_patch16_224__seed7__pr0.5,vit_base_patch16_224,7,0.5,melanoma,BCN,spec0.90,0.7225130890052356,0.899818949909475,0.44970703125,HAM,321,980,0.2149532710280373,0.8348909657320872,0.6199376947040498,0.7896825396825397,0.9093193217326356,0.8853804735769764,202,1201,0.4207920792079208,0.7079207920792079,0.2871287128712871,0.4957264957264956,0.9217955579341718,0.9288570748966788,0.9163306939873191,0.9124425982604764,-0.0038880957268427,0.7055449330783938,0.2141491395793499,0.928226779252111,0.9927623642943304,0.0434766013197025,0.1269701736528793,0.0124762362015361,-0.2058388081798834,True,True,True,0.293956043956044,True,True,True,True,True,False,0.03921494459700883,-0.053520746479350206,True,True,,
isic_source,ISIC acquisition source,phase5_isic_source,phase5_isic_source__unmatched__vit_base_patch16_224__seed7__pr0.75,vit_base_patch16_224,7,0.75,melanoma,BCN,spec0.90,0.7225130890052356,0.899818949909475,0.44970703125,HAM,321,980,0.2149532710280373,0.968847352024922,0.7538940809968847,0.9603174603174603,0.9093193217326356,0.8721890526096842,202,1201,0.4207920792079208,0.5,0.0792079207920792,0.1367521367521367,0.9217955579341718,0.9214338100476714,0.9163306939873191,0.8820211178433782,-0.034309576143941,0.7055449330783938,0.2122370936902485,0.928226779252111,0.983112183353438,0.0492447574379872,0.4688473520249221,0.0124762362015361,-0.2058388081798834,True,True,False,0.8235653235653235,False,False,False,False,False,False,0.03921494459700883,-0.053520746479350206,True,True,,
isic_source,ISIC acquisition source,phase5_isic_source,phase5_isic_source__unmatched__vit_base_patch16_224__seed7__pr1.0,vit_base_patch16_224,7,1.0,melanoma,BCN,spec0.90,0.7225130890052356,0.899818949909475,0.44970703125,HAM,321,980,0.2149532710280373,0.9252336448598132,0.7102803738317757,0.9047619047619048,0.9093193217326356,0.6915982395681175,202,1201,0.4207920792079208,0.5594059405940595,0.1386138613861386,0.2393162393162394,0.9217955579341718,0.8881158386108883,0.9163306939873191,0.7678334605724144,-0.1484972334149048,0.7055449330783938,0.2160611854684512,0.928226779252111,0.971049457177322,0.1965175990427707,0.3658277042657536,0.0124762362015361,-0.2058388081798834,True,True,False,0.6654456654456653,False,False,False,False,False,False,0.03921494459700883,-0.053520746479350206,True,True,,
isic_source,ISIC acquisition source,phase5_isic_source,phase5_isic_source__unmatched__vit_base_patch16_224__seed42__pr0.0,vit_base_patch16_224,42,0.0,melanoma,BCN,spec0.90,0.7085514834205934,0.899818949909475,0.548046886920929,HAM,321,980,0.205607476635514,0.205607476635514,0.0,0.0,0.8962271732399226,0.8962271732399226,202,1201,0.4059405940594059,0.4059405940594059,0.0,0.0,0.9268327733674268,0.9268327733674268,0.9137065320930792,0.9137065320930792,0.0,0.7170172084130019,0.7170172084130019,0.9185765983112184,0.9185765983112184,0.0306056001275042,-0.2003331174238919,0.0306056001275042,-0.2003331174238919,False,False,True,0.0,False,False,False,False,False,True,0.03921494459700883,-0.053520746479350206,False,False,False,False
isic_source,ISIC acquisition source,phase5_isic_source,phase5_isic_source__unmatched__vit_base_patch16_224__seed42__pr0.5,vit_base_patch16_224,42,0.5,melanoma,BCN,spec0.90,0.7085514834205934,0.899818949909475,0.548046886920929,HAM,321,980,0.205607476635514,0.7819314641744548,0.5763239875389408,0.7254901960784313,0.8962271732399226,0.9052373321231546,202,1201,0.4059405940594059,0.5495049504950495,0.1435643564356435,0.2416666666666667,0.9268327733674268,0.913946124342164,0.9137065320930792,0.909077489753602,-0.004629042339477,0.7170172084130019,0.3078393881453155,0.9185765983112184,0.9903498190591074,0.0087087922190094,0.2324265136794052,0.0306056001275042,-0.2003331174238919,True,True,True,0.4838235294117646,True,True,True,True,True,False,0.03921494459700883,-0.053520746479350206,False,True,,
isic_source,ISIC acquisition source,phase5_isic_source,phase5_isic_source__unmatched__vit_base_patch16_224__seed42__pr0.75,vit_base_patch16_224,42,0.75,melanoma,BCN,spec0.90,0.7085514834205934,0.899818949909475,0.548046886920929,HAM,321,980,0.205607476635514,0.940809968847352,0.735202492211838,0.9254901960784314,0.8962271732399226,0.8333593332671517,202,1201,0.4059405940594059,0.4504950495049505,0.0445544554455445,0.0749999999999999,0.9268327733674268,0.9232425494801731,0.9137065320930792,0.8749120666471388,-0.0387944654459402,0.7170172084130019,0.248565965583174,0.9185765983112184,0.974065138721351,0.0898832162130215,0.4903149193424015,0.0306056001275042,-0.2003331174238919,True,True,False,0.8504901960784315,False,False,False,False,False,False,0.03921494459700883,-0.053520746479350206,True,True,,
isic_source,ISIC acquisition source,phase5_isic_source,phase5_isic_source__unmatched__vit_base_patch16_224__seed42__pr1.0,vit_base_patch16_224,42,1.0,melanoma,BCN,spec0.90,0.7085514834205934,0.899818949909475,0.548046886920929,HAM,321,980,0.205607476635514,0.9937694704049844,0.7881619937694704,0.992156862745098,0.8962271732399226,0.7464037364268528,202,1201,0.4059405940594059,0.8415841584158416,0.4356435643564356,0.7333333333333333,0.9268327733674268,0.9264412927779264,0.9137065320930792,0.7066618308127695,-0.2070447012803096,0.7170172084130019,0.0650095602294455,0.9185765983112184,0.9987937273823884,0.1800375563510736,0.1521853119891428,0.0306056001275042,-0.2003331174238919,True,True,False,0.2588235294117648,False,False,False,False,False,False,0.03921494459700883,-0.053520746479350206,True,True,,
isic_source,ISIC acquisition source,phase5_isic_source,phase5_isic_source__unmatched__vit_base_patch16_224__seed123__pr0.0,vit_base_patch16_224,123,0.0,melanoma,BCN,spec0.90,0.7521815008726004,0.899818949909475,0.5625976324081421,HAM,321,980,0.249221183800623,0.249221183800623,0.0,0.0,0.9030627922038016,0.9030627922038016,202,1201,0.3861386138613861,0.3861386138613861,0.0,0.0,0.925859027344176,0.925859027344176,0.9167135644548592,0.9167135644548592,0.0,0.6978967495219885,0.6978967495219885,0.9203860072376358,0.9203860072376358,0.0227962351403743,-0.1369174300607631,0.0227962351403743,-0.1369174300607631,False,False,True,0.0,False,False,False,False,False,True,0.03921494459700883,-0.053520746479350206,False,False,False,False
isic_source,ISIC acquisition source,phase5_isic_source,phase5_isic_source__unmatched__vit_base_patch16_224__seed123__pr0.5,vit_base_patch16_224,123,0.5,melanoma,BCN,spec0.90,0.7521815008726004,0.899818949909475,0.5625976324081421,HAM,321,980,0.249221183800623,0.5856697819314641,0.336448598130841,0.4481327800829874,0.9030627922038016,0.8981133502569265,202,1201,0.3861386138613861,0.4702970297029702,0.0841584158415841,0.1370967741935483,0.925859027344176,0.9284185175274284,0.9167135644548592,0.9128364243588648,-0.0038771400959943,0.6978967495219885,0.4588910133843212,0.9203860072376358,0.9704463208685162,0.0303051672705018,0.1153727522284938,0.0227962351403743,-0.1369174300607631,True,True,True,0.3110360058894391,True,True,True,True,True,False,0.03921494459700883,-0.053520746479350206,False,True,,
isic_source,ISIC acquisition source,phase5_isic_source,phase5_isic_source__unmatched__vit_base_patch16_224__seed123__pr0.75,vit_base_patch16_224,123,0.75,melanoma,BCN,spec0.90,0.7521815008726004,0.899818949909475,0.5625976324081421,HAM,321,980,0.249221183800623,0.9595015576323987,0.7102803738317757,0.946058091286307,0.9030627922038016,0.8676627004949442,202,1201,0.3861386138613861,0.6089108910891089,0.2227722772277227,0.3629032258064515,0.925859027344176,0.926086978067176,0.9167135644548592,0.8899910509794333,-0.0267225134754259,0.6978967495219885,0.1759082217973231,0.9203860072376358,0.98854041013269,0.0584242775722319,0.3505906665432898,0.0227962351403743,-0.1369174300607631,True,True,True,0.5831548654798555,True,True,True,True,True,False,0.03921494459700883,-0.053520746479350206,True,True,,
isic_source,ISIC acquisition source,phase5_isic_source,phase5_isic_source__unmatched__vit_base_patch16_224__seed123__pr1.0,vit_base_patch16_224,123,1.0,melanoma,BCN,spec0.90,0.7521815008726004,0.899818949909475,0.5625976324081421,HAM,321,980,0.249221183800623,0.9875389408099688,0.7383177570093458,0.983402489626556,0.9030627922038016,0.7220299802873228,202,1201,0.3861386138613861,0.4702970297029702,0.0841584158415841,0.1370967741935483,0.925859027344176,0.910957987690661,0.9167135644548592,0.7112568530354016,-0.2054567114194576,0.6978967495219885,0.2122370936902485,0.9203860072376358,0.9686369119420988,0.1889280074033382,0.5172419111069986,0.0227962351403743,-0.1369174300607631,True,True,False,0.8463057154330076,False,False,False,False,False,False,0.03921494459700883,-0.053520746479350206,True,True,,
isic_source,ISIC acquisition source,phase5_isic_source,phase5_isic_source__unmatched__densenet121__seed7__pr0.0,densenet121,7,0.0,melanoma,BCN,t0.5,0.7242582897033158,0.911888955944478,0.5,HAM,321,980,0.249221183800623,0.249221183800623,0.0,0.0,0.9026987931303448,0.9026987931303448,202,1201,0.3267326732673267,0.3267326732673267,0.0,0.0,0.929005738411679,0.929005738411679,0.9197292459988884,0.9197292459988884,0.0,0.7208413001912046,0.7208413001912046,0.928226779252111,0.928226779252111,0.0263069452813342,-0.0775114894667036,0.0263069452813342,-0.0775114894667036,False,False,True,0.0,False,False,False,False,False,True,0.03921494459700883,-0.041477046091223546,False,False,False,False
isic_source,ISIC acquisition source,phase5_isic_source,phase5_isic_source__unmatched__densenet121__seed7__pr0.5,densenet121,7,0.5,melanoma,BCN,t0.5,0.7242582897033158,0.911888955944478,0.5,HAM,321,980,0.249221183800623,0.6728971962616822,0.4236760124610591,0.5643153526970953,0.9026987931303448,0.871394872813051,202,1201,0.3267326732673267,0.3514851485148514,0.0247524752475247,0.0367647058823528,0.929005738411679,0.933971099812684,0.9197292459988884,0.9031545297497272,-0.0165747162491611,0.7208413001912046,0.4512428298279158,0.928226779252111,0.9668275030156817,0.062576226999633,0.3214120477468307,0.0263069452813342,-0.0775114894667036,True,True,True,0.5275506468147424,True,True,True,True,True,False,0.03921494459700883,-0.041477046091223546,True,True,,
isic_source,ISIC acquisition source,phase5_isic_source,phase5_isic_source__unmatched__densenet121__seed7__pr0.75,densenet121,7,0.75,melanoma,BCN,t0.5,0.7242582897033158,0.911888955944478,0.5,HAM,321,980,0.249221183800623,0.9595015576323987,0.7102803738317757,0.946058091286307,0.9026987931303448,0.878190310061029,202,1201,0.3267326732673267,0.5643564356435643,0.2376237623762375,0.3529411764705881,0.929005738411679,0.9363868819314364,0.9197292459988884,0.9000719611963088,-0.0196572848025795,0.7208413001912046,0.1931166347992352,0.928226779252111,0.9909529553679132,0.0581965718704075,0.3951451219888344,0.0263069452813342,-0.0775114894667036,True,True,True,0.5931169148157189,True,True,True,True,True,False,0.03921494459700883,-0.041477046091223546,True,True,,
isic_source,ISIC acquisition source,phase5_isic_source,phase5_isic_source__unmatched__densenet121__seed7__pr1.0,densenet121,7,1.0,melanoma,BCN,t0.5,0.7242582897033158,0.911888955944478,0.5,HAM,321,980,0.249221183800623,0.9937694704049844,0.7445482866043613,0.991701244813278,0.9026987931303448,0.641392367364883,202,1201,0.3267326732673267,0.400990099009901,0.0742574257425742,0.1102941176470588,0.929005738411679,0.92024945737817,0.9197292459988884,0.7350570961350841,-0.1846721498638043,0.7208413001912046,0.2351816443594646,0.928226779252111,0.9776839565741856,0.278857090013287,0.5927793713950834,0.0263069452813342,-0.0775114894667036,True,True,False,0.8814071271662192,False,False,False,False,False,False,0.03921494459700883,-0.041477046091223546,True,True,,
isic_source,ISIC acquisition source,phase5_isic_source,phase5_isic_source__unmatched__densenet121__seed42__pr0.0,densenet121,42,0.0,melanoma,BCN,t0.5,0.7609075043630017,0.8955944477972239,0.5,HAM,321,980,0.1962616822429906,0.1962616822429906,0.0,0.0,0.8919111842260765,0.8919111842260765,202,1201,0.3069306930693069,0.3069306930693069,0.0,0.0,0.9293823526496794,0.9293823526496794,0.9146239220235858,0.9146239220235858,0.0,0.7609942638623327,0.7609942638623327,0.9107358262967432,0.9107358262967432,0.0374711684236028,-0.1106690108263162,0.0374711684236028,-0.1106690108263162,False,False,True,0.0,False,False,False,False,False,True,0.03921494459700883,-0.041477046091223546,False,False,True,False
isic_source,ISIC acquisition source,phase5_isic_source,phase5_isic_source__unmatched__densenet121__seed42__pr0.5,densenet121,42,0.5,melanoma,BCN,t0.5,0.7609075043630017,0.8955944477972239,0.5,HAM,321,980,0.1962616822429906,0.6386292834890965,0.4423676012461058,0.5503875968992248,0.8919111842260765,0.8622027143930906,202,1201,0.3069306930693069,0.4900990099009901,0.1831683168316831,0.2642857142857143,0.9293823526496794,0.9247242291796748,0.9146239220235858,0.8984015157980197,-0.016222406225566,0.7609942638623327,0.4187380497131931,0.9107358262967432,0.9698431845597104,0.062521514786584,0.1485302735881064,0.0374711684236028,-0.1106690108263162,True,True,True,0.2861018826135105,True,True,True,True,True,False,0.03921494459700883,-0.041477046091223546,True,True,,
isic_source,ISIC acquisition source,phase5_isic_source,phase5_isic_source__unmatched__densenet121__seed42__pr0.75,densenet121,42,0.75,melanoma,BCN,t0.5,0.7609075043630017,0.8955944477972239,0.5,HAM,321,980,0.1962616822429906,0.9345794392523364,0.7383177570093458,0.9186046511627908,0.8919111842260765,0.8462458459196649,202,1201,0.3069306930693069,0.4504950495049505,0.1435643564356435,0.2071428571428571,0.9293823526496794,0.919136958740919,0.9146239220235858,0.8732421978609997,-0.0413817241625861,0.7609942638623327,0.2523900573613766,0.9107358262967432,0.9752714113389626,0.0728911128212541,0.4840843897473859,0.0374711684236028,-0.1106690108263162,True,True,False,0.7114617940199335,False,False,False,False,False,False,0.03921494459700883,-0.041477046091223546,True,True,,
isic_source,ISIC acquisition source,phase5_isic_source,phase5_isic_source__unmatched__densenet121__seed42__pr1.0,densenet121,42,1.0,melanoma,BCN,t0.5,0.7609075043630017,0.8955944477972239,0.5,HAM,321,980,0.1962616822429906,0.9844236760124612,0.7881619937694704,0.9806201550387597,0.8919111842260765,0.5234897583897059,202,1201,0.3069306930693069,0.4603960396039604,0.1534653465346535,0.2214285714285714,0.9293823526496794,0.8864805399458866,0.9146239220235858,0.6752664524744734,-0.2393574695491124,0.7609942638623327,0.2179732313575526,0.9107358262967432,0.9794933655006032,0.3629907815561807,0.5240276364085006,0.0374711684236028,-0.1106690108263162,True,True,False,0.7591915836101881,False,False,False,False,False,False,0.03921494459700883,-0.041477046091223546,True,True,,
isic_source,ISIC acquisition source,phase5_isic_source,phase5_isic_source__unmatched__densenet121__seed123__pr0.0,densenet121,123,0.0,melanoma,BCN,t0.5,0.787085514834206,0.8636089318044659,0.5,HAM,321,980,0.1713395638629283,0.1713395638629283,0.0,0.0,0.9085818690643332,0.9085818690643332,202,1201,0.2821782178217821,0.2821782178217821,0.0,0.0,0.9306583811534306,0.9306583811534306,0.9234287895527103,0.9234287895527103,0.0,0.7858508604206501,0.7858508604206501,0.8872135102533173,0.8872135102533173,0.0220765120890973,-0.1108386539588538,0.0220765120890973,-0.1108386539588538,False,False,True,0.0,False,False,False,False,False,True,0.03921494459700883,-0.041477046091223546,False,False,False,False
isic_source,ISIC acquisition source,phase5_isic_source,phase5_isic_source__unmatched__densenet121__seed123__pr0.5,densenet121,123,0.5,melanoma,BCN,t0.5,0.787085514834206,0.8636089318044659,0.5,HAM,321,980,0.1713395638629283,0.470404984423676,0.2990654205607477,0.3609022556390978,0.9085818690643332,0.8820383002661448,202,1201,0.2821782178217821,0.3811881188118812,0.099009900990099,0.1379310344827586,0.9306583811534306,0.9265379240626764,0.9234287895527103,0.9044963062225676,-0.0189324833301427,0.7858508604206501,0.5640535372848948,0.8872135102533173,0.9559710494571774,0.0444996237965317,0.0892168656117948,0.0220765120890973,-0.1108386539588538,True,True,True,0.2229712211563391,True,True,True,True,True,False,0.03921494459700883,-0.041477046091223546,True,True,,
isic_source,ISIC acquisition source,phase5_isic_source,phase5_isic_source__unmatched__densenet121__seed123__pr0.75,densenet121,123,0.75,melanoma,BCN,t0.5,0.787085514834206,0.8636089318044659,0.5,HAM,321,980,0.1713395638629283,0.9283489096573208,0.7570093457943925,0.9135338345864662,0.9085818690643332,0.8722292343255854,202,1201,0.2821782178217821,0.4801980198019802,0.198019801980198,0.2758620689655173,0.9306583811534306,0.9209704754259208,0.9234287895527103,0.8920951087144547,-0.0313336808382557,0.7858508604206501,0.2447418738049713,0.8872135102533173,0.9849215922798552,0.0487412411003355,0.4481508898553407,0.0220765120890973,-0.1108386539588538,True,True,False,0.637671765620949,False,False,False,False,False,False,0.03921494459700883,-0.041477046091223546,True,True,,
isic_source,ISIC acquisition source,phase5_isic_source,phase5_isic_source__unmatched__densenet121__seed123__pr1.0,densenet121,123,1.0,melanoma,BCN,t0.5,0.787085514834206,0.8636089318044659,0.5,HAM,321,980,0.1713395638629283,0.9906542056074766,0.8193146417445483,0.9887218045112782,0.9085818690643332,0.6468192626418768,202,1201,0.2821782178217821,0.4752475247524752,0.193069306930693,0.2689655172413793,0.9306583811534306,0.8992978126641493,0.9234287895527103,0.7158241978748383,-0.2076045916778721,0.7858508604206501,0.2084130019120459,0.8872135102533173,0.9849215922798552,0.2524785500222725,0.5154066808550014,0.0220765120890973,-0.1108386539588538,True,True,False,0.7197562872698988,False,False,False,False,False,False,0.03921494459700883,-0.041477046091223546,True,True,,
isic_source,ISIC acquisition source,phase5_isic_source,phase5_isic_source__unmatched__vit_base_patch16_224__seed7__pr0.0,vit_base_patch16_224,7,0.0,melanoma,BCN,t0.5,0.6771378708551483,0.9269764634882316,0.5,HAM,321,980,0.2398753894080997,0.2398753894080997,0.0,0.0,0.9093193217326356,0.9093193217326356,202,1201,0.4653465346534653,0.4653465346534653,0.0,0.0,0.9217955579341718,0.9217955579341718,0.9163306939873191,0.9163306939873191,0.0,0.6730401529636711,0.6730401529636711,0.9433051869722556,0.9433051869722556,0.0124762362015361,-0.2254711452453656,0.0124762362015361,-0.2254711452453656,False,False,True,0.0,False,False,False,False,False,True,0.03921494459700883,-0.041477046091223546,False,False,False,False
isic_source,ISIC acquisition source,phase5_isic_source,phase5_isic_source__unmatched__vit_base_patch16_224__seed7__pr0.5,vit_base_patch16_224,7,0.5,melanoma,BCN,t0.5,0.6771378708551483,0.9269764634882316,0.5,HAM,321,980,0.2398753894080997,0.8691588785046729,0.6292834890965732,0.8278688524590163,0.9093193217326356,0.8853804735769764,202,1201,0.4653465346534653,0.7574257425742574,0.292079207920792,0.5462962962962963,0.9217955579341718,0.9288570748966788,0.9163306939873191,0.9124425982604764,-0.0038880957268427,0.6730401529636711,0.1739961759082218,0.9433051869722556,0.9957780458383596,0.0434766013197025,0.1117331359304154,0.0124762362015361,-0.2254711452453656,True,True,True,0.28157255616272,True,True,True,True,True,False,0.03921494459700883,-0.041477046091223546,True,True,,
isic_source,ISIC acquisition source,phase5_isic_source,phase5_isic_source__unmatched__vit_base_patch16_224__seed7__pr0.75,vit_base_patch16_224,7,0.75,melanoma,BCN,t0.5,0.6771378708551483,0.9269764634882316,0.5,HAM,321,980,0.2398753894080997,0.9813084112149532,0.7414330218068536,0.9754098360655736,0.9093193217326356,0.8721890526096842,202,1201,0.4653465346534653,0.5445544554455446,0.0792079207920792,0.1481481481481481,0.9217955579341718,0.9214338100476714,0.9163306939873191,0.8820211178433782,-0.034309576143941,0.6730401529636711,0.1873804971319311,0.9433051869722556,0.9867310012062728,0.0492447574379872,0.4367539557694087,0.0124762362015361,-0.2254711452453656,True,True,False,0.8272616879174256,False,False,False,False,False,False,0.03921494459700883,-0.041477046091223546,True,True,,
isic_source,ISIC acquisition source,phase5_isic_source,phase5_isic_source__unmatched__vit_base_patch16_224__seed7__pr1.0,vit_base_patch16_224,7,1.0,melanoma,BCN,t0.5,0.6771378708551483,0.9269764634882316,0.5,HAM,321,980,0.2398753894080997,0.940809968847352,0.7009345794392523,0.9221311475409836,0.9093193217326356,0.6915982395681175,202,1201,0.4653465346534653,0.6188118811881188,0.1534653465346534,0.287037037037037,0.9217955579341718,0.8881158386108883,0.9163306939873191,0.7678334605724144,-0.1484972334149048,0.6730401529636711,0.1835564053537285,0.9433051869722556,0.9794933655006032,0.1965175990427707,0.3219980876592332,0.0124762362015361,-0.2254711452453656,True,True,False,0.6350941105039466,False,False,False,False,False,False,0.03921494459700883,-0.041477046091223546,True,True,,
isic_source,ISIC acquisition source,phase5_isic_source,phase5_isic_source__unmatched__vit_base_patch16_224__seed42__pr0.0,vit_base_patch16_224,42,0.0,melanoma,BCN,t0.5,0.731239092495637,0.8907664453832227,0.5,HAM,321,980,0.1931464174454828,0.1931464174454828,0.0,0.0,0.8962271732399226,0.8962271732399226,202,1201,0.3613861386138614,0.3613861386138614,0.0,0.0,0.9268327733674268,0.9268327733674268,0.9137065320930792,0.9137065320930792,0.0,0.7418738049713193,0.7418738049713193,0.9101326899879372,0.9101326899879372,0.0306056001275042,-0.1682397211683785,0.0306056001275042,-0.1682397211683785,False,False,True,0.0,False,False,False,False,False,True,0.03921494459700883,-0.041477046091223546,False,False,False,False
isic_source,ISIC acquisition source,phase5_isic_source,phase5_isic_source__unmatched__vit_base_patch16_224__seed42__pr0.5,vit_base_patch16_224,42,0.5,melanoma,BCN,t0.5,0.731239092495637,0.8907664453832227,0.5,HAM,321,980,0.1931464174454828,0.6510903426791277,0.4579439252336448,0.5675675675675675,0.8962271732399226,0.9052373321231546,202,1201,0.3613861386138614,0.4900990099009901,0.1287128712871287,0.2015503875968992,0.9268327733674268,0.913946124342164,0.9137065320930792,0.909077489753602,-0.004629042339477,0.7418738049713193,0.4110898661567878,0.9101326899879372,0.9819059107358264,0.0087087922190094,0.1609913327781376,0.0306056001275042,-0.1682397211683785,True,True,True,0.3660171799706683,True,True,True,True,True,False,0.03921494459700883,-0.041477046091223546,False,True,,
isic_source,ISIC acquisition source,phase5_isic_source,phase5_isic_source__unmatched__vit_base_patch16_224__seed42__pr0.75,vit_base_patch16_224,42,0.75,melanoma,BCN,t0.5,0.731239092495637,0.8907664453832227,0.5,HAM,321,980,0.1931464174454828,0.9252336448598132,0.7320872274143302,0.9073359073359072,0.8962271732399226,0.8333593332671517,202,1201,0.3613861386138614,0.4059405940594059,0.0445544554455445,0.0697674418604651,0.9268327733674268,0.9232425494801731,0.9137065320930792,0.8749120666471388,-0.0387944654459402,0.7418738049713193,0.2753346080305927,0.9101326899879372,0.971049457177322,0.0898832162130215,0.5192930508004071,0.0306056001275042,-0.1682397211683785,True,True,False,0.8375684654754422,False,False,False,False,False,False,0.03921494459700883,-0.041477046091223546,True,True,,
isic_source,ISIC acquisition source,phase5_isic_source,phase5_isic_source__unmatched__vit_base_patch16_224__seed42__pr1.0,vit_base_patch16_224,42,1.0,melanoma,BCN,t0.5,0.731239092495637,0.8907664453832227,0.5,HAM,321,980,0.1931464174454828,0.9906542056074766,0.7975077881619937,0.9884169884169884,0.8962271732399226,0.7464037364268528,202,1201,0.3613861386138614,0.806930693069307,0.4455445544554456,0.6976744186046513,0.9268327733674268,0.9264412927779264,0.9137065320930792,0.7066618308127695,-0.2070447012803096,0.7418738049713193,0.0803059273422562,0.9101326899879372,0.9981905910735828,0.1800375563510736,0.1837235125381696,0.0306056001275042,-0.1682397211683785,True,True,False,0.2907425698123371,False,False,False,False,False,False,0.03921494459700883,-0.041477046091223546,True,True,,
isic_source,ISIC acquisition source,phase5_isic_source,phase5_isic_source__unmatched__vit_base_patch16_224__seed123__pr0.0,vit_base_patch16_224,123,0.0,melanoma,BCN,t0.5,0.7713787085514834,0.8817139408569704,0.5,HAM,321,980,0.2336448598130841,0.2336448598130841,0.0,0.0,0.9030627922038016,0.9030627922038016,202,1201,0.3316831683168317,0.3316831683168317,0.0,0.0,0.925859027344176,0.925859027344176,0.9167135644548592,0.9167135644548592,0.0,0.7284894837476099,0.7284894837476099,0.9059107358262968,0.9059107358262968,0.0227962351403743,-0.0980383085037475,0.0227962351403743,-0.0980383085037475,False,False,True,0.0,False,False,False,False,False,True,0.03921494459700883,-0.041477046091223546,False,False,False,False
isic_source,ISIC acquisition source,phase5_isic_source,phase5_isic_source__unmatched__vit_base_patch16_224__seed123__pr0.5,vit_base_patch16_224,123,0.5,melanoma,BCN,t0.5,0.7713787085514834,0.8817139408569704,0.5,HAM,321,980,0.2336448598130841,0.4641744548286604,0.2305295950155763,0.3008130081300813,0.9030627922038016,0.8981133502569265,202,1201,0.3316831683168317,0.4158415841584158,0.0841584158415841,0.1259259259259258,0.925859027344176,0.9284185175274284,0.9167135644548592,0.9128364243588648,-0.0038771400959943,0.7284894837476099,0.5544933078393881,0.9059107358262968,0.9571773220747888,0.0303051672705018,0.0483328706702446,0.0227962351403743,-0.0980383085037475,True,True,True,0.1748870822041554,True,True,True,True,True,False,0.03921494459700883,-0.041477046091223546,False,True,,
isic_source,ISIC acquisition source,phase5_isic_source,phase5_isic_source__unmatched__vit_base_patch16_224__seed123__pr0.75,vit_base_patch16_224,123,0.75,melanoma,BCN,t0.5,0.7713787085514834,0.8817139408569704,0.5,HAM,321,980,0.2336448598130841,0.9532710280373832,0.719626168224299,0.9390243902439024,0.9030627922038016,0.8676627004949442,202,1201,0.3316831683168317,0.5643564356435643,0.2326732673267326,0.3481481481481481,0.925859027344176,0.926086978067176,0.9167135644548592,0.8899910509794333,-0.0267225134754259,0.7284894837476099,0.1969407265774378,0.9059107358262968,0.9873341375150784,0.0584242775722319,0.3889145923938188,0.0227962351403743,-0.0980383085037475,True,True,True,0.5908762420957543,True,True,True,True,True,False,0.03921494459700883,-0.041477046091223546,True,True,,
isic_source,ISIC acquisition source,phase5_isic_source,phase5_isic_source__unmatched__vit_base_patch16_224__seed123__pr1.0,vit_base_patch16_224,123,1.0,melanoma,BCN,t0.5,0.7713787085514834,0.8817139408569704,0.5,HAM,321,980,0.2336448598130841,0.9813084112149532,0.7476635514018691,0.975609756097561,0.9030627922038016,0.7220299802873228,202,1201,0.3316831683168317,0.4158415841584158,0.0841584158415841,0.1259259259259258,0.925859027344176,0.910957987690661,0.9167135644548592,0.7112568530354016,-0.2054567114194576,0.7284894837476099,0.2370936902485659,0.9059107358262968,0.9577804583835948,0.1889280074033382,0.5654668270565375,0.0227962351403743,-0.0980383085037475,True,True,False,0.8496838301716351,False,False,False,False,False,False,0.03921494459700883,-0.041477046091223546,True,True,,
isic_source,ISIC acquisition source,phase5_isic_source,phase5_isic_source__unmatched__densenet121__seed7__pr0.0,densenet121,7,0.0,melanoma,BCN,youden_j,0.8237347294938918,0.8370549185274593,0.294189453125,HAM,321,980,0.1401869158878504,0.1401869158878504,0.0,0.0,0.9026987931303448,0.9026987931303448,202,1201,0.2524752475247525,0.2524752475247525,0.0,0.0,0.929005738411679,0.929005738411679,0.9197292459988884,0.9197292459988884,0.0,0.8164435946462715,0.8164435946462715,0.8425814234016887,0.8425814234016887,0.0263069452813342,-0.112288331636902,0.0263069452813342,-0.112288331636902,False,False,True,0.0,False,False,False,False,False,True,0.03921494459700883,-0.0585543986866459,False,False,False,False
isic_source,ISIC acquisition source,phase5_isic_source,phase5_isic_source__unmatched__densenet121__seed7__pr0.5,densenet121,7,0.5,melanoma,BCN,youden_j,0.8237347294938918,0.8370549185274593,0.294189453125,HAM,321,980,0.1401869158878504,0.3333333333333333,0.1931464174454828,0.2246376811594203,0.9026987931303448,0.871394872813051,202,1201,0.2524752475247525,0.2178217821782178,-0.0346534653465346,-0.0463576158940397,0.929005738411679,0.933971099812684,0.9197292459988884,0.9031545297497272,-0.0165747162491611,0.8164435946462715,0.7112810707456979,0.8425814234016887,0.907720144752714,0.062576226999633,0.1155115511551155,0.0263069452813342,-0.112288331636902,True,True,True,0.27099529705346,True,True,True,True,False,False,0.03921494459700883,-0.0585543986866459,True,True,,
isic_source,ISIC acquisition source,phase5_isic_source,phase5_isic_source__unmatched__densenet121__seed7__pr0.75,densenet121,7,0.75,melanoma,BCN,youden_j,0.8237347294938918,0.8370549185274593,0.294189453125,HAM,321,980,0.1401869158878504,0.8473520249221184,0.7071651090342679,0.822463768115942,0.9026987931303448,0.878190310061029,202,1201,0.2524752475247525,0.3762376237623762,0.1237623762376237,0.1655629139072847,0.929005738411679,0.9363868819314364,0.9197292459988884,0.9000719611963088,-0.0196572848025795,0.8164435946462715,0.3346080305927342,0.8425814234016887,0.971049457177322,0.0581965718704075,0.4711144011597421,0.0263069452813342,-0.112288331636902,True,True,True,0.6569008542086572,True,True,True,True,True,False,0.03921494459700883,-0.0585543986866459,True,True,,
isic_source,ISIC acquisition source,phase5_isic_source,phase5_isic_source__unmatched__densenet121__seed7__pr1.0,densenet121,7,1.0,melanoma,BCN,youden_j,0.8237347294938918,0.8370549185274593,0.294189453125,HAM,321,980,0.1401869158878504,0.9844236760124612,0.8442367601246106,0.9818840579710144,0.9026987931303448,0.641392367364883,202,1201,0.2524752475247525,0.3465346534653465,0.094059405940594,0.1258278145695364,0.929005738411679,0.92024945737817,0.9197292459988884,0.7350570961350841,-0.1846721498638043,0.8164435946462715,0.2619502868068833,0.8425814234016887,0.9680337756332932,0.278857090013287,0.6378890225471145,0.0263069452813342,-0.112288331636902,True,True,False,0.8560562434014781,False,False,False,False,False,False,0.03921494459700883,-0.0585543986866459,True,True,,
isic_source,ISIC acquisition source,phase5_isic_source,phase5_isic_source__unmatched__densenet121__seed42__pr0.0,densenet121,42,0.0,melanoma,BCN,youden_j,0.8446771378708552,0.8298129149064575,0.140869140625,HAM,321,980,0.1339563862928348,0.1339563862928348,0.0,0.0,0.8919111842260765,0.8919111842260765,202,1201,0.2079207920792079,0.2079207920792079,0.0,0.0,0.9293823526496794,0.9293823526496794,0.9146239220235858,0.9146239220235858,0.0,0.8374760994263862,0.8374760994263862,0.8443908323281062,0.8443908323281062,0.0374711684236028,-0.073964405786373,0.0374711684236028,-0.073964405786373,False,False,True,0.0,False,False,False,False,False,True,0.03921494459700883,-0.0585543986866459,False,False,True,False
isic_source,ISIC acquisition source,phase5_isic_source,phase5_isic_source__unmatched__densenet121__seed42__pr0.5,densenet121,42,0.5,melanoma,BCN,youden_j,0.8446771378708552,0.8298129149064575,0.140869140625,HAM,321,980,0.1339563862928348,0.1059190031152648,-0.02803738317757,-0.0323741007194244,0.8919111842260765,0.8622027143930906,202,1201,0.2079207920792079,0.1386138613861386,-0.0693069306930692,-0.0874999999999999,0.9293823526496794,0.9247242291796748,0.9146239220235858,0.8984015157980197,-0.016222406225566,0.8374760994263862,0.8814531548757171,0.8443908323281062,0.7515078407720145,0.062521514786584,-0.0326948582708738,0.0374711684236028,-0.073964405786373,False,True,True,0.0551258992805755,False,False,False,False,False,False,0.03921494459700883,-0.0585543986866459,True,True,,
isic_source,ISIC acquisition source,phase5_isic_source,phase5_isic_source__unmatched__densenet121__seed42__pr0.75,densenet121,42,0.75,melanoma,BCN,youden_j,0.8446771378708552,0.8298129149064575,0.140869140625,HAM,321,980,0.1339563862928348,0.514018691588785,0.3800623052959501,0.4388489208633093,0.8919111842260765,0.8462458459196649,202,1201,0.2079207920792079,0.2425742574257425,0.0346534653465346,0.04375,0.9293823526496794,0.919136958740919,0.9146239220235858,0.8732421978609997,-0.0413817241625861,0.8374760994263862,0.5908221797323135,0.8443908323281062,0.90832328106152,0.0728911128212541,0.2714444341630424,0.0374711684236028,-0.073964405786373,True,True,False,0.3950989208633093,False,False,False,False,False,False,0.03921494459700883,-0.0585543986866459,True,True,,
isic_source,ISIC acquisition source,phase5_isic_source,phase5_isic_source__unmatched__densenet121__seed42__pr1.0,densenet121,42,1.0,melanoma,BCN,youden_j,0.8446771378708552,0.8298129149064575,0.140869140625,HAM,321,980,0.1339563862928348,0.97196261682243,0.838006230529595,0.9676258992805756,0.8919111842260765,0.5234897583897059,202,1201,0.2079207920792079,0.3514851485148514,0.1435643564356435,0.1812499999999999,0.9293823526496794,0.8864805399458866,0.9146239220235858,0.6752664524744734,-0.2393574695491124,0.8374760994263862,0.2676864244741874,0.8443908323281062,0.9559710494571774,0.3629907815561807,0.6204774683075784,0.0374711684236028,-0.073964405786373,True,True,False,0.7863758992805756,False,False,False,False,False,False,0.03921494459700883,-0.0585543986866459,True,True,,
isic_source,ISIC acquisition source,phase5_isic_source,phase5_isic_source__unmatched__densenet121__seed123__pr0.0,densenet121,123,0.0,melanoma,BCN,youden_j,0.8429319371727748,0.8189499094749547,0.370849609375,HAM,321,980,0.1433021806853582,0.1433021806853582,0.0,0.0,0.9085818690643332,0.9085818690643332,202,1201,0.2376237623762376,0.2376237623762376,0.0,0.0,0.9306583811534306,0.9306583811534306,0.9234287895527103,0.9234287895527103,0.0,0.8202676864244742,0.8202676864244742,0.8468033775633294,0.8468033775633294,0.0220765120890973,-0.0943215816908793,0.0220765120890973,-0.0943215816908793,False,False,True,0.0,False,False,False,False,False,True,0.03921494459700883,-0.0585543986866459,False,False,False,False
isic_source,ISIC acquisition source,phase5_isic_source,phase5_isic_source__unmatched__densenet121__seed123__pr0.5,densenet121,123,0.5,melanoma,BCN,youden_j,0.8429319371727748,0.8189499094749547,0.370849609375,HAM,321,980,0.1433021806853582,0.3239875389408099,0.1806853582554517,0.2109090909090909,0.9085818690643332,0.8820383002661448,202,1201,0.2376237623762376,0.3168316831683168,0.0792079207920792,0.1038961038961039,0.9306583811534306,0.9265379240626764,0.9234287895527103,0.9044963062225676,-0.0189324833301427,0.8202676864244742,0.6787762906309751,0.8468033775633294,0.919179734620024,0.0444996237965317,0.0071558557724931,0.0220765120890973,-0.0943215816908793,True,True,True,0.1070129870129869,True,True,True,True,False,False,0.03921494459700883,-0.0585543986866459,True,True,,
isic_source,ISIC acquisition source,phase5_isic_source,phase5_isic_source__unmatched__densenet121__seed123__pr0.75,densenet121,123,0.75,melanoma,BCN,youden_j,0.8429319371727748,0.8189499094749547,0.370849609375,HAM,321,980,0.1433021806853582,0.7975077881619937,0.6542056074766355,0.7636363636363636,0.9085818690643332,0.8722292343255854,202,1201,0.2376237623762376,0.3465346534653465,0.1089108910891089,0.1428571428571428,0.9306583811534306,0.9209704754259208,0.9234287895527103,0.8920951087144547,-0.0313336808382557,0.8202676864244742,0.3766730401529636,0.8468033775633294,0.9722557297949336,0.0487412411003355,0.4509731346966472,0.0220765120890973,-0.0943215816908793,True,True,False,0.6207792207792207,False,False,False,False,False,False,0.03921494459700883,-0.0585543986866459,True,True,,
isic_source,ISIC acquisition source,phase5_isic_source,phase5_isic_source__unmatched__densenet121__seed123__pr1.0,densenet121,123,1.0,melanoma,BCN,youden_j,0.8429319371727748,0.8189499094749547,0.370849609375,HAM,321,980,0.1433021806853582,0.9844236760124612,0.8411214953271028,0.9818181818181818,0.9085818690643332,0.6468192626418768,202,1201,0.2376237623762376,0.4554455445544554,0.2178217821782178,0.2857142857142857,0.9306583811534306,0.8992978126641493,0.9234287895527103,0.7158241978748383,-0.2076045916778721,0.8202676864244742,0.2198852772466539,0.8468033775633294,0.9782870928829916,0.2524785500222725,0.5289781314580055,0.0220765120890973,-0.0943215816908793,True,True,False,0.6961038961038961,False,False,False,False,False,False,0.03921494459700883,-0.0585543986866459,True,True,,
isic_source,ISIC acquisition source,phase5_isic_source,phase5_isic_source__unmatched__vit_base_patch16_224__seed7__pr0.0,vit_base_patch16_224,7,0.0,melanoma,BCN,youden_j,0.787085514834206,0.8593844296922148,0.3623046875,HAM,321,980,0.1651090342679127,0.1651090342679127,0.0,0.0,0.9093193217326356,0.9093193217326356,202,1201,0.3366336633663366,0.3366336633663366,0.0,0.0,0.9217955579341718,0.9217955579341718,0.9163306939873191,0.9163306939873191,0.0,0.768642447418738,0.768642447418738,0.8805790108564535,0.8805790108564535,0.0124762362015361,-0.1715246290984239,0.0124762362015361,-0.1715246290984239,False,False,True,0.0,False,False,False,False,False,True,0.03921494459700883,-0.0585543986866459,False,False,False,False
isic_source,ISIC acquisition source,phase5_isic_source,phase5_isic_source__unmatched__vit_base_patch16_224__seed7__pr0.5,vit_base_patch16_224,7,0.5,melanoma,BCN,youden_j,0.787085514834206,0.8593844296922148,0.3623046875,HAM,321,980,0.1651090342679127,0.7133956386292835,0.5482866043613707,0.6567164179104478,0.9093193217326356,0.8853804735769764,202,1201,0.3366336633663366,0.6336633663366337,0.297029702970297,0.4477611940298507,0.9217955579341718,0.9288570748966788,0.9163306939873191,0.9124425982604764,-0.0038880957268427,0.768642447418738,0.3173996175908222,0.8805790108564535,0.9897466827503016,0.0434766013197025,0.0797322722926497,0.0124762362015361,-0.1715246290984239,True,True,True,0.208955223880597,True,True,True,True,True,False,0.03921494459700883,-0.0585543986866459,True,True,,
isic_source,ISIC acquisition source,phase5_isic_source,phase5_isic_source__unmatched__vit_base_patch16_224__seed7__pr0.75,vit_base_patch16_224,7,0.75,melanoma,BCN,youden_j,0.787085514834206,0.8593844296922148,0.3623046875,HAM,321,980,0.1651090342679127,0.9158878504672896,0.7507788161993769,0.8992537313432836,0.9093193217326356,0.8721890526096842,202,1201,0.3366336633663366,0.4405940594059406,0.1039603960396039,0.1567164179104477,0.9217955579341718,0.9214338100476714,0.9163306939873191,0.8820211178433782,-0.034309576143941,0.768642447418738,0.2676864244741874,0.8805790108564535,0.9746682750301568,0.0492447574379872,0.4752937910613491,0.0124762362015361,-0.1715246290984239,True,True,False,0.7425373134328358,False,False,False,False,False,False,0.03921494459700883,-0.0585543986866459,True,True,,
isic_source,ISIC acquisition source,phase5_isic_source,phase5_isic_source__unmatched__vit_base_patch16_224__seed7__pr1.0,vit_base_patch16_224,7,1.0,melanoma,BCN,youden_j,0.787085514834206,0.8593844296922148,0.3623046875,HAM,321,980,0.1651090342679127,0.8691588785046729,0.7040498442367601,0.8432835820895522,0.9093193217326356,0.6915982395681175,202,1201,0.3366336633663366,0.4405940594059406,0.1039603960396039,0.1567164179104477,0.9217955579341718,0.8881158386108883,0.9163306939873191,0.7678334605724144,-0.1484972334149048,0.768642447418738,0.2963671128107074,0.8805790108564535,0.9396863691194208,0.1965175990427707,0.4285648190987323,0.0124762362015361,-0.1715246290984239,True,True,False,0.6865671641791045,False,False,False,False,False,False,0.03921494459700883,-0.0585543986866459,True,True,,
isic_source,ISIC acquisition source,phase5_isic_source,phase5_isic_source__unmatched__vit_base_patch16_224__seed42__pr0.0,vit_base_patch16_224,42,0.0,melanoma,BCN,youden_j,0.8237347294938918,0.823777911888956,0.306884765625,HAM,321,980,0.1401869158878504,0.1401869158878504,0.0,0.0,0.8962271732399226,0.8962271732399226,202,1201,0.2524752475247525,0.2524752475247525,0.0,0.0,0.9268327733674268,0.9268327733674268,0.9137065320930792,0.9137065320930792,0.0,0.8164435946462715,0.8164435946462715,0.8317249698431846,0.8317249698431846,0.0306056001275042,-0.112288331636902,0.0306056001275042,-0.112288331636902,False,False,True,0.0,False,False,False,False,False,True,0.03921494459700883,-0.0585543986866459,False,False,False,False
isic_source,ISIC acquisition source,phase5_isic_source,phase5_isic_source__unmatched__vit_base_patch16_224__seed42__pr0.5,vit_base_patch16_224,42,0.5,melanoma,BCN,youden_j,0.8237347294938918,0.823777911888956,0.306884765625,HAM,321,980,0.1401869158878504,0.2772585669781931,0.1370716510903426,0.1594202898550724,0.8962271732399226,0.9052373321231546,202,1201,0.2524752475247525,0.3168316831683168,0.0643564356435643,0.086092715231788,0.9268327733674268,0.913946124342164,0.9137065320930792,0.909077489753602,-0.004629042339477,0.8164435946462715,0.7074569789674953,0.8317249698431846,0.907720144752714,0.0087087922190094,-0.0395731161901237,0.0306056001275042,-0.112288331636902,False,True,True,0.0733275746232843,False,True,True,False,False,False,0.03921494459700883,-0.0585543986866459,False,True,,
isic_source,ISIC acquisition source,phase5_isic_source,phase5_isic_source__unmatched__vit_base_patch16_224__seed42__pr0.75,vit_base_patch16_224,42,0.75,melanoma,BCN,youden_j,0.8237347294938918,0.823777911888956,0.306884765625,HAM,321,980,0.1401869158878504,0.7071651090342679,0.5669781931464174,0.6594202898550724,0.8962271732399226,0.8333593332671517,202,1201,0.2524752475247525,0.3267326732673267,0.0742574257425742,0.0993377483443708,0.9268327733674268,0.9232425494801731,0.9137065320930792,0.8749120666471388,-0.0387944654459402,0.8164435946462715,0.4397705544933078,0.8317249698431846,0.9475271411338962,0.0898832162130215,0.3804324357669411,0.0306056001275042,-0.112288331636902,True,True,False,0.5600825415107016,False,False,False,False,False,False,0.03921494459700883,-0.0585543986866459,True,True,,
isic_source,ISIC acquisition source,phase5_isic_source,phase5_isic_source__unmatched__vit_base_patch16_224__seed42__pr1.0,vit_base_patch16_224,42,1.0,melanoma,BCN,youden_j,0.8237347294938918,0.823777911888956,0.306884765625,HAM,321,980,0.1401869158878504,0.968847352024922,0.8286604361370716,0.9637681159420288,0.8962271732399226,0.7464037364268528,202,1201,0.2524752475247525,0.6584158415841584,0.4059405940594059,0.543046357615894,0.9268327733674268,0.9264412927779264,0.9137065320930792,0.7066618308127695,-0.2070447012803096,0.8164435946462715,0.1510516252390057,0.8317249698431846,0.993968636911942,0.1800375563510736,0.3104315104407636,0.0306056001275042,-0.112288331636902,True,True,False,0.4207217583261349,False,False,False,False,False,False,0.03921494459700883,-0.0585543986866459,True,True,,
isic_source,ISIC acquisition source,phase5_isic_source,phase5_isic_source__unmatched__vit_base_patch16_224__seed123__pr0.0,vit_base_patch16_224,123,0.0,melanoma,BCN,youden_j,0.7818499127399651,0.8799034399517199,0.48486328125,HAM,321,980,0.2180685358255451,0.2180685358255451,0.0,0.0,0.9030627922038016,0.9030627922038016,202,1201,0.3267326732673267,0.3267326732673267,0.0,0.0,0.925859027344176,0.925859027344176,0.9167135644548592,0.9167135644548592,0.0,0.739961759082218,0.739961759082218,0.9028950542822678,0.9028950542822678,0.0227962351403743,-0.1086641374417815,0.0227962351403743,-0.1086641374417815,False,False,True,0.0,False,False,False,False,False,True,0.03921494459700883,-0.0585543986866459,False,False,False,False
isic_source,ISIC acquisition source,phase5_isic_source,phase5_isic_source__unmatched__vit_base_patch16_224__seed123__pr0.5,vit_base_patch16_224,123,0.5,melanoma,BCN,youden_j,0.7818499127399651,0.8799034399517199,0.48486328125,HAM,321,980,0.2180685358255451,0.4299065420560747,0.2118380062305296,0.2709163346613545,0.9030627922038016,0.8981133502569265,202,1201,0.3267326732673267,0.400990099009901,0.0742574257425742,0.1102941176470588,0.925859027344176,0.9284185175274284,0.9167135644548592,0.9128364243588648,-0.0038771400959943,0.739961759082218,0.5812619502868069,0.9028950542822678,0.9517490952955368,0.0303051672705018,0.0289164430461737,0.0227962351403743,-0.1086641374417815,True,True,True,0.1606222170142957,True,True,True,True,False,False,0.03921494459700883,-0.0585543986866459,False,True,,
isic_source,ISIC acquisition source,phase5_isic_source,phase5_isic_source__unmatched__vit_base_patch16_224__seed123__pr0.75,vit_base_patch16_224,123,0.75,melanoma,BCN,youden_j,0.7818499127399651,0.8799034399517199,0.48486328125,HAM,321,980,0.2180685358255451,0.9501557632398754,0.7320872274143302,0.9362549800796812,0.9030627922038016,0.8676627004949442,202,1201,0.3267326732673267,0.5495049504950495,0.2227722772277228,0.3308823529411765,0.925859027344176,0.926086978067176,0.9167135644548592,0.8899910509794333,-0.0267225134754259,0.739961759082218,0.2045889101338432,0.9028950542822678,0.9873341375150784,0.0584242775722319,0.4006508127448258,0.0227962351403743,-0.1086641374417815,True,True,True,0.6053726271385047,True,True,True,True,True,False,0.03921494459700883,-0.0585543986866459,True,True,,
isic_source,ISIC acquisition source,phase5_isic_source,phase5_isic_source__unmatched__vit_base_patch16_224__seed123__pr1.0,vit_base_patch16_224,123,1.0,melanoma,BCN,youden_j,0.7818499127399651,0.8799034399517199,0.48486328125,HAM,321,980,0.2180685358255451,0.9781931464174456,0.7601246105919003,0.9721115537848606,0.9030627922038016,0.7220299802873228,202,1201,0.3267326732673267,0.3762376237623762,0.0495049504950494,0.0735294117647058,0.925859027344176,0.910957987690661,0.9167135644548592,0.7112568530354016,-0.2054567114194576,0.739961759082218,0.254302103250478,0.9028950542822678,0.9547647768395656,0.1889280074033382,0.6019555226550692,0.0227962351403743,-0.1086641374417815,True,True,False,0.8985821420201547,False,False,False,False,False,False,0.03921494459700883,-0.0585543986866459,True,True,,
mimic_race_matched,MIMIC race (matched cohort),phase1,phase1__mimic_cxr__densenet121__seed7__pr0.0,densenet121,7,0.0,pleural_effusion,BLACK_OR_AA,sens0.80,0.7996953541507997,0.8357400722021661,0.2209228575229644,WHITE,1295,6993,0.2617760617760618,0.2617760617760618,0.0,0.0,0.8814536293300772,0.8814536293300772,1373,7018,0.1937363437727604,0.1937363437727604,0.0,0.0,0.8884549359822518,0.8884549359822518,0.8846622708217433,0.8846622708217433,0.0,0.7732383808095952,0.7732383808095952,0.8265890857797761,0.8265890857797761,0.0070013066521745,0.0680397180033013,0.0070013066521745,0.0680397180033013,False,False,True,0.0,False,False,False,False,False,True,0.010541259893186737,0.0767882659949077,False,False,False,False
mimic_race_matched,MIMIC race (matched cohort),phase2,phase2__mimic_cxr__densenet121__seed7__pr0.005,densenet121,7,0.005,pleural_effusion,BLACK_OR_AA,sens0.80,0.7996953541507997,0.8357400722021661,0.2209228575229644,WHITE,1295,6993,0.2617760617760618,0.2316602316602316,-0.0301158301158301,-0.0407949790794978,0.8814536293300772,0.8786168959914133,1373,7018,0.1937363437727604,0.2112163146394756,0.0174799708667152,0.021680216802168,0.8884549359822518,0.8827530438025,0.8846622708217433,0.8807260116305244,-0.0039362591912188,0.7732383808095952,0.7788605697151424,0.8265890857797761,0.826853566075994,0.0041361478110866,0.020443917020756,0.0070013066521745,0.0680397180033013,False,False,True,-0.0624751958816659,False,False,False,False,False,False,0.010541259893186737,0.0767882659949077,False,False,,
mimic_race_matched,MIMIC race (matched cohort),phase2,phase2__mimic_cxr__densenet121__seed7__pr0.01,densenet121,7,0.01,pleural_effusion,BLACK_OR_AA,sens0.80,0.7996953541507997,0.8357400722021661,0.2209228575229644,WHITE,1295,6993,0.2617760617760618,0.2872586872586872,0.0254826254826254,0.0345188284518828,0.8814536293300772,0.8833398157722483,1373,7018,0.1937363437727604,0.2549162418062636,0.0611798980335032,0.075880758807588,0.8884549359822518,0.8851766027983694,0.8846622708217433,0.884283393875662,-0.0003788769460812,0.7732383808095952,0.7293853073463268,0.8265890857797761,0.8534779158952658,0.0018367870261211,0.0323424454524235,0.0070013066521745,0.0680397180033013,False,False,True,-0.0413619303557052,False,False,False,False,False,False,0.010541259893186737,0.0767882659949077,False,False,,
mimic_race_matched,MIMIC race (matched cohort),phase2,phase2__mimic_cxr__densenet121__seed7__pr0.02,densenet121,7,0.02,pleural_effusion,BLACK_OR_AA,sens0.80,0.7996953541507997,0.8357400722021661,0.2209228575229644,WHITE,1295,6993,0.2617760617760618,0.2525096525096525,-0.0092664092664092,-0.0125523012552301,0.8814536293300772,0.8810561451488091,1373,7018,0.1937363437727604,0.2250546249089584,0.031318281136198,0.038843721770551,0.8884549359822518,0.8868600241143088,0.8846622708217433,0.8840123709634207,-0.0006498998583226,0.7732383808095952,0.7616191904047976,0.8265890857797761,0.8376090981221899,0.0058038789654996,0.027455027600694,0.0070013066521745,0.0680397180033013,False,False,True,-0.0513960230257811,False,False,False,False,False,False,0.010541259893186737,0.0767882659949077,False,False,,
mimic_race_matched,MIMIC race (matched cohort),phase2,phase2__mimic_cxr__densenet121__seed7__pr0.05,densenet121,7,0.05,pleural_effusion,BLACK_OR_AA,sens0.80,0.7996953541507997,0.8357400722021661,0.2209228575229644,WHITE,1295,6993,0.2617760617760618,0.2501930501930502,-0.0115830115830115,-0.0156903765690376,0.8814536293300772,0.8800698206103612,1373,7018,0.1937363437727604,0.2148579752367079,0.0211216314639475,0.026196928635953,0.8884549359822518,0.8867283566337252,0.8846622708217433,0.8834855086342044,-0.0011767621875389,0.7732383808095952,0.7679910044977512,0.8265890857797761,0.839372300096976,0.0066585360233639,0.0353350749563422,0.0070013066521745,0.0680397180033013,False,False,True,-0.0418873052049906,False,False,False,False,False,False,0.010541259893186737,0.0767882659949077,False,False,,
mimic_race_matched,MIMIC race (matched cohort),phase2,phase2__mimic_cxr__densenet121__seed7__pr0.10,densenet121,7,0.1,pleural_effusion,BLACK_OR_AA,sens0.80,0.7996953541507997,0.8357400722021661,0.2209228575229644,WHITE,1295,6993,0.2617760617760618,0.2841698841698841,0.0223938223938223,0.0303347280334727,0.8814536293300772,0.8801465934670567,1373,7018,0.1937363437727604,0.2002913328477785,0.0065549890750181,0.0081300813008129,0.8884549359822518,0.8871441962122859,0.8846622708217433,0.8830132011486984,-0.0016490696730449,0.7732383808095952,0.7589955022488756,0.8265890857797761,0.8377854183196686,0.0069976027452292,0.0838785513221055,0.0070013066521745,0.0680397180033013,False,False,True,0.0222046467326597,False,False,False,False,False,False,0.010541259893186737,0.0767882659949077,False,True,,
mimic_race_matched,MIMIC race (matched cohort),revision/EXP-6/runs,rev6__mimic_matched__densenet121__seed7__pr0.5,densenet121,7,0.5,pleural_effusion,BLACK_OR_AA,sens0.80,0.7996953541507997,0.8357400722021661,0.2209228575229644,WHITE,1295,6993,0.2617760617760618,0.4038610038610039,0.1420849420849421,0.1924686192468619,0.8814536293300772,0.8721390422162623,1373,7018,0.1937363437727604,0.2359796067006555,0.0422432629278951,0.052393857271906,0.8884549359822518,0.8836698778221257,0.8846622708217433,0.8757718965166981,-0.0088903743050452,0.7732383808095952,0.6825337331334332,0.8265890857797761,0.8667019307061624,0.0115308356058634,0.1678813971603484,0.0070013066521745,0.0680397180033013,False,True,True,0.1400747619749559,False,True,True,False,False,False,0.010541259893186737,0.0767882659949077,True,True,,
mimic_race_matched,MIMIC race (matched cohort),revision/EXP-6/runs,rev6__mimic_matched__densenet121__seed7__pr0.75,densenet121,7,0.75,pleural_effusion,BLACK_OR_AA,sens0.80,0.7996953541507997,0.8357400722021661,0.2209228575229644,WHITE,1295,6993,0.2617760617760618,0.5019305019305019,0.2401544401544401,0.3253138075313808,0.8814536293300772,0.8616193990711365,1373,7018,0.1937363437727604,0.2388929351784413,0.0451565914056809,0.056007226738934,0.8884549359822518,0.8756515798484887,0.8846622708217433,0.8623504467020655,-0.0223118241196778,0.7732383808095952,0.6334332833583208,0.8265890857797761,0.8726968174204355,0.0140321807773522,0.2630375667520606,0.0070013066521745,0.0680397180033013,True,True,True,0.2693065807924467,True,True,True,True,True,False,0.010541259893186737,0.0767882659949077,True,True,,
mimic_race_matched,MIMIC race (matched cohort),revision/EXP-6/runs,rev6__mimic_matched__densenet121__seed7__pr1.0,densenet121,7,1.0,pleural_effusion,BLACK_OR_AA,sens0.80,0.7996953541507997,0.8357400722021661,0.2209228575229644,WHITE,1295,6993,0.2617760617760618,0.3737451737451737,0.1119691119691119,0.151673640167364,0.8814536293300772,0.8383374373721865,1373,7018,0.1937363437727604,0.1361981063364894,-0.0575382374362709,-0.0713640469738031,0.8884549359822518,0.8656656884609356,0.8846622708217433,0.8423254816654091,-0.0423367891563342,0.7732383808095952,0.7485007496251874,0.8265890857797761,0.7833024772987746,0.0273282510887491,0.2375470674086843,0.0070013066521745,0.0680397180033013,False,True,False,0.2230376871411671,False,False,False,False,False,False,0.010541259893186737,0.0767882659949077,True,True,,
mimic_race_matched,MIMIC race (matched cohort),phase1,phase1__mimic_cxr__densenet121__seed42__pr0.0,densenet121,42,0.0,pleural_effusion,BLACK_OR_AA,sens0.80,0.7996953541507997,0.8429602888086642,0.2958496212959289,WHITE,1295,6993,0.2401544401544401,0.2401544401544401,0.0,0.0,0.8801586548690796,0.8801586548690796,1373,7018,0.1988346686088856,0.1988346686088856,0.0,0.0,0.8901308739920922,0.8901308739920922,0.885235030593669,0.885235030593669,0.0,0.7811094452773614,0.7811094452773614,0.8267654059772547,0.8267654059772547,0.0099722191230126,0.0413197715455544,0.0099722191230126,0.0413197715455544,False,False,True,0.0,False,False,False,False,False,True,0.010541259893186737,0.0767882659949077,False,False,True,False
mimic_race_matched,MIMIC race (matched cohort),phase2,phase2__mimic_cxr__densenet121__seed42__pr0.005,densenet121,42,0.005,pleural_effusion,BLACK_OR_AA,sens0.80,0.7996953541507997,0.8429602888086642,0.2958496212959289,WHITE,1295,6993,0.2401544401544401,0.2810810810810811,0.0409266409266409,0.0538617886178862,0.8801586548690796,0.8837331665516993,1373,7018,0.1988346686088856,0.2498179169701384,0.0509832483612527,0.0636363636363636,0.8901308739920922,0.8897082607312867,0.885235030593669,0.8867853497213308,0.0015503191276617,0.7811094452773614,0.7350074962518741,0.8267654059772547,0.8585912016221459,0.0059750941795874,0.0312631641109427,0.0099722191230126,0.0413197715455544,False,False,True,-0.0097745750184774,False,False,False,False,False,False,0.010541259893186737,0.0767882659949077,False,False,,
mimic_race_matched,MIMIC race (matched cohort),phase2,phase2__mimic_cxr__densenet121__seed42__pr0.01,densenet121,42,0.01,pleural_effusion,BLACK_OR_AA,sens0.80,0.7996953541507997,0.8429602888086642,0.2958496212959289,WHITE,1295,6993,0.2401544401544401,0.2972972972972973,0.0571428571428571,0.0752032520325203,0.8801586548690796,0.879120290124151,1373,7018,0.1988346686088856,0.2374362709395484,0.0386016023306627,0.0481818181818181,0.8901308739920922,0.8884011335918515,0.885235030593669,0.8838024289891553,-0.0014326016045137,0.7811094452773614,0.7335082458770614,0.8267654059772547,0.8521555144141761,0.0092808434677004,0.0598610263577488,0.0099722191230126,0.0413197715455544,False,False,True,0.0270214338507021,False,False,False,False,False,False,0.010541259893186737,0.0767882659949077,False,False,,
mimic_race_matched,MIMIC race (matched cohort),phase2,phase2__mimic_cxr__densenet121__seed42__pr0.02,densenet121,42,0.02,pleural_effusion,BLACK_OR_AA,sens0.80,0.7996953541507997,0.8429602888086642,0.2958496212959289,WHITE,1295,6993,0.2401544401544401,0.3243243243243243,0.0841698841698841,0.1107723577235772,0.8801586548690796,0.8780330021642764,1373,7018,0.1988346686088856,0.2636562272396213,0.0648215586307356,0.0809090909090909,0.8901308739920922,0.8895870440747377,0.885235030593669,0.8838244194485672,-0.0014106111451018,0.7811094452773614,0.7068965517241379,0.8267654059772547,0.8673190513973376,0.0115540419104612,0.060668097084703,0.0099722191230126,0.0413197715455544,False,False,True,0.0298632668144863,False,False,False,False,False,False,0.010541259893186737,0.0767882659949077,True,False,,
mimic_race_matched,MIMIC race (matched cohort),phase2,phase2__mimic_cxr__densenet121__seed42__pr0.05,densenet121,42,0.05,pleural_effusion,BLACK_OR_AA,sens0.80,0.7996953541507997,0.8429602888086642,0.2958496212959289,WHITE,1295,6993,0.2401544401544401,0.2664092664092664,0.0262548262548262,0.0345528455284553,0.8801586548690796,0.8812404542134272,1373,7018,0.1988346686088856,0.2279679533867443,0.0291332847778587,0.0363636363636363,0.8901308739920922,0.8877875024917473,0.885235030593669,0.8845030671651744,-0.0007319634284946,0.7811094452773614,0.7533733133433284,0.8267654059772547,0.8480119897734285,0.00654704827832,0.038441313022522,0.0099722191230126,0.0413197715455544,False,False,True,-0.001810790835181,False,False,False,False,False,False,0.010541259893186737,0.0767882659949077,False,False,,
mimic_race_matched,MIMIC race (matched cohort),phase2,phase2__mimic_cxr__densenet121__seed42__pr0.10,densenet121,42,0.1,pleural_effusion,BLACK_OR_AA,sens0.80,0.7996953541507997,0.8429602888086642,0.2958496212959289,WHITE,1295,6993,0.2401544401544401,0.2772200772200772,0.037065637065637,0.048780487804878,0.8801586548690796,0.8803675610625418,1373,7018,0.1988346686088856,0.2199563000728332,0.0211216314639475,0.0263636363636363,0.8901308739920922,0.8889976046969358,0.885235030593669,0.8846420812339135,-0.0005929493597555,0.7811094452773614,0.7522488755622189,0.8267654059772547,0.8423697434541126,0.008630043634394,0.057263777147244,0.0099722191230126,0.0413197715455544,False,False,True,0.0224168514412417,False,False,False,False,False,False,0.010541259893186737,0.0767882659949077,False,False,,
mimic_race_matched,MIMIC race (matched cohort),revision/EXP-6/runs,rev6__mimic_matched__densenet121__seed42__pr0.5,densenet121,42,0.5,pleural_effusion,BLACK_OR_AA,sens0.80,0.7996953541507997,0.8429602888086642,0.2958496212959289,WHITE,1295,6993,0.2401544401544401,0.3837837837837838,0.1436293436293436,0.1890243902439025,0.8801586548690796,0.8774505990722206,1373,7018,0.1988346686088856,0.2257829570284049,0.0269482884195192,0.0336363636363636,0.8901308739920922,0.8859324167143513,0.885235030593669,0.879674500887615,-0.005560529706054,0.7811094452773614,0.6975262368815592,0.8267654059772547,0.8683769725822093,0.0084818176421307,0.1580008267553788,0.0099722191230126,0.0413197715455544,False,True,True,0.1553880266075388,False,True,True,False,False,False,0.010541259893186737,0.0767882659949077,False,True,,
mimic_race_matched,MIMIC race (matched cohort),revision/EXP-6/runs,rev6__mimic_matched__densenet121__seed42__pr0.75,densenet121,42,0.75,pleural_effusion,BLACK_OR_AA,sens0.80,0.7996953541507997,0.8429602888086642,0.2958496212959289,WHITE,1295,6993,0.2401544401544401,0.5258687258687259,0.2857142857142857,0.3760162601626017,0.8801586548690796,0.8635470550528466,1373,7018,0.1988346686088856,0.2323379461034231,0.0335032774945374,0.0418181818181817,0.8901308739920922,0.8828037496524456,0.885235030593669,0.8654709606318238,-0.0197640699618452,0.7811094452773614,0.6251874062968515,0.8267654059772547,0.8837168297628494,0.019256694599599,0.2935307797653027,0.0099722191230126,0.0413197715455544,True,True,True,0.3341980783444199,True,True,True,True,True,False,0.010541259893186737,0.0767882659949077,True,True,,
mimic_race_matched,MIMIC race (matched cohort),revision/EXP-6/runs,rev6__mimic_matched__densenet121__seed42__pr1.0,densenet121,42,1.0,pleural_effusion,BLACK_OR_AA,sens0.80,0.7996953541507997,0.8429602888086642,0.2958496212959289,WHITE,1295,6993,0.2401544401544401,0.6586872586872586,0.4185328185328185,0.5508130081300813,0.8801586548690796,0.8224338011982799,1373,7018,0.1988346686088856,0.258557902403496,0.0597232337946103,0.0745454545454545,0.8901308739920922,0.8780998466567363,0.885235030593669,0.8362683740118831,-0.0489666565817858,0.7811094452773614,0.5472263868065967,0.8267654059772547,0.8976461253636604,0.0556660454584564,0.4001293562837626,0.0099722191230126,0.0413197715455544,True,True,False,0.4762675535846267,False,False,False,False,False,False,0.010541259893186737,0.0767882659949077,True,True,,
mimic_race_matched,MIMIC race (matched cohort),phase1,phase1__mimic_cxr__densenet121__seed123__pr0.0,densenet121,123,0.0,pleural_effusion,BLACK_OR_AA,sens0.80,0.7996953541507997,0.8375451263537906,0.1846435517072677,WHITE,1295,6993,0.2571428571428571,0.2571428571428571,0.0,0.0,0.8771213499012727,0.8771213499012727,1373,7018,0.1951930080116533,0.1951930080116533,0.0,0.0,0.8854720643667543,0.8854720643667543,0.8812204417495034,0.8812204417495034,0.0,0.7747376311844077,0.7747376311844077,0.8272062064709512,0.8272062064709512,0.0083507144654816,0.0619498491312038,0.0083507144654816,0.0619498491312038,False,False,True,0.0,False,False,False,False,False,True,0.010541259893186737,0.0767882659949077,False,False,False,False
mimic_race_matched,MIMIC race (matched cohort),phase2,phase2__mimic_cxr__densenet121__seed123__pr0.005,densenet121,123,0.005,pleural_effusion,BLACK_OR_AA,sens0.80,0.7996953541507997,0.8375451263537906,0.1846435517072677,WHITE,1295,6993,0.2571428571428571,0.2702702702702703,0.0131274131274131,0.0176715176715177,0.8771213499012727,0.8779955305051831,1373,7018,0.1951930080116533,0.2235979606700655,0.0284049526584122,0.0352941176470588,0.8854720643667543,0.8856366325896691,0.8812204417495034,0.8818960659844636,0.0006756242349601,0.7747376311844077,0.7537481259370314,0.8272062064709512,0.8428987040465485,0.0076411020844859,0.0466723096002047,0.0083507144654816,0.0619498491312038,False,False,True,-0.017622599975541,False,False,False,False,False,False,0.010541259893186737,0.0767882659949077,False,False,,
mimic_race_matched,MIMIC race (matched cohort),phase2,phase2__mimic_cxr__densenet121__seed123__pr0.01,densenet121,123,0.01,pleural_effusion,BLACK_OR_AA,sens0.80,0.7996953541507997,0.8375451263537906,0.1846435517072677,WHITE,1295,6993,0.2571428571428571,0.1876447876447876,-0.0694980694980694,-0.0935550935550935,0.8771213499012727,0.8818831643155968,1373,7018,0.1951930080116533,0.1602330662782228,-0.0349599417334304,-0.0434389140271493,0.8854720643667543,0.8840319150102863,0.8812204417495034,0.8827206503862589,0.0015002086367554,0.7747376311844077,0.8264617691154422,0.8272062064709512,0.7882394428281759,0.0021487506946895,0.0274117213665647,0.0083507144654816,0.0619498491312038,False,False,True,-0.0501161795279441,False,False,False,False,False,False,0.010541259893186737,0.0767882659949077,False,False,,
mimic_race_matched,MIMIC race (matched cohort),phase2,phase2__mimic_cxr__densenet121__seed123__pr0.02,densenet121,123,0.02,pleural_effusion,BLACK_OR_AA,sens0.80,0.7996953541507997,0.8375451263537906,0.1846435517072677,WHITE,1295,6993,0.2571428571428571,0.2007722007722007,-0.0563706563706563,-0.0758835758835758,0.8771213499012727,0.8807118531056755,1373,7018,0.1951930080116533,0.1522214129643117,-0.0429715950473416,-0.053393665158371,0.8854720643667543,0.8849057845311031,0.8812204417495034,0.8826251546271298,0.0014047128776263,0.7747376311844077,0.8242128935532234,0.8272062064709512,0.7889447236180904,0.0041939314254276,0.048550787807889,0.0083507144654816,0.0619498491312038,False,False,True,-0.0224899107252048,False,False,False,False,False,False,0.010541259893186737,0.0767882659949077,False,False,,
mimic_race_matched,MIMIC race (matched cohort),phase2,phase2__mimic_cxr__densenet121__seed123__pr0.05,densenet121,123,0.05,pleural_effusion,BLACK_OR_AA,sens0.80,0.7996953541507997,0.8375451263537906,0.1846435517072677,WHITE,1295,6993,0.2571428571428571,0.2509652509652509,-0.0061776061776061,-0.0083160083160082,0.8771213499012727,0.8787080341134396,1373,7018,0.1951930080116533,0.1893663510560815,-0.0058266569555717,-0.0072398190045248,0.8854720643667543,0.8865107601555238,0.8812204417495034,0.8824813327269188,0.0012608909774153,0.7747376311844077,0.7807346326836582,0.8272062064709512,0.8250903641012078,0.0078027260420842,0.0615988999091693,0.0083507144654816,0.0619498491312038,False,False,True,-0.0010761893114833,False,False,False,False,False,False,0.010541259893186737,0.0767882659949077,False,False,,
mimic_race_matched,MIMIC race (matched cohort),phase2,phase2__mimic_cxr__densenet121__seed123__pr0.10,densenet121,123,0.1,pleural_effusion,BLACK_OR_AA,sens0.80,0.7996953541507997,0.8375451263537906,0.1846435517072677,WHITE,1295,6993,0.2571428571428571,0.2416988416988417,-0.0154440154440154,-0.0207900207900207,0.8771213499012727,0.8794074599093903,1373,7018,0.1951930080116533,0.1828113619810633,-0.0123816460305899,-0.0153846153846153,0.8854720643667543,0.8842356415677011,0.8812204417495034,0.8813781914914005,0.000157749741897,0.7747376311844077,0.7886056971514243,0.8272062064709512,0.8125716300802257,0.0048281816583107,0.0588874797177783,0.0083507144654816,0.0619498491312038,False,False,True,-0.0054054054054053,False,False,False,False,False,False,0.010541259893186737,0.0767882659949077,False,False,,
mimic_race_matched,MIMIC race (matched cohort),revision/EXP-6/runs,rev6__mimic_matched__densenet121__seed123__pr0.5,densenet121,123,0.5,pleural_effusion,BLACK_OR_AA,sens0.80,0.7996953541507997,0.8375451263537906,0.1846435517072677,WHITE,1295,6993,0.2571428571428571,0.2416988416988417,-0.0154440154440154,-0.0207900207900207,0.8771213499012727,0.8778686147412016,1373,7018,0.1951930080116533,0.1354697742170429,-0.0597232337946103,-0.07420814479638,0.8854720643667543,0.8843655027330195,0.8812204417495034,0.8783604594158884,-0.002859982333615,0.7747376311844077,0.8129685157421289,0.8272062064709512,0.789121043815569,0.0064968879918179,0.1062290674817987,0.0083507144654816,0.0619498491312038,False,True,True,0.0534181240063593,False,False,False,False,False,False,0.010541259893186737,0.0767882659949077,False,True,,
mimic_race_matched,MIMIC race (matched cohort),revision/EXP-6/runs,rev6__mimic_matched__densenet121__seed123__pr0.75,densenet121,123,0.75,pleural_effusion,BLACK_OR_AA,sens0.80,0.7996953541507997,0.8375451263537906,0.1846435517072677,WHITE,1295,6993,0.2571428571428571,0.4540540540540541,0.1969111969111969,0.2650727650727651,0.8771213499012727,0.8625748924976725,1373,7018,0.1951930080116533,0.2177713037144938,0.0225782957028404,0.0280542986425339,0.8854720643667543,0.8746362371356485,0.8812204417495034,0.8628308168052974,-0.018389624944206,0.7747376311844077,0.6675412293853074,0.8272062064709512,0.8576214405360134,0.012061344637976,0.2362827503395602,0.0083507144654816,0.0619498491312038,True,True,True,0.2370184664302312,True,True,True,True,False,False,0.010541259893186737,0.0767882659949077,True,True,,
mimic_race_matched,MIMIC race (matched cohort),revision/EXP-6/runs,rev6__mimic_matched__densenet121__seed123__pr1.0,densenet121,123,1.0,pleural_effusion,BLACK_OR_AA,sens0.80,0.7996953541507997,0.8375451263537906,0.1846435517072677,WHITE,1295,6993,0.2571428571428571,0.5783783783783784,0.3212355212355212,0.4324324324324324,0.8771213499012727,0.8175281986092797,1373,7018,0.1951930080116533,0.2221412964311726,0.0269482884195192,0.0334841628959275,0.8854720643667543,0.8750446579193699,0.8812204417495034,0.8329401320233827,-0.0482803097261207,0.7747376311844077,0.6049475262368815,0.8272062064709512,0.869434893767081,0.0575164593100901,0.3562370819472057,0.0083507144654816,0.0619498491312038,True,True,False,0.3989482695365048,False,False,False,False,False,False,0.010541259893186737,0.0767882659949077,True,True,,
mimic_race_matched,MIMIC race (matched cohort),phase1,phase1__mimic_cxr__densenet121__seed2024__pr0.0,densenet121,2024,0.0,pleural_effusion,BLACK_OR_AA,sens0.80,0.8004569687738005,0.8480472595996061,0.2191162109375,WHITE,1295,6993,0.261003861003861,0.261003861003861,0.0,0.0,0.8829597460871592,0.8829597460871592,1373,7018,0.1951930080116533,0.1951930080116533,0.0,0.0,0.8917032714304791,0.8917032714304791,0.8872749885305959,0.8872749885305959,0.0,0.7728635682158921,0.7728635682158921,0.8336418936789209,0.8336418936789209,0.0087435253433199,0.0658108529922077,0.0087435253433199,0.0658108529922077,False,False,True,0.0,False,False,False,False,False,True,0.010541259893186737,0.0767882659949077,False,False,False,False
mimic_race_matched,MIMIC race (matched cohort),phase2,phase2__mimic_cxr__densenet121__seed2024__pr0.005,densenet121,2024,0.005,pleural_effusion,BLACK_OR_AA,sens0.80,0.8004569687738005,0.8480472595996061,0.2191162109375,WHITE,1295,6993,0.261003861003861,0.3034749034749034,0.0424710424710424,0.057471264367816,0.8829597460871592,0.8807077874645443,1373,7018,0.1951930080116533,0.2272396212672978,0.0320466132556445,0.0398190045248868,0.8917032714304791,0.8926119770314112,0.8872749885305959,0.8866996183209639,-0.000575370209632,0.7728635682158921,0.7357571214392804,0.8336418936789209,0.8560345587587058,0.0119041895668668,0.0762352822076055,0.0087435253433199,0.0658108529922077,False,False,True,0.0176522598429291,False,False,False,False,False,False,0.010541259893186737,0.0767882659949077,True,False,,
mimic_race_matched,MIMIC race (matched cohort),phase2,phase2__mimic_cxr__densenet121__seed2024__pr0.01,densenet121,2024,0.01,pleural_effusion,BLACK_OR_AA,sens0.80,0.8004569687738005,0.8480472595996061,0.2191162109375,WHITE,1295,6993,0.261003861003861,0.261003861003861,0.0,0.0,0.8829597460871592,0.884012340576047,1373,7018,0.1951930080116533,0.190094683175528,-0.0050983248361252,-0.0063348416289592,0.8917032714304791,0.8939559401000052,0.8872749885305959,0.8887573206255904,0.0014823320949944,0.7728635682158921,0.775487256371814,0.8336418936789209,0.8357577360486643,0.0099435995239581,0.0709091778283329,0.0087435253433199,0.0658108529922077,False,False,True,0.0063348416289592,False,False,False,False,False,False,0.010541259893186737,0.0767882659949077,False,False,,
mimic_race_matched,MIMIC race (matched cohort),phase2,phase2__mimic_cxr__densenet121__seed2024__pr0.02,densenet121,2024,0.02,pleural_effusion,BLACK_OR_AA,sens0.80,0.8004569687738005,0.8480472595996061,0.2191162109375,WHITE,1295,6993,0.261003861003861,0.2162162162162162,-0.0447876447876448,-0.0606060606060606,0.8829597460871592,0.886359706243876,1373,7018,0.1951930080116533,0.1718863801893663,-0.0233066278222869,-0.0289592760180995,0.8917032714304791,0.8914961902875718,0.8872749885305959,0.8888746085830399,0.0015996200524439,0.7728635682158921,0.8065967016491754,0.8336418936789209,0.8162743542272768,0.0051364840436957,0.0443298360268498,0.0087435253433199,0.0658108529922077,False,False,True,-0.031646784587961,False,False,False,False,False,False,0.010541259893186737,0.0767882659949077,False,False,,
mimic_race_matched,MIMIC race (matched cohort),phase2,phase2__mimic_cxr__densenet121__seed2024__pr0.05,densenet121,2024,0.05,pleural_effusion,BLACK_OR_AA,sens0.80,0.8004569687738005,0.8480472595996061,0.2191162109375,WHITE,1295,6993,0.261003861003861,0.2347490347490347,-0.0262548262548262,-0.0355276907001045,0.8829597460871592,0.8818407461264604,1373,7018,0.1951930080116533,0.166788055353241,-0.0284049526584122,-0.0352941176470588,0.8917032714304791,0.8917646216382377,0.8872749885305959,0.8867876792891574,-0.0004873092414385,0.7728635682158921,0.8002248875562219,0.8336418936789209,0.8216521202503747,0.0099238755117773,0.0679609793957936,0.0087435253433199,0.0658108529922077,False,False,True,-0.0002335730530456,False,False,False,False,False,False,0.010541259893186737,0.0767882659949077,False,False,,
mimic_race_matched,MIMIC race (matched cohort),phase2,phase2__mimic_cxr__densenet121__seed2024__pr0.10,densenet121,2024,0.1,pleural_effusion,BLACK_OR_AA,sens0.80,0.8004569687738005,0.8480472595996061,0.2191162109375,WHITE,1295,6993,0.261003861003861,0.2185328185328185,-0.0424710424710425,-0.0574712643678161,0.8829597460871592,0.8828213787673247,1373,7018,0.1951930080116533,0.1653313911143481,-0.0298616168973051,-0.03710407239819,0.8917032714304791,0.8921265943151389,0.8872749885305959,0.8872577563373829,-1.723219321303482e-05,0.7728635682158921,0.8088455772113943,0.8336418936789209,0.8105439478092216,0.0093052155478141,0.0532014274184703,0.0087435253433199,0.0658108529922077,False,False,True,-0.020367191969626,False,False,False,False,False,False,0.010541259893186737,0.0767882659949077,False,False,,
mimic_race_matched,MIMIC race (matched cohort),phase1,phase1__mimic_cxr__densenet121__seed31337__pr0.0,densenet121,31337,0.0,pleural_effusion,BLACK_OR_AA,sens0.80,0.7996953541507997,0.8386937971775517,0.1778808534145355,WHITE,1295,6993,0.2393822393822393,0.2393822393822393,0.0,0.0,0.8794429665086037,0.8794429665086037,1373,7018,0.1944646758922068,0.1944646758922068,0.0,0.0,0.8854892888730335,0.8854892888730335,0.8825121623266653,0.8825121623266653,0.0,0.7837331334332833,0.7837331334332833,0.8219166005465927,0.8219166005465927,0.0060463223644298,0.0449175634900325,0.0060463223644298,0.0449175634900325,False,False,True,0.0,False,False,False,False,False,True,0.010541259893186737,0.0767882659949077,False,False,False,False
mimic_race_matched,MIMIC race (matched cohort),phase2,phase2__mimic_cxr__densenet121__seed31337__pr0.005,densenet121,31337,0.005,pleural_effusion,BLACK_OR_AA,sens0.80,0.7996953541507997,0.8386937971775517,0.1778808534145355,WHITE,1295,6993,0.2393822393822393,0.1822393822393822,-0.0571428571428571,-0.0751269035532994,0.8794429665086037,0.8804833640740977,1373,7018,0.1944646758922068,0.177713037144938,-0.0167516387472687,-0.0207956600361663,0.8854892888730335,0.8842437054751351,0.8825121623266653,0.8823624421589786,-0.0001497201676866,0.7837331334332833,0.8200899550224887,0.8219166005465927,0.791942166975227,0.0037603414010374,0.0045263450944441,0.0060463223644298,0.0449175634900325,False,False,True,-0.0543312435171331,False,False,False,False,False,False,0.010541259893186737,0.0767882659949077,False,False,,
mimic_race_matched,MIMIC race (matched cohort),phase2,phase2__mimic_cxr__densenet121__seed31337__pr0.01,densenet121,31337,0.01,pleural_effusion,BLACK_OR_AA,sens0.80,0.7996953541507997,0.8386937971775517,0.1778808534145355,WHITE,1295,6993,0.2393822393822393,0.2216216216216216,-0.0177606177606177,-0.0233502538071065,0.8794429665086037,0.8789853785992783,1373,7018,0.1944646758922068,0.1908230152949745,-0.0036416605972323,-0.0045207956600361,0.8854892888730335,0.8850576440359018,0.8825121623266653,0.8819999713182287,-0.0005121910084365,0.7837331334332833,0.7942278860569715,0.8219166005465927,0.8107202680067002,0.0060722654366235,0.0307986063266471,0.0060463223644298,0.0449175634900325,False,False,True,-0.0188294581470704,False,False,False,False,False,False,0.010541259893186737,0.0767882659949077,False,False,,
mimic_race_matched,MIMIC race (matched cohort),phase2,phase2__mimic_cxr__densenet121__seed31337__pr0.02,densenet121,31337,0.02,pleural_effusion,BLACK_OR_AA,sens0.80,0.7996953541507997,0.8386937971775517,0.1778808534145355,WHITE,1295,6993,0.2393822393822393,0.2293436293436293,-0.01003861003861,-0.0131979695431472,0.8794429665086037,0.8789962203089616,1373,7018,0.1944646758922068,0.2068463219227967,0.0123816460305899,0.0153707052441229,0.8854892888730335,0.8869240192837057,0.8825121623266653,0.8830741168690979,0.0005619545424325,0.7837331334332833,0.7822338830584707,0.8219166005465927,0.8249140439037291,0.007927798974744,0.0224973074208325,0.0060463223644298,0.0449175634900325,False,False,True,-0.0285686747872701,False,False,False,False,False,False,0.010541259893186737,0.0767882659949077,False,False,,
mimic_race_matched,MIMIC race (matched cohort),phase2,phase2__mimic_cxr__densenet121__seed31337__pr0.05,densenet121,31337,0.05,pleural_effusion,BLACK_OR_AA,sens0.80,0.7996953541507997,0.8386937971775517,0.1778808534145355,WHITE,1295,6993,0.2393822393822393,0.1976833976833976,-0.0416988416988416,-0.0548223350253807,0.8794429665086037,0.8809653458302107,1373,7018,0.1944646758922068,0.1660597232337946,-0.0284049526584122,-0.035262206148282,0.8854892888730335,0.885733270456359,0.8825121623266653,0.8832487188037824,0.0007365564771171,0.7837331334332833,0.8185907046476761,0.8219166005465927,0.7922948073701842,0.0047679246261482,0.031623674449603,0.0060463223644298,0.0449175634900325,False,False,True,-0.0195601288770986,False,False,False,False,False,False,0.010541259893186737,0.0767882659949077,False,False,,
mimic_race_matched,MIMIC race (matched cohort),phase2,phase2__mimic_cxr__densenet121__seed31337__pr0.10,densenet121,31337,0.1,pleural_effusion,BLACK_OR_AA,sens0.80,0.7996953541507997,0.8386937971775517,0.1778808534145355,WHITE,1295,6993,0.2393822393822393,0.2501930501930502,0.0108108108108108,0.0142131979695431,0.8794429665086037,0.8764196880026995,1373,7018,0.1944646758922068,0.2053896576839038,0.010924981791697,0.0135623869801084,0.8854892888730335,0.8850437096038557,0.8825121623266653,0.880730869027269,-0.0017812932993962,0.7837331334332833,0.7728635682158921,0.8219166005465927,0.8245614035087719,0.0086240216011561,0.0448033925091463,0.0060463223644298,0.0449175634900325,False,False,True,0.0006508109894346,False,False,False,False,False,False,0.010541259893186737,0.0767882659949077,False,False,,
mimic_race_matched,MIMIC race (matched cohort),phase1,phase1__mimic_cxr__densenet121__seed7__pr0.0,densenet121,7,0.0,pleural_effusion,BLACK_OR_AA,spec0.90,0.7105864432597105,0.8999015425008204,0.335375964641571,WHITE,1295,6993,0.3799227799227799,0.3799227799227799,0.0,0.0,0.8814536293300772,0.8814536293300772,1373,7018,0.2986161689730517,0.2986161689730517,0.0,0.0,0.8884549359822518,0.8884549359822518,0.8846622708217433,0.8846622708217433,0.0,0.6619190404797601,0.6619190404797601,0.8883011548972934,0.8883011548972934,0.0070013066521745,0.0813066109497281,0.0070013066521745,0.0813066109497281,False,False,True,0.0,False,False,False,False,False,True,0.010541259893186737,0.10140829194879791,False,False,False,False
mimic_race_matched,MIMIC race (matched cohort),phase2,phase2__mimic_cxr__densenet121__seed7__pr0.005,densenet121,7,0.005,pleural_effusion,BLACK_OR_AA,spec0.90,0.7105864432597105,0.8999015425008204,0.335375964641571,WHITE,1295,6993,0.3799227799227799,0.3606177606177606,-0.0193050193050192,-0.0311332503113324,0.8814536293300772,0.8786168959914133,1373,7018,0.2986161689730517,0.3211944646758922,0.0225782957028404,0.0321910695742471,0.8884549359822518,0.8827530438025,0.8846622708217433,0.8807260116305244,-0.0039362591912188,0.6619190404797601,0.6596701649175413,0.8883011548972934,0.8880366746010756,0.0041361478110866,0.0394232959418684,0.0070013066521745,0.0813066109497281,False,False,True,-0.0633243198855795,False,False,False,False,False,False,0.010541259893186737,0.10140829194879791,False,False,,
mimic_race_matched,MIMIC race (matched cohort),phase2,phase2__mimic_cxr__densenet121__seed7__pr0.01,densenet121,7,0.01,pleural_effusion,BLACK_OR_AA,spec0.90,0.7105864432597105,0.8999015425008204,0.335375964641571,WHITE,1295,6993,0.3799227799227799,0.4092664092664093,0.0293436293436293,0.0473225404732254,0.8814536293300772,0.8833398157722483,1373,7018,0.2986161689730517,0.3663510560815732,0.0677348871085214,0.0965732087227414,0.8884549359822518,0.8851766027983694,0.8846622708217433,0.884283393875662,-0.0003788769460812,0.6619190404797601,0.6128185907046477,0.8883011548972934,0.9126333421493432,0.0018367870261211,0.042915353184836,0.0070013066521745,0.0813066109497281,False,False,True,-0.0492506682495159,False,False,False,False,False,False,0.010541259893186737,0.10140829194879791,False,False,,
mimic_race_matched,MIMIC race (matched cohort),phase2,phase2__mimic_cxr__densenet121__seed7__pr0.02,densenet121,7,0.02,pleural_effusion,BLACK_OR_AA,spec0.90,0.7105864432597105,0.8999015425008204,0.335375964641571,WHITE,1295,6993,0.3799227799227799,0.3845559845559845,0.0046332046332046,0.0074719800747198,0.8814536293300772,0.8810561451488091,1373,7018,0.2986161689730517,0.3270211216314639,0.0284049526584122,0.0404984423676012,0.8884549359822518,0.8868600241143088,0.8846622708217433,0.8840123709634207,-0.0006498998583226,0.6619190404797601,0.6450524737631185,0.8883011548972934,0.8950894825002204,0.0058038789654996,0.0575348629245205,0.0070013066521745,0.0813066109497281,False,False,True,-0.0330264622928814,False,False,False,False,False,False,0.010541259893186737,0.10140829194879791,False,False,,
mimic_race_matched,MIMIC race (matched cohort),phase2,phase2__mimic_cxr__densenet121__seed7__pr0.05,densenet121,7,0.05,pleural_effusion,BLACK_OR_AA,spec0.90,0.7105864432597105,0.8999015425008204,0.335375964641571,WHITE,1295,6993,0.3799227799227799,0.3845559845559845,0.0046332046332046,0.0074719800747198,0.8814536293300772,0.8800698206103612,1373,7018,0.2986161689730517,0.3284777858703568,0.0298616168973051,0.0425752855659397,0.8884549359822518,0.8867283566337252,0.8846622708217433,0.8834855086342044,-0.0011767621875389,0.6619190404797601,0.6443028485757122,0.8883011548972934,0.8947368421052632,0.0066585360233639,0.0560781986856276,0.0070013066521745,0.0813066109497281,False,False,True,-0.0351033054912199,False,False,False,False,False,False,0.010541259893186737,0.10140829194879791,False,False,,
mimic_race_matched,MIMIC race (matched cohort),phase2,phase2__mimic_cxr__densenet121__seed7__pr0.10,densenet121,7,0.1,pleural_effusion,BLACK_OR_AA,spec0.90,0.7105864432597105,0.8999015425008204,0.335375964641571,WHITE,1295,6993,0.3799227799227799,0.4177606177606177,0.0378378378378378,0.0610211706102117,0.8814536293300772,0.8801465934670567,1373,7018,0.2986161689730517,0.2971595047341587,-0.0014566642388929,-0.0020768431983385,0.8884549359822518,0.8871441962122859,0.8846622708217433,0.8830132011486984,-0.0016490696730449,0.6619190404797601,0.6443028485757122,0.8883011548972934,0.8959710834876135,0.0069976027452292,0.1206011130264589,0.0070013066521745,0.0813066109497281,False,True,True,0.0630980138085502,False,False,False,False,False,False,0.010541259893186737,0.10140829194879791,False,True,,
mimic_race_matched,MIMIC race (matched cohort),revision/EXP-6/runs,rev6__mimic_matched__densenet121__seed7__pr0.5,densenet121,7,0.5,pleural_effusion,BLACK_OR_AA,spec0.90,0.7105864432597105,0.8999015425008204,0.335375964641571,WHITE,1295,6993,0.3799227799227799,0.5806949806949807,0.2007722007722008,0.3237858032378581,0.8814536293300772,0.8721390422162623,1373,7018,0.2986161689730517,0.3503277494537509,0.0517115804806991,0.0737279335410176,0.8884549359822518,0.8836698778221257,0.8846622708217433,0.8757718965166981,-0.0088903743050452,0.6619190404797601,0.537856071964018,0.8883011548972934,0.923653354491757,0.0115308356058634,0.2303672312412298,0.0070013066521745,0.0813066109497281,True,True,True,0.2500578696968404,True,True,True,True,True,False,0.010541259893186737,0.10140829194879791,True,True,,
mimic_race_matched,MIMIC race (matched cohort),revision/EXP-6/runs,rev6__mimic_matched__densenet121__seed7__pr0.75,densenet121,7,0.75,pleural_effusion,BLACK_OR_AA,spec0.90,0.7105864432597105,0.8999015425008204,0.335375964641571,WHITE,1295,6993,0.3799227799227799,0.6957528957528958,0.3158301158301159,0.5093399750933998,0.8814536293300772,0.8616193990711365,1373,7018,0.2986161689730517,0.370721048798252,0.0721048798252003,0.102803738317757,0.8884549359822518,0.8756515798484887,0.8846622708217433,0.8623504467020655,-0.0223118241196778,0.6619190404797601,0.4715142428785607,0.8883011548972934,0.9285021599224192,0.0140321807773522,0.3250318469546437,0.0070013066521745,0.0813066109497281,True,True,True,0.4065362367756427,True,True,True,True,True,False,0.010541259893186737,0.10140829194879791,True,True,,
mimic_race_matched,MIMIC race (matched cohort),revision/EXP-6/runs,rev6__mimic_matched__densenet121__seed7__pr1.0,densenet121,7,1.0,pleural_effusion,BLACK_OR_AA,spec0.90,0.7105864432597105,0.8999015425008204,0.335375964641571,WHITE,1295,6993,0.3799227799227799,0.505019305019305,0.1250965250965251,0.2017434620174346,0.8814536293300772,0.8383374373721865,1373,7018,0.2986161689730517,0.2272396212672978,-0.0713765477057538,-0.1017653167185877,0.8884549359822518,0.8656656884609356,0.8846622708217433,0.8423254816654091,-0.0423367891563342,0.6619190404797601,0.6379310344827587,0.8883011548972934,0.851273913426783,0.0273282510887491,0.2777796837520071,0.0070013066521745,0.0813066109497281,True,True,False,0.3035087787360224,False,False,False,False,False,False,0.010541259893186737,0.10140829194879791,True,True,,
mimic_race_matched,MIMIC race (matched cohort),phase1,phase1__mimic_cxr__densenet121__seed42__pr0.0,densenet121,42,0.0,pleural_effusion,BLACK_OR_AA,spec0.90,0.6938309215536939,0.8999015425008204,0.423510730266571,WHITE,1295,6993,0.3768339768339768,0.3768339768339768,0.0,0.0,0.8801586548690796,0.8801586548690796,1373,7018,0.3073561544064093,0.3073561544064093,0.0,0.0,0.8901308739920922,0.8901308739920922,0.885235030593669,0.885235030593669,0.0,0.658920539730135,0.658920539730135,0.8900643568720797,0.8900643568720797,0.0099722191230126,0.0694778224275675,0.0099722191230126,0.0694778224275675,False,False,True,0.0,False,False,False,False,False,True,0.010541259893186737,0.10140829194879791,False,False,True,False
mimic_race_matched,MIMIC race (matched cohort),phase2,phase2__mimic_cxr__densenet121__seed42__pr0.005,densenet121,42,0.005,pleural_effusion,BLACK_OR_AA,spec0.90,0.6938309215536939,0.8999015425008204,0.423510730266571,WHITE,1295,6993,0.3768339768339768,0.4138996138996139,0.037065637065637,0.0594795539033456,0.8801586548690796,0.8837331665516993,1373,7018,0.3073561544064093,0.3561544064093226,0.0487982520029133,0.0704521556256572,0.8901308739920922,0.8897082607312867,0.885235030593669,0.8867853497213308,0.0015503191276617,0.658920539730135,0.6158170914542729,0.8900643568720797,0.90919509829851,0.0059750941795874,0.0577452074902912,0.0099722191230126,0.0694778224275675,False,False,True,-0.0109726017223115,False,False,False,False,False,False,0.010541259893186737,0.10140829194879791,False,False,,
mimic_race_matched,MIMIC race (matched cohort),phase2,phase2__mimic_cxr__densenet121__seed42__pr0.01,densenet121,42,0.01,pleural_effusion,BLACK_OR_AA,spec0.90,0.6938309215536939,0.8999015425008204,0.423510730266571,WHITE,1295,6993,0.3768339768339768,0.4115830115830116,0.0347490347490347,0.0557620817843865,0.8801586548690796,0.879120290124151,1373,7018,0.3073561544064093,0.3576110706482155,0.0502549162418062,0.0725552050473185,0.8901308739920922,0.8884011335918515,0.885235030593669,0.8838024289891553,-0.0014326016045137,0.658920539730135,0.616191904047976,0.8900643568720797,0.907167416027506,0.0092808434677004,0.053971940934796,0.0099722191230126,0.0694778224275675,False,False,True,-0.0167931232629319,False,False,False,False,False,False,0.010541259893186737,0.10140829194879791,False,False,,
mimic_race_matched,MIMIC race (matched cohort),phase2,phase2__mimic_cxr__densenet121__seed42__pr0.02,densenet121,42,0.02,pleural_effusion,BLACK_OR_AA,spec0.90,0.6938309215536939,0.8999015425008204,0.423510730266571,WHITE,1295,6993,0.3768339768339768,0.4494208494208494,0.0725868725868725,0.1164807930607186,0.8801586548690796,0.8780330021642764,1373,7018,0.3073561544064093,0.3634377276037873,0.056081573197378,0.0809674027339642,0.8901308739920922,0.8895870440747377,0.885235030593669,0.8838244194485672,-0.0014106111451018,0.658920539730135,0.5948275862068966,0.8900643568720797,0.9140439037291722,0.0115540419104612,0.085983121817062,0.0099722191230126,0.0694778224275675,False,False,True,0.0355133903267544,False,False,False,False,False,False,0.010541259893186737,0.10140829194879791,True,False,,
mimic_race_matched,MIMIC race (matched cohort),phase2,phase2__mimic_cxr__densenet121__seed42__pr0.05,densenet121,42,0.05,pleural_effusion,BLACK_OR_AA,spec0.90,0.6938309215536939,0.8999015425008204,0.423510730266571,WHITE,1295,6993,0.3768339768339768,0.4084942084942085,0.0316602316602316,0.050805452292441,0.8801586548690796,0.8812404542134272,1373,7018,0.3073561544064093,0.3423160961398397,0.0349599417334304,0.0504731861198737,0.8901308739920922,0.8877875024917473,0.885235030593669,0.8845030671651744,-0.0007319634284946,0.658920539730135,0.6255622188905547,0.8900643568720797,0.9024067706955832,0.00654704827832,0.0661781123543687,0.0099722191230126,0.0694778224275675,False,False,True,0.0003322661725672,False,False,False,False,False,False,0.010541259893186737,0.10140829194879791,False,False,,
mimic_race_matched,MIMIC race (matched cohort),phase2,phase2__mimic_cxr__densenet121__seed42__pr0.10,densenet121,42,0.1,pleural_effusion,BLACK_OR_AA,spec0.90,0.6938309215536939,0.8999015425008204,0.423510730266571,WHITE,1295,6993,0.3768339768339768,0.3922779922779922,0.0154440154440154,0.0247831474597273,0.8801586548690796,0.8803675610625418,1373,7018,0.3073561544064093,0.3299344501092498,0.0225782957028404,0.0325972660357518,0.8901308739920922,0.8889976046969358,0.885235030593669,0.8846420812339135,-0.0005929493597555,0.658920539730135,0.6398050974512743,0.8900643568720797,0.9016133298069294,0.008630043634394,0.0623435421687424,0.0099722191230126,0.0694778224275675,False,False,True,-0.0078141185760244,False,False,False,False,False,False,0.010541259893186737,0.10140829194879791,False,False,,
mimic_race_matched,MIMIC race (matched cohort),revision/EXP-6/runs,rev6__mimic_matched__densenet121__seed42__pr0.5,densenet121,42,0.5,pleural_effusion,BLACK_OR_AA,spec0.90,0.6938309215536939,0.8999015425008204,0.423510730266571,WHITE,1295,6993,0.3768339768339768,0.5683397683397683,0.1915057915057914,0.3073110285006195,0.8801586548690796,0.8774505990722206,1373,7018,0.3073561544064093,0.3423160961398397,0.0349599417334304,0.0504731861198737,0.8901308739920922,0.8859324167143513,0.885235030593669,0.879674500887615,-0.005560529706054,0.658920539730135,0.547976011994003,0.8900643568720797,0.9218901525169708,0.0084818176421307,0.2260236721999285,0.0099722191230126,0.0694778224275675,True,True,True,0.2568378423807457,True,True,True,True,True,False,0.010541259893186737,0.10140829194879791,False,True,,
mimic_race_matched,MIMIC race (matched cohort),revision/EXP-6/runs,rev6__mimic_matched__densenet121__seed42__pr0.75,densenet121,42,0.75,pleural_effusion,BLACK_OR_AA,spec0.90,0.6938309215536939,0.8999015425008204,0.423510730266571,WHITE,1295,6993,0.3768339768339768,0.6671814671814672,0.2903474903474903,0.4659231722428748,0.8801586548690796,0.8635470550528466,1373,7018,0.3073561544064093,0.3248361252731245,0.0174799708667152,0.0252365930599368,0.8901308739920922,0.8828037496524456,0.885235030593669,0.8654709606318238,-0.0197640699618452,0.658920539730135,0.5089955022488756,0.8900643568720797,0.9217138323194922,0.019256694599599,0.3423453419083426,0.0099722191230126,0.0694778224275675,True,True,True,0.4406865791829379,True,True,True,True,True,False,0.010541259893186737,0.10140829194879791,True,True,,
mimic_race_matched,MIMIC race (matched cohort),revision/EXP-6/runs,rev6__mimic_matched__densenet121__seed42__pr1.0,densenet121,42,1.0,pleural_effusion,BLACK_OR_AA,spec0.90,0.6938309215536939,0.8999015425008204,0.423510730266571,WHITE,1295,6993,0.3768339768339768,0.7644787644787645,0.3876447876447876,0.6220570012391573,0.8801586548690796,0.8224338011982799,1373,7018,0.3073561544064093,0.3561544064093226,0.0487982520029133,0.0704521556256572,0.8901308739920922,0.8780998466567363,0.885235030593669,0.8362683740118831,-0.0489666565817858,0.658920539730135,0.4456521739130434,0.8900643568720797,0.9318522436745128,0.0556660454584564,0.4083243580694418,0.0099722191230126,0.0694778224275675,True,True,False,0.5516048456135001,False,False,False,False,False,False,0.010541259893186737,0.10140829194879791,True,True,,
mimic_race_matched,MIMIC race (matched cohort),phase1,phase1__mimic_cxr__densenet121__seed123__pr0.0,densenet121,123,0.0,pleural_effusion,BLACK_OR_AA,spec0.90,0.7052551408987052,0.8997374466688546,0.312255859375,WHITE,1295,6993,0.3776061776061776,0.3776061776061776,0.0,0.0,0.8771213499012727,0.8771213499012727,1373,7018,0.2957028404952658,0.2957028404952658,0.0,0.0,0.8854720643667543,0.8854720643667543,0.8812204417495034,0.8812204417495034,0.0,0.6645427286356822,0.6645427286356822,0.8877721943048577,0.8877721943048577,0.0083507144654816,0.0819033371109117,0.0083507144654816,0.0819033371109117,False,False,True,0.0,False,False,False,False,False,True,0.010541259893186737,0.10140829194879791,False,False,False,False
mimic_race_matched,MIMIC race (matched cohort),phase2,phase2__mimic_cxr__densenet121__seed123__pr0.005,densenet121,123,0.005,pleural_effusion,BLACK_OR_AA,spec0.90,0.7052551408987052,0.8997374466688546,0.312255859375,WHITE,1295,6993,0.3776061776061776,0.4123552123552123,0.0347490347490347,0.0558312655086848,0.8771213499012727,0.8779955305051831,1373,7018,0.2957028404952658,0.3415877640203933,0.0458849235251274,0.0651499482936918,0.8854720643667543,0.8856366325896691,0.8812204417495034,0.8818960659844636,0.0006756242349601,0.6645427286356822,0.6240629685157422,0.8877721943048577,0.9019659702018866,0.0076411020844859,0.070767448334819,0.0083507144654816,0.0819033371109117,False,False,True,-0.0093186827850069,False,False,False,False,False,False,0.010541259893186737,0.10140829194879791,False,False,,
mimic_race_matched,MIMIC race (matched cohort),phase2,phase2__mimic_cxr__densenet121__seed123__pr0.01,densenet121,123,0.01,pleural_effusion,BLACK_OR_AA,spec0.90,0.7052551408987052,0.8997374466688546,0.312255859375,WHITE,1295,6993,0.3776061776061776,0.3444015444015444,-0.0332046332046331,-0.053349875930521,0.8771213499012727,0.8818831643155968,1373,7018,0.2957028404952658,0.2651128914785142,-0.0305899490167516,-0.0434332988624612,0.8854720643667543,0.8840319150102863,0.8812204417495034,0.8827206503862589,0.0015002086367554,0.6645427286356822,0.6964017991004497,0.8877721943048577,0.8705809750506921,0.0021487506946895,0.0792886529230302,0.0083507144654816,0.0819033371109117,False,False,True,-0.0099165770680598,False,False,False,False,False,False,0.010541259893186737,0.10140829194879791,False,False,,
mimic_race_matched,MIMIC race (matched cohort),phase2,phase2__mimic_cxr__densenet121__seed123__pr0.02,densenet121,123,0.02,pleural_effusion,BLACK_OR_AA,spec0.90,0.7052551408987052,0.8997374466688546,0.312255859375,WHITE,1295,6993,0.3776061776061776,0.3444015444015444,-0.0332046332046331,-0.053349875930521,0.8771213499012727,0.8807118531056755,1373,7018,0.2957028404952658,0.2723962126729788,-0.0233066278222869,-0.0330920372285419,0.8854720643667543,0.8849057845311031,0.8812204417495034,0.8826251546271298,0.0014047128776263,0.6645427286356822,0.6926536731634183,0.8877721943048577,0.8740192189015251,0.0041939314254276,0.0720053317285655,0.0083507144654816,0.0819033371109117,False,False,True,-0.0202578387019791,False,False,False,False,False,False,0.010541259893186737,0.10140829194879791,False,False,,
mimic_race_matched,MIMIC race (matched cohort),phase2,phase2__mimic_cxr__densenet121__seed123__pr0.05,densenet121,123,0.05,pleural_effusion,BLACK_OR_AA,spec0.90,0.7052551408987052,0.8997374466688546,0.312255859375,WHITE,1295,6993,0.3776061776061776,0.3791505791505791,0.0015444015444015,0.0024813895781637,0.8771213499012727,0.8787080341134396,1373,7018,0.2957028404952658,0.3008011653313911,0.0050983248361252,0.0072388831437435,0.8854720643667543,0.8865107601555238,0.8812204417495034,0.8824813327269188,0.0012608909774153,0.6645427286356822,0.6611694152923538,0.8877721943048577,0.8908577977607335,0.0078027260420842,0.078349413819188,0.0083507144654816,0.0819033371109117,False,False,True,-0.0047574935655797,False,False,False,False,False,False,0.010541259893186737,0.10140829194879791,False,False,,
mimic_race_matched,MIMIC race (matched cohort),phase2,phase2__mimic_cxr__densenet121__seed123__pr0.10,densenet121,123,0.1,pleural_effusion,BLACK_OR_AA,spec0.90,0.7052551408987052,0.8997374466688546,0.312255859375,WHITE,1295,6993,0.3776061776061776,0.3837837837837838,0.0061776061776062,0.0099255583126551,0.8771213499012727,0.8794074599093903,1373,7018,0.2957028404952658,0.3000728332119446,0.0043699927166788,0.0062047569803516,0.8854720643667543,0.8842356415677011,0.8812204417495034,0.8813781914914005,0.000157749741897,0.6645427286356822,0.6592953523238381,0.8877721943048577,0.88874195539099,0.0048281816583107,0.0837109505718391,0.0083507144654816,0.0819033371109117,False,False,True,0.0037208013323035,False,False,False,False,False,False,0.010541259893186737,0.10140829194879791,False,False,,
mimic_race_matched,MIMIC race (matched cohort),revision/EXP-6/runs,rev6__mimic_matched__densenet121__seed123__pr0.5,densenet121,123,0.5,pleural_effusion,BLACK_OR_AA,spec0.90,0.7052551408987052,0.8997374466688546,0.312255859375,WHITE,1295,6993,0.3776061776061776,0.4115830115830116,0.0339768339768339,0.054590570719603,0.8771213499012727,0.8778686147412016,1373,7018,0.2957028404952658,0.2316096139839767,-0.0640932265112891,-0.0910031023784901,0.8854720643667543,0.8843655027330195,0.8812204417495034,0.8783604594158884,-0.002859982333615,0.6645427286356822,0.6810344827586207,0.8877721943048577,0.8737547386053073,0.0064968879918179,0.1799733975990348,0.0083507144654816,0.0819033371109117,False,True,True,0.1455936730980931,False,False,False,False,False,False,0.010541259893186737,0.10140829194879791,False,True,,
mimic_race_matched,MIMIC race (matched cohort),revision/EXP-6/runs,rev6__mimic_matched__densenet121__seed123__pr0.75,densenet121,123,0.75,pleural_effusion,BLACK_OR_AA,spec0.90,0.7052551408987052,0.8997374466688546,0.312255859375,WHITE,1295,6993,0.3776061776061776,0.644015444015444,0.2664092664092664,0.4280397022332506,0.8771213499012727,0.8625748924976725,1373,7018,0.2957028404952658,0.325564457392571,0.0298616168973051,0.0423991726990692,0.8854720643667543,0.8746362371356485,0.8812204417495034,0.8628308168052974,-0.018389624944206,0.6645427286356822,0.5198650674662668,0.8877721943048577,0.9184519086661376,0.012061344637976,0.3184509866228729,0.0083507144654816,0.0819033371109117,True,True,True,0.3856405295341814,True,True,True,True,True,False,0.010541259893186737,0.10140829194879791,True,True,,
mimic_race_matched,MIMIC race (matched cohort),revision/EXP-6/runs,rev6__mimic_matched__densenet121__seed123__pr1.0,densenet121,123,1.0,pleural_effusion,BLACK_OR_AA,spec0.90,0.7052551408987052,0.8997374466688546,0.312255859375,WHITE,1295,6993,0.3776061776061776,0.7196911196911197,0.342084942084942,0.5496277915632755,0.8771213499012727,0.8175281986092797,1373,7018,0.2957028404952658,0.3248361252731245,0.0291332847778587,0.0413650465356773,0.8854720643667543,0.8750446579193699,0.8812204417495034,0.8329401320233827,-0.0482803097261207,0.6645427286356822,0.4835082458770615,0.8877721943048577,0.9172176672837874,0.0575164593100901,0.3948549944179951,0.0083507144654816,0.0819033371109117,True,True,False,0.508262745027598,False,False,False,False,False,False,0.010541259893186737,0.10140829194879791,True,True,,
mimic_race_matched,MIMIC race (matched cohort),phase1,phase1__mimic_cxr__densenet121__seed2024__pr0.0,densenet121,2024,0.0,pleural_effusion,BLACK_OR_AA,spec0.90,0.6945925361766946,0.8999015425008204,0.3268554806709289,WHITE,1295,6993,0.3637065637065637,0.3637065637065637,0.0,0.0,0.8829597460871592,0.8829597460871592,1373,7018,0.2847778587035688,0.2847778587035688,0.0,0.0,0.8917032714304791,0.8917032714304791,0.8872749885305959,0.8872749885305959,0.0,0.676911544227886,0.676911544227886,0.8873313938111611,0.8873313938111611,0.0087435253433199,0.0789287050029948,0.0087435253433199,0.0789287050029948,False,False,True,0.0,False,False,False,False,False,True,0.010541259893186737,0.10140829194879791,False,False,False,False
mimic_race_matched,MIMIC race (matched cohort),phase2,phase2__mimic_cxr__densenet121__seed2024__pr0.005,densenet121,2024,0.005,pleural_effusion,BLACK_OR_AA,spec0.90,0.6945925361766946,0.8999015425008204,0.3268554806709289,WHITE,1295,6993,0.3637065637065637,0.3961389961389961,0.0324324324324324,0.0509708737864077,0.8829597460871592,0.8807077874645443,1373,7018,0.2847778587035688,0.3445010924981792,0.0597232337946103,0.0835030549898167,0.8917032714304791,0.8926119770314112,0.8872749885305959,0.8866996183209639,-0.000575370209632,0.676911544227886,0.6304347826086957,0.8873313938111611,0.906902935731288,0.0119041895668668,0.0516379036408169,0.0087435253433199,0.0789287050029948,False,False,True,-0.0325321812034089,False,False,False,False,False,False,0.010541259893186737,0.10140829194879791,True,False,,
mimic_race_matched,MIMIC race (matched cohort),phase2,phase2__mimic_cxr__densenet121__seed2024__pr0.01,densenet121,2024,0.01,pleural_effusion,BLACK_OR_AA,spec0.90,0.6945925361766946,0.8999015425008204,0.3268554806709289,WHITE,1295,6993,0.3637065637065637,0.3745173745173745,0.0108108108108108,0.0169902912621359,0.8829597460871592,0.884012340576047,1373,7018,0.2847778587035688,0.2949745083758194,0.0101966496722505,0.0142566191446029,0.8917032714304791,0.8939559401000052,0.8872749885305959,0.8887573206255904,0.0014823320949944,0.676911544227886,0.6664167916041979,0.8873313938111611,0.8933262805254342,0.0099435995239581,0.079542866141555,0.0087435253433199,0.0789287050029948,False,False,True,0.002733672117533,False,False,False,False,False,False,0.010541259893186737,0.10140829194879791,False,False,,
mimic_race_matched,MIMIC race (matched cohort),phase2,phase2__mimic_cxr__densenet121__seed2024__pr0.02,densenet121,2024,0.02,pleural_effusion,BLACK_OR_AA,spec0.90,0.6945925361766946,0.8999015425008204,0.3268554806709289,WHITE,1295,6993,0.3637065637065637,0.2965250965250965,-0.0671814671814671,-0.1055825242718446,0.8829597460871592,0.886359706243876,1373,7018,0.2847778587035688,0.246176256372906,-0.0386016023306627,-0.0539714867617107,0.8917032714304791,0.8914961902875718,0.8872749885305959,0.8888746085830399,0.0015996200524439,0.676911544227886,0.7293853073463268,0.8873313938111611,0.8656440095212906,0.0051364840436957,0.0503488401521904,0.0087435253433199,0.0789287050029948,False,False,True,-0.0516110375101338,False,False,False,False,False,False,0.010541259893186737,0.10140829194879791,False,False,,
mimic_race_matched,MIMIC race (matched cohort),phase2,phase2__mimic_cxr__densenet121__seed2024__pr0.05,densenet121,2024,0.05,pleural_effusion,BLACK_OR_AA,spec0.90,0.6945925361766946,0.8999015425008204,0.3268554806709289,WHITE,1295,6993,0.3637065637065637,0.332046332046332,-0.0316602316602316,-0.049757281553398,0.8829597460871592,0.8818407461264604,1373,7018,0.2847778587035688,0.2614712308812819,-0.0233066278222869,-0.0325865580448064,0.8917032714304791,0.8917646216382377,0.8872749885305959,0.8867876792891574,-0.0004873092414385,0.676911544227886,0.704272863568216,0.8873313938111611,0.8749889799876576,0.0099238755117773,0.0705751011650501,0.0087435253433199,0.0789287050029948,False,False,True,-0.0171707235085915,False,False,False,False,False,False,0.010541259893186737,0.10140829194879791,False,False,,
mimic_race_matched,MIMIC race (matched cohort),phase2,phase2__mimic_cxr__densenet121__seed2024__pr0.10,densenet121,2024,0.1,pleural_effusion,BLACK_OR_AA,spec0.90,0.6945925361766946,0.8999015425008204,0.3268554806709289,WHITE,1295,6993,0.3637065637065637,0.3343629343629343,-0.0293436293436293,-0.0461165048543689,0.8829597460871592,0.8828213787673247,1373,7018,0.2847778587035688,0.2512745812090313,-0.0335032774945374,-0.0468431771894093,0.8917032714304791,0.8921265943151389,0.8872749885305959,0.8872577563373829,-1.723219321303482e-05,0.676911544227886,0.7083958020989505,0.8873313938111611,0.874812659790179,0.0093052155478141,0.083088353153903,0.0087435253433199,0.0789287050029948,False,False,True,0.0007266723350403,False,False,False,False,False,False,0.010541259893186737,0.10140829194879791,False,False,,
mimic_race_matched,MIMIC race (matched cohort),phase1,phase1__mimic_cxr__densenet121__seed31337__pr0.0,densenet121,31337,0.0,pleural_effusion,BLACK_OR_AA,spec0.90,0.6999238385376999,0.8997374466688546,0.287353515625,WHITE,1295,6993,0.3521235521235521,0.3521235521235521,0.0,0.0,0.8794429665086037,0.8794429665086037,1373,7018,0.3160961398397669,0.3160961398397669,0.0,0.0,0.8854892888730335,0.8854892888730335,0.8825121623266653,0.8825121623266653,0.0,0.6664167916041979,0.6664167916041979,0.88874195539099,0.88874195539099,0.0060463223644298,0.0360274122837852,0.0060463223644298,0.0360274122837852,False,False,True,0.0,False,False,False,False,False,True,0.010541259893186737,0.10140829194879791,False,False,False,False
mimic_race_matched,MIMIC race (matched cohort),phase2,phase2__mimic_cxr__densenet121__seed31337__pr0.005,densenet121,31337,0.005,pleural_effusion,BLACK_OR_AA,spec0.90,0.6999238385376999,0.8997374466688546,0.287353515625,WHITE,1295,6993,0.3521235521235521,0.3111969111969112,-0.0409266409266409,-0.0631704410011919,0.8794429665086037,0.8804833640740977,1373,7018,0.3160961398397669,0.2789512017479971,-0.0371449380917698,-0.0543130990415335,0.8854892888730335,0.8842437054751351,0.8825121623266653,0.8823624421589786,-0.0001497201676866,0.6664167916041979,0.7053973013493253,0.88874195539099,0.8665256105086838,0.0037603414010374,0.032245709448914,0.0060463223644298,0.0360274122837852,False,False,True,-0.0088573419596584,False,False,False,False,False,False,0.010541259893186737,0.10140829194879791,False,False,,
mimic_race_matched,MIMIC race (matched cohort),phase2,phase2__mimic_cxr__densenet121__seed31337__pr0.01,densenet121,31337,0.01,pleural_effusion,BLACK_OR_AA,spec0.90,0.6999238385376999,0.8997374466688546,0.287353515625,WHITE,1295,6993,0.3521235521235521,0.3521235521235521,0.0,0.0,0.8794429665086037,0.8789853785992783,1373,7018,0.3160961398397669,0.2986161689730517,-0.0174799708667152,-0.0255591054313098,0.8854892888730335,0.8850576440359018,0.8825121623266653,0.8819999713182287,-0.0005121910084365,0.6664167916041979,0.6754122938530734,0.88874195539099,0.8789561844309266,0.0060722654366235,0.0535073831505004,0.0060463223644298,0.0360274122837852,False,False,True,0.0255591054313098,False,False,False,False,False,False,0.010541259893186737,0.10140829194879791,False,False,,
mimic_race_matched,MIMIC race (matched cohort),phase2,phase2__mimic_cxr__densenet121__seed31337__pr0.02,densenet121,31337,0.02,pleural_effusion,BLACK_OR_AA,spec0.90,0.6999238385376999,0.8997374466688546,0.287353515625,WHITE,1295,6993,0.3521235521235521,0.3474903474903475,-0.0046332046332046,-0.0071513706793801,0.8794429665086037,0.8789962203089616,1373,7018,0.3160961398397669,0.3117261471230881,-0.0043699927166788,-0.0063897763578274,0.8854892888730335,0.8869240192837057,0.8825121623266653,0.8830741168690979,0.0005619545424325,0.6664167916041979,0.6709145427286357,0.88874195539099,0.8890064356872079,0.007927798974744,0.0357642003672594,0.0060463223644298,0.0360274122837852,False,False,True,-0.0007615943215526,False,False,False,False,False,False,0.010541259893186737,0.10140829194879791,False,False,,
mimic_race_matched,MIMIC race (matched cohort),phase2,phase2__mimic_cxr__densenet121__seed31337__pr0.05,densenet121,31337,0.05,pleural_effusion,BLACK_OR_AA,spec0.90,0.6999238385376999,0.8997374466688546,0.287353515625,WHITE,1295,6993,0.3521235521235521,0.3057915057915057,-0.0463320463320463,-0.0715137067938021,0.8794429665086037,0.8809653458302107,1373,7018,0.3160961398397669,0.2723962126729788,-0.043699927166788,-0.0638977635782747,0.8854892888730335,0.885733270456359,0.8825121623266653,0.8832487188037824,0.0007365564771171,0.6664167916041979,0.7113943028485757,0.88874195539099,0.8647624085338975,0.0047679246261482,0.0333952931185269,0.0060463223644298,0.0360274122837852,False,False,True,-0.0076159432155274,False,False,False,False,False,False,0.010541259893186737,0.10140829194879791,False,False,,
mimic_race_matched,MIMIC race (matched cohort),phase2,phase2__mimic_cxr__densenet121__seed31337__pr0.10,densenet121,31337,0.1,pleural_effusion,BLACK_OR_AA,spec0.90,0.6999238385376999,0.8997374466688546,0.287353515625,WHITE,1295,6993,0.3521235521235521,0.3876447876447876,0.0355212355212355,0.0548271752085816,0.8794429665086037,0.8764196880026995,1373,7018,0.3160961398397669,0.3168244719592134,0.0007283321194465,0.0010649627263046,0.8854892888730335,0.8850437096038557,0.8825121623266653,0.880730869027269,-0.0017812932993962,0.6664167916041979,0.6488005997001499,0.88874195539099,0.890152516970819,0.0086240216011561,0.0708203156855742,0.0060463223644298,0.0360274122837852,False,True,True,0.053762212482277,False,False,False,False,False,False,0.010541259893186737,0.10140829194879791,False,False,,
mimic_race_matched,MIMIC race (matched cohort),phase1,phase1__mimic_cxr__densenet121__seed7__pr0.0,densenet121,7,0.0,pleural_effusion,BLACK_OR_AA,t0.5,0.5270373191165271,0.950443058746308,0.5,WHITE,1295,6993,0.5675675675675675,0.5675675675675675,0.0,0.0,0.8814536293300772,0.8814536293300772,1373,7018,0.4639475600873998,0.4639475600873998,0.0,0.0,0.8884549359822518,0.8884549359822518,0.8846622708217433,0.8846622708217433,0.0,0.4857571214392803,0.4857571214392803,0.9478092215463282,0.9478092215463282,0.0070013066521745,0.1036200074801677,0.0070013066521745,0.1036200074801677,False,False,True,0.0,False,False,False,False,False,True,0.010541259893186737,0.10633472514236192,False,False,False,True
mimic_race_matched,MIMIC race (matched cohort),phase2,phase2__mimic_cxr__densenet121__seed7__pr0.005,densenet121,7,0.005,pleural_effusion,BLACK_OR_AA,t0.5,0.5270373191165271,0.950443058746308,0.5,WHITE,1295,6993,0.5675675675675675,0.5351351351351351,-0.0324324324324324,-0.075,0.8814536293300772,0.8786168959914133,1373,7018,0.4639475600873998,0.4959941733430444,0.0320466132556445,0.0597826086956521,0.8884549359822518,0.8827530438025,0.8846622708217433,0.8807260116305244,-0.0039362591912188,0.4857571214392803,0.485007496251874,0.9478092215463282,0.9444591377942344,0.0041361478110866,0.0391409617920907,0.0070013066521745,0.1036200074801677,False,False,True,-0.1347826086956521,False,False,False,False,False,False,0.010541259893186737,0.10633472514236192,False,False,,
mimic_race_matched,MIMIC race (matched cohort),phase2,phase2__mimic_cxr__densenet121__seed7__pr0.01,densenet121,7,0.01,pleural_effusion,BLACK_OR_AA,t0.5,0.5270373191165271,0.950443058746308,0.5,WHITE,1295,6993,0.5675675675675675,0.6054054054054054,0.0378378378378378,0.0875000000000001,0.8814536293300772,0.8833398157722483,1373,7018,0.4639475600873998,0.5477057538237436,0.0837581937363438,0.15625,0.8884549359822518,0.8851766027983694,0.8846622708217433,0.884283393875662,-0.0003788769460812,0.4857571214392803,0.424287856071964,0.9478092215463282,0.9595345146786564,0.0018367870261211,0.0576996515816617,0.0070013066521745,0.1036200074801677,False,False,True,-0.0687499999999999,False,False,False,False,False,False,0.010541259893186737,0.10633472514236192,False,False,,
mimic_race_matched,MIMIC race (matched cohort),phase2,phase2__mimic_cxr__densenet121__seed7__pr0.02,densenet121,7,0.02,pleural_effusion,BLACK_OR_AA,t0.5,0.5270373191165271,0.950443058746308,0.5,WHITE,1295,6993,0.5675675675675675,0.5776061776061776,0.01003861003861,0.0232142857142857,0.8814536293300772,0.8810561451488091,1373,7018,0.4639475600873998,0.5258557902403496,0.0619082301529497,0.1154891304347825,0.8884549359822518,0.8868600241143088,0.8846622708217433,0.8840123709634207,-0.0006498998583226,0.4857571214392803,0.4490254872563718,0.9478092215463282,0.9524817067795116,0.0058038789654996,0.051750387365828,0.0070013066521745,0.1036200074801677,False,False,True,-0.0922748447204968,False,False,False,False,False,False,0.010541259893186737,0.10633472514236192,False,False,,
mimic_race_matched,MIMIC race (matched cohort),phase2,phase2__mimic_cxr__densenet121__seed7__pr0.05,densenet121,7,0.05,pleural_effusion,BLACK_OR_AA,t0.5,0.5270373191165271,0.950443058746308,0.5,WHITE,1295,6993,0.5675675675675675,0.5768339768339769,0.0092664092664093,0.0214285714285715,0.8814536293300772,0.8800698206103612,1373,7018,0.4639475600873998,0.5178441369264385,0.0538965768390386,0.1005434782608696,0.8884549359822518,0.8867283566337252,0.8846622708217433,0.8834855086342044,-0.0011767621875389,0.4857571214392803,0.4535232383808096,0.9478092215463282,0.9513356254959006,0.0066585360233639,0.0589898399075383,0.0070013066521745,0.1036200074801677,False,False,True,-0.0791149068322981,False,False,False,False,False,False,0.010541259893186737,0.10633472514236192,False,False,,
mimic_race_matched,MIMIC race (matched cohort),phase2,phase2__mimic_cxr__densenet121__seed7__pr0.10,densenet121,7,0.1,pleural_effusion,BLACK_OR_AA,t0.5,0.5270373191165271,0.950443058746308,0.5,WHITE,1295,6993,0.5675675675675675,0.6046332046332046,0.037065637065637,0.0857142857142856,0.8814536293300772,0.8801465934670567,1373,7018,0.4639475600873998,0.4850691915513474,0.0211216314639475,0.0394021739130435,0.8884549359822518,0.8871441962122859,0.8846622708217433,0.8830132011486984,-0.0016490696730449,0.4857571214392803,0.4568965517241379,0.9478092215463282,0.9509829851009434,0.0069976027452292,0.1195640130818571,0.0070013066521745,0.1036200074801677,False,False,True,0.0463121118012421,False,False,False,False,False,False,0.010541259893186737,0.10633472514236192,False,True,,
mimic_race_matched,MIMIC race (matched cohort),revision/EXP-6/runs,rev6__mimic_matched__densenet121__seed7__pr0.5,densenet121,7,0.5,pleural_effusion,BLACK_OR_AA,t0.5,0.5270373191165271,0.950443058746308,0.5,WHITE,1295,6993,0.5675675675675675,0.8123552123552124,0.2447876447876448,0.5660714285714286,0.8814536293300772,0.8721390422162623,1373,7018,0.4639475600873998,0.5739257101238164,0.1099781500364165,0.2051630434782608,0.8884549359822518,0.8836698778221257,0.8846622708217433,0.8757718965166981,-0.0088903743050452,0.4857571214392803,0.3103448275862069,0.9478092215463282,0.9742572511681212,0.0115308356058634,0.2384295022313959,0.0070013066521745,0.1036200074801677,True,True,True,0.3609083850931677,True,True,True,True,True,False,0.010541259893186737,0.10633472514236192,True,True,,
mimic_race_matched,MIMIC race (matched cohort),revision/EXP-6/runs,rev6__mimic_matched__densenet121__seed7__pr0.75,densenet121,7,0.75,pleural_effusion,BLACK_OR_AA,t0.5,0.5270373191165271,0.950443058746308,0.5,WHITE,1295,6993,0.5675675675675675,0.877992277992278,0.3104247104247104,0.7178571428571429,0.8814536293300772,0.8616193990711365,1373,7018,0.4639475600873998,0.5892206846321922,0.1252731245447924,0.233695652173913,0.8884549359822518,0.8756515798484887,0.8846622708217433,0.8623504467020655,-0.0223118241196778,0.4857571214392803,0.2706146926536731,0.9478092215463282,0.9737282905756854,0.0140321807773522,0.2887715933600857,0.0070013066521745,0.1036200074801677,True,True,True,0.4841614906832299,True,True,True,True,True,False,0.010541259893186737,0.10633472514236192,True,True,,
mimic_race_matched,MIMIC race (matched cohort),revision/EXP-6/runs,rev6__mimic_matched__densenet121__seed7__pr1.0,densenet121,7,1.0,pleural_effusion,BLACK_OR_AA,t0.5,0.5270373191165271,0.950443058746308,0.5,WHITE,1295,6993,0.5675675675675675,0.6764478764478764,0.1088803088803088,0.2517857142857142,0.8814536293300772,0.8383374373721865,1373,7018,0.4639475600873998,0.3627093954843408,-0.101238164603059,-0.1888586956521739,0.8884549359822518,0.8656656884609356,0.8846622708217433,0.8423254816654091,-0.0423367891563342,0.4857571214392803,0.485007496251874,0.9478092215463282,0.9161597460989156,0.0273282510887491,0.3137384809635355,0.0070013066521745,0.1036200074801677,True,True,False,0.4406444099378881,False,False,False,False,False,False,0.010541259893186737,0.10633472514236192,True,True,,
mimic_race_matched,MIMIC race (matched cohort),phase1,phase1__mimic_cxr__densenet121__seed42__pr0.0,densenet121,42,0.0,pleural_effusion,BLACK_OR_AA,t0.5,0.6130997715156131,0.9284542172628816,0.5,WHITE,1295,6993,0.4656370656370656,0.4656370656370656,0.0,0.0,0.8801586548690796,0.8801586548690796,1373,7018,0.3845593590677348,0.3845593590677348,0.0,0.0,0.8901308739920922,0.8901308739920922,0.885235030593669,0.885235030593669,0.0,0.5760869565217391,0.5760869565217391,0.920215110640924,0.920215110640924,0.0099722191230126,0.0810777065693307,0.0099722191230126,0.0810777065693307,False,False,True,0.0,False,False,False,False,False,True,0.010541259893186737,0.10633472514236192,False,False,True,False
mimic_race_matched,MIMIC race (matched cohort),phase2,phase2__mimic_cxr__densenet121__seed42__pr0.005,densenet121,42,0.005,pleural_effusion,BLACK_OR_AA,t0.5,0.6130997715156131,0.9284542172628816,0.5,WHITE,1295,6993,0.4656370656370656,0.4888030888030888,0.0231660231660231,0.0433526011560693,0.8801586548690796,0.8837331665516993,1373,7018,0.3845593590677348,0.4246176256372906,0.0400582665695557,0.0650887573964497,0.8901308739920922,0.8897082607312867,0.885235030593669,0.8867853497213308,0.0015503191276617,0.5760869565217391,0.5442278860569715,0.920215110640924,0.9343207264392136,0.0059750941795874,0.0641854631657982,0.0099722191230126,0.0810777065693307,False,False,True,-0.0217361562403803,False,False,False,False,False,False,0.010541259893186737,0.10633472514236192,False,False,,
mimic_race_matched,MIMIC race (matched cohort),phase2,phase2__mimic_cxr__densenet121__seed42__pr0.01,densenet121,42,0.01,pleural_effusion,BLACK_OR_AA,t0.5,0.6130997715156131,0.9284542172628816,0.5,WHITE,1295,6993,0.4656370656370656,0.4980694980694981,0.0324324324324324,0.0606936416184971,0.8801586548690796,0.879120290124151,1373,7018,0.3845593590677348,0.425345957756737,0.0407865986890021,0.0662721893491124,0.8901308739920922,0.8884011335918515,0.885235030593669,0.8838024289891553,-0.0014326016045137,0.5760869565217391,0.5393553223388305,0.920215110640924,0.9319404037732524,0.0092808434677004,0.072723540312761,0.0099722191230126,0.0810777065693307,False,False,True,-0.0055785477306153,False,False,False,False,False,False,0.010541259893186737,0.10633472514236192,False,False,,
mimic_race_matched,MIMIC race (matched cohort),phase2,phase2__mimic_cxr__densenet121__seed42__pr0.02,densenet121,42,0.02,pleural_effusion,BLACK_OR_AA,t0.5,0.6130997715156131,0.9284542172628816,0.5,WHITE,1295,6993,0.4656370656370656,0.5305019305019305,0.0648648648648648,0.1213872832369942,0.8801586548690796,0.8780330021642764,1373,7018,0.3845593590677348,0.4442825928623452,0.0597232337946103,0.0970414201183432,0.8901308739920922,0.8895870440747377,0.885235030593669,0.8838244194485672,-0.0014106111451018,0.5760869565217391,0.5138680659670165,0.920215110640924,0.9357312880190426,0.0115540419104612,0.0862193376395852,0.0099722191230126,0.0810777065693307,False,False,True,0.024345863118651,False,False,False,False,False,False,0.010541259893186737,0.10633472514236192,True,False,,
mimic_race_matched,MIMIC race (matched cohort),phase2,phase2__mimic_cxr__densenet121__seed42__pr0.05,densenet121,42,0.05,pleural_effusion,BLACK_OR_AA,t0.5,0.6130997715156131,0.9284542172628816,0.5,WHITE,1295,6993,0.4656370656370656,0.4895752895752895,0.0239382239382239,0.0447976878612716,0.8801586548690796,0.8812404542134272,1373,7018,0.3845593590677348,0.4129643117261471,0.0284049526584122,0.0461538461538461,0.8901308739920922,0.8877875024917473,0.885235030593669,0.8845030671651744,-0.0007319634284946,0.5760869565217391,0.5498500749625187,0.920215110640924,0.9285903200211584,0.00654704827832,0.0766109778491424,0.0099722191230126,0.0810777065693307,False,False,True,-0.0013561582925745,False,False,False,False,False,False,0.010541259893186737,0.10633472514236192,False,False,,
mimic_race_matched,MIMIC race (matched cohort),phase2,phase2__mimic_cxr__densenet121__seed42__pr0.10,densenet121,42,0.1,pleural_effusion,BLACK_OR_AA,t0.5,0.6130997715156131,0.9284542172628816,0.5,WHITE,1295,6993,0.4656370656370656,0.4965250965250965,0.0308880308880308,0.0578034682080924,0.8801586548690796,0.8803675610625418,1373,7018,0.3845593590677348,0.403495994173343,0.0189366351056081,0.0307692307692307,0.8901308739920922,0.8889976046969358,0.885235030593669,0.8846420812339135,-0.0005929493597555,0.5760869565217391,0.5513493253373314,0.920215110640924,0.9286784801198976,0.008630043634394,0.0930291023517534,0.0099722191230126,0.0810777065693307,False,False,True,0.0270342374388616,False,False,False,False,False,False,0.010541259893186737,0.10633472514236192,False,False,,
mimic_race_matched,MIMIC race (matched cohort),revision/EXP-6/runs,rev6__mimic_matched__densenet121__seed42__pr0.5,densenet121,42,0.5,pleural_effusion,BLACK_OR_AA,t0.5,0.6130997715156131,0.9284542172628816,0.5,WHITE,1295,6993,0.4656370656370656,0.6710424710424711,0.2054054054054054,0.384393063583815,0.8801586548690796,0.8774505990722206,1373,7018,0.3845593590677348,0.4246176256372906,0.0400582665695557,0.0650887573964497,0.8901308739920922,0.8859324167143513,0.885235030593669,0.879674500887615,-0.005560529706054,0.5760869565217391,0.4557721139430284,0.920215110640924,0.944635457991713,0.0084818176421307,0.2464248454051804,0.0099722191230126,0.0810777065693307,True,True,True,0.3193043061873652,True,True,True,True,True,False,0.010541259893186737,0.10633472514236192,False,True,,
mimic_race_matched,MIMIC race (matched cohort),revision/EXP-6/runs,rev6__mimic_matched__densenet121__seed42__pr0.75,densenet121,42,0.75,pleural_effusion,BLACK_OR_AA,t0.5,0.6130997715156131,0.9284542172628816,0.5,WHITE,1295,6993,0.4656370656370656,0.745945945945946,0.2803088803088803,0.5245664739884394,0.8801586548690796,0.8635470550528466,1373,7018,0.3845593590677348,0.3896576839038602,0.0050983248361253,0.0082840236686391,0.8901308739920922,0.8828037496524456,0.885235030593669,0.8654709606318238,-0.0197640699618452,0.5760869565217391,0.4374062968515742,0.920215110640924,0.9413735343383584,0.019256694599599,0.3562882620420858,0.0099722191230126,0.0810777065693307,True,True,True,0.5162824503198002,True,True,True,True,True,False,0.010541259893186737,0.10633472514236192,True,True,,
mimic_race_matched,MIMIC race (matched cohort),revision/EXP-6/runs,rev6__mimic_matched__densenet121__seed42__pr1.0,densenet121,42,1.0,pleural_effusion,BLACK_OR_AA,t0.5,0.6130997715156131,0.9284542172628816,0.5,WHITE,1295,6993,0.4656370656370656,0.8208494208494208,0.3552123552123551,0.6647398843930635,0.8801586548690796,0.8224338011982799,1373,7018,0.3845593590677348,0.4260742898761835,0.0415149308084487,0.0674556213017752,0.8901308739920922,0.8780998466567363,0.885235030593669,0.8362683740118831,-0.0489666565817858,0.5760869565217391,0.3823088455772114,0.920215110640924,0.9484263422375032,0.0556660454584564,0.3947751309732372,0.0099722191230126,0.0810777065693307,True,True,False,0.5972842630912883,False,False,False,False,False,False,0.010541259893186737,0.10633472514236192,True,True,,
mimic_race_matched,MIMIC race (matched cohort),phase1,phase1__mimic_cxr__densenet121__seed123__pr0.0,densenet121,123,0.0,pleural_effusion,BLACK_OR_AA,t0.5,0.5331302361005331,0.9445356087955366,0.5,WHITE,1295,6993,0.5351351351351351,0.5351351351351351,0.0,0.0,0.8771213499012727,0.8771213499012727,1373,7018,0.4552075746540422,0.4552075746540422,0.0,0.0,0.8854720643667543,0.8854720643667543,0.8812204417495034,0.8812204417495034,0.0,0.5059970014992504,0.5059970014992504,0.9376708101913074,0.9376708101913074,0.0083507144654816,0.0799275604810928,0.0083507144654816,0.0799275604810928,False,False,True,0.0,False,False,False,False,False,True,0.010541259893186737,0.10633472514236192,False,False,False,False
mimic_race_matched,MIMIC race (matched cohort),phase2,phase2__mimic_cxr__densenet121__seed123__pr0.005,densenet121,123,0.005,pleural_effusion,BLACK_OR_AA,t0.5,0.5331302361005331,0.9445356087955366,0.5,WHITE,1295,6993,0.5351351351351351,0.5899613899613899,0.0548262548262548,0.1179401993355481,0.8771213499012727,0.8779955305051831,1373,7018,0.4552075746540422,0.5142024763292061,0.0589949016751638,0.1082887700534759,0.8854720643667543,0.8856366325896691,0.8812204417495034,0.8818960659844636,0.0006756242349601,0.5059970014992504,0.4490254872563718,0.9376708101913074,0.9538922683593406,0.0076411020844859,0.0757589136321837,0.0083507144654816,0.0799275604810928,False,False,True,0.0096514292820722,False,False,False,False,False,False,0.010541259893186737,0.10633472514236192,False,False,,
mimic_race_matched,MIMIC race (matched cohort),phase2,phase2__mimic_cxr__densenet121__seed123__pr0.01,densenet121,123,0.01,pleural_effusion,BLACK_OR_AA,t0.5,0.5331302361005331,0.9445356087955366,0.5,WHITE,1295,6993,0.5351351351351351,0.5552123552123552,0.0200772200772201,0.0431893687707642,0.8771213499012727,0.8818831643155968,1373,7018,0.4552075746540422,0.4537509104151493,-0.0014566642388929,-0.0026737967914438,0.8854720643667543,0.8840319150102863,0.8812204417495034,0.8827206503862589,0.0015002086367554,0.5059970014992504,0.4970014992503748,0.9376708101913074,0.9434012166093626,0.0021487506946895,0.1014614447972059,0.0083507144654816,0.0799275604810928,False,False,True,0.0458631655622081,False,False,False,False,False,False,0.010541259893186737,0.10633472514236192,False,False,,
mimic_race_matched,MIMIC race (matched cohort),phase2,phase2__mimic_cxr__densenet121__seed123__pr0.02,densenet121,123,0.02,pleural_effusion,BLACK_OR_AA,t0.5,0.5331302361005331,0.9445356087955366,0.5,WHITE,1295,6993,0.5351351351351351,0.572972972972973,0.0378378378378378,0.0813953488372094,0.8771213499012727,0.8807118531056755,1373,7018,0.4552075746540422,0.4763292061179898,0.0211216314639475,0.0387700534759357,0.8854720643667543,0.8849057845311031,0.8812204417495034,0.8826251546271298,0.0014047128776263,0.5059970014992504,0.4767616191904048,0.9376708101913074,0.948338182138764,0.0041939314254276,0.0966437668549832,0.0083507144654816,0.0799275604810928,False,False,True,0.0426252953612736,False,False,False,False,False,False,0.010541259893186737,0.10633472514236192,False,False,,
mimic_race_matched,MIMIC race (matched cohort),phase2,phase2__mimic_cxr__densenet121__seed123__pr0.05,densenet121,123,0.05,pleural_effusion,BLACK_OR_AA,t0.5,0.5331302361005331,0.9445356087955366,0.5,WHITE,1295,6993,0.5351351351351351,0.5621621621621622,0.027027027027027,0.058139534883721,0.8771213499012727,0.8787080341134396,1373,7018,0.4552075746540422,0.4646758922068463,0.009468317552804,0.0173796791443849,0.8854720643667543,0.8865107601555238,0.8812204417495034,0.8824813327269188,0.0012608909774153,0.5059970014992504,0.4880059970014992,0.9376708101913074,0.9456933791765848,0.0078027260420842,0.0974862699553159,0.0083507144654816,0.0799275604810928,False,False,True,0.0407598557393361,False,False,False,False,False,False,0.010541259893186737,0.10633472514236192,False,False,,
mimic_race_matched,MIMIC race (matched cohort),phase2,phase2__mimic_cxr__densenet121__seed123__pr0.10,densenet121,123,0.1,pleural_effusion,BLACK_OR_AA,t0.5,0.5331302361005331,0.9445356087955366,0.5,WHITE,1295,6993,0.5351351351351351,0.6108108108108108,0.0756756756756756,0.1627906976744186,0.8771213499012727,0.8794074599093903,1373,7018,0.4552075746540422,0.507647487254188,0.0524399126001456,0.0962566844919786,0.8854720643667543,0.8842356415677011,0.8812204417495034,0.8813781914914005,0.000157749741897,0.5059970014992504,0.4422788605697151,0.9376708101913074,0.9544212289517764,0.0048281816583107,0.1031633235566228,0.0083507144654816,0.0799275604810928,False,True,True,0.0665340131824399,False,True,True,False,False,False,0.010541259893186737,0.10633472514236192,False,False,,
mimic_race_matched,MIMIC race (matched cohort),revision/EXP-6/runs,rev6__mimic_matched__densenet121__seed123__pr0.5,densenet121,123,0.5,pleural_effusion,BLACK_OR_AA,t0.5,0.5331302361005331,0.9445356087955366,0.5,WHITE,1295,6993,0.5351351351351351,0.6756756756756757,0.1405405405405405,0.3023255813953488,0.8771213499012727,0.8778686147412016,1373,7018,0.4552075746540422,0.4581209031318281,0.0029133284777858,0.0053475935828876,0.8854720643667543,0.8843655027330195,0.8812204417495034,0.8783604594158884,-0.002859982333615,0.5059970014992504,0.4362818590704648,0.9376708101913074,0.950630344705986,0.0064968879918179,0.2175547725438475,0.0083507144654816,0.0799275604810928,True,True,True,0.2969779878124611,True,True,True,True,True,False,0.010541259893186737,0.10633472514236192,False,True,,
mimic_race_matched,MIMIC race (matched cohort),revision/EXP-6/runs,rev6__mimic_matched__densenet121__seed123__pr0.75,densenet121,123,0.75,pleural_effusion,BLACK_OR_AA,t0.5,0.5331302361005331,0.9445356087955366,0.5,WHITE,1295,6993,0.5351351351351351,0.8409266409266409,0.3057915057915058,0.6578073089700996,0.8771213499012727,0.8625748924976725,1373,7018,0.4552075746540422,0.5528040786598689,0.0975965040058266,0.1791443850267379,0.8854720643667543,0.8746362371356485,0.8812204417495034,0.8628308168052974,-0.018389624944206,0.5059970014992504,0.3073463268365817,0.9376708101913074,0.963942519615622,0.012061344637976,0.288122562266772,0.0083507144654816,0.0799275604810928,True,True,True,0.4786629239433617,True,True,True,True,True,False,0.010541259893186737,0.10633472514236192,True,True,,
mimic_race_matched,MIMIC race (matched cohort),revision/EXP-6/runs,rev6__mimic_matched__densenet121__seed123__pr1.0,densenet121,123,1.0,pleural_effusion,BLACK_OR_AA,t0.5,0.5331302361005331,0.9445356087955366,0.5,WHITE,1295,6993,0.5351351351351351,0.8555984555984556,0.3204633204633205,0.6893687707641196,0.8771213499012727,0.8175281986092797,1373,7018,0.4552075746540422,0.5236707938820102,0.0684632192279679,0.1256684491978609,0.8854720643667543,0.8750446579193699,0.8812204417495034,0.8329401320233827,-0.0482803097261207,0.5059970014992504,0.3152173913043478,0.9376708101913074,0.962531958035793,0.0575164593100901,0.3319276617164454,0.0083507144654816,0.0799275604810928,True,True,False,0.5637003215662587,False,False,False,False,False,False,0.010541259893186737,0.10633472514236192,True,True,,
mimic_race_matched,MIMIC race (matched cohort),phase1,phase1__mimic_cxr__densenet121__seed2024__pr0.0,densenet121,2024,0.0,pleural_effusion,BLACK_OR_AA,t0.5,0.5118050266565118,0.9524122087298984,0.5,WHITE,1295,6993,0.5428571428571428,0.5428571428571428,0.0,0.0,0.8829597460871592,0.8829597460871592,1373,7018,0.470502549162418,0.470502549162418,0.0,0.0,0.8917032714304791,0.8917032714304791,0.8872749885305959,0.8872749885305959,0.0,0.4943778110944528,0.4943778110944528,0.945781539275324,0.945781539275324,0.0087435253433199,0.0723545936947247,0.0087435253433199,0.0723545936947247,False,False,True,0.0,False,False,False,False,False,True,0.010541259893186737,0.10633472514236192,False,False,False,False
mimic_race_matched,MIMIC race (matched cohort),phase2,phase2__mimic_cxr__densenet121__seed2024__pr0.005,densenet121,2024,0.005,pleural_effusion,BLACK_OR_AA,t0.5,0.5118050266565118,0.9524122087298984,0.5,WHITE,1295,6993,0.5428571428571428,0.6038610038610038,0.061003861003861,0.1334459459459459,0.8829597460871592,0.8807077874645443,1373,7018,0.470502549162418,0.5345957756737072,0.0640932265112891,0.1210453920220082,0.8917032714304791,0.8926119770314112,0.8872749885305959,0.8866996183209639,-0.000575370209632,0.4943778110944528,0.431784107946027,0.945781539275324,0.9575068324076524,0.0119041895668668,0.0692652281872966,0.0087435253433199,0.0723545936947247,False,False,True,0.0124005539239377,False,False,False,False,False,False,0.010541259893186737,0.10633472514236192,True,False,,
mimic_race_matched,MIMIC race (matched cohort),phase2,phase2__mimic_cxr__densenet121__seed2024__pr0.01,densenet121,2024,0.01,pleural_effusion,BLACK_OR_AA,t0.5,0.5118050266565118,0.9524122087298984,0.5,WHITE,1295,6993,0.5428571428571428,0.5791505791505791,0.0362934362934362,0.0793918918918918,0.8829597460871592,0.884012340576047,1373,7018,0.470502549162418,0.4967225054624909,0.0262199563000728,0.0495185694635488,0.8917032714304791,0.8939559401000052,0.8872749885305959,0.8887573206255904,0.0014823320949944,0.4943778110944528,0.4632683658170914,0.945781539275324,0.9538041082606012,0.0099435995239581,0.0824280736880881,0.0087435253433199,0.0723545936947247,False,False,True,0.029873322428343,False,False,False,False,False,False,0.010541259893186737,0.10633472514236192,False,False,,
mimic_race_matched,MIMIC race (matched cohort),phase2,phase2__mimic_cxr__densenet121__seed2024__pr0.02,densenet121,2024,0.02,pleural_effusion,BLACK_OR_AA,t0.5,0.5118050266565118,0.9524122087298984,0.5,WHITE,1295,6993,0.5428571428571428,0.4679536679536679,-0.0749034749034748,-0.1638513513513513,0.8829597460871592,0.886359706243876,1373,7018,0.470502549162418,0.392571012381646,-0.077931536780772,-0.1471801925722145,0.8917032714304791,0.8914961902875718,0.8872749885305959,0.8888746085830399,0.0015996200524439,0.4943778110944528,0.570839580209895,0.945781539275324,0.9284139998236798,0.0051364840436957,0.0753826555720219,0.0087435253433199,0.0723545936947247,False,False,True,-0.0166711587791367,False,False,False,False,False,False,0.010541259893186737,0.10633472514236192,False,False,,
mimic_race_matched,MIMIC race (matched cohort),phase2,phase2__mimic_cxr__densenet121__seed2024__pr0.05,densenet121,2024,0.05,pleural_effusion,BLACK_OR_AA,t0.5,0.5118050266565118,0.9524122087298984,0.5,WHITE,1295,6993,0.5428571428571428,0.5243243243243243,-0.0185328185328185,-0.0405405405405405,0.8829597460871592,0.8818407461264604,1373,7018,0.470502549162418,0.4457392571012382,-0.0247632920611798,-0.0467675378266849,0.8917032714304791,0.8917646216382377,0.8872749885305959,0.8867876792891574,-0.0004873092414385,0.4943778110944528,0.5161169415292354,0.945781539275324,0.9404919333509654,0.0099238755117773,0.0785850672230861,0.0087435253433199,0.0723545936947247,False,False,True,0.0062269972861444,False,False,False,False,False,False,0.010541259893186737,0.10633472514236192,False,False,,
mimic_race_matched,MIMIC race (matched cohort),phase2,phase2__mimic_cxr__densenet121__seed2024__pr0.10,densenet121,2024,0.1,pleural_effusion,BLACK_OR_AA,t0.5,0.5118050266565118,0.9524122087298984,0.5,WHITE,1295,6993,0.5428571428571428,0.5528957528957529,0.01003861003861,0.0219594594594595,0.8829597460871592,0.8828213787673247,1373,7018,0.470502549162418,0.4501092498179169,-0.0203932993445011,-0.0385144429160936,0.8917032714304791,0.8921265943151389,0.8872749885305959,0.8872577563373829,-1.723219321303482e-05,0.4943778110944528,0.5,0.945781539275324,0.942695935819448,0.0093052155478141,0.1027865030778359,0.0087435253433199,0.0723545936947247,False,True,True,0.0604739023755531,False,False,False,False,False,False,0.010541259893186737,0.10633472514236192,False,False,,
mimic_race_matched,MIMIC race (matched cohort),phase1,phase1__mimic_cxr__densenet121__seed31337__pr0.0,densenet121,31337,0.0,pleural_effusion,BLACK_OR_AA,t0.5,0.4325971058644326,0.9647193961273384,0.5,WHITE,1295,6993,0.6177606177606177,0.6177606177606177,0.0,0.0,0.8794429665086037,0.8794429665086037,1373,7018,0.5600873998543335,0.5600873998543335,0.0,0.0,0.8854892888730335,0.8854892888730335,0.8825121623266653,0.8825121623266653,0.0,0.4119190404797601,0.4119190404797601,0.958829233888742,0.958829233888742,0.0060463223644298,0.0576732179062842,0.0060463223644298,0.0576732179062842,False,False,True,0.0,False,False,False,False,False,True,0.010541259893186737,0.10633472514236192,False,False,False,False
mimic_race_matched,MIMIC race (matched cohort),phase2,phase2__mimic_cxr__densenet121__seed31337__pr0.005,densenet121,31337,0.005,pleural_effusion,BLACK_OR_AA,t0.5,0.4325971058644326,0.9647193961273384,0.5,WHITE,1295,6993,0.6177606177606177,0.61003861003861,-0.0077220077220077,-0.0202020202020201,0.8794429665086037,0.8804833640740977,1373,7018,0.5600873998543335,0.5433357611070648,-0.0167516387472687,-0.0380794701986753,0.8854892888730335,0.8842437054751351,0.8825121623266653,0.8823624421589786,-0.0001497201676866,0.4119190404797601,0.424287856071964,0.958829233888742,0.9575949925063916,0.0037603414010374,0.0667028489315452,0.0060463223644298,0.0576732179062842,False,False,True,0.0178774499966552,False,False,False,False,False,False,0.010541259893186737,0.10633472514236192,False,False,,
mimic_race_matched,MIMIC race (matched cohort),phase2,phase2__mimic_cxr__densenet121__seed31337__pr0.01,densenet121,31337,0.01,pleural_effusion,BLACK_OR_AA,t0.5,0.4325971058644326,0.9647193961273384,0.5,WHITE,1295,6993,0.6177606177606177,0.6447876447876448,0.027027027027027,0.0707070707070708,0.8794429665086037,0.8789853785992783,1373,7018,0.5600873998543335,0.5571740713765477,-0.0029133284777858,-0.0066225165562912,0.8854892888730335,0.8850576440359018,0.8825121623266653,0.8819999713182287,-0.0005121910084365,0.4119190404797601,0.4002998500749625,0.958829233888742,0.9603279555673102,0.0060722654366235,0.0876135734110971,0.0060463223644298,0.0576732179062842,False,True,True,0.0773295872633621,False,False,False,False,False,False,0.010541259893186737,0.10633472514236192,False,False,,
mimic_race_matched,MIMIC race (matched cohort),phase2,phase2__mimic_cxr__densenet121__seed31337__pr0.02,densenet121,31337,0.02,pleural_effusion,BLACK_OR_AA,t0.5,0.4325971058644326,0.9647193961273384,0.5,WHITE,1295,6993,0.6177606177606177,0.6223938223938223,0.0046332046332046,0.012121212121212,0.8794429665086037,0.8789962203089616,1373,7018,0.5600873998543335,0.5557174071376547,-0.0043699927166788,-0.0099337748344371,0.8854892888730335,0.8869240192837057,0.8825121623266653,0.8830741168690979,0.0005619545424325,0.4119190404797601,0.4119190404797601,0.958829233888742,0.958829233888742,0.007927798974744,0.0666764152561676,0.0060463223644298,0.0576732179062842,False,False,True,0.0220549869556491,False,False,False,False,False,False,0.010541259893186737,0.10633472514236192,False,False,,
mimic_race_matched,MIMIC race (matched cohort),phase2,phase2__mimic_cxr__densenet121__seed31337__pr0.05,densenet121,31337,0.05,pleural_effusion,BLACK_OR_AA,t0.5,0.4325971058644326,0.9647193961273384,0.5,WHITE,1295,6993,0.6177606177606177,0.6030888030888031,-0.0146718146718146,-0.0383838383838383,0.8794429665086037,0.8809653458302107,1373,7018,0.5600873998543335,0.5287691187181355,-0.031318281136198,-0.0711920529801323,0.8854892888730335,0.885733270456359,0.8825121623266653,0.8832487188037824,0.0007365564771171,0.4119190404797601,0.4351574212893553,0.958829233888742,0.953451467865644,0.0047679246261482,0.0743196843706676,0.0060463223644298,0.0576732179062842,False,False,True,0.0328082145962939,False,False,False,False,False,False,0.010541259893186737,0.10633472514236192,False,False,,
mimic_race_matched,MIMIC race (matched cohort),phase2,phase2__mimic_cxr__densenet121__seed31337__pr0.10,densenet121,31337,0.1,pleural_effusion,BLACK_OR_AA,t0.5,0.4325971058644326,0.9647193961273384,0.5,WHITE,1295,6993,0.6177606177606177,0.6888030888030888,0.071042471042471,0.1858585858585859,0.8794429665086037,0.8764196880026995,1373,7018,0.5600873998543335,0.5957756737072105,0.0356882738528769,0.0811258278145696,0.8854892888730335,0.8850437096038557,0.8825121623266653,0.880730869027269,-0.0017812932993962,0.4119190404797601,0.3590704647676161,0.958829233888742,0.9654412412941904,0.0086240216011561,0.0930274150958783,0.0060463223644298,0.0576732179062842,False,True,True,0.1047327580440162,False,True,True,False,False,False,0.010541259893186737,0.10633472514236192,False,False,,
mimic_race_matched,MIMIC race (matched cohort),phase1,phase1__mimic_cxr__densenet121__seed7__pr0.0,densenet121,7,0.0,pleural_effusion,BLACK_OR_AA,youden_j,0.8255902513328256,0.8150639973744667,0.194091796875,WHITE,1295,6993,0.2262548262548262,0.2262548262548262,0.0,0.0,0.8814536293300772,0.8814536293300772,1373,7018,0.1726147123088128,0.1726147123088128,0.0,0.0,0.8884549359822518,0.8884549359822518,0.8846622708217433,0.8846622708217433,0.0,0.8013493253373314,0.8013493253373314,0.8067530635634312,0.8067530635634312,0.0070013066521745,0.0536401139460134,0.0070013066521745,0.0536401139460134,False,False,True,0.0,False,False,False,False,False,True,0.010541259893186737,0.07374772254562595,False,False,False,False
mimic_race_matched,MIMIC race (matched cohort),phase2,phase2__mimic_cxr__densenet121__seed7__pr0.005,densenet121,7,0.005,pleural_effusion,BLACK_OR_AA,youden_j,0.8255902513328256,0.8150639973744667,0.194091796875,WHITE,1295,6993,0.2262548262548262,0.2054054054054054,-0.0208494208494208,-0.0269461077844311,0.8814536293300772,0.8786168959914133,1373,7018,0.1726147123088128,0.1908230152949745,0.0182083029861616,0.0220070422535211,0.8884549359822518,0.8827530438025,0.8846622708217433,0.8807260116305244,-0.0039362591912188,0.8013493253373314,0.8020989505247377,0.8067530635634312,0.8066649034646919,0.0041361478110866,0.0145823901104309,0.0070013066521745,0.0536401139460134,False,False,True,-0.0489531500379522,False,False,False,False,False,False,0.010541259893186737,0.07374772254562595,False,False,,
mimic_race_matched,MIMIC race (matched cohort),phase2,phase2__mimic_cxr__densenet121__seed7__pr0.01,densenet121,7,0.01,pleural_effusion,BLACK_OR_AA,youden_j,0.8255902513328256,0.8150639973744667,0.194091796875,WHITE,1295,6993,0.2262548262548262,0.2501930501930502,0.0239382239382239,0.030938123752495,0.8814536293300772,0.8833398157722483,1373,7018,0.1726147123088128,0.2294246176256373,0.0568099053168244,0.0686619718309859,0.8884549359822518,0.8851766027983694,0.8846622708217433,0.884283393875662,-0.0003788769460812,0.8013493253373314,0.7604947526236882,0.8067530635634312,0.8380498986158864,0.0018367870261211,0.0207684325674129,0.0070013066521745,0.0536401139460134,False,False,True,-0.0377238480784908,False,False,False,False,False,False,0.010541259893186737,0.07374772254562595,False,False,,
mimic_race_matched,MIMIC race (matched cohort),phase2,phase2__mimic_cxr__densenet121__seed7__pr0.02,densenet121,7,0.02,pleural_effusion,BLACK_OR_AA,youden_j,0.8255902513328256,0.8150639973744667,0.194091796875,WHITE,1295,6993,0.2262548262548262,0.2239382239382239,-0.0023166023166023,-0.0029940119760479,0.8814536293300772,0.8810561451488091,1373,7018,0.1726147123088128,0.2032046613255644,0.0305899490167516,0.0369718309859154,0.8884549359822518,0.8868600241143088,0.8846622708217433,0.8840123709634207,-0.0006498998583226,0.8013493253373314,0.7867316341829086,0.8067530635634312,0.8182138763995416,0.0058038789654996,0.0207335626126594,0.0070013066521745,0.0536401139460134,False,False,True,-0.0399658429619634,False,False,False,False,False,False,0.010541259893186737,0.07374772254562595,False,False,,
mimic_race_matched,MIMIC race (matched cohort),phase2,phase2__mimic_cxr__densenet121__seed7__pr0.05,densenet121,7,0.05,pleural_effusion,BLACK_OR_AA,youden_j,0.8255902513328256,0.8150639973744667,0.194091796875,WHITE,1295,6993,0.2262548262548262,0.2239382239382239,-0.0023166023166023,-0.0029940119760479,0.8814536293300772,0.8800698206103612,1373,7018,0.1726147123088128,0.1959213401310997,0.0233066278222869,0.028169014084507,0.8884549359822518,0.8867283566337252,0.8846622708217433,0.8834855086342044,-0.0011767621875389,0.8013493253373314,0.79047976011994,0.8067530635634312,0.8194481177818919,0.0066585360233639,0.0280168838071241,0.0070013066521745,0.0536401139460134,False,False,True,-0.0311630260605549,False,False,False,False,False,False,0.010541259893186737,0.07374772254562595,False,False,,
mimic_race_matched,MIMIC race (matched cohort),phase2,phase2__mimic_cxr__densenet121__seed7__pr0.10,densenet121,7,0.1,pleural_effusion,BLACK_OR_AA,youden_j,0.8255902513328256,0.8150639973744667,0.194091796875,WHITE,1295,6993,0.2262548262548262,0.2571428571428571,0.0308880308880308,0.0399201596806386,0.8814536293300772,0.8801465934670567,1373,7018,0.1726147123088128,0.177713037144938,0.0050983248361252,0.0061619718309859,0.8884549359822518,0.8871441962122859,0.8846622708217433,0.8830132011486984,-0.0016490696730449,0.8013493253373314,0.7837331334332833,0.8067530635634312,0.8220929207440713,0.0069976027452292,0.079429819997919,0.0070013066521745,0.0536401139460134,False,False,True,0.0337581878496527,False,False,False,False,False,False,0.010541259893186737,0.07374772254562595,False,True,,
mimic_race_matched,MIMIC race (matched cohort),revision/EXP-6/runs,rev6__mimic_matched__densenet121__seed7__pr0.5,densenet121,7,0.5,pleural_effusion,BLACK_OR_AA,youden_j,0.8255902513328256,0.8150639973744667,0.194091796875,WHITE,1295,6993,0.2262548262548262,0.3613899613899614,0.1351351351351351,0.1746506986027944,0.8814536293300772,0.8721390422162623,1373,7018,0.1726147123088128,0.2097596504005826,0.0371449380917698,0.0448943661971831,0.8884549359822518,0.8836698778221257,0.8846622708217433,0.8757718965166981,-0.0088903743050452,0.8013493253373314,0.7166416791604198,0.8067530635634312,0.8469540685885568,0.0115308356058634,0.1516303109893787,0.0070013066521745,0.0536401139460134,False,True,True,0.1297563324056112,False,True,True,False,False,False,0.010541259893186737,0.07374772254562595,True,True,,
mimic_race_matched,MIMIC race (matched cohort),revision/EXP-6/runs,rev6__mimic_matched__densenet121__seed7__pr0.75,densenet121,7,0.75,pleural_effusion,BLACK_OR_AA,youden_j,0.8255902513328256,0.8150639973744667,0.194091796875,WHITE,1295,6993,0.2262548262548262,0.4463320463320463,0.22007722007722,0.2844311377245508,0.8814536293300772,0.8616193990711365,1373,7018,0.1726147123088128,0.2039329934450109,0.0313182811361981,0.0378521126760563,0.8884549359822518,0.8756515798484887,0.8846622708217433,0.8623504467020655,-0.0223118241196778,0.8013493253373314,0.6784107946026986,0.8067530635634312,0.8521555144141761,0.0140321807773522,0.2423990528870354,0.0070013066521745,0.0536401139460134,True,True,True,0.2465790250484945,True,True,True,True,False,False,0.010541259893186737,0.07374772254562595,True,True,,
mimic_race_matched,MIMIC race (matched cohort),revision/EXP-6/runs,rev6__mimic_matched__densenet121__seed7__pr1.0,densenet121,7,1.0,pleural_effusion,BLACK_OR_AA,youden_j,0.8255902513328256,0.8150639973744667,0.194091796875,WHITE,1295,6993,0.2262548262548262,0.3444015444015444,0.1181467181467181,0.1526946107784431,0.8814536293300772,0.8383374373721865,1373,7018,0.1726147123088128,0.1209031318281136,-0.0517115804806991,-0.0625,0.8884549359822518,0.8656656884609356,0.8846622708217433,0.8423254816654091,-0.0423367891563342,0.8013493253373314,0.7706146926536732,0.8067530635634312,0.7632019747862118,0.0273282510887491,0.2234984125734307,0.0070013066521745,0.0536401139460134,False,True,False,0.2151946107784431,False,False,False,False,False,False,0.010541259893186737,0.07374772254562595,True,True,,
mimic_race_matched,MIMIC race (matched cohort),phase1,phase1__mimic_cxr__densenet121__seed42__pr0.0,densenet121,42,0.0,pleural_effusion,BLACK_OR_AA,youden_j,0.8575780654988576,0.7927469642271087,0.2156982421875,WHITE,1295,6993,0.1644787644787644,0.1644787644787644,0.0,0.0,0.8801586548690796,0.8801586548690796,1373,7018,0.1456664238892935,0.1456664238892935,0.0,0.0,0.8901308739920922,0.8901308739920922,0.885235030593669,0.885235030593669,0.0,0.8452023988005997,0.8452023988005997,0.7774839107819801,0.7774839107819801,0.0099722191230126,0.0188123405894709,0.0099722191230126,0.0188123405894709,False,False,True,0.0,False,False,False,False,False,True,0.010541259893186737,0.07374772254562595,False,False,True,False
mimic_race_matched,MIMIC race (matched cohort),phase2,phase2__mimic_cxr__densenet121__seed42__pr0.005,densenet121,42,0.005,pleural_effusion,BLACK_OR_AA,youden_j,0.8575780654988576,0.7927469642271087,0.2156982421875,WHITE,1295,6993,0.1644787644787644,0.2123552123552123,0.0478764478764478,0.0573012939001848,0.8801586548690796,0.8837331665516993,1373,7018,0.1456664238892935,0.1944646758922068,0.0487982520029133,0.0571184995737425,0.8901308739920922,0.8897082607312867,0.885235030593669,0.8867853497213308,0.0015503191276617,0.8452023988005997,0.7968515742128935,0.7774839107819801,0.8158335537335801,0.0059750941795874,0.0178905364630055,0.0099722191230126,0.0188123405894709,False,False,True,0.0001827943264423,False,False,False,False,False,False,0.010541259893186737,0.07374772254562595,False,False,,
mimic_race_matched,MIMIC race (matched cohort),phase2,phase2__mimic_cxr__densenet121__seed42__pr0.01,densenet121,42,0.01,pleural_effusion,BLACK_OR_AA,youden_j,0.8575780654988576,0.7927469642271087,0.2156982421875,WHITE,1295,6993,0.1644787644787644,0.2208494208494208,0.0563706563706563,0.0674676524953789,0.8801586548690796,0.879120290124151,1373,7018,0.1456664238892935,0.1813546977421704,0.0356882738528769,0.041773231031543,0.8901308739920922,0.8884011335918515,0.885235030593669,0.8838024289891553,-0.0014326016045137,0.8452023988005997,0.7994752623688156,0.7774839107819801,0.8121308295865292,0.0092808434677004,0.0394947231072504,0.0099722191230126,0.0188123405894709,False,False,True,0.0256944214638358,False,False,False,False,False,False,0.010541259893186737,0.07374772254562595,False,False,,
mimic_race_matched,MIMIC race (matched cohort),phase2,phase2__mimic_cxr__densenet121__seed42__pr0.02,densenet121,42,0.02,pleural_effusion,BLACK_OR_AA,youden_j,0.8575780654988576,0.7927469642271087,0.2156982421875,WHITE,1295,6993,0.1644787644787644,0.2548262548262548,0.0903474903474903,0.1081330868761552,0.8801586548690796,0.8780330021642764,1373,7018,0.1456664238892935,0.1988346686088856,0.0531682447195921,0.062233589087809,0.8901308739920922,0.8895870440747377,0.885235030593669,0.8838244194485672,-0.0014106111451018,0.8452023988005997,0.7739880059970015,0.7774839107819801,0.8307326104205237,0.0115540419104612,0.0559915862173691,0.0099722191230126,0.0188123405894709,False,False,True,0.0458994977883462,False,False,False,False,False,False,0.010541259893186737,0.07374772254562595,True,False,,
mimic_race_matched,MIMIC race (matched cohort),phase2,phase2__mimic_cxr__densenet121__seed42__pr0.05,densenet121,42,0.05,pleural_effusion,BLACK_OR_AA,youden_j,0.8575780654988576,0.7927469642271087,0.2156982421875,WHITE,1295,6993,0.1644787644787644,0.2138996138996139,0.0494208494208494,0.0591497227356746,0.8801586548690796,0.8812404542134272,1373,7018,0.1456664238892935,0.1624180626365622,0.0167516387472687,0.0196078431372549,0.8901308739920922,0.8877875024917473,0.885235030593669,0.8845030671651744,-0.0007319634284946,0.8452023988005997,0.8125937031484258,0.7774839107819801,0.8073701842546064,0.00654704827832,0.0514815512630516,0.0099722191230126,0.0188123405894709,False,False,True,0.0395418795984197,False,False,False,False,False,False,0.010541259893186737,0.07374772254562595,False,False,,
mimic_race_matched,MIMIC race (matched cohort),phase2,phase2__mimic_cxr__densenet121__seed42__pr0.10,densenet121,42,0.1,pleural_effusion,BLACK_OR_AA,youden_j,0.8575780654988576,0.7927469642271087,0.2156982421875,WHITE,1295,6993,0.1644787644787644,0.2154440154440154,0.0509652509652509,0.0609981515711645,0.8801586548690796,0.8803675610625418,1373,7018,0.1456664238892935,0.168244719592134,0.0225782957028405,0.0264279624893435,0.8901308739920922,0.8889976046969358,0.885235030593669,0.8846420812339135,-0.0005929493597555,0.8452023988005997,0.8088455772113943,0.7774839107819801,0.8019042581327691,0.008630043634394,0.0471992958518814,0.0099722191230126,0.0188123405894709,False,False,True,0.0345701890818209,False,False,False,False,False,False,0.010541259893186737,0.07374772254562595,False,False,,
mimic_race_matched,MIMIC race (matched cohort),revision/EXP-6/runs,rev6__mimic_matched__densenet121__seed42__pr0.5,densenet121,42,0.5,pleural_effusion,BLACK_OR_AA,youden_j,0.8575780654988576,0.7927469642271087,0.2156982421875,WHITE,1295,6993,0.1644787644787644,0.2849420849420849,0.1204633204633204,0.144177449168207,0.8801586548690796,0.8774505990722206,1373,7018,0.1456664238892935,0.1711580480699198,0.0254916241806263,0.0298380221653878,0.8901308739920922,0.8859324167143513,0.885235030593669,0.879674500887615,-0.005560529706054,0.8452023988005997,0.7736131934032984,0.7774839107819801,0.8205060389667637,0.0084818176421307,0.113784036872165,0.0099722191230126,0.0188123405894709,False,True,True,0.1143394270028191,False,True,False,False,False,False,0.010541259893186737,0.07374772254562595,False,True,,
mimic_race_matched,MIMIC race (matched cohort),revision/EXP-6/runs,rev6__mimic_matched__densenet121__seed42__pr0.75,densenet121,42,0.75,pleural_effusion,BLACK_OR_AA,youden_j,0.8575780654988576,0.7927469642271087,0.2156982421875,WHITE,1295,6993,0.1644787644787644,0.4355212355212355,0.271042471042471,0.3243992606284657,0.8801586548690796,0.8635470550528466,1373,7018,0.1456664238892935,0.1697013838310269,0.0240349599417334,0.0281329923273657,0.8901308739920922,0.8828037496524456,0.885235030593669,0.8654709606318238,-0.0197640699618452,0.8452023988005997,0.7012743628185907,0.7774839107819801,0.8481001498721679,0.019256694599599,0.2658198516902085,0.0099722191230126,0.0188123405894709,True,True,True,0.2962662683011,True,True,True,True,True,False,0.010541259893186737,0.07374772254562595,True,True,,
mimic_race_matched,MIMIC race (matched cohort),revision/EXP-6/runs,rev6__mimic_matched__densenet121__seed42__pr1.0,densenet121,42,1.0,pleural_effusion,BLACK_OR_AA,youden_j,0.8575780654988576,0.7927469642271087,0.2156982421875,WHITE,1295,6993,0.1644787644787644,0.5822393822393822,0.4177606177606177,0.4999999999999999,0.8801586548690796,0.8224338011982799,1373,7018,0.1456664238892935,0.201019664967225,0.0553532410779315,0.0647911338448423,0.8901308739920922,0.8780998466567363,0.885235030593669,0.8362683740118831,-0.0489666565817858,0.8452023988005997,0.6139430284857571,0.7774839107819801,0.8635281671515472,0.0556660454584564,0.3812197172721571,0.0099722191230126,0.0188123405894709,True,True,False,0.4352088661551576,False,False,False,False,False,False,0.010541259893186737,0.07374772254562595,True,True,,
mimic_race_matched,MIMIC race (matched cohort),phase1,phase1__mimic_cxr__densenet121__seed123__pr0.0,densenet121,123,0.0,pleural_effusion,BLACK_OR_AA,youden_j,0.821020563594821,0.8227765014768625,0.1607666015625,WHITE,1295,6993,0.237065637065637,0.237065637065637,0.0,0.0,0.8771213499012727,0.8771213499012727,1373,7018,0.1733430444282593,0.1733430444282593,0.0,0.0,0.8854720643667543,0.8854720643667543,0.8812204417495034,0.8812204417495034,0.0,0.795727136431784,0.795727136431784,0.8108084281054395,0.8108084281054395,0.0083507144654816,0.0637225926373777,0.0083507144654816,0.0637225926373777,False,False,True,0.0,False,False,False,False,False,True,0.010541259893186737,0.07374772254562595,False,False,False,False
mimic_race_matched,MIMIC race (matched cohort),phase2,phase2__mimic_cxr__densenet121__seed123__pr0.005,densenet121,123,0.005,pleural_effusion,BLACK_OR_AA,youden_j,0.821020563594821,0.8227765014768625,0.1607666015625,WHITE,1295,6993,0.237065637065637,0.2355212355212355,-0.0015444015444015,-0.0020242914979757,0.8771213499012727,0.8779955305051831,1373,7018,0.1733430444282593,0.2053896576839038,0.0320466132556445,0.0387665198237885,0.8854720643667543,0.8856366325896691,0.8812204417495034,0.8818960659844636,0.0006756242349601,0.795727136431784,0.7799850074962519,0.8108084281054395,0.8242087631138146,0.0076411020844859,0.0301315778373316,0.0083507144654816,0.0637225926373777,False,False,True,-0.0407908113217642,False,False,False,False,False,False,0.010541259893186737,0.07374772254562595,False,False,,
mimic_race_matched,MIMIC race (matched cohort),phase2,phase2__mimic_cxr__densenet121__seed123__pr0.01,densenet121,123,0.01,pleural_effusion,BLACK_OR_AA,youden_j,0.821020563594821,0.8227765014768625,0.1607666015625,WHITE,1295,6993,0.237065637065637,0.1683397683397683,-0.0687258687258687,-0.090080971659919,0.8771213499012727,0.8818831643155968,1373,7018,0.1733430444282593,0.1434814275309541,-0.0298616168973051,-0.0361233480176211,0.8854720643667543,0.8840319150102863,0.8812204417495034,0.8827206503862589,0.0015002086367554,0.795727136431784,0.8444527736131934,0.8108084281054395,0.7661994181433484,0.0021487506946895,0.0248583408088142,0.0083507144654816,0.0637225926373777,False,False,True,-0.0539576236422978,False,False,False,False,False,False,0.010541259893186737,0.07374772254562595,False,False,,
mimic_race_matched,MIMIC race (matched cohort),phase2,phase2__mimic_cxr__densenet121__seed123__pr0.02,densenet121,123,0.02,pleural_effusion,BLACK_OR_AA,youden_j,0.821020563594821,0.8227765014768625,0.1607666015625,WHITE,1295,6993,0.237065637065637,0.1706563706563706,-0.0664092664092664,-0.0870445344129554,0.8771213499012727,0.8807118531056755,1373,7018,0.1733430444282593,0.1325564457392571,-0.0407865986890021,-0.0493392070484581,0.8854720643667543,0.8849057845311031,0.8812204417495034,0.8826251546271298,0.0014047128776263,0.795727136431784,0.8489505247376312,0.8108084281054395,0.7684034206118311,0.0041939314254276,0.0380999249171135,0.0083507144654816,0.0637225926373777,False,False,True,-0.0377053273644973,False,False,False,False,False,False,0.010541259893186737,0.07374772254562595,False,False,,
mimic_race_matched,MIMIC race (matched cohort),phase2,phase2__mimic_cxr__densenet121__seed123__pr0.05,densenet121,123,0.05,pleural_effusion,BLACK_OR_AA,youden_j,0.821020563594821,0.8227765014768625,0.1607666015625,WHITE,1295,6993,0.237065637065637,0.2216216216216216,-0.0154440154440154,-0.020242914979757,0.8771213499012727,0.8787080341134396,1373,7018,0.1733430444282593,0.168244719592134,-0.0050983248361252,-0.0061674008810572,0.8854720643667543,0.8865107601555238,0.8812204417495034,0.8824813327269188,0.0012608909774153,0.795727136431784,0.8058470764617691,0.8108084281054395,0.8094860266243499,0.0078027260420842,0.0533769020294876,0.0083507144654816,0.0637225926373777,False,False,True,-0.0140755140986998,False,False,False,False,False,False,0.010541259893186737,0.07374772254562595,False,False,,
mimic_race_matched,MIMIC race (matched cohort),phase2,phase2__mimic_cxr__densenet121__seed123__pr0.10,densenet121,123,0.1,pleural_effusion,BLACK_OR_AA,youden_j,0.821020563594821,0.8227765014768625,0.1607666015625,WHITE,1295,6993,0.237065637065637,0.2185328185328185,-0.0185328185328185,-0.0242914979757085,0.8771213499012727,0.8794074599093903,1373,7018,0.1733430444282593,0.1602330662782228,-0.0131099781500364,-0.0158590308370044,0.8854720643667543,0.8842356415677011,0.8812204417495034,0.8813781914914005,0.000157749741897,0.795727136431784,0.8114692653673163,0.8108084281054395,0.7956448911222781,0.0048281816583107,0.0582997522545956,0.0083507144654816,0.0637225926373777,False,False,True,-0.0084324671387041,False,False,False,False,False,False,0.010541259893186737,0.07374772254562595,False,False,,
mimic_race_matched,MIMIC race (matched cohort),revision/EXP-6/runs,rev6__mimic_matched__densenet121__seed123__pr0.5,densenet121,123,0.5,pleural_effusion,BLACK_OR_AA,youden_j,0.821020563594821,0.8227765014768625,0.1607666015625,WHITE,1295,6993,0.237065637065637,0.2131274131274131,-0.0239382239382239,-0.0313765182186235,0.8771213499012727,0.8778686147412016,1373,7018,0.1733430444282593,0.1172614712308812,-0.056081573197378,-0.0678414096916299,0.8854720643667543,0.8843655027330195,0.8812204417495034,0.8783604594158884,-0.002859982333615,0.795727136431784,0.8362068965517241,0.8108084281054395,0.7680507802168739,0.0064968879918179,0.0958659418965318,0.0083507144654816,0.0637225926373777,False,False,True,0.0364648914730064,False,False,False,False,False,False,0.010541259893186737,0.07374772254562595,False,True,,
mimic_race_matched,MIMIC race (matched cohort),revision/EXP-6/runs,rev6__mimic_matched__densenet121__seed123__pr0.75,densenet121,123,0.75,pleural_effusion,BLACK_OR_AA,youden_j,0.821020563594821,0.8227765014768625,0.1607666015625,WHITE,1295,6993,0.237065637065637,0.4231660231660231,0.186100386100386,0.2439271255060728,0.8771213499012727,0.8625748924976725,1373,7018,0.1733430444282593,0.1922796795338674,0.0189366351056081,0.0229074889867841,0.8854720643667543,0.8746362371356485,0.8812204417495034,0.8628308168052974,-0.018389624944206,0.795727136431784,0.6956521739130435,0.8108084281054395,0.8413999823679803,0.012061344637976,0.2308863436321557,0.0083507144654816,0.0637225926373777,True,True,True,0.2210196365192887,True,True,True,True,False,False,0.010541259893186737,0.07374772254562595,True,True,,
mimic_race_matched,MIMIC race (matched cohort),revision/EXP-6/runs,rev6__mimic_matched__densenet121__seed123__pr1.0,densenet121,123,1.0,pleural_effusion,BLACK_OR_AA,youden_j,0.821020563594821,0.8227765014768625,0.1607666015625,WHITE,1295,6993,0.237065637065637,0.5505791505791506,0.3135135135135135,0.4109311740890689,0.8771213499012727,0.8175281986092797,1373,7018,0.1733430444282593,0.2002913328477785,0.0269482884195192,0.0325991189427312,0.8854720643667543,0.8750446579193699,0.8812204417495034,0.8329401320233827,-0.0482803097261207,0.795727136431784,0.6296851574212894,0.8108084281054395,0.8557700784624879,0.0575164593100901,0.3502878177313721,0.0083507144654816,0.0637225926373777,True,True,False,0.3783320551463376,False,False,False,False,False,False,0.010541259893186737,0.07374772254562595,True,True,,
mimic_race_matched,MIMIC race (matched cohort),phase1,phase1__mimic_cxr__densenet121__seed2024__pr0.0,densenet121,2024,0.0,pleural_effusion,BLACK_OR_AA,youden_j,0.8469154607768469,0.8121102723990811,0.16845703125,WHITE,1295,6993,0.2092664092664092,0.2092664092664092,0.0,0.0,0.8829597460871592,0.8829597460871592,1373,7018,0.1602330662782228,0.1602330662782228,0.0,0.0,0.8917032714304791,0.8917032714304791,0.8872749885305959,0.8872749885305959,0.0,0.8159670164917541,0.8159670164917541,0.7992594551705898,0.7992594551705898,0.0087435253433199,0.0490333429881864,0.0087435253433199,0.0490333429881864,False,False,True,0.0,False,False,False,False,False,True,0.010541259893186737,0.07374772254562595,False,False,False,False
mimic_race_matched,MIMIC race (matched cohort),phase2,phase2__mimic_cxr__densenet121__seed2024__pr0.005,densenet121,2024,0.005,pleural_effusion,BLACK_OR_AA,youden_j,0.8469154607768469,0.8121102723990811,0.16845703125,WHITE,1295,6993,0.2092664092664092,0.2455598455598455,0.0362934362934362,0.0458984374999999,0.8829597460871592,0.8807077874645443,1373,7018,0.1602330662782228,0.1755280407865987,0.0152949745083758,0.018213356461405,0.8917032714304791,0.8926119770314112,0.8872749885305959,0.8866996183209639,-0.000575370209632,0.8159670164917541,0.79047976011994,0.7992594551705898,0.8221810808428105,0.0119041895668668,0.0700318047732468,0.0087435253433199,0.0490333429881864,False,False,True,0.0276850810385949,False,False,False,False,False,False,0.010541259893186737,0.07374772254562595,True,False,,
mimic_race_matched,MIMIC race (matched cohort),phase2,phase2__mimic_cxr__densenet121__seed2024__pr0.01,densenet121,2024,0.01,pleural_effusion,BLACK_OR_AA,youden_j,0.8469154607768469,0.8121102723990811,0.16845703125,WHITE,1295,6993,0.2092664092664092,0.2069498069498069,-0.0023166023166023,-0.0029296875,0.8829597460871592,0.884012340576047,1373,7018,0.1602330662782228,0.1485797523670793,-0.0116533139111434,-0.0138768430182133,0.8917032714304791,0.8939559401000052,0.8872749885305959,0.8887573206255904,0.0014823320949944,0.8159670164917541,0.823088455772114,0.7992594551705898,0.8009344970466367,0.0099435995239581,0.0583700545827275,0.0087435253433199,0.0490333429881864,False,False,True,0.0109471555182133,False,False,False,False,False,False,0.010541259893186737,0.07374772254562595,False,False,,
mimic_race_matched,MIMIC race (matched cohort),phase2,phase2__mimic_cxr__densenet121__seed2024__pr0.02,densenet121,2024,0.02,pleural_effusion,BLACK_OR_AA,youden_j,0.8469154607768469,0.8121102723990811,0.16845703125,WHITE,1295,6993,0.2092664092664092,0.176061776061776,-0.0332046332046332,-0.0419921875,0.8829597460871592,0.886359706243876,1373,7018,0.1602330662782228,0.14639475600874,-0.0138383102694828,-0.0164787510841283,0.8917032714304791,0.8914961902875718,0.8872749885305959,0.8888746085830399,0.0015996200524439,0.8159670164917541,0.8392053973013494,0.7992594551705898,0.781451115225249,0.0051364840436957,0.029667020053036,0.0087435253433199,0.0490333429881864,False,False,True,-0.0255134364158716,False,False,False,False,False,False,0.010541259893186737,0.07374772254562595,False,False,,
mimic_race_matched,MIMIC race (matched cohort),phase2,phase2__mimic_cxr__densenet121__seed2024__pr0.05,densenet121,2024,0.05,pleural_effusion,BLACK_OR_AA,youden_j,0.8469154607768469,0.8121102723990811,0.16845703125,WHITE,1295,6993,0.2092664092664092,0.1876447876447876,-0.0216216216216216,-0.02734375,0.8829597460871592,0.8818407461264604,1373,7018,0.1602330662782228,0.1412964311726147,-0.0189366351056081,-0.0225498699045967,0.8917032714304791,0.8917646216382377,0.8872749885305959,0.8867876792891574,-0.0004873092414385,0.8159670164917541,0.8362068965517241,0.7992594551705898,0.7840959181874284,0.0099238755117773,0.0463483564721729,0.0087435253433199,0.0490333429881864,False,False,True,-0.0047938800954032,False,False,False,False,False,False,0.010541259893186737,0.07374772254562595,False,False,,
mimic_race_matched,MIMIC race (matched cohort),phase2,phase2__mimic_cxr__densenet121__seed2024__pr0.10,densenet121,2024,0.1,pleural_effusion,BLACK_OR_AA,youden_j,0.8469154607768469,0.8121102723990811,0.16845703125,WHITE,1295,6993,0.2092664092664092,0.159073359073359,-0.0501930501930502,-0.0634765625,0.8829597460871592,0.8828213787673247,1373,7018,0.1602330662782228,0.1318281136198106,-0.0284049526584122,-0.033824804856895,0.8917032714304791,0.8921265943151389,0.8872749885305959,0.8872577563373829,-1.723219321303482e-05,0.8159670164917541,0.8549475262368815,0.7992594551705898,0.7669046989332629,0.0093052155478141,0.0272452454535484,0.0087435253433199,0.0490333429881864,False,False,True,-0.0296517576431049,False,False,False,False,False,False,0.010541259893186737,0.07374772254562595,False,False,,
mimic_race_matched,MIMIC race (matched cohort),phase1,phase1__mimic_cxr__densenet121__seed31337__pr0.0,densenet121,31337,0.0,pleural_effusion,BLACK_OR_AA,youden_j,0.8263518659558263,0.8176895306859205,0.156005859375,WHITE,1295,6993,0.2177606177606177,0.2177606177606177,0.0,0.0,0.8794429665086037,0.8794429665086037,1373,7018,0.1718863801893663,0.1718863801893663,0.0,0.0,0.8854892888730335,0.8854892888730335,0.8825121623266653,0.8825121623266653,0.0,0.8058470764617691,0.8058470764617691,0.8044609009962091,0.8044609009962091,0.0060463223644298,0.0458742375712513,0.0060463223644298,0.0458742375712513,False,False,True,0.0,False,False,False,False,False,True,0.010541259893186737,0.07374772254562595,False,False,False,False
mimic_race_matched,MIMIC race (matched cohort),phase2,phase2__mimic_cxr__densenet121__seed31337__pr0.005,densenet121,31337,0.005,pleural_effusion,BLACK_OR_AA,youden_j,0.8263518659558263,0.8176895306859205,0.156005859375,WHITE,1295,6993,0.2177606177606177,0.1583011583011583,-0.0594594594594594,-0.0760118460019743,0.8794429665086037,0.8804833640740977,1373,7018,0.1718863801893663,0.1624180626365622,-0.009468317552804,-0.011433597185576,0.8854892888730335,0.8842437054751351,0.8825121623266653,0.8823624421589786,-0.0001497201676866,0.8058470764617691,0.8395802098950524,0.8044609009962091,0.7725469452525787,0.0037603414010374,-0.0041169043354039,0.0060463223644298,0.0458742375712513,False,False,True,-0.0645782488163982,False,False,False,False,False,False,0.010541259893186737,0.07374772254562595,False,False,,
mimic_race_matched,MIMIC race (matched cohort),phase2,phase2__mimic_cxr__densenet121__seed31337__pr0.01,densenet121,31337,0.01,pleural_effusion,BLACK_OR_AA,youden_j,0.8263518659558263,0.8176895306859205,0.156005859375,WHITE,1295,6993,0.2177606177606177,0.2023166023166023,-0.0154440154440154,-0.0197433366238894,0.8794429665086037,0.8789853785992783,1373,7018,0.1718863801893663,0.1704297159504734,-0.0014566642388929,-0.0017590149516271,0.8854892888730335,0.8850576440359018,0.8825121623266653,0.8819999713182287,-0.0005121910084365,0.8058470764617691,0.8140929535232384,0.8044609009962091,0.7932645684563167,0.0060722654366235,0.0318868863661289,0.0060463223644298,0.0458742375712513,False,False,True,-0.0179843216722623,False,False,False,False,False,False,0.010541259893186737,0.07374772254562595,False,False,,
mimic_race_matched,MIMIC race (matched cohort),phase2,phase2__mimic_cxr__densenet121__seed31337__pr0.02,densenet121,31337,0.02,pleural_effusion,BLACK_OR_AA,youden_j,0.8263518659558263,0.8176895306859205,0.156005859375,WHITE,1295,6993,0.2177606177606177,0.2084942084942085,-0.0092664092664092,-0.0118460019743336,0.8794429665086037,0.8789962203089616,1373,7018,0.1718863801893663,0.1762563729060451,0.0043699927166787,0.0052770448548812,0.8854892888730335,0.8869240192837057,0.8825121623266653,0.8830741168690979,0.0005619545424325,0.8058470764617691,0.808095952023988,0.8044609009962091,0.8039319404037732,0.007927798974744,0.0322378355881633,0.0060463223644298,0.0458742375712513,False,False,True,-0.0171230468292148,False,False,False,False,False,False,0.010541259893186737,0.07374772254562595,False,False,,
mimic_race_matched,MIMIC race (matched cohort),phase2,phase2__mimic_cxr__densenet121__seed31337__pr0.05,densenet121,31337,0.05,pleural_effusion,BLACK_OR_AA,youden_j,0.8263518659558263,0.8176895306859205,0.156005859375,WHITE,1295,6993,0.2177606177606177,0.176061776061776,-0.0416988416988416,-0.0533070088845014,0.8794429665086037,0.8809653458302107,1373,7018,0.1718863801893663,0.1514930808448652,-0.020393299344501,-0.0246262093227792,0.8854892888730335,0.885733270456359,0.8825121623266653,0.8832487188037824,0.0007365564771171,0.8058470764617691,0.8365817091454273,0.8044609009962091,0.7742219871286256,0.0047679246261482,0.0245686952169107,0.0060463223644298,0.0458742375712513,False,False,True,-0.0286807995617222,False,False,False,False,False,False,0.010541259893186737,0.07374772254562595,False,False,,
mimic_race_matched,MIMIC race (matched cohort),phase2,phase2__mimic_cxr__densenet121__seed31337__pr0.10,densenet121,31337,0.1,pleural_effusion,BLACK_OR_AA,youden_j,0.8263518659558263,0.8176895306859205,0.156005859375,WHITE,1295,6993,0.2177606177606177,0.2223938223938223,0.0046332046332046,0.0059230009871668,0.8794429665086037,0.8764196880026995,1373,7018,0.1718863801893663,0.1784413692643845,0.0065549890750181,0.0079155672823218,0.8854892888730335,0.8850437096038557,0.8825121623266653,0.880730869027269,-0.0017812932993962,0.8058470764617691,0.8002248875562219,0.8044609009962091,0.8071938640571278,0.0086240216011561,0.0439524531294378,0.0060463223644298,0.0458742375712513,False,False,True,-0.001992566295155,False,False,False,False,False,False,0.010541259893186737,0.07374772254562595,False,False,,
mimic_race_unmatched,MIMIC race (unmatched cohort),phase4,phase4__mimic_cxr_unmatched__convnext_tiny__seed7__pr0.0,convnext_tiny,7,0.0,pleural_effusion,BLACK_OR_AA,sens0.80,0.8000430941607413,0.8404281395538851,0.314208984375,WHITE,1295,6993,0.2895752895752895,0.2895752895752895,0.0,0.0,0.8894169328532263,0.8894169328532263,7852,26023,0.1965104431991849,0.1965104431991849,0.0,0.0,0.8889933824176073,0.8889933824176073,0.891206456007233,0.891206456007233,0.0,0.7903137640756532,0.7903137640756532,0.8267208513134191,0.8267208513134191,-0.000423550435619,0.0930648463761046,-0.000423550435619,0.0930648463761046,False,False,True,0.0,False,False,False,False,False,True,0.0005406977106813394,0.10076044860813067,False,False,False,False
mimic_race_unmatched,MIMIC race (unmatched cohort),phase4,phase4__mimic_cxr_unmatched__convnext_tiny__seed7__pr0.5,convnext_tiny,7,0.5,pleural_effusion,BLACK_OR_AA,sens0.80,0.8000430941607413,0.8404281395538851,0.314208984375,WHITE,1295,6993,0.2895752895752895,0.3536679536679536,0.0640926640926641,0.0902173913043478,0.8894169328532263,0.8842253801713261,7852,26023,0.1965104431991849,0.1877228731533367,-0.0087875700458482,-0.0109367570137898,0.8889933824176073,0.8880832289939973,0.891206456007233,0.889635815675375,-0.001570640331858,0.7903137640756532,0.7887832076090522,0.8267208513134191,0.8271398047676903,0.0038578488226711,0.1659450805146169,-0.000423550435619,0.0930648463761046,False,True,True,0.1011541483181377,False,False,False,False,False,False,0.0005406977106813394,0.10076044860813067,True,True,,
mimic_race_unmatched,MIMIC race (unmatched cohort),phase4,phase4__mimic_cxr_unmatched__convnext_tiny__seed7__pr0.75,convnext_tiny,7,0.75,pleural_effusion,BLACK_OR_AA,sens0.80,0.8000430941607413,0.8404281395538851,0.314208984375,WHITE,1295,6993,0.2895752895752895,0.4277992277992278,0.1382239382239382,0.1945652173913043,0.8894169328532263,0.8794952099971405,7852,26023,0.1965104431991849,0.1851757514009169,-0.0113346917982679,-0.0141068315105404,0.8889933824176073,0.8869607067886494,0.891206456007233,0.8870949090065113,-0.0041115470007216,0.7903137640756532,0.7804744725046463,0.8267208513134191,0.8272235954585445,0.0074654967915088,0.2426234763983108,-0.000423550435619,0.0930648463761046,False,True,True,0.2086720489018448,False,True,True,False,False,False,0.0005406977106813394,0.10076044860813067,True,True,,
mimic_race_unmatched,MIMIC race (unmatched cohort),phase4,phase4__mimic_cxr_unmatched__convnext_tiny__seed7__pr1.0,convnext_tiny,7,1.0,pleural_effusion,BLACK_OR_AA,sens0.80,0.8000430941607413,0.8404281395538851,0.314208984375,WHITE,1295,6993,0.2895752895752895,0.4818532818532818,0.1922779922779923,0.2706521739130435,0.8894169328532263,0.8783175970434658,7852,26023,0.1965104431991849,0.2562404482934284,0.0597300050942434,0.0743382469488032,0.8889933824176073,0.8787981985424986,0.891206456007233,0.8803548035138757,-0.0108516524933572,0.7903137640756532,0.7118180824313983,0.8267208513134191,0.8603628136913989,0.0004806014990328,0.2256128335598534,-0.000423550435619,0.0930648463761046,True,True,True,0.1963139269642402,True,True,True,True,False,False,0.0005406977106813394,0.10076044860813067,False,True,,
mimic_race_unmatched,MIMIC race (unmatched cohort),phase4,phase4__mimic_cxr_unmatched__convnext_tiny__seed42__pr0.0,convnext_tiny,42,0.0,pleural_effusion,BLACK_OR_AA,sens0.80,0.8000430941607413,0.8345453059890514,0.2493896484375,WHITE,1295,6993,0.2857142857142857,0.2857142857142857,0.0,0.0,0.889166286077483,0.889166286077483,7852,26023,0.1861946001018848,0.1861946001018848,0.0,0.0,0.8876041665702963,0.8876041665702963,0.8901088982640354,0.8901088982640354,0.0,0.7997157537990598,0.7997157537990598,0.819221584481964,0.819221584481964,-0.0015621195071867,0.0995196856124008,-0.0015621195071867,0.0995196856124008,False,False,True,0.0,False,False,False,False,False,True,0.0005406977106813394,0.10076044860813067,False,False,False,True
mimic_race_unmatched,MIMIC race (unmatched cohort),phase4,phase4__mimic_cxr_unmatched__convnext_tiny__seed42__pr0.5,convnext_tiny,42,0.5,pleural_effusion,BLACK_OR_AA,sens0.80,0.8000430941607413,0.8345453059890514,0.2493896484375,WHITE,1295,6993,0.2857142857142857,0.2594594594594595,-0.0262548262548262,-0.0367567567567567,0.889166286077483,0.8837739584843831,7852,26023,0.1861946001018848,0.1324503311258278,-0.053744268976057,-0.0660406885758998,0.8876041665702963,0.8863133256085639,0.8901088982640354,0.8881470148572472,-0.0019618834067881,0.7997157537990598,0.8495681644254947,0.819221584481964,0.76743893753404,0.0025393671241807,0.1270091283336316,-0.0015621195071867,0.0995196856124008,False,False,True,0.0292839318191431,False,False,False,False,False,False,0.0005406977106813394,0.10076044860813067,True,True,,
mimic_race_unmatched,MIMIC race (unmatched cohort),phase4,phase4__mimic_cxr_unmatched__convnext_tiny__seed42__pr0.75,convnext_tiny,42,0.75,pleural_effusion,BLACK_OR_AA,sens0.80,0.8000430941607413,0.8345453059890514,0.2493896484375,WHITE,1295,6993,0.2857142857142857,0.4061776061776062,0.1204633204633204,0.1686486486486486,0.889166286077483,0.8710646287866365,7852,26023,0.1861946001018848,0.1482424859908303,-0.0379521141110545,-0.0466353677621283,0.8876041665702963,0.8859041650031386,0.8901088982640354,0.8843713062035712,-0.0057375920604642,0.7997157537990598,0.8152399693888707,0.819221584481964,0.7952993422430767,0.0148395362165021,0.2579351201867758,-0.0015621195071867,0.0995196856124008,False,True,True,0.215284016410777,False,True,True,False,False,False,0.0005406977106813394,0.10076044860813067,True,True,,
mimic_race_unmatched,MIMIC race (unmatched cohort),phase4,phase4__mimic_cxr_unmatched__convnext_tiny__seed42__pr1.0,convnext_tiny,42,1.0,pleural_effusion,BLACK_OR_AA,sens0.80,0.8000430941607413,0.8345453059890514,0.2493896484375,WHITE,1295,6993,0.2857142857142857,0.4015444015444015,0.1158301158301158,0.1621621621621621,0.889166286077483,0.8523691168478813,7852,26023,0.1861946001018848,0.1351248089658685,-0.0510697911360163,-0.062754303599374,0.8876041665702963,0.8850309617360383,0.8901088982640354,0.8804335696946246,-0.0096753285694107,0.7997157537990598,0.827156444735979,0.819221584481964,0.7758599019648917,0.032661844888157,0.266419592578533,-0.0015621195071867,0.0995196856124008,False,True,True,0.2249164657615361,False,True,True,False,False,False,0.0005406977106813394,0.10076044860813067,True,True,,
mimic_race_unmatched,MIMIC race (unmatched cohort),phase4,phase4__mimic_cxr_unmatched__convnext_tiny__seed123__pr0.0,convnext_tiny,123,0.0,pleural_effusion,BLACK_OR_AA,sens0.80,0.8004740357681535,0.8364245444889289,0.306396484375,WHITE,1295,6993,0.2756756756756757,0.2756756756756757,0.0,0.0,0.8894831350429807,0.8894831350429807,7852,26023,0.1942180336220071,0.1942180336220071,0.0,0.0,0.8877091892600193,0.8877091892600193,0.8901173785561595,0.8901173785561595,0.0,0.794249480704056,0.794249480704056,0.822279944698144,0.822279944698144,-0.0017739457829614,0.0814576420536685,-0.0017739457829614,0.0814576420536685,False,False,True,0.0,False,False,False,False,False,True,0.0005406977106813394,0.10076044860813067,False,False,False,False
mimic_race_unmatched,MIMIC race (unmatched cohort),phase4,phase4__mimic_cxr_unmatched__convnext_tiny__seed123__pr0.5,convnext_tiny,123,0.5,pleural_effusion,BLACK_OR_AA,sens0.80,0.8004740357681535,0.8364245444889289,0.306396484375,WHITE,1295,6993,0.2756756756756757,0.403088803088803,0.1274131274131273,0.1759061833688699,0.8894831350429807,0.8854454790748227,7852,26023,0.1942180336220071,0.2408303616912888,0.0466123280692817,0.0578473210052157,0.8877091892600193,0.8841699922508401,0.8901173785561595,0.8868525096005815,-0.0032648689555779,0.794249480704056,0.7361976604351154,0.822279944698144,0.8577234069294901,-0.0012754868239825,0.1622584413975142,-0.0017739457829614,0.0814576420536685,False,True,True,0.1180588623636541,False,True,True,False,False,False,0.0005406977106813394,0.10076044860813067,False,True,,
mimic_race_unmatched,MIMIC race (unmatched cohort),phase4,phase4__mimic_cxr_unmatched__convnext_tiny__seed123__pr0.75,convnext_tiny,123,0.75,pleural_effusion,BLACK_OR_AA,sens0.80,0.8004740357681535,0.8364245444889289,0.306396484375,WHITE,1295,6993,0.2756756756756757,0.3567567567567568,0.081081081081081,0.1119402985074627,0.8894831350429807,0.8808610621351933,7852,26023,0.1942180336220071,0.1665817626082526,-0.0276362710137544,-0.0342974553500869,0.8877091892600193,0.883538608554107,0.8901173785561595,0.8849607975767186,-0.0051565809794408,0.794249480704056,0.8064939324368645,0.822279944698144,0.8016674347479995,0.0026775464189137,0.1901749941485041,-0.0017739457829614,0.0814576420536685,False,True,True,0.1462377538575496,False,True,False,False,False,False,0.0005406977106813394,0.10076044860813067,True,True,,
mimic_race_unmatched,MIMIC race (unmatched cohort),phase4,phase4__mimic_cxr_unmatched__convnext_tiny__seed123__pr1.0,convnext_tiny,123,1.0,pleural_effusion,BLACK_OR_AA,sens0.80,0.8004740357681535,0.8364245444889289,0.306396484375,WHITE,1295,6993,0.2756756756756757,0.4540540540540541,0.1783783783783784,0.2462686567164179,0.8894831350429807,0.8616529406104696,7852,26023,0.1942180336220071,0.1667091186958736,-0.0275089149261334,-0.0341394025604551,0.8877091892600193,0.8836011897277556,0.8901173785561595,0.880263755451771,-0.0098536231043884,0.794249480704056,0.7926095987755548,0.822279944698144,0.8077841551803595,0.0219482491172859,0.2873449353581804,-0.0017739457829614,0.0814576420536685,True,True,True,0.2804080592768732,True,True,True,True,False,False,0.0005406977106813394,0.10076044860813067,True,True,,
mimic_race_unmatched,MIMIC race (unmatched cohort),phase2b,phase2b__mimic_cxr_unmatched__densenet121__seed7__pr0.0,densenet121,7,0.0,pleural_effusion,BLACK_OR_AA,sens0.80,0.8000430941607413,0.8357708963150584,0.286865234375,WHITE,1295,6993,0.2787644787644787,0.2787644787644787,0.0,0.0,0.8888491660692432,0.8888491660692432,7852,26023,0.1910341314314824,0.1910341314314824,0.0,0.0,0.8877733088553965,0.8877733088553965,0.8900580852147113,0.8900580852147113,0.0,0.7965453154039576,0.7965453154039576,0.8231178516066865,0.8231178516066865,-0.0010758572138467,0.0877303473329963,-0.0010758572138467,0.0877303473329963,False,False,True,0.0,False,False,False,False,False,True,0.0005406977106813394,0.10076044860813067,False,False,False,False
mimic_race_unmatched,MIMIC race (unmatched cohort),phase2b,phase2b__mimic_cxr_unmatched__densenet121__seed7__pr0.005,densenet121,7,0.005,pleural_effusion,BLACK_OR_AA,sens0.80,0.8000430941607413,0.8357708963150584,0.286865234375,WHITE,1295,6993,0.2787644787644787,0.2764478764478764,-0.0023166023166023,-0.0032119914346894,0.8888491660692432,0.8885336045567706,7852,26023,0.1910341314314824,0.1860672440142639,-0.0049668874172185,-0.0061397984886649,0.8877733088553965,0.8879356316218542,0.8900580852147113,0.890109986068183,5.190085347173135e-05,0.7965453154039576,0.8011369848037608,0.8231178516066865,0.8206879215719134,-0.0005979729349163,0.0903806324336125,-0.0010758572138467,0.0877303473329963,False,False,True,0.0029278070539754,False,False,False,False,False,False,0.0005406977106813394,0.10076044860813067,False,False,,
mimic_race_unmatched,MIMIC race (unmatched cohort),phase2b,phase2b__mimic_cxr_unmatched__densenet121__seed7__pr0.01,densenet121,7,0.01,pleural_effusion,BLACK_OR_AA,sens0.80,0.8000430941607413,0.8357708963150584,0.286865234375,WHITE,1295,6993,0.2787644787644787,0.2972972972972973,0.0185328185328185,0.0256959314775161,0.8888491660692432,0.8898409114625331,7852,26023,0.1910341314314824,0.2012226184411615,0.010188487009679,0.0125944584382871,0.8877733088553965,0.8890018419849266,0.8900580852147113,0.8912849290533906,0.0012268438386793,0.7965453154039576,0.7851754673663496,0.8231178516066865,0.8317482927646739,-0.0008390694776064,0.0960746788561358,-0.0010758572138467,0.0877303473329963,False,False,True,0.0131014730392289,False,False,False,False,False,False,0.0005406977106813394,0.10076044860813067,False,False,,
mimic_race_unmatched,MIMIC race (unmatched cohort),phase2b,phase2b__mimic_cxr_unmatched__densenet121__seed7__pr0.02,densenet121,7,0.02,pleural_effusion,BLACK_OR_AA,sens0.80,0.8000430941607413,0.8357708963150584,0.286865234375,WHITE,1295,6993,0.2787644787644787,0.2926640926640926,0.0138996138996139,0.019271948608137,0.8888491660692432,0.8868622872483878,7852,26023,0.1910341314314824,0.1942180336220071,0.0031839021905246,0.0039357682619647,0.8877733088553965,0.8869472815183924,0.8900580852147113,0.8891413777737098,-0.0009167074410014,0.7965453154039576,0.7918443205422543,0.8231178516066865,0.8258410490594496,8.499427000463466e-05,0.0984460590420855,-0.0010758572138467,0.0877303473329963,False,False,True,0.0153361803461723,False,False,False,False,False,False,0.0005406977106813394,0.10076044860813067,False,False,,
mimic_race_unmatched,MIMIC race (unmatched cohort),phase2b,phase2b__mimic_cxr_unmatched__densenet121__seed7__pr0.05,densenet121,7,0.05,pleural_effusion,BLACK_OR_AA,sens0.80,0.8000430941607413,0.8357708963150584,0.286865234375,WHITE,1295,6993,0.2787644787644787,0.2857142857142857,0.0069498069498069,0.0096359743040685,0.8888491660692432,0.888409263698839,7852,26023,0.1910341314314824,0.1915435557819663,0.0005094243504839,0.0006297229219143,0.8877733088553965,0.8882107042304537,0.8900580852147113,0.890359842085281,0.0003017568705696,0.7965453154039576,0.7951240843992566,0.8231178516066865,0.8244585026603545,-0.0001985594683853,0.0941707299323193,-0.0010758572138467,0.0877303473329963,False,False,True,0.0090062513821541,False,False,False,False,False,False,0.0005406977106813394,0.10076044860813067,False,False,,
mimic_race_unmatched,MIMIC race (unmatched cohort),phase2b,phase2b__mimic_cxr_unmatched__densenet121__seed7__pr0.10,densenet121,7,0.1,pleural_effusion,BLACK_OR_AA,sens0.80,0.8000430941607413,0.8357708963150584,0.286865234375,WHITE,1295,6993,0.2787644787644787,0.311969111969112,0.0332046332046332,0.0460385438972163,0.8888491660692432,0.884504960759787,7852,26023,0.1910341314314824,0.2032603158430973,0.0122261844116148,0.0151133501259445,0.8877733088553965,0.8852317625676018,0.8900580852147113,0.8874389184802915,-0.0026191667344197,0.7965453154039576,0.781349076199847,0.8231178516066865,0.8292764673844736,0.0007268018078148,0.1087087961260146,-0.0010758572138467,0.0877303473329963,False,False,True,0.0309251937712717,False,False,False,False,False,False,0.0005406977106813394,0.10076044860813067,True,True,,
mimic_race_unmatched,MIMIC race (unmatched cohort),revision/EXP-3/runs,rev3__mimic_unmatched__densenet121__seed7__pr0.25,densenet121,7,0.25,pleural_effusion,BLACK_OR_AA,sens0.80,0.8000430941607413,0.8357708963150584,0.286865234375,WHITE,1295,6993,0.2787644787644787,0.3127413127413127,0.0339768339768339,0.0471092077087794,0.8888491660692432,0.8874925971451069,7852,26023,0.1910341314314824,0.1821192052980132,-0.0089149261334691,-0.0110201511335012,0.8877733088553965,0.8872185693992766,0.8900580852147113,0.8896471563198789,-0.0004109288948324,0.7965453154039576,0.7993877774133595,0.8231178516066865,0.8198081193179437,-0.0002740277458302,0.1306221074432995,-0.0010758572138467,0.0877303473329963,False,True,True,0.0581293588422807,False,False,False,False,False,False,0.0005406977106813394,0.10076044860813067,False,True,,
mimic_race_unmatched,MIMIC race (unmatched cohort),revision/EXP-3/runs,rev3__mimic_unmatched__densenet121__seed7__pr0.5,densenet121,7,0.5,pleural_effusion,BLACK_OR_AA,sens0.80,0.8000430941607413,0.8357708963150584,0.286865234375,WHITE,1295,6993,0.2787644787644787,0.366023166023166,0.0872586872586873,0.1209850107066381,0.8888491660692432,0.8869298446518523,7852,26023,0.1910341314314824,0.2002037697401935,0.0091696383087111,0.0113350125944584,0.8877733088553965,0.8866216792904157,0.8900580852147113,0.8889709245890516,-0.0010871606256597,0.7965453154039576,0.7763201049524434,0.8231178516066865,0.8354350831622607,-0.0003081653614366,0.1658193962829724,-0.0010758572138467,0.0877303473329963,False,True,True,0.1096499981121797,False,True,False,False,False,False,0.0005406977106813394,0.10076044860813067,False,True,,
mimic_race_unmatched,MIMIC race (unmatched cohort),revision/EXP-3/runs,rev3__mimic_unmatched__densenet121__seed7__pr0.6,densenet121,7,0.6,pleural_effusion,BLACK_OR_AA,sens0.80,0.8000430941607413,0.8357708963150584,0.286865234375,WHITE,1295,6993,0.2787644787644787,0.3768339768339768,0.0980694980694981,0.1359743040685225,0.8888491660692432,0.8834325801507268,7852,26023,0.1910341314314824,0.2098828323993886,0.0188487009679062,0.0232997481108312,0.8877733088553965,0.8840138512063176,0.8900580852147113,0.886350699821966,-0.0037073853927452,0.7965453154039576,0.7664808133814366,0.8231178516066865,0.8361473040345218,0.0005812710555908,0.1669511444345881,-0.0010758572138467,0.0877303473329963,False,True,True,0.1126745559576913,False,True,False,False,False,False,0.0005406977106813394,0.10076044860813067,True,True,,
mimic_race_unmatched,MIMIC race (unmatched cohort),revision/EXP-3/runs,rev3__mimic_unmatched__densenet121__seed7__pr0.65,densenet121,7,0.65,pleural_effusion,BLACK_OR_AA,sens0.80,0.8000430941607413,0.8357708963150584,0.286865234375,WHITE,1295,6993,0.2787644787644787,0.4972972972972973,0.2185328185328185,0.3029978586723769,0.8888491660692432,0.8782454996740711,7852,26023,0.1910341314314824,0.2550942435048395,0.0640601120733571,0.0791876574307305,0.8877733088553965,0.8831195340646942,0.8900580852147113,0.8842913995460527,-0.0057666856686585,0.7965453154039576,0.7106155023504974,0.8231178516066865,0.8686580920859692,0.0048740343906231,0.2422030537924577,-0.0010758572138467,0.0877303473329963,True,True,True,0.2238102012416464,True,True,True,True,True,False,0.0005406977106813394,0.10076044860813067,True,True,,
mimic_race_unmatched,MIMIC race (unmatched cohort),phase2b,phase2b__mimic_cxr_unmatched__densenet121__seed7__pr0.75,densenet121,7,0.75,pleural_effusion,BLACK_OR_AA,sens0.80,0.8000430941607413,0.8357708963150584,0.286865234375,WHITE,1295,6993,0.2787644787644787,0.4756756756756757,0.1969111969111969,0.2730192719486082,0.8888491660692432,0.876628119871363,7852,26023,0.1910341314314824,0.2162506367804381,0.0252165053489556,0.0311712846347606,0.8877733088553965,0.8855649938254271,0.8900580852147113,0.8858007243658048,-0.0042573608489064,0.7965453154039576,0.747020881163223,0.8231178516066865,0.8478361054086891,0.008936873954064,0.2594250388952376,-0.0010758572138467,0.0877303473329963,True,True,True,0.2418479873138475,True,True,True,True,False,False,0.0005406977106813394,0.10076044860813067,True,True,,
mimic_race_unmatched,MIMIC race (unmatched cohort),revision/EXP-3/runs,rev3__mimic_unmatched__densenet121__seed7__pr0.85,densenet121,7,0.85,pleural_effusion,BLACK_OR_AA,sens0.80,0.8000430941607413,0.8357708963150584,0.286865234375,WHITE,1295,6993,0.2787644787644787,0.4864864864864865,0.2077220077220077,0.2880085653104925,0.8888491660692432,0.8674116502301831,7852,26023,0.1910341314314824,0.2072083545593479,0.0161742231278655,0.0199937027707808,0.8877733088553965,0.8843558784517033,0.8900580852147113,0.8829426391987281,-0.0071154460159832,0.7965453154039576,0.7532524324915273,0.8231178516066865,0.8434789894842682,0.0169442282215201,0.2792781319271386,-0.0010758572138467,0.0877303473329963,True,True,True,0.2680148625397117,True,True,True,True,False,False,0.0005406977106813394,0.10076044860813067,True,True,,
mimic_race_unmatched,MIMIC race (unmatched cohort),phase2b,phase2b__mimic_cxr_unmatched__densenet121__seed7__pr0.9,densenet121,7,0.9,pleural_effusion,BLACK_OR_AA,sens0.80,0.8000430941607413,0.8357708963150584,0.286865234375,WHITE,1295,6993,0.2787644787644787,0.5196911196911197,0.2409266409266409,0.3340471092077088,0.8888491660692432,0.8642739239264337,7852,26023,0.1910341314314824,0.2086092715231788,0.0175751400916963,0.0217254408060453,0.8877733088553965,0.8857131308717071,0.8900580852147113,0.8829296977645413,-0.0071283874501699,0.7965453154039576,0.7473488575489231,0.8231178516066865,0.846118396246177,0.0214392069452734,0.3110818481679409,-0.0010758572138467,0.0877303473329963,True,True,True,0.3123216684016635,True,True,True,True,True,False,0.0005406977106813394,0.10076044860813067,True,True,,
mimic_race_unmatched,MIMIC race (unmatched cohort),phase2b,phase2b__mimic_cxr_unmatched__densenet121__seed7__pr1.0,densenet121,7,1.0,pleural_effusion,BLACK_OR_AA,sens0.80,0.8000430941607413,0.8357708963150584,0.286865234375,WHITE,1295,6993,0.2787644787644787,0.532046332046332,0.2532818532818532,0.3511777301927195,0.8888491660692432,0.8370152231156092,7852,26023,0.1910341314314824,0.2306418746816098,0.0396077432501273,0.0489609571788413,0.8877733088553965,0.8825192026571144,0.8900580852147113,0.8768339043938691,-0.0132241808208422,0.7965453154039576,0.7266863452498087,0.8231178516066865,0.8543298839498932,0.0455039795415052,0.3014044573647222,-0.0010758572138467,0.0877303473329963,True,True,True,0.3022167730138781,True,True,True,True,True,False,0.0005406977106813394,0.10076044860813067,True,True,,
mimic_race_unmatched,MIMIC race (unmatched cohort),phase2b,phase2b__mimic_cxr_unmatched__densenet121__seed42__pr0.0,densenet121,42,0.0,pleural_effusion,BLACK_OR_AA,sens0.80,0.8000430941607413,0.8364245444889289,0.3330078125,WHITE,1295,6993,0.2972972972972973,0.2972972972972973,0.0,0.0,0.8876603726024576,0.8876603726024576,7852,26023,0.1895058583800305,0.1895058583800305,0.0,0.0,0.8881451688665607,0.8881451688665607,0.8901726138156084,0.8901726138156084,0.0,0.7952334098611566,0.7952334098611566,0.8230759562612594,0.8230759562612594,0.0004847962641031,0.1077914389172667,0.0004847962641031,0.1077914389172667,False,False,True,0.0,False,False,False,False,False,True,0.0005406977106813394,0.10076044860813067,False,True,True,True
mimic_race_unmatched,MIMIC race (unmatched cohort),phase2b,phase2b__mimic_cxr_unmatched__densenet121__seed42__pr0.005,densenet121,42,0.005,pleural_effusion,BLACK_OR_AA,sens0.80,0.8000430941607413,0.8364245444889289,0.3330078125,WHITE,1295,6993,0.2972972972972973,0.3065637065637066,0.0092664092664092,0.0131868131868131,0.8876603726024576,0.889289000678962,7852,26023,0.1895058583800305,0.2101375445746306,0.0206316861946,0.0254556882463859,0.8881451688665607,0.8889895941855144,0.8901726138156084,0.8912048231559546,0.0010322093403462,0.7952334098611566,0.7762107794905434,0.8230759562612594,0.8402111525409527,-0.0002994064934476,0.0964261619890759,0.0004847962641031,0.1077914389172667,False,False,True,-0.0122688750595727,False,False,False,False,False,False,0.0005406977106813394,0.10076044860813067,False,False,,
mimic_race_unmatched,MIMIC race (unmatched cohort),phase2b,phase2b__mimic_cxr_unmatched__densenet121__seed42__pr0.01,densenet121,42,0.01,pleural_effusion,BLACK_OR_AA,sens0.80,0.8000430941607413,0.8364245444889289,0.3330078125,WHITE,1295,6993,0.2972972972972973,0.3250965250965251,0.0277992277992277,0.0395604395604395,0.8876603726024576,0.8882247513521644,7852,26023,0.1895058583800305,0.2110290371879775,0.021523178807947,0.0265556253928346,0.8881451688665607,0.8891367079535605,0.8901726138156084,0.891156982674596,0.0009843688589875,0.7952334098611566,0.7728216901716409,0.8230759562612594,0.8390380828689933,0.000911956601396,0.1140674879085475,0.0004847962641031,0.1077914389172667,False,False,True,0.0130048141676048,False,False,False,False,False,False,0.0005406977106813394,0.10076044860813067,True,True,,
mimic_race_unmatched,MIMIC race (unmatched cohort),phase2b,phase2b__mimic_cxr_unmatched__densenet121__seed42__pr0.02,densenet121,42,0.02,pleural_effusion,BLACK_OR_AA,sens0.80,0.8000430941607413,0.8364245444889289,0.3330078125,WHITE,1295,6993,0.2972972972972973,0.2903474903474903,-0.0069498069498069,-0.0098901098901099,0.8876603726024576,0.8895122721377547,7852,26023,0.1895058583800305,0.2007131940906775,0.0112073357106469,0.0138277812696417,0.8881451688665607,0.887541150853836,0.8901726138156084,0.8900021216990119,-0.0001704921165964,0.7952334098611566,0.7865966983710506,0.8230759562612594,0.8302400603292974,-0.0019711212839187,0.0896342962568128,0.0004847962641031,0.1077914389172667,False,False,True,-0.0237178911597516,False,False,False,False,False,False,0.0005406977106813394,0.10076044860813067,False,False,,
mimic_race_unmatched,MIMIC race (unmatched cohort),phase2b,phase2b__mimic_cxr_unmatched__densenet121__seed42__pr0.05,densenet121,42,0.05,pleural_effusion,BLACK_OR_AA,sens0.80,0.8000430941607413,0.8364245444889289,0.3330078125,WHITE,1295,6993,0.2972972972972973,0.3405405405405405,0.0432432432432432,0.0615384615384615,0.8876603726024576,0.8885728379936874,7852,26023,0.1895058583800305,0.2245287824758023,0.0350229240957717,0.0432118164676304,0.8881451688665607,0.8876661765304099,0.8901726138156084,0.8900959957617869,-7.661805382153108e-05,0.7952334098611566,0.7590466819722314,0.8230759562612594,0.8483807448992416,-0.0009066614632774,0.1160117580647382,0.0004847962641031,0.1077914389172667,False,False,True,0.0183266450708311,False,False,False,False,False,False,0.0005406977106813394,0.10076044860813067,False,True,,
mimic_race_unmatched,MIMIC race (unmatched cohort),phase2b,phase2b__mimic_cxr_unmatched__densenet121__seed42__pr0.10,densenet121,42,0.1,pleural_effusion,BLACK_OR_AA,sens0.80,0.8000430941607413,0.8364245444889289,0.3330078125,WHITE,1295,6993,0.2972972972972973,0.3181467181467181,0.0208494208494208,0.0296703296703296,0.8876603726024576,0.8895664129254863,7852,26023,0.1895058583800305,0.2097554763117677,0.0202496179317371,0.0249842866121935,0.8881451688665607,0.8876395818094548,0.8901726138156084,0.8902553785353926,8.276471978418964e-05,0.7952334098611566,0.7748988739477425,0.8230759562612594,0.8385353387238678,-0.0019268311160315,0.1083912418349504,0.0004847962641031,0.1077914389172667,False,False,True,0.004686043058136,False,False,False,False,False,False,0.0005406977106813394,0.10076044860813067,False,True,,
mimic_race_unmatched,MIMIC race (unmatched cohort),revision/EXP-3/runs,rev3__mimic_unmatched__densenet121__seed42__pr0.25,densenet121,42,0.25,pleural_effusion,BLACK_OR_AA,sens0.80,0.8000430941607413,0.8364245444889289,0.3330078125,WHITE,1295,6993,0.2972972972972973,0.3289575289575289,0.0316602316602316,0.045054945054945,0.8876603726024576,0.8891561897353403,7852,26023,0.1895058583800305,0.2016046867040244,0.0120988283239938,0.0149277184160905,0.8881451688665607,0.8883030200473102,0.8901726138156084,0.8908219321267649,0.0006493183111564,0.7952334098611566,0.7803651470427463,0.8230759562612594,0.8374879550881897,-0.00085316968803,0.1273528422535045,0.0004847962641031,0.1077914389172667,False,False,True,0.0301272266388545,False,False,False,False,False,False,0.0005406977106813394,0.10076044860813067,False,True,,
mimic_race_unmatched,MIMIC race (unmatched cohort),phase2b,phase2b__mimic_cxr_unmatched__densenet121__seed42__pr0.5,densenet121,42,0.5,pleural_effusion,BLACK_OR_AA,sens0.80,0.8000430941607413,0.8364245444889289,0.3330078125,WHITE,1295,6993,0.2972972972972973,0.3343629343629343,0.037065637065637,0.0527472527472527,0.8876603726024576,0.8848568419996992,7852,26023,0.1895058583800305,0.1855578196637799,-0.0039480387162506,-0.0048711502199874,0.8881451688665607,0.8875240880397194,0.8901726138156084,0.8894077134511169,-0.0007649003644915,0.7952334098611566,0.7933748770088553,0.8230759562612594,0.8219028865892999,0.0026672460400202,0.1488051146991544,0.0004847962641031,0.1077914389172667,False,True,True,0.0576184029672401,False,False,False,False,False,False,0.0005406977106813394,0.10076044860813067,True,True,,
mimic_race_unmatched,MIMIC race (unmatched cohort),revision/EXP-3/runs,rev3__mimic_unmatched__densenet121__seed42__pr0.6,densenet121,42,0.6,pleural_effusion,BLACK_OR_AA,sens0.80,0.8000430941607413,0.8364245444889289,0.3330078125,WHITE,1295,6993,0.2972972972972973,0.3837837837837838,0.0864864864864864,0.1230769230769231,0.8876603726024576,0.88028740017157,7852,26023,0.1895058583800305,0.1883596535914416,-0.0011462047885889,-0.001414204902577,0.8881451688665607,0.8861812876725839,0.8901726138156084,0.8874107294671253,-0.0027618843484831,0.7952334098611566,0.7839728872854488,0.8230759562612594,0.8266370606225648,0.0058938875010138,0.1954241301923421,0.0004847962641031,0.1077914389172667,False,True,True,0.1244911279795001,False,True,False,False,False,False,0.0005406977106813394,0.10076044860813067,True,True,,
mimic_race_unmatched,MIMIC race (unmatched cohort),revision/EXP-3/runs,rev3__mimic_unmatched__densenet121__seed42__pr0.65,densenet121,42,0.65,pleural_effusion,BLACK_OR_AA,sens0.80,0.8000430941607413,0.8364245444889289,0.3330078125,WHITE,1295,6993,0.2972972972972973,0.4162162162162162,0.1189189189189189,0.1692307692307692,0.8876603726024576,0.8814024700125086,7852,26023,0.1895058583800305,0.1985481406011207,0.0090422822210901,0.0111565053425518,0.8881451688665607,0.8854845648570986,0.8901726138156084,0.8868822055087564,-0.003290408306852,0.7952334098611566,0.7706351809336395,0.8230759562612594,0.8327537810549248,0.0040820948445899,0.2176680756150955,0.0004847962641031,0.1077914389172667,False,True,True,0.1580742638882174,False,True,True,False,False,False,0.0005406977106813394,0.10076044860813067,True,True,,
mimic_race_unmatched,MIMIC race (unmatched cohort),phase2b,phase2b__mimic_cxr_unmatched__densenet121__seed42__pr0.75,densenet121,42,0.75,pleural_effusion,BLACK_OR_AA,sens0.80,0.8000430941607413,0.8364245444889289,0.3330078125,WHITE,1295,6993,0.2972972972972973,0.4548262548262548,0.1575289575289575,0.2241758241758241,0.8876603726024576,0.8727898158400089,7852,26023,0.1895058583800305,0.2007131940906775,0.0112073357106469,0.0138277812696417,0.8881451688665607,0.8856811253918699,0.8901726138156084,0.8849155174428067,-0.0052570963728016,0.7952334098611566,0.7633103749863344,0.8230759562612594,0.8387029201055762,0.012891309551861,0.2541130607355772,0.0004847962641031,0.1077914389172667,True,True,True,0.2103480429061824,True,True,True,True,False,False,0.0005406977106813394,0.10076044860813067,True,True,,
mimic_race_unmatched,MIMIC race (unmatched cohort),revision/EXP-3/runs,rev3__mimic_unmatched__densenet121__seed42__pr0.85,densenet121,42,0.85,pleural_effusion,BLACK_OR_AA,sens0.80,0.8000430941607413,0.8364245444889289,0.3330078125,WHITE,1295,6993,0.2972972972972973,0.5420849420849421,0.2447876447876447,0.3483516483516483,0.8876603726024576,0.8644678550083956,7852,26023,0.1895058583800305,0.228222109016811,0.0387162506367804,0.0477686989314896,0.8881451688665607,0.8837586904707537,0.8901726138156084,0.8818100793532286,-0.0083625344623797,0.7952334098611566,0.7273422980212091,0.8230759562612594,0.8555029536218526,0.0192908354623581,0.313862833068131,0.0004847962641031,0.1077914389172667,True,True,True,0.3005829494201587,True,True,True,True,True,False,0.0005406977106813394,0.10076044860813067,True,True,,
mimic_race_unmatched,MIMIC race (unmatched cohort),phase2b,phase2b__mimic_cxr_unmatched__densenet121__seed42__pr0.9,densenet121,42,0.9,pleural_effusion,BLACK_OR_AA,sens0.80,0.8000430941607413,0.8364245444889289,0.3330078125,WHITE,1295,6993,0.2972972972972973,0.57992277992278,0.2826254826254826,0.4021978021978022,0.8876603726024576,0.8548849355799163,7852,26023,0.1895058583800305,0.2232552215995924,0.0337493632195619,0.0416404776869893,0.8881451688665607,0.8835843932463301,0.8901726138156084,0.8792403974020159,-0.0109322164135925,0.7952334098611566,0.7262490434022084,0.8230759562612594,0.8542879886044661,0.0286994576664137,0.3566675583231875,0.0004847962641031,0.1077914389172667,True,True,True,0.3605573245108129,True,True,True,True,True,False,0.0005406977106813394,0.10076044860813067,True,True,,
mimic_race_unmatched,MIMIC race (unmatched cohort),phase2b,phase2b__mimic_cxr_unmatched__densenet121__seed42__pr1.0,densenet121,42,1.0,pleural_effusion,BLACK_OR_AA,sens0.80,0.8000430941607413,0.8364245444889289,0.3330078125,WHITE,1295,6993,0.2972972972972973,0.6061776061776062,0.3088803088803089,0.4395604395604396,0.8876603726024576,0.8465656174150382,7852,26023,0.1895058583800305,0.2619714722363729,0.0724656138563423,0.0894091766184789,0.8881451688665607,0.8826038088434396,0.8901726138156084,0.8767240178540402,-0.0134485959615682,0.7952334098611566,0.6892970372799825,0.8230759562612594,0.8718002429930035,0.0360381914284013,0.3442061339412333,0.0004847962641031,0.1077914389172667,True,True,True,0.3501512629419606,True,True,True,True,True,False,0.0005406977106813394,0.10076044860813067,True,True,,
mimic_race_unmatched,MIMIC race (unmatched cohort),phase2b,phase2b__mimic_cxr_unmatched__densenet121__seed123__pr0.0,densenet121,123,0.0,pleural_effusion,BLACK_OR_AA,sens0.80,0.8000430941607413,0.841326905792957,0.32861328125,WHITE,1295,6993,0.2903474903474903,0.2903474903474903,0.0,0.0,0.8909957568258726,0.8909957568258726,7852,26023,0.1990575649516046,0.1990575649516046,0.0,0.0,0.8880016891379968,0.8880016891379968,0.8907735443081614,0.8907735443081614,0.0,0.7880179293757517,0.7880179293757517,0.8293183627299007,0.8293183627299007,-0.0029940676878758,0.0912899253958856,-0.0029940676878758,0.0912899253958856,False,False,True,0.0,False,False,False,False,False,True,0.0005406977106813394,0.10076044860813067,False,False,False,False
mimic_race_unmatched,MIMIC race (unmatched cohort),phase2b,phase2b__mimic_cxr_unmatched__densenet121__seed123__pr0.005,densenet121,123,0.005,pleural_effusion,BLACK_OR_AA,sens0.80,0.8000430941607413,0.841326905792957,0.32861328125,WHITE,1295,6993,0.2903474903474903,0.3027027027027027,0.0123552123552123,0.0174102285092491,0.8909957568258726,0.8930450432380934,7852,26023,0.1990575649516046,0.2125573102394294,0.0134997452878247,0.0168548258864684,0.8880016891379968,0.8885864400831485,0.8907735443081614,0.8915306124827894,0.000757068174628,0.7880179293757517,0.7746802230239422,0.8293183627299007,0.8390380828689933,-0.0044586031549449,0.0901453924632732,-0.0029940676878758,0.0912899253958856,False,False,True,0.0005554026227807,False,False,False,False,False,False,0.0005406977106813394,0.10076044860813067,False,False,,
mimic_race_unmatched,MIMIC race (unmatched cohort),phase2b,phase2b__mimic_cxr_unmatched__densenet121__seed123__pr0.01,densenet121,123,0.01,pleural_effusion,BLACK_OR_AA,sens0.80,0.8000430941607413,0.841326905792957,0.32861328125,WHITE,1295,6993,0.2903474903474903,0.2972972972972973,0.0069498069498069,0.0097932535364526,0.8909957568258726,0.8906860904930404,7852,26023,0.1990575649516046,0.206571574121243,0.0075140091696383,0.0093814596915248,0.8880016891379968,0.8868120090419668,0.8907735443081614,0.8896555862294951,-0.0011179580786662,0.7880179293757517,0.7805837979665464,0.8293183627299007,0.8344714902174368,-0.0038740814510735,0.0907257231760543,-0.0029940676878758,0.0912899253958856,False,False,True,0.0004117938449277,False,False,False,False,False,False,0.0005406977106813394,0.10076044860813067,False,False,,
mimic_race_unmatched,MIMIC race (unmatched cohort),phase2b,phase2b__mimic_cxr_unmatched__densenet121__seed123__pr0.02,densenet121,123,0.02,pleural_effusion,BLACK_OR_AA,sens0.80,0.8000430941607413,0.841326905792957,0.32861328125,WHITE,1295,6993,0.2903474903474903,0.2942084942084942,0.0038610038610038,0.0054406964091403,0.8909957568258726,0.8919406795854672,7852,26023,0.1990575649516046,0.1977840040753948,-0.0012735608762098,-0.0015900779138177,0.8880016891379968,0.8901923911665801,0.8907735443081614,0.8926247098637403,0.0018511655555789,0.7880179293757517,0.788564556685252,0.8293183627299007,0.8316226067283925,-0.001748288418887,0.0964244901330994,-0.0029940676878758,0.0912899253958856,False,False,True,0.0070307743229581,False,False,False,False,False,False,0.0005406977106813394,0.10076044860813067,False,False,,
mimic_race_unmatched,MIMIC race (unmatched cohort),phase2b,phase2b__mimic_cxr_unmatched__densenet121__seed123__pr0.05,densenet121,123,0.05,pleural_effusion,BLACK_OR_AA,sens0.80,0.8000430941607413,0.841326905792957,0.32861328125,WHITE,1295,6993,0.2903474903474903,0.3019305019305019,0.0115830115830115,0.016322089227421,0.8909957568258726,0.8918816600283781,7852,26023,0.1990575649516046,0.2126846663270504,0.0136271013754457,0.0170138336778502,0.8880016891379968,0.8871909303738221,0.8907735443081614,0.8902978784709146,-0.0004756658372467,0.7880179293757517,0.7746802230239422,0.8293183627299007,0.837236583015627,-0.0046907296545559,0.0892458356034514,-0.0029940676878758,0.0912899253958856,False,False,True,-0.0006917444504291,False,False,False,False,False,False,0.0005406977106813394,0.10076044860813067,False,False,,
mimic_race_unmatched,MIMIC race (unmatched cohort),phase2b,phase2b__mimic_cxr_unmatched__densenet121__seed123__pr0.10,densenet121,123,0.1,pleural_effusion,BLACK_OR_AA,sens0.80,0.8000430941607413,0.841326905792957,0.32861328125,WHITE,1295,6993,0.2903474903474903,0.298069498069498,0.0077220077220077,0.0108813928182807,0.8909957568258726,0.8906911047837689,7852,26023,0.1990575649516046,0.2089913397860417,0.0099337748344371,0.0124026077277786,0.8880016891379968,0.8877969669079948,0.8907735443081614,0.8905897580798234,-0.0001837862283379,0.7880179293757517,0.7783972887285449,0.8293183627299007,0.8363567807616574,-0.002894137875774,0.0890781582834562,-0.0029940676878758,0.0912899253958856,False,False,True,-0.0015212149094979,False,False,False,False,False,False,0.0005406977106813394,0.10076044860813067,False,False,,
mimic_race_unmatched,MIMIC race (unmatched cohort),revision/EXP-3/runs,rev3__mimic_unmatched__densenet121__seed123__pr0.25,densenet121,123,0.25,pleural_effusion,BLACK_OR_AA,sens0.80,0.8000430941607413,0.841326905792957,0.32861328125,WHITE,1295,6993,0.2903474903474903,0.3088803088803089,0.0185328185328185,0.0261153427638737,0.8909957568258726,0.8897434715967534,7852,26023,0.1990575649516046,0.184029546612328,-0.0150280183392766,-0.0187629193830497,0.8880016891379968,0.887582001382519,0.8907735443081614,0.8903445235127675,-0.0004290207953938,0.7880179293757517,0.7982945227943588,0.8293183627299007,0.8219447819347271,-0.0021614702142344,0.1248507622679808,-0.0029940676878758,0.0912899253958856,False,False,True,0.0448782621469235,False,False,False,False,False,False,0.0005406977106813394,0.10076044860813067,False,True,,
mimic_race_unmatched,MIMIC race (unmatched cohort),revision/EXP-3/runs,rev3__mimic_unmatched__densenet121__seed123__pr0.5,densenet121,123,0.5,pleural_effusion,BLACK_OR_AA,sens0.80,0.8000430941607413,0.841326905792957,0.32861328125,WHITE,1295,6993,0.2903474903474903,0.4988416988416988,0.2084942084942084,0.2937976060935799,0.8909957568258726,0.8833791169698506,7852,26023,0.1990575649516046,0.2761079979623026,0.0770504330106979,0.0961997137859755,0.8880016891379968,0.8854252217282732,0.8907735443081614,0.8873478841588707,-0.0034256601492906,0.7880179293757517,0.6923581502131847,0.8293183627299007,0.8803887888055637,0.0020461047584225,0.2227337008793962,-0.0029940676878758,0.0912899253958856,True,True,True,0.1975978923076043,True,True,True,True,False,False,0.0005406977106813394,0.10076044860813067,True,True,,
mimic_race_unmatched,MIMIC race (unmatched cohort),revision/EXP-3/runs,rev3__mimic_unmatched__densenet121__seed123__pr0.6,densenet121,123,0.6,pleural_effusion,BLACK_OR_AA,sens0.80,0.8000430941607413,0.841326905792957,0.32861328125,WHITE,1295,6993,0.2903474903474903,0.4416988416988417,0.1513513513513513,0.2132752992383025,0.8909957568258726,0.8826147086764847,7852,26023,0.1990575649516046,0.2088639836984208,0.0098064187468161,0.0122435999363969,0.8880016891379968,0.8860681593576706,0.8907735443081614,0.8873081987734489,-0.0034653455347124,0.7880179293757517,0.7581720782770307,0.8293183627299007,0.8455737567556244,0.0034534506811858,0.2328348580004209,-0.0029940676878758,0.0912899253958856,True,True,True,0.2010316993019056,True,True,True,True,False,False,0.0005406977106813394,0.10076044860813067,True,True,,
mimic_race_unmatched,MIMIC race (unmatched cohort),revision/EXP-3/runs,rev3__mimic_unmatched__densenet121__seed123__pr0.65,densenet121,123,0.65,pleural_effusion,BLACK_OR_AA,sens0.80,0.8000430941607413,0.841326905792957,0.32861328125,WHITE,1295,6993,0.2903474903474903,0.4640926640926641,0.1737451737451737,0.2448313384113166,0.8909957568258726,0.8816922147037979,7852,26023,0.1990575649516046,0.250254712175242,0.0511971472236373,0.0639211321354746,0.8880016891379968,0.8860621248195911,0.8907735443081614,0.8876738246332292,-0.0030997196749321,0.7880179293757517,0.7194708647644036,0.8293183627299007,0.8672336503414471,0.0043699101157932,0.2138379519174221,-0.0029940676878758,0.0912899253958856,True,True,True,0.1809102062758419,True,True,True,True,False,False,0.0005406977106813394,0.10076044860813067,True,True,,
mimic_race_unmatched,MIMIC race (unmatched cohort),phase2b,phase2b__mimic_cxr_unmatched__densenet121__seed123__pr0.75,densenet121,123,0.75,pleural_effusion,BLACK_OR_AA,sens0.80,0.8000430941607413,0.841326905792957,0.32861328125,WHITE,1295,6993,0.2903474903474903,0.4316602316602316,0.1413127413127413,0.1991294885745375,0.8909957568258726,0.873060045453868,7852,26023,0.1990575649516046,0.1795720835455934,-0.0194854814060111,-0.0243281920814119,0.8880016891379968,0.8853642665857914,0.8907735443081614,0.8846983092908234,-0.0060752350173379,0.7880179293757517,0.7847381655187493,0.8293183627299007,0.8219866772801542,0.0123042211319234,0.2520881481146382,-0.0029940676878758,0.0912899253958856,False,True,True,0.2234576806559494,False,True,True,False,False,False,0.0005406977106813394,0.10076044860813067,True,True,,
mimic_race_unmatched,MIMIC race (unmatched cohort),revision/EXP-3/runs,rev3__mimic_unmatched__densenet121__seed123__pr0.85,densenet121,123,0.85,pleural_effusion,BLACK_OR_AA,sens0.80,0.8000430941607413,0.841326905792957,0.32861328125,WHITE,1295,6993,0.2903474903474903,0.5791505791505791,0.2888030888030887,0.4069640914036995,0.8909957568258726,0.8708360042336876,7852,26023,0.1990575649516046,0.2632450331125828,0.0641874681609781,0.080139926856416,0.8880016891379968,0.8851548099417677,0.8907735443081614,0.8838700277314027,-0.0069035165767586,0.7880179293757517,0.6920301738274844,0.8293183627299007,0.8749004985546106,0.01431880570808,0.3159055460379963,-0.0029940676878758,0.0912899253958856,True,True,True,0.3268241645472836,True,True,True,True,True,False,0.0005406977106813394,0.10076044860813067,True,True,,
mimic_race_unmatched,MIMIC race (unmatched cohort),phase2b,phase2b__mimic_cxr_unmatched__densenet121__seed123__pr0.9,densenet121,123,0.9,pleural_effusion,BLACK_OR_AA,sens0.80,0.8000430941607413,0.841326905792957,0.32861328125,WHITE,1295,6993,0.2903474903474903,0.5884169884169884,0.298069498069498,0.4200217627856365,0.8909957568258726,0.8711271718993727,7852,26023,0.1990575649516046,0.2842587875700458,0.0852012226184411,0.1063762124344093,0.8880016891379968,0.8857557546154124,0.8907735443081614,0.8847580285934747,-0.0060155157146866,0.7880179293757517,0.6726795670711708,0.8293183627299007,0.8868406720013406,0.0146285827160397,0.3041582008469425,-0.0029940676878758,0.0912899253958856,True,True,True,0.3136455503512272,True,True,True,True,True,False,0.0005406977106813394,0.10076044860813067,True,True,,
mimic_race_unmatched,MIMIC race (unmatched cohort),phase2b,phase2b__mimic_cxr_unmatched__densenet121__seed123__pr1.0,densenet121,123,1.0,pleural_effusion,BLACK_OR_AA,sens0.80,0.8000430941607413,0.841326905792957,0.32861328125,WHITE,1295,6993,0.2903474903474903,0.555984555984556,0.2656370656370656,0.3743199129488574,0.8909957568258726,0.8322161403242483,7852,26023,0.1990575649516046,0.2028782475802343,0.0038206826286296,0.0047702337414533,0.8880016891379968,0.884969063916005,0.8907735443081614,0.8760361248627494,-0.0147374194454119,0.7880179293757517,0.747130206625123,0.8293183627299007,0.8423897105031631,0.0527529235917567,0.3531063084043216,-0.0029940676878758,0.0912899253958856,True,True,True,0.369549679207404,True,True,True,True,True,False,0.0005406977106813394,0.10076044860813067,True,True,,
mimic_race_unmatched,MIMIC race (unmatched cohort),phase4,phase4__mimic_cxr_unmatched__efficientnet_b4__seed7__pr0.0,efficientnet_b4,7,0.0,pleural_effusion,BLACK_OR_AA,sens0.80,0.8002585649644474,0.8269466459678079,0.265625,WHITE,1295,6993,0.2795366795366795,0.2795366795366795,0.0,0.0,0.8797790595087892,0.8797790595087892,7852,26023,0.1965104431991849,0.1965104431991849,0.0,0.0,0.8795884321675727,0.8795884321675727,0.8819169429425839,0.8819169429425839,0.0,0.7917349950803542,0.7917349950803542,0.8128115966316142,0.8128115966316142,-0.0001906273412165,0.0830262363374946,-0.0001906273412165,0.0830262363374946,False,False,True,0.0,False,False,False,False,False,True,0.0005406977106813394,0.10076044860813067,False,False,False,False
mimic_race_unmatched,MIMIC race (unmatched cohort),phase4,phase4__mimic_cxr_unmatched__efficientnet_b4__seed7__pr0.5,efficientnet_b4,7,0.5,pleural_effusion,BLACK_OR_AA,sens0.80,0.8002585649644474,0.8269466459678079,0.265625,WHITE,1295,6993,0.2795366795366795,0.3791505791505791,0.0996138996138996,0.1382636655948553,0.8797790595087892,0.8730431052824874,7852,26023,0.1965104431991849,0.2154865002547121,0.0189760570555272,0.0236170550007925,0.8795884321675727,0.8778021703479032,0.8819169429425839,0.8797165075213779,-0.002200435421206,0.7917349950803542,0.7613425166721329,0.8128115966316142,0.8306171184381416,0.0047590650654157,0.1636640788958669,-0.0001906273412165,0.0830262363374946,False,True,True,0.1146466105940628,False,True,False,False,False,False,0.0005406977106813394,0.10076044860813067,True,True,,
mimic_race_unmatched,MIMIC race (unmatched cohort),phase4,phase4__mimic_cxr_unmatched__efficientnet_b4__seed7__pr0.75,efficientnet_b4,7,0.75,pleural_effusion,BLACK_OR_AA,sens0.80,0.8002585649644474,0.8269466459678079,0.265625,WHITE,1295,6993,0.2795366795366795,0.4339768339768339,0.1544401544401544,0.2143622722400857,0.8797790595087892,0.8717164865813515,7852,26023,0.1965104431991849,0.2082272032603158,0.0117167600611309,0.0145823426850531,0.8795884321675727,0.8779027670088257,0.8819169429425839,0.8790412697000244,-0.0028756732425595,0.7917349950803542,0.7598119602055319,0.8128115966316142,0.833130839163769,0.0061862804274742,0.2257496307165181,-0.0001906273412165,0.0830262363374946,True,True,True,0.1997799295550326,True,True,True,True,False,False,0.0005406977106813394,0.10076044860813067,True,True,,
mimic_race_unmatched,MIMIC race (unmatched cohort),phase4,phase4__mimic_cxr_unmatched__efficientnet_b4__seed7__pr1.0,efficientnet_b4,7,1.0,pleural_effusion,BLACK_OR_AA,sens0.80,0.8002585649644474,0.8269466459678079,0.265625,WHITE,1295,6993,0.2795366795366795,0.4131274131274131,0.1335907335907336,0.1854233654876741,0.8797790595087892,0.8593767914231234,7852,26023,0.1965104431991849,0.1700203769740193,-0.0264900662251655,-0.032968774766207,0.8795884321675727,0.8749427735151931,0.8819169429425839,0.873703923152605,-0.0082130197899789,0.7917349950803542,0.7955613862468569,0.8128115966316142,0.7965980979513176,0.0155659820920697,0.2431070361533937,-0.0001906273412165,0.0830262363374946,False,True,True,0.2183921402538811,False,True,True,False,False,False,0.0005406977106813394,0.10076044860813067,True,True,,
mimic_race_unmatched,MIMIC race (unmatched cohort),phase4,phase4__mimic_cxr_unmatched__efficientnet_b4__seed42__pr0.0,efficientnet_b4,42,0.0,pleural_effusion,BLACK_OR_AA,sens0.80,0.8000430941607413,0.8250674074679304,0.276611328125,WHITE,1295,6993,0.2872586872586872,0.2872586872586872,0.0,0.0,0.8824735631685439,0.8824735631685439,7852,26023,0.1907794192562404,0.1907794192562404,0.0,0.0,0.8817877935129934,0.8817877935129934,0.8841648043345154,0.8841648043345154,0.0,0.7955613862468569,0.7955613862468569,0.8102559805605597,0.8102559805605597,-0.0006857696555504,0.0964792680024468,-0.0006857696555504,0.0964792680024468,False,False,True,0.0,False,False,False,False,False,True,0.0005406977106813394,0.10076044860813067,False,False,False,False
mimic_race_unmatched,MIMIC race (unmatched cohort),phase4,phase4__mimic_cxr_unmatched__efficientnet_b4__seed42__pr0.5,efficientnet_b4,42,0.5,pleural_effusion,BLACK_OR_AA,sens0.80,0.8000430941607413,0.8250674074679304,0.276611328125,WHITE,1295,6993,0.2872586872586872,0.3652509652509652,0.0779922779922779,0.1094257854821235,0.8824735631685439,0.8778590604845431,7852,26023,0.1907794192562404,0.1926897605705552,0.0019103413143148,0.002360717658168,0.8817877935129934,0.8801190965501702,0.8841648043345154,0.8821658645931718,-0.0019989397413435,0.7955613862468569,0.782879632666448,0.8102559805605597,0.8194310612090997,0.002260036065627,0.1725612046804099,-0.0006857696555504,0.0964792680024468,False,True,True,0.1070650678239554,False,True,False,False,False,False,0.0005406977106813394,0.10076044860813067,True,True,,
mimic_race_unmatched,MIMIC race (unmatched cohort),phase4,phase4__mimic_cxr_unmatched__efficientnet_b4__seed42__pr0.75,efficientnet_b4,42,0.75,pleural_effusion,BLACK_OR_AA,sens0.80,0.8000430941607413,0.8250674074679304,0.276611328125,WHITE,1295,6993,0.2872586872586872,0.4231660231660231,0.1359073359073359,0.1906825568797399,0.8824735631685439,0.8673803447934721,7852,26023,0.1907794192562404,0.1988028527763627,0.0080234335201222,0.0099150141643059,0.8817877935129934,0.8778007896231625,0.8841648043345154,0.8780228308151309,-0.0061419735193845,0.7955613862468569,0.7694326008527386,0.8102559805605597,0.8259248397503037,0.0104204448296904,0.2243631703896604,-0.0006857696555504,0.0964792680024468,False,True,True,0.180767542715434,False,True,True,False,False,False,0.0005406977106813394,0.10076044860813067,True,True,,
mimic_race_unmatched,MIMIC race (unmatched cohort),phase4,phase4__mimic_cxr_unmatched__efficientnet_b4__seed42__pr1.0,efficientnet_b4,42,1.0,pleural_effusion,BLACK_OR_AA,sens0.80,0.8000430941607413,0.8250674074679304,0.276611328125,WHITE,1295,6993,0.2872586872586872,0.5096525096525096,0.2223938223938223,0.3120260021668472,0.8824735631685439,0.8474392559334644,7852,26023,0.1907794192562404,0.2101375445746306,0.0193581253183902,0.0239219389361032,0.8817877935129934,0.8744477731825575,0.8841648043345154,0.8708275766165308,-0.0133372277179846,0.7955613862468569,0.7474581830108232,0.8102559805605597,0.8304076417110059,0.0270085172490931,0.299514965077879,-0.0006857696555504,0.0964792680024468,True,True,True,0.288104063230744,True,True,True,True,True,False,0.0005406977106813394,0.10076044860813067,True,True,,
mimic_race_unmatched,MIMIC race (unmatched cohort),phase4,phase4__mimic_cxr_unmatched__efficientnet_b4__seed123__pr0.0,efficientnet_b4,123,0.0,pleural_effusion,BLACK_OR_AA,sens0.80,0.8000430941607413,0.821145518424708,0.2587890625,WHITE,1295,6993,0.2772200772200772,0.2772200772200772,0.0,0.0,0.8846030104717364,0.8846030104717364,7852,26023,0.1900152827305145,0.1900152827305145,0.0,0.0,0.880029079604963,0.880029079604963,0.8831660329486122,0.8831660329486122,0.0,0.7976385700229583,0.7976385700229583,0.8121831664502074,0.8121831664502074,-0.0045739308667733,0.0872047944895627,-0.0045739308667733,0.0872047944895627,False,False,True,0.0,False,False,False,False,False,True,0.0005406977106813394,0.10076044860813067,False,False,False,False
mimic_race_unmatched,MIMIC race (unmatched cohort),phase4,phase4__mimic_cxr_unmatched__efficientnet_b4__seed123__pr0.75,efficientnet_b4,123,0.75,pleural_effusion,BLACK_OR_AA,sens0.80,0.8000430941607413,0.821145518424708,0.2587890625,WHITE,1295,6993,0.2772200772200772,0.4115830115830116,0.1343629343629343,0.1858974358974358,0.8846030104717364,0.8781844472964164,7852,26023,0.1900152827305145,0.2142129393785023,0.0241976566479877,0.029874213836478,0.880029079604963,0.8777826019038638,0.8831660329486122,0.8802564889200644,-0.0029095440285478,0.7976385700229583,0.7578441018913304,0.8121831664502074,0.8334660019271859,-0.0004018453925526,0.1973700722045092,-0.0045739308667733,0.0872047944895627,False,True,True,0.1560232220609578,False,True,True,False,False,False,0.0005406977106813394,0.10076044860813067,False,True,,
mimic_race_unmatched,MIMIC race (unmatched cohort),phase4,phase4__mimic_cxr_unmatched__efficientnet_b4__seed123__pr1.0,efficientnet_b4,123,1.0,pleural_effusion,BLACK_OR_AA,sens0.80,0.8000430941607413,0.821145518424708,0.2587890625,WHITE,1295,6993,0.2772200772200772,0.5088803088803089,0.2316602316602316,0.3205128205128205,0.8846030104717364,0.8615439814281513,7852,26023,0.1900152827305145,0.2152317880794702,0.0252165053489556,0.0311320754716981,0.880029079604963,0.8747555906946497,0.8831660329486122,0.8741020457299764,-0.0090639872186357,0.7976385700229583,0.7431944899967202,0.8121831664502074,0.8334241065817588,0.0132116092664984,0.2936485208008387,-0.0045739308667733,0.0872047944895627,True,True,True,0.2893807450411224,True,True,True,True,True,False,0.0005406977106813394,0.10076044860813067,True,True,,
mimic_race_unmatched,MIMIC race (unmatched cohort),phase4,phase4__mimic_cxr_unmatched__resnet50__seed7__pr0.0,resnet50,7,0.0,pleural_effusion,BLACK_OR_AA,sens0.80,0.8002585649644474,0.8245771713375276,0.257568359375,WHITE,1295,6993,0.2857142857142857,0.2857142857142857,0.0,0.0,0.8825836742825159,0.8825836742825159,7852,26023,0.1920529801324503,0.1920529801324503,0.0,0.0,0.8824746164620012,0.8824746164620012,0.884826246509162,0.884826246509162,0.0,0.7946867825516563,0.7946867825516563,0.8142779337215635,0.8142779337215635,-0.0001090578205147,0.0936613055818353,-0.0001090578205147,0.0936613055818353,False,False,True,0.0,False,False,False,False,False,True,0.0005406977106813394,0.10076044860813067,False,False,False,False
mimic_race_unmatched,MIMIC race (unmatched cohort),phase4,phase4__mimic_cxr_unmatched__resnet50__seed7__pr0.5,resnet50,7,0.5,pleural_effusion,BLACK_OR_AA,sens0.80,0.8002585649644474,0.8245771713375276,0.257568359375,WHITE,1295,6993,0.2857142857142857,0.3436293436293436,0.0579150579150579,0.081081081081081,0.8825836742825159,0.8774989124409973,7852,26023,0.1920529801324503,0.1891237901171676,-0.0029291900152827,-0.0036254728877679,0.8824746164620012,0.8795467475970413,0.884826246509162,0.8816487934948927,-0.0031774530142693,0.7946867825516563,0.7890018585328523,0.8142779337215635,0.8131467593950312,0.002047835156044,0.154505553512176,-0.0001090578205147,0.0936613055818353,False,True,True,0.084706553968849,False,False,False,False,False,False,0.0005406977106813394,0.10076044860813067,True,True,,
mimic_race_unmatched,MIMIC race (unmatched cohort),phase4,phase4__mimic_cxr_unmatched__resnet50__seed7__pr0.75,resnet50,7,0.75,pleural_effusion,BLACK_OR_AA,sens0.80,0.8002585649644474,0.8245771713375276,0.257568359375,WHITE,1295,6993,0.2857142857142857,0.3899613899613899,0.1042471042471042,0.1459459459459459,0.8825836742825159,0.8702639685265168,7852,26023,0.1920529801324503,0.1786805909322465,-0.0133723892002037,-0.0165510718789407,0.8824746164620012,0.877950713901975,0.884826246509162,0.8787494313131675,-0.0060768151959944,0.7946867825516563,0.791407018694654,0.8142779337215635,0.8060245506724203,0.0076867453754582,0.2112807990291434,-0.0001090578205147,0.0936613055818353,False,True,True,0.1624970178248867,False,True,False,False,False,False,0.0005406977106813394,0.10076044860813067,True,True,,
mimic_race_unmatched,MIMIC race (unmatched cohort),phase4,phase4__mimic_cxr_unmatched__resnet50__seed7__pr1.0,resnet50,7,1.0,pleural_effusion,BLACK_OR_AA,sens0.80,0.8002585649644474,0.8245771713375276,0.257568359375,WHITE,1295,6993,0.2857142857142857,0.4926640926640926,0.2069498069498069,0.2897297297297297,0.8825836742825159,0.8393285729193065,7852,26023,0.1920529801324503,0.1891237901171676,-0.0029291900152827,-0.0036254728877679,0.8824746164620012,0.8760474724565039,0.884826246509162,0.87091565211067,-0.0139105943984919,0.7946867825516563,0.7679020443861375,0.8142779337215635,0.8171268172106079,0.0367188995371974,0.3035403025469251,-0.0001090578205147,0.0936613055818353,True,True,True,0.2933552026174977,True,True,True,True,False,False,0.0005406977106813394,0.10076044860813067,True,True,,
mimic_race_unmatched,MIMIC race (unmatched cohort),phase4,phase4__mimic_cxr_unmatched__resnet50__seed42__pr0.0,resnet50,42,0.0,pleural_effusion,BLACK_OR_AA,sens0.80,0.8000430941607413,0.8270283519895416,0.2310791015625,WHITE,1295,6993,0.2833976833976834,0.2833976833976834,0.0,0.0,0.8834749983398632,0.8834749983398632,7852,26023,0.1872134488028528,0.1872134488028528,0.0,0.0,0.8827546162253855,0.8827546162253855,0.8852224064588395,0.8852224064588395,0.0,0.7991691264895594,0.7991691264895594,0.8138589802672923,0.8138589802672923,-0.0007203821144776,0.0961842345948306,-0.0007203821144776,0.0961842345948306,False,False,True,0.0,False,False,False,False,False,True,0.0005406977106813394,0.10076044860813067,False,False,False,False
mimic_race_unmatched,MIMIC race (unmatched cohort),phase4,phase4__mimic_cxr_unmatched__resnet50__seed42__pr0.5,resnet50,42,0.5,pleural_effusion,BLACK_OR_AA,sens0.80,0.8000430941607413,0.8270283519895416,0.2310791015625,WHITE,1295,6993,0.2833976833976834,0.3266409266409266,0.0432432432432432,0.0603448275862069,0.8834749983398632,0.8796894798825301,7852,26023,0.1872134488028528,0.1752419765664798,-0.0119714722363729,-0.0147289251018489,0.8827546162253855,0.8820167625310162,0.8852224064588395,0.8839764653595549,-0.0012459410992846,0.7991691264895594,0.8033234940417623,0.8138589802672923,0.8090410155431732,0.0023272826484861,0.1513989500744467,-0.0007203821144776,0.0961842345948306,False,True,True,0.0750737526880558,False,False,False,False,False,False,0.0005406977106813394,0.10076044860813067,True,True,,
mimic_race_unmatched,MIMIC race (unmatched cohort),phase4,phase4__mimic_cxr_unmatched__resnet50__seed42__pr0.75,resnet50,42,0.75,pleural_effusion,BLACK_OR_AA,sens0.80,0.8000430941607413,0.8270283519895416,0.2310791015625,WHITE,1295,6993,0.2833976833976834,0.393050193050193,0.1096525096525096,0.1530172413793104,0.8834749983398632,0.8745067360897476,7852,26023,0.1872134488028528,0.184029546612328,-0.0031839021905247,-0.0039172673143215,0.8827546162253855,0.879838900541645,0.8852224064588395,0.8810022576722403,-0.0042201487865992,0.7991691264895594,0.7863780474472505,0.8138589802672923,0.8136913988855838,0.0053321644518974,0.209020646437865,-0.0007203821144776,0.0961842345948306,False,True,True,0.1569345086936319,False,True,True,False,False,False,0.0005406977106813394,0.10076044860813067,True,True,,
mimic_race_unmatched,MIMIC race (unmatched cohort),phase4,phase4__mimic_cxr_unmatched__resnet50__seed42__pr1.0,resnet50,42,1.0,pleural_effusion,BLACK_OR_AA,sens0.80,0.8000430941607413,0.8270283519895416,0.2310791015625,WHITE,1295,6993,0.2833976833976834,0.4617760617760618,0.1783783783783784,0.2489224137931034,0.8834749983398632,0.8427603805982185,7852,26023,0.1872134488028528,0.1594498217014773,-0.0277636271013754,-0.0341585709808837,0.8827546162253855,0.8773817151337495,0.8852224064588395,0.872517884565091,-0.0127045218937484,0.7991691264895594,0.7977478954848585,0.8138589802672923,0.7934140516988563,0.034621334535531,0.3023262400745844,-0.0007203821144776,0.0961842345948306,True,True,True,0.2830809847739872,True,True,True,True,False,False,0.0005406977106813394,0.10076044860813067,True,True,,
mimic_race_unmatched,MIMIC race (unmatched cohort),phase4,phase4__mimic_cxr_unmatched__resnet50__seed123__pr0.0,resnet50,123,0.0,pleural_effusion,BLACK_OR_AA,sens0.80,0.8000430941607413,0.8215540485333769,0.26611328125,WHITE,1295,6993,0.277992277992278,0.277992277992278,0.0,0.0,0.8830844935092039,0.8830844935092039,7852,26023,0.1892511462047885,0.1892511462047885,0.0,0.0,0.8814379199663535,0.8814379199663535,0.8841118843803155,0.8841118843803155,0.0,0.7981851973324587,0.7981851973324587,0.808328794670912,0.808328794670912,-0.0016465735428504,0.0887411317874894,-0.0016465735428504,0.0887411317874894,False,False,True,0.0,False,False,False,False,False,True,0.0005406977106813394,0.10076044860813067,False,False,False,False
mimic_race_unmatched,MIMIC race (unmatched cohort),phase4,phase4__mimic_cxr_unmatched__resnet50__seed123__pr0.5,resnet50,123,0.5,pleural_effusion,BLACK_OR_AA,sens0.80,0.8000430941607413,0.8215540485333769,0.26611328125,WHITE,1295,6993,0.277992277992278,0.338996138996139,0.061003861003861,0.0844919786096256,0.8830844935092039,0.8785941284010782,7852,26023,0.1892511462047885,0.183902190524707,-0.0053489556800815,-0.0065975494816211,0.8814379199663535,0.88134328775596,0.8841118843803155,0.883222571282924,-0.0008893130973914,0.7981851973324587,0.7941401552421559,0.808328794670912,0.8086639574343291,0.0027491593548818,0.1550939484714319,-0.0016465735428504,0.0887411317874894,False,True,True,0.0910895280912467,False,False,False,False,False,False,0.0005406977106813394,0.10076044860813067,True,True,,
mimic_race_unmatched,MIMIC race (unmatched cohort),phase4,phase4__mimic_cxr_unmatched__resnet50__seed123__pr0.75,resnet50,123,0.75,pleural_effusion,BLACK_OR_AA,sens0.80,0.8000430941607413,0.8215540485333769,0.26611328125,WHITE,1295,6993,0.277992277992278,0.3583011583011583,0.0803088803088802,0.1112299465240641,0.8830844935092039,0.871560840286709,7852,26023,0.1892511462047885,0.1572847682119205,-0.031966377992868,-0.0394282123782595,0.8814379199663535,0.8789316942995244,0.8841118843803155,0.8796345306008078,-0.0044773537795077,0.7981851973324587,0.81425604023177,0.808328794670912,0.7908584356278018,0.0073708540128154,0.2010163900892377,-0.0016465735428504,0.0887411317874894,False,True,True,0.1506581589023236,False,True,False,False,False,False,0.0005406977106813394,0.10076044860813067,True,True,,
mimic_race_unmatched,MIMIC race (unmatched cohort),phase4,phase4__mimic_cxr_unmatched__resnet50__seed123__pr1.0,resnet50,123,1.0,pleural_effusion,BLACK_OR_AA,sens0.80,0.8000430941607413,0.8215540485333769,0.26611328125,WHITE,1295,6993,0.277992277992278,0.4918918918918919,0.2138996138996139,0.2962566844919787,0.8830844935092039,0.8442471855599268,7852,26023,0.1892511462047885,0.195109526235354,0.0058583800305654,0.0072258875274897,0.8814379199663535,0.8770752292851128,0.8841118843803155,0.8725470720679592,-0.0115648123123562,0.7981851973324587,0.762873073138734,0.808328794670912,0.8231597469521136,0.0328280437251859,0.2967823656565378,-0.0016465735428504,0.0887411317874894,True,True,True,0.2890307969644888,True,True,True,True,False,False,0.0005406977106813394,0.10076044860813067,True,True,,
mimic_race_unmatched,MIMIC race (unmatched cohort),phase4,phase4__mimic_cxr_unmatched__swin_tiny_patch4_window7_224__seed7__pr0.0,swin_tiny_patch4_window7_224,7,0.0,pleural_effusion,BLACK_OR_AA,sens0.80,0.8002585649644474,0.8384671950322738,0.333740234375,WHITE,1295,6993,0.2849420849420849,0.2849420849420849,0.0,0.0,0.8909214911145411,0.8909214911145411,7852,26023,0.1915435557819663,0.1915435557819663,0.0,0.0,0.8908358894963798,0.8908358894963798,0.8929652887467558,0.8929652887467558,0.0,0.7952334098611566,0.7952334098611566,0.8263018978591479,0.8263018978591479,-8.560161816129064e-05,0.0933985291601185,-8.560161816129064e-05,0.0933985291601185,False,False,True,0.0,False,False,False,False,False,True,0.0005406977106813394,0.10076044860813067,False,False,False,False
mimic_race_unmatched,MIMIC race (unmatched cohort),phase4,phase4__mimic_cxr_unmatched__swin_tiny_patch4_window7_224__seed7__pr0.5,swin_tiny_patch4_window7_224,7,0.5,pleural_effusion,BLACK_OR_AA,sens0.80,0.8002585649644474,0.8384671950322738,0.333740234375,WHITE,1295,6993,0.2849420849420849,0.4177606177606177,0.1328185328185328,0.1857451403887688,0.8909214911145411,0.890168602137714,7852,26023,0.1915435557819663,0.227967396841569,0.0364238410596026,0.0450535601764335,0.8908358894963798,0.8899472459419518,0.8929652887467558,0.8922979060164057,-0.0006673827303501,0.7952334098611566,0.7451623483109217,0.8263018978591479,0.8553772675855712,-0.0002213561957621,0.1897932209190487,-8.560161816129064e-05,0.0933985291601185,False,True,True,0.1406915802123353,False,True,True,False,False,False,0.0005406977106813394,0.10076044860813067,False,True,,
mimic_race_unmatched,MIMIC race (unmatched cohort),phase4,phase4__mimic_cxr_unmatched__swin_tiny_patch4_window7_224__seed7__pr0.75,swin_tiny_patch4_window7_224,7,0.75,pleural_effusion,BLACK_OR_AA,sens0.80,0.8002585649644474,0.8384671950322738,0.333740234375,WHITE,1295,6993,0.2849420849420849,0.572972972972973,0.288030888030888,0.4028077753779698,0.8909214911145411,0.8835053551269767,7852,26023,0.1915435557819663,0.2848955680081508,0.0933520122261844,0.1154694391934467,0.8908358894963798,0.8878887605726018,0.8929652887467558,0.8890091282707184,-0.0039561604760374,0.7952334098611566,0.674319448999672,0.8263018978591479,0.8878042649461645,0.004383405445625,0.2880774049648222,-8.560161816129064e-05,0.0933985291601185,True,True,True,0.287338336184523,True,True,True,True,True,False,0.0005406977106813394,0.10076044860813067,True,True,,
mimic_race_unmatched,MIMIC race (unmatched cohort),phase4,phase4__mimic_cxr_unmatched__swin_tiny_patch4_window7_224__seed7__pr1.0,swin_tiny_patch4_window7_224,7,1.0,pleural_effusion,BLACK_OR_AA,sens0.80,0.8002585649644474,0.8384671950322738,0.333740234375,WHITE,1295,6993,0.2849420849420849,0.4718146718146718,0.1868725868725868,0.2613390928725702,0.8909214911145411,0.8682125815330448,7852,26023,0.1915435557819663,0.1998217014773306,0.0082781456953642,0.0102394454946439,0.8908358894963798,0.8856613221545373,0.8929652887467558,0.8844426432545198,-0.008522645492236,0.7952334098611566,0.7616704930578332,0.8263018978591479,0.8376555364698982,0.0174487406214924,0.2719929703373411,-8.560161816129064e-05,0.0933985291601185,True,True,True,0.2510996473779262,True,True,True,True,False,False,0.0005406977106813394,0.10076044860813067,True,True,,
mimic_race_unmatched,MIMIC race (unmatched cohort),phase4,phase4__mimic_cxr_unmatched__swin_tiny_patch4_window7_224__seed42__pr0.0,swin_tiny_patch4_window7_224,42,0.0,pleural_effusion,BLACK_OR_AA,sens0.80,0.8000430941607413,0.8384671950322738,0.278564453125,WHITE,1295,6993,0.2787644787644787,0.2787644787644787,0.0,0.0,0.8917275044688173,0.8917275044688173,7852,26023,0.1920529801324503,0.1920529801324503,0.0,0.0,0.8901881403566554,0.8901881403566554,0.8925717807490846,0.8925717807490846,0.0,0.7956707117087569,0.7956707117087569,0.8259248397503037,0.8259248397503037,-0.0015393641121619,0.0867114986320284,-0.0015393641121619,0.0867114986320284,False,False,True,0.0,False,False,False,False,False,True,0.0005406977106813394,0.10076044860813067,False,False,False,False
mimic_race_unmatched,MIMIC race (unmatched cohort),phase4,phase4__mimic_cxr_unmatched__swin_tiny_patch4_window7_224__seed42__pr0.5,swin_tiny_patch4_window7_224,42,0.5,pleural_effusion,BLACK_OR_AA,sens0.80,0.8000430941607413,0.8384671950322738,0.278564453125,WHITE,1295,6993,0.2787644787644787,0.427027027027027,0.1482625482625483,0.2055674518201285,0.8917275044688173,0.8895756961394027,7852,26023,0.1920529801324503,0.2475802343352012,0.0555272542027508,0.0687263556116014,0.8901881403566554,0.8886889746648363,0.8925717807490846,0.8911814067403542,-0.0013903740087304,0.7956707117087569,0.7270143216355089,0.8259248397503037,0.8639658133981315,-0.0008867214745663,0.1794467926918258,-0.0015393641121619,0.0867114986320284,True,True,True,0.136841096208527,True,True,True,True,False,False,0.0005406977106813394,0.10076044860813067,False,True,,
mimic_race_unmatched,MIMIC race (unmatched cohort),phase4,phase4__mimic_cxr_unmatched__swin_tiny_patch4_window7_224__seed42__pr0.75,swin_tiny_patch4_window7_224,42,0.75,pleural_effusion,BLACK_OR_AA,sens0.80,0.8000430941607413,0.8384671950322738,0.278564453125,WHITE,1295,6993,0.2787644787644787,0.5127413127413127,0.233976833976834,0.3244111349036402,0.8917275044688173,0.8782273398103514,7852,26023,0.1920529801324503,0.22809475292919,0.0360417727967396,0.044609079445145,0.8901881403566554,0.8870172534242184,0.8925717807490846,0.8871689277809482,-0.0054028529681363,0.7956707117087569,0.7316059910353121,0.8259248397503037,0.8561313838032595,0.008789913613867,0.2846465598121227,-0.0015393641121619,0.0867114986320284,True,True,True,0.2798020554584952,True,True,True,True,True,False,0.0005406977106813394,0.10076044860813067,True,True,,
mimic_race_unmatched,MIMIC race (unmatched cohort),phase4,phase4__mimic_cxr_unmatched__swin_tiny_patch4_window7_224__seed42__pr1.0,swin_tiny_patch4_window7_224,42,1.0,pleural_effusion,BLACK_OR_AA,sens0.80,0.8000430941607413,0.8384671950322738,0.278564453125,WHITE,1295,6993,0.2787644787644787,0.555984555984556,0.2772200772200772,0.3843683083511777,0.8917275044688173,0.8652489324303996,7852,26023,0.1920529801324503,0.227330616403464,0.0352776362710137,0.0436633039092055,0.8901881403566554,0.8871670585541954,0.8925717807490846,0.8844908020617237,-0.0080809786873609,0.7956707117087569,0.7261397179403083,0.8259248397503037,0.8586451045288869,0.0219181261237958,0.3286539395810919,-0.0015393641121619,0.0867114986320284,True,True,True,0.3407050044419722,True,True,True,True,True,False,0.0005406977106813394,0.10076044860813067,True,True,,
mimic_race_unmatched,MIMIC race (unmatched cohort),phase4,phase4__mimic_cxr_unmatched__swin_tiny_patch4_window7_224__seed123__pr0.0,swin_tiny_patch4_window7_224,123,0.0,pleural_effusion,BLACK_OR_AA,sens0.80,0.8000430941607413,0.8380586649236049,0.255615234375,WHITE,1295,6993,0.2841698841698841,0.2841698841698841,0.0,0.0,0.8915074177622441,0.8915074177622441,7852,26023,0.194982170147733,0.194982170147733,0.0,0.0,0.8901226225146499,0.8901226225146499,0.8924887435057349,0.8924887435057349,0.0,0.7923909478517547,0.7923909478517547,0.8259248397503037,0.8259248397503037,-0.0013847952475941,0.089187714022151,-0.0013847952475941,0.089187714022151,False,False,True,0.0,False,False,False,False,False,True,0.0005406977106813394,0.10076044860813067,False,False,False,False
mimic_race_unmatched,MIMIC race (unmatched cohort),phase4,phase4__mimic_cxr_unmatched__swin_tiny_patch4_window7_224__seed123__pr0.5,swin_tiny_patch4_window7_224,123,0.5,pleural_effusion,BLACK_OR_AA,sens0.80,0.8000430941607413,0.8380586649236049,0.255615234375,WHITE,1295,6993,0.2841698841698841,0.3714285714285714,0.0872586872586873,0.121898597626753,0.8915074177622441,0.8898387431205964,7852,26023,0.194982170147733,0.1926897605705552,-0.0022924095771777,-0.0028476506881822,0.8901226225146499,0.8888281019565276,0.8924887435057349,0.8912324396406219,-0.0012563038651129,0.7923909478517547,0.7820050289712474,0.8259248397503037,0.8346809669445725,-0.0010106411640687,0.1787388108580161,-0.0013847952475941,0.089187714022151,False,True,True,0.1247462483149352,False,True,False,False,False,False,0.0005406977106813394,0.10076044860813067,False,True,,
mimic_race_unmatched,MIMIC race (unmatched cohort),phase4,phase4__mimic_cxr_unmatched__swin_tiny_patch4_window7_224__seed123__pr0.75,swin_tiny_patch4_window7_224,123,0.75,pleural_effusion,BLACK_OR_AA,sens0.80,0.8000430941607413,0.8380586649236049,0.255615234375,WHITE,1295,6993,0.2841698841698841,0.4223938223938224,0.1382239382239382,0.1930960086299892,0.8915074177622441,0.8835897171804508,7852,26023,0.194982170147733,0.1747325522159959,-0.0202496179317371,-0.0251542477456098,0.8901226225146499,0.8874521957350154,0.8924887435057349,0.8884989000330569,-0.003989843472678,0.7923909478517547,0.7902044386137531,0.8259248397503037,0.8210649796807574,0.0038624785545646,0.2476612701778264,-0.0013847952475941,0.089187714022151,False,True,True,0.218250256375599,False,True,True,False,False,False,0.0005406977106813394,0.10076044860813067,True,True,,
mimic_race_unmatched,MIMIC race (unmatched cohort),phase4,phase4__mimic_cxr_unmatched__swin_tiny_patch4_window7_224__seed123__pr1.0,swin_tiny_patch4_window7_224,123,1.0,pleural_effusion,BLACK_OR_AA,sens0.80,0.8000430941607413,0.8380586649236049,0.255615234375,WHITE,1295,6993,0.2841698841698841,0.461003861003861,0.1768339768339768,0.2470334412081984,0.8915074177622441,0.8681793787971395,7852,26023,0.194982170147733,0.2054253693326541,0.010443199184921,0.0129726309128302,0.8901226225146499,0.8850706943682942,0.8924887435057349,0.8837062456488121,-0.0087824978569228,0.7923909478517547,0.7583907292008308,0.8259248397503037,0.8381163852695965,0.0168913155711547,0.2555784916712069,-0.0013847952475941,0.089187714022151,True,True,True,0.2340608102953682,True,True,True,True,False,False,0.0005406977106813394,0.10076044860813067,True,True,,
mimic_race_unmatched,MIMIC race (unmatched cohort),phase4,phase4__mimic_cxr_unmatched__vit_base_patch16_224__seed7__pr0.0,vit_base_patch16_224,7,0.0,pleural_effusion,BLACK_OR_AA,sens0.80,0.8000430941607413,0.822779638859384,0.28759765625,WHITE,1295,6993,0.2671814671814672,0.2671814671814672,0.0,0.0,0.8822147173498526,0.8822147173498526,7852,26023,0.1912888436067244,0.1912888436067244,0.0,0.0,0.8830721899244773,0.8830721899244773,0.8851663971408605,0.8851663971408605,0.0,0.7979665464086586,0.7979665464086586,0.8119736897230717,0.8119736897230717,0.0008574725746247,0.0758926235747427,0.0008574725746247,0.0758926235747427,False,False,True,0.0,False,False,False,False,False,True,0.0005406977106813394,0.10076044860813067,True,False,True,False
mimic_race_unmatched,MIMIC race (unmatched cohort),phase4,phase4__mimic_cxr_unmatched__vit_base_patch16_224__seed7__pr0.5,vit_base_patch16_224,7,0.5,pleural_effusion,BLACK_OR_AA,sens0.80,0.8000430941607413,0.822779638859384,0.28759765625,WHITE,1295,6993,0.2671814671814672,0.4038610038610039,0.1366795366795367,0.1865121180189673,0.8822147173498526,0.879264823666368,7852,26023,0.1912888436067244,0.2399388690779419,0.0486500254712175,0.0601574803149606,0.8830721899244773,0.880422747357398,0.8851663971408605,0.8826834601275557,-0.0024829370133048,0.7979665464086586,0.7368536132065158,0.8119736897230717,0.8503917214797436,0.0011579236910299,0.1639221347830619,0.0008574725746247,0.0758926235747427,False,True,True,0.1263546377040067,False,True,True,False,False,False,0.0005406977106813394,0.10076044860813067,True,True,,
mimic_race_unmatched,MIMIC race (unmatched cohort),phase4,phase4__mimic_cxr_unmatched__vit_base_patch16_224__seed7__pr0.75,vit_base_patch16_224,7,0.75,pleural_effusion,BLACK_OR_AA,sens0.80,0.8000430941607413,0.822779638859384,0.28759765625,WHITE,1295,6993,0.2671814671814672,0.4872586872586872,0.22007722007722,0.3003161222339304,0.8822147173498526,0.8720790062488906,7852,26023,0.1912888436067244,0.271395822720326,0.0801069791136016,0.0990551181102362,0.8830721899244773,0.8782881083602868,0.8851663971408605,0.8797747657313003,-0.0053916314095602,0.7979665464086586,0.6980430742319886,0.8119736897230717,0.8676944991411454,0.0062091021113962,0.2158628645383612,0.0008574725746247,0.0758926235747427,True,True,True,0.2012610041236942,True,True,True,True,True,False,0.0005406977106813394,0.10076044860813067,True,True,,
mimic_race_unmatched,MIMIC race (unmatched cohort),phase4,phase4__mimic_cxr_unmatched__vit_base_patch16_224__seed7__pr1.0,vit_base_patch16_224,7,1.0,pleural_effusion,BLACK_OR_AA,sens0.80,0.8000430941607413,0.822779638859384,0.28759765625,WHITE,1295,6993,0.2671814671814672,0.4239382239382239,0.1567567567567567,0.2139093782929399,0.8822147173498526,0.8660448494425328,7852,26023,0.1912888436067244,0.2087366276107998,0.0174477840040754,0.0215748031496063,0.8830721899244773,0.8741824812916003,0.8851663971408605,0.875291588191903,-0.0098748089489575,0.7979665464086586,0.7607958893626325,0.8119736897230717,0.8229083748795509,0.0081376318490674,0.2152015963274241,0.0008574725746247,0.0758926235747427,True,True,True,0.1923345751433336,True,True,True,True,False,False,0.0005406977106813394,0.10076044860813067,True,True,,
mimic_race_unmatched,MIMIC race (unmatched cohort),phase4,phase4__mimic_cxr_unmatched__vit_base_patch16_224__seed42__pr0.0,vit_base_patch16_224,42,0.0,pleural_effusion,BLACK_OR_AA,sens0.80,0.8000430941607413,0.8258844676852684,0.305908203125,WHITE,1295,6993,0.2687258687258687,0.2687258687258687,0.0,0.0,0.883464698715664,0.883464698715664,7852,26023,0.1963830871115639,0.1963830871115639,0.0,0.0,0.8820488170721386,0.8820488170721386,0.8844843164588895,0.8844843164588895,0.0,0.7933748770088553,0.7933748770088553,0.8159118521932214,0.8159118521932214,-0.0014158816435254,0.0723427816143048,-0.0014158816435254,0.0723427816143048,False,False,True,0.0,False,False,False,False,False,True,0.0005406977106813394,0.10076044860813067,False,False,False,False
mimic_race_unmatched,MIMIC race (unmatched cohort),phase4,phase4__mimic_cxr_unmatched__vit_base_patch16_224__seed42__pr0.5,vit_base_patch16_224,42,0.5,pleural_effusion,BLACK_OR_AA,sens0.80,0.8000430941607413,0.8258844676852684,0.305908203125,WHITE,1295,6993,0.2687258687258687,0.366023166023166,0.0972972972972973,0.133051742344245,0.883464698715664,0.8817383597306377,7852,26023,0.1963830871115639,0.2238920020376974,0.0275089149261334,0.0342313787638668,0.8820488170721386,0.8823583026679275,0.8844843164588895,0.8847367832059418,0.0002524667470523,0.7933748770088553,0.7559855690390291,0.8159118521932214,0.8435208848296954,0.0006199429372897,0.1421311639854686,-0.0014158816435254,0.0723427816143048,False,True,True,0.0988203635803781,False,True,False,False,False,False,0.0005406977106813394,0.10076044860813067,True,True,,
mimic_race_unmatched,MIMIC race (unmatched cohort),phase4,phase4__mimic_cxr_unmatched__vit_base_patch16_224__seed42__pr0.75,vit_base_patch16_224,42,0.75,pleural_effusion,BLACK_OR_AA,sens0.80,0.8000430941607413,0.8258844676852684,0.305908203125,WHITE,1295,6993,0.2687258687258687,0.4447876447876447,0.176061776061776,0.2407602956705385,0.883464698715664,0.8681087721628262,7852,26023,0.1963830871115639,0.2125573102394294,0.0161742231278655,0.0201267828843106,0.8820488170721386,0.8784019585769681,0.8844843164588895,0.8787811242007462,-0.0057031922581433,0.7933748770088553,0.7545643380343282,0.8159118521932214,0.8346809669445725,0.0102931864141418,0.2322303345482153,-0.0014158816435254,0.0723427816143048,True,True,True,0.2206335127862279,True,True,True,True,False,False,0.0005406977106813394,0.10076044860813067,True,True,,
mimic_race_unmatched,MIMIC race (unmatched cohort),phase4,phase4__mimic_cxr_unmatched__vit_base_patch16_224__seed42__pr1.0,vit_base_patch16_224,42,1.0,pleural_effusion,BLACK_OR_AA,sens0.80,0.8000430941607413,0.8258844676852684,0.305908203125,WHITE,1295,6993,0.2687258687258687,0.4741312741312741,0.2054054054054054,0.2808870116156283,0.883464698715664,0.8679369988250297,7852,26023,0.1963830871115639,0.2246561385634233,0.0282730514518594,0.0351822503961965,0.8820488170721386,0.8766579665588747,0.8844843164588895,0.8772225458993006,-0.0072617705595888,0.7933748770088553,0.740024051601618,0.8159118521932214,0.8400016758138171,0.008720967733845,0.2494751355678508,-0.0014158816435254,0.0723427816143048,True,True,True,0.2457047612194317,True,True,True,True,False,False,0.0005406977106813394,0.10076044860813067,True,True,,
mimic_race_unmatched,MIMIC race (unmatched cohort),phase4,phase4__mimic_cxr_unmatched__vit_base_patch16_224__seed123__pr0.0,vit_base_patch16_224,123,0.0,pleural_effusion,BLACK_OR_AA,sens0.80,0.8002585649644474,0.8259661737070022,0.353515625,WHITE,1295,6993,0.271042471042471,0.271042471042471,0.0,0.0,0.8827912252622677,0.8827912252622677,7852,26023,0.2000764136525726,0.2000764136525726,0.0,0.0,0.8821305496689023,0.8821305496689023,0.8843936096237699,0.8843936096237699,0.0,0.789876462228053,0.789876462228053,0.8147806778666891,0.8147806778666891,-0.0006606755933654,0.0709660573898984,-0.0006606755933654,0.0709660573898984,False,False,True,0.0,False,False,False,False,False,True,0.0005406977106813394,0.10076044860813067,False,False,False,False
mimic_race_unmatched,MIMIC race (unmatched cohort),phase4,phase4__mimic_cxr_unmatched__vit_base_patch16_224__seed123__pr0.5,vit_base_patch16_224,123,0.5,pleural_effusion,BLACK_OR_AA,sens0.80,0.8002585649644474,0.8259661737070022,0.353515625,WHITE,1295,6993,0.271042471042471,0.4447876447876447,0.1737451737451737,0.2383474576271186,0.8827912252622677,0.8818147260232202,7852,26023,0.2000764136525726,0.2659195109526235,0.0658430973000509,0.0823117338003503,0.8821305496689023,0.8824066911126435,0.8843936096237699,0.8847953574515957,0.0004017478278257,0.789876462228053,0.7087569694981961,0.8147806778666891,0.8676526037957183,0.0005919650894232,0.1788681338350212,-0.0006606755933654,0.0709660573898984,True,True,True,0.1560357238267683,True,True,True,True,False,False,0.0005406977106813394,0.10076044860813067,True,True,,
mimic_race_unmatched,MIMIC race (unmatched cohort),phase4,phase4__mimic_cxr_unmatched__vit_base_patch16_224__seed123__pr0.75,vit_base_patch16_224,123,0.75,pleural_effusion,BLACK_OR_AA,sens0.80,0.8002585649644474,0.8259661737070022,0.353515625,WHITE,1295,6993,0.271042471042471,0.5343629343629344,0.2633204633204633,0.361228813559322,0.8827912252622677,0.872302006664941,7852,26023,0.2000764136525726,0.271650534895568,0.0715741212429954,0.0894761980576341,0.8821305496689023,0.8804548895079582,0.8843936096237699,0.8811610152447255,-0.0032325943790444,0.789876462228053,0.6911555701322838,0.8147806778666891,0.8710461267753152,0.0081528828430172,0.2627123994673663,-0.0006606755933654,0.0709660573898984,True,True,True,0.2717526155016879,True,True,True,True,True,False,0.0005406977106813394,0.10076044860813067,True,True,,
mimic_race_unmatched,MIMIC race (unmatched cohort),phase4,phase4__mimic_cxr_unmatched__vit_base_patch16_224__seed123__pr1.0,vit_base_patch16_224,123,1.0,pleural_effusion,BLACK_OR_AA,sens0.80,0.8002585649644474,0.8259661737070022,0.353515625,WHITE,1295,6993,0.271042471042471,0.4571428571428571,0.1861003861003861,0.2552966101694915,0.8827912252622677,0.8617217177062737,7852,26023,0.2000764136525726,0.2102649006622516,0.010188487009679,0.0127368253462824,0.8821305496689023,0.8800135587169526,0.8843936096237699,0.8784524241390236,-0.0059411854847463,0.789876462228053,0.7547829889581283,0.8147806778666891,0.8330051531274876,0.0182918410106789,0.2468779564806054,-0.0006606755933654,0.0709660573898984,True,True,True,0.242559784823209,True,True,True,True,False,False,0.0005406977106813394,0.10076044860813067,True,True,,
mimic_race_unmatched,MIMIC race (unmatched cohort),phase4,phase4__mimic_cxr_unmatched__convnext_tiny__seed7__pr0.0,convnext_tiny,7,0.0,pleural_effusion,BLACK_OR_AA,spec0.90,0.6802413273001509,0.8999918293978266,0.4380859434604645,WHITE,1295,6993,0.4054054054054054,0.4054054054054054,0.0,0.0,0.8894169328532263,0.8894169328532263,7852,26023,0.3013245033112582,0.3013245033112582,0.0,0.0,0.8889933824176073,0.8889933824176073,0.891206456007233,0.891206456007233,0.0,0.6839400896468788,0.6839400896468788,0.8893962880723951,0.8893962880723951,-0.000423550435619,0.1040809020941471,-0.000423550435619,0.1040809020941471,False,False,True,0.0,False,False,False,False,False,True,0.0005406977106813394,0.12188241148506045,False,False,False,False
mimic_race_unmatched,MIMIC race (unmatched cohort),phase4,phase4__mimic_cxr_unmatched__convnext_tiny__seed7__pr0.5,convnext_tiny,7,0.5,pleural_effusion,BLACK_OR_AA,spec0.90,0.6802413273001509,0.8999918293978266,0.4380859434604645,WHITE,1295,6993,0.4054054054054054,0.4980694980694981,0.0926640926640926,0.1558441558441558,0.8894169328532263,0.8842253801713261,7852,26023,0.3013245033112582,0.2919001528273051,-0.0094243504839531,-0.0134888807874589,0.8889933824176073,0.8880832289939973,0.891206456007233,0.889635815675375,-0.001570640331858,0.6839400896468788,0.6789111183994753,0.8893962880723951,0.889689555490385,0.0038578488226711,0.2061693452421929,-0.000423550435619,0.1040809020941471,False,True,True,0.1693330366316148,False,True,True,False,False,False,0.0005406977106813394,0.12188241148506045,True,True,,
mimic_race_unmatched,MIMIC race (unmatched cohort),phase4,phase4__mimic_cxr_unmatched__convnext_tiny__seed7__pr0.75,convnext_tiny,7,0.75,pleural_effusion,BLACK_OR_AA,spec0.90,0.6802413273001509,0.8999918293978266,0.4380859434604645,WHITE,1295,6993,0.4054054054054054,0.5984555984555985,0.193050193050193,0.3246753246753247,0.8894169328532263,0.8794952099971405,7852,26023,0.3013245033112582,0.3113856342333163,0.010061130922058,0.0144002916514764,0.8889933824176073,0.8869607067886494,0.891206456007233,0.8870949090065113,-0.0041115470007216,0.6839400896468788,0.6479720126817535,0.8893962880723951,0.8942980434873685,0.0074654967915088,0.2870699642222821,-0.000423550435619,0.1040809020941471,True,True,True,0.3102750330238482,True,True,True,True,True,False,0.0005406977106813394,0.12188241148506045,True,True,,
mimic_race_unmatched,MIMIC race (unmatched cohort),phase4,phase4__mimic_cxr_unmatched__convnext_tiny__seed7__pr1.0,convnext_tiny,7,1.0,pleural_effusion,BLACK_OR_AA,spec0.90,0.6802413273001509,0.8999918293978266,0.4380859434604645,WHITE,1295,6993,0.4054054054054054,0.6702702702702703,0.2648648648648649,0.4454545454545455,0.8894169328532263,0.8783175970434658,7852,26023,0.3013245033112582,0.4025725929699439,0.1012480896586857,0.1449143273787823,0.8889933824176073,0.8787981985424986,0.891206456007233,0.8803548035138757,-0.0108516524933572,0.6839400896468788,0.5595277140045917,0.8893962880723951,0.9218651807784156,0.0004806014990328,0.2676976773003263,-0.000423550435619,0.1040809020941471,True,True,True,0.3005402180757631,True,True,True,True,True,False,0.0005406977106813394,0.12188241148506045,False,True,,
mimic_race_unmatched,MIMIC race (unmatched cohort),phase4,phase4__mimic_cxr_unmatched__convnext_tiny__seed42__pr0.0,convnext_tiny,42,0.0,pleural_effusion,BLACK_OR_AA,spec0.90,0.6841198017668606,0.8999918293978266,0.384082019329071,WHITE,1295,6993,0.427027027027027,0.427027027027027,0.0,0.0,0.889166286077483,0.889166286077483,7852,26023,0.3075649516046867,0.3075649516046867,0.0,0.0,0.8876041665702963,0.8876041665702963,0.8901088982640354,0.8901088982640354,0.0,0.6755220290805729,0.6755220290805729,0.8883489044367171,0.8883489044367171,-0.0015621195071867,0.1194620754223403,-0.0015621195071867,0.1194620754223403,False,False,True,0.0,False,False,False,False,False,True,0.0005406977106813394,0.12188241148506045,False,False,False,False
mimic_race_unmatched,MIMIC race (unmatched cohort),phase4,phase4__mimic_cxr_unmatched__convnext_tiny__seed42__pr0.5,convnext_tiny,42,0.5,pleural_effusion,BLACK_OR_AA,spec0.90,0.6841198017668606,0.8999918293978266,0.384082019329071,WHITE,1295,6993,0.427027027027027,0.3907335907335907,-0.0362934362934363,-0.0633423180592992,0.889166286077483,0.8837739584843831,7852,26023,0.3075649516046867,0.2004584819154355,-0.1071064696892511,-0.1546808901967997,0.8876041665702963,0.8863133256085639,0.8901088982640354,0.8881470148572472,-0.0019618834067881,0.6755220290805729,0.7726030392478408,0.8883489044367171,0.8351418157442708,0.0025393671241807,0.1902751088181551,-0.0015621195071867,0.1194620754223403,False,True,True,0.0913385721375004,False,False,False,False,False,False,0.0005406977106813394,0.12188241148506045,True,True,,
mimic_race_unmatched,MIMIC race (unmatched cohort),phase4,phase4__mimic_cxr_unmatched__convnext_tiny__seed42__pr0.75,convnext_tiny,42,0.75,pleural_effusion,BLACK_OR_AA,spec0.90,0.6841198017668606,0.8999918293978266,0.384082019329071,WHITE,1295,6993,0.427027027027027,0.5405405405405406,0.1135135135135135,0.1981132075471698,0.889166286077483,0.8710646287866365,7852,26023,0.3075649516046867,0.2286041772796739,-0.0789607743250127,-0.1140334743424683,0.8876041665702963,0.8859041650031386,0.8901088982640354,0.8843713062035712,-0.0057375920604642,0.6755220290805729,0.7272329725593091,0.8883489044367171,0.8567179186392392,0.0148395362165021,0.3119363632608666,-0.0015621195071867,0.1194620754223403,False,True,True,0.3121466818896381,False,True,True,False,False,False,0.0005406977106813394,0.12188241148506045,True,True,,
mimic_race_unmatched,MIMIC race (unmatched cohort),phase4,phase4__mimic_cxr_unmatched__convnext_tiny__seed42__pr1.0,convnext_tiny,42,1.0,pleural_effusion,BLACK_OR_AA,spec0.90,0.6841198017668606,0.8999918293978266,0.384082019329071,WHITE,1295,6993,0.427027027027027,0.5498069498069498,0.1227799227799227,0.2142857142857142,0.889166286077483,0.8523691168478813,7852,26023,0.3075649516046867,0.2359908303616913,-0.0715741212429954,-0.103365826742689,0.8876041665702963,0.8850309617360383,0.8901088982640354,0.8804335696946246,-0.0096753285694107,0.6755220290805729,0.7195801902263037,0.8883489044367171,0.8603628136913989,0.032661844888157,0.3138161194452584,-0.0015621195071867,0.1194620754223403,True,True,True,0.3176515410284032,True,True,True,True,False,False,0.0005406977106813394,0.12188241148506045,True,True,,
mimic_race_unmatched,MIMIC race (unmatched cohort),phase4,phase4__mimic_cxr_unmatched__convnext_tiny__seed123__pr0.0,convnext_tiny,123,0.0,pleural_effusion,BLACK_OR_AA,spec0.90,0.6873518638224521,0.8999918293978266,0.436328113079071,WHITE,1295,6993,0.416988416988417,0.416988416988417,0.0,0.0,0.8894831350429807,0.8894831350429807,7852,26023,0.3093479368313805,0.3093479368313805,0.0,0.0,0.8877091892600193,0.8877091892600193,0.8901173785561595,0.8901173785561595,0.0,0.6754127036186728,0.6754127036186728,0.8911558925803343,0.8911558925803343,-0.0017739457829614,0.1076404801570364,-0.0017739457829614,0.1076404801570364,False,False,True,0.0,False,False,False,False,False,True,0.0005406977106813394,0.12188241148506045,False,False,False,False
mimic_race_unmatched,MIMIC race (unmatched cohort),phase4,phase4__mimic_cxr_unmatched__convnext_tiny__seed123__pr0.5,convnext_tiny,123,0.5,pleural_effusion,BLACK_OR_AA,spec0.90,0.6873518638224521,0.8999918293978266,0.436328113079071,WHITE,1295,6993,0.416988416988417,0.6301158301158302,0.2131274131274131,0.3655629139072849,0.8894831350429807,0.8854454790748227,7852,26023,0.3093479368313805,0.4296994396332144,0.1203515028018338,0.1742577908906508,0.8877091892600193,0.8841699922508401,0.8901173785561595,0.8868525096005815,-0.0032648689555779,0.6754127036186728,0.5419263146386794,0.8911558925803343,0.9311659474632368,-0.0012754868239825,0.2004163904826157,-0.0017739457829614,0.1076404801570364,True,True,True,0.191305123016634,True,True,True,True,True,False,0.0005406977106813394,0.12188241148506045,False,True,,
mimic_race_unmatched,MIMIC race (unmatched cohort),phase4,phase4__mimic_cxr_unmatched__convnext_tiny__seed123__pr0.75,convnext_tiny,123,0.75,pleural_effusion,BLACK_OR_AA,spec0.90,0.6873518638224521,0.8999918293978266,0.436328113079071,WHITE,1295,6993,0.416988416988417,0.5065637065637065,0.0895752895752895,0.1536423841059602,0.8894831350429807,0.8808610621351933,7852,26023,0.3093479368313805,0.2679572083545593,-0.0413907284768212,-0.0599299280840863,0.8877091892600193,0.883538608554107,0.8901173785561595,0.8849607975767186,-0.0051565809794408,0.6754127036186728,0.6982617251557888,0.8911558925803343,0.8734760568100884,0.0026775464189137,0.2386064982091472,-0.0017739457829614,0.1076404801570364,False,True,True,0.2135723121900466,False,True,True,False,False,False,0.0005406977106813394,0.12188241148506045,True,True,,
mimic_race_unmatched,MIMIC race (unmatched cohort),phase4,phase4__mimic_cxr_unmatched__convnext_tiny__seed123__pr1.0,convnext_tiny,123,1.0,pleural_effusion,BLACK_OR_AA,spec0.90,0.6873518638224521,0.8999918293978266,0.436328113079071,WHITE,1295,6993,0.416988416988417,0.5783783783783784,0.1613899613899613,0.2768211920529801,0.8894831350429807,0.8616529406104696,7852,26023,0.3093479368313805,0.260697911360163,-0.0486500254712175,-0.0704407154711414,0.8877091892600193,0.8836011897277556,0.8901173785561595,0.880263755451771,-0.0098536231043884,0.6754127036186728,0.694326008527386,0.8911558925803343,0.8718002429930035,0.0219482491172859,0.3176804670182153,-0.0017739457829614,0.1076404801570364,True,True,True,0.3472619075241215,True,True,True,True,False,False,0.0005406977106813394,0.12188241148506045,True,True,,
mimic_race_unmatched,MIMIC race (unmatched cohort),phase2b,phase2b__mimic_cxr_unmatched__densenet121__seed7__pr0.0,densenet121,7,0.0,pleural_effusion,BLACK_OR_AA,spec0.90,0.687136393018746,0.8999918293978266,0.439746081829071,WHITE,1295,6993,0.4123552123552123,0.4123552123552123,0.0,0.0,0.8888491660692432,0.8888491660692432,7852,26023,0.2975038206826286,0.2975038206826286,0.0,0.0,0.8877733088553965,0.8877733088553965,0.8900580852147113,0.8900580852147113,0.0,0.6862359243467804,0.6862359243467804,0.8861703464745067,0.8861703464745067,-0.0010758572138467,0.1148513916725836,-0.0010758572138467,0.1148513916725836,False,False,True,0.0,False,False,False,False,False,True,0.0005406977106813394,0.12188241148506045,False,False,False,False
mimic_race_unmatched,MIMIC race (unmatched cohort),phase2b,phase2b__mimic_cxr_unmatched__densenet121__seed7__pr0.005,densenet121,7,0.005,pleural_effusion,BLACK_OR_AA,spec0.90,0.687136393018746,0.8999918293978266,0.439746081829071,WHITE,1295,6993,0.4123552123552123,0.4216216216216216,0.0092664092664093,0.0157687253613667,0.8888491660692432,0.8885336045567706,7852,26023,0.2975038206826286,0.2945746306673459,-0.0029291900152827,-0.0041696881798404,0.8877733088553965,0.8879356316218542,0.8900580852147113,0.890109986068183,5.190085347173135e-05,0.6862359243467804,0.6874385044276812,0.8861703464745067,0.8871758347647576,-0.0005979729349163,0.1270469909542757,-0.0010758572138467,0.1148513916725836,False,False,True,0.0199384135412071,False,False,False,False,False,False,0.0005406977106813394,0.12188241148506045,False,True,,
mimic_race_unmatched,MIMIC race (unmatched cohort),phase2b,phase2b__mimic_cxr_unmatched__densenet121__seed7__pr0.01,densenet121,7,0.01,pleural_effusion,BLACK_OR_AA,spec0.90,0.687136393018746,0.8999918293978266,0.439746081829071,WHITE,1295,6993,0.4123552123552123,0.4231660231660231,0.0108108108108108,0.0183968462549277,0.8888491660692432,0.8898409114625331,7852,26023,0.2975038206826286,0.3122771268466632,0.0147733061640346,0.0210297316896301,0.8877733088553965,0.8890018419849266,0.8900580852147113,0.8912849290533906,0.0012268438386793,0.6862359243467804,0.6720236142997704,0.8861703464745067,0.8960995433407348,-0.0008390694776064,0.1108888963193598,-0.0010758572138467,0.1148513916725836,False,False,True,-0.0026328854347023,False,False,False,False,False,False,0.0005406977106813394,0.12188241148506045,False,False,,
mimic_race_unmatched,MIMIC race (unmatched cohort),phase2b,phase2b__mimic_cxr_unmatched__densenet121__seed7__pr0.02,densenet121,7,0.02,pleural_effusion,BLACK_OR_AA,spec0.90,0.687136393018746,0.8999918293978266,0.439746081829071,WHITE,1295,6993,0.4123552123552123,0.4262548262548262,0.0138996138996139,0.0236530880420499,0.8888491660692432,0.8868622872483878,7852,26023,0.2975038206826286,0.3087111563932756,0.0112073357106469,0.0159535895576504,0.8877733088553965,0.8869472815183924,0.8900580852147113,0.8891413777737098,-0.0009167074410014,0.6862359243467804,0.6746474253853723,0.8861703464745067,0.891030206544053,8.499427000463466e-05,0.1175436698615506,-0.0010758572138467,0.1148513916725836,False,False,True,0.0076994984843994,False,False,False,False,False,False,0.0005406977106813394,0.12188241148506045,False,False,,
mimic_race_unmatched,MIMIC race (unmatched cohort),phase2b,phase2b__mimic_cxr_unmatched__densenet121__seed7__pr0.05,densenet121,7,0.05,pleural_effusion,BLACK_OR_AA,spec0.90,0.687136393018746,0.8999918293978266,0.439746081829071,WHITE,1295,6993,0.4123552123552123,0.4324324324324324,0.0200772200772201,0.0341655716162944,0.8888491660692432,0.888409263698839,7852,26023,0.2975038206826286,0.3097300050942435,0.0122261844116148,0.0174039158810732,0.8877733088553965,0.8882107042304537,0.8900580852147113,0.890359842085281,0.0003017568705696,0.6862359243467804,0.6728982179949711,0.8861703464745067,0.8919100087980225,-0.0001985594683853,0.1227024273381889,-0.0010758572138467,0.1148513916725836,False,False,True,0.0167616557352211,False,False,False,False,False,False,0.0005406977106813394,0.12188241148506045,False,True,,
mimic_race_unmatched,MIMIC race (unmatched cohort),phase2b,phase2b__mimic_cxr_unmatched__densenet121__seed7__pr0.10,densenet121,7,0.1,pleural_effusion,BLACK_OR_AA,spec0.90,0.687136393018746,0.8999918293978266,0.439746081829071,WHITE,1295,6993,0.4123552123552123,0.4517374517374517,0.0393822393822393,0.0670170827858081,0.8888491660692432,0.884504960759787,7852,26023,0.2975038206826286,0.325394803871625,0.0278909831889964,0.0397026831036982,0.8877733088553965,0.8852317625676018,0.8900580852147113,0.8874389184802915,-0.0026191667344197,0.6862359243467804,0.6567180496337597,0.8861703464745067,0.8968536595584231,0.0007268018078148,0.1263426478658266,-0.0010758572138467,0.1148513916725836,False,False,True,0.0273143996821098,False,False,False,False,False,False,0.0005406977106813394,0.12188241148506045,True,True,,
mimic_race_unmatched,MIMIC race (unmatched cohort),revision/EXP-3/runs,rev3__mimic_unmatched__densenet121__seed7__pr0.25,densenet121,7,0.25,pleural_effusion,BLACK_OR_AA,spec0.90,0.687136393018746,0.8999918293978266,0.439746081829071,WHITE,1295,6993,0.4123552123552123,0.4664092664092664,0.054054054054054,0.0919842312746386,0.8888491660692432,0.8874925971451069,7852,26023,0.2975038206826286,0.2952114111054508,-0.0022924095771778,-0.0032632342277012,0.8877733088553965,0.8872185693992766,0.8900580852147113,0.8896471563198789,-0.0004109288948324,0.6862359243467804,0.6805510003279764,0.8861703464745067,0.8888935439272697,-0.0002740277458302,0.1711978553038155,-0.0010758572138467,0.1148513916725836,False,True,True,0.0952474655023398,False,False,False,False,False,False,0.0005406977106813394,0.12188241148506045,False,True,,
mimic_race_unmatched,MIMIC race (unmatched cohort),revision/EXP-3/runs,rev3__mimic_unmatched__densenet121__seed7__pr0.5,densenet121,7,0.5,pleural_effusion,BLACK_OR_AA,spec0.90,0.687136393018746,0.8999918293978266,0.439746081829071,WHITE,1295,6993,0.4123552123552123,0.538996138996139,0.1266409266409266,0.2155059132720105,0.8888491660692432,0.8869298446518523,7852,26023,0.2975038206826286,0.3220835455934793,0.0245797249108506,0.0349891225525742,0.8877733088553965,0.8866216792904157,0.8900580852147113,0.8889709245890516,-0.0010871606256597,0.6862359243467804,0.647206734448453,0.8861703464745067,0.9005404499560099,-0.0003081653614366,0.2169125934026596,-0.0010758572138467,0.1148513916725836,True,True,True,0.1805167907194362,True,True,True,True,False,False,0.0005406977106813394,0.12188241148506045,False,True,,
mimic_race_unmatched,MIMIC race (unmatched cohort),revision/EXP-3/runs,rev3__mimic_unmatched__densenet121__seed7__pr0.6,densenet121,7,0.6,pleural_effusion,BLACK_OR_AA,spec0.90,0.687136393018746,0.8999918293978266,0.439746081829071,WHITE,1295,6993,0.4123552123552123,0.5359073359073359,0.1235521235521235,0.2102496714848882,0.8888491660692432,0.8834325801507268,7852,26023,0.2975038206826286,0.3132959755476311,0.0157921548650025,0.0224800580130528,0.8877733088553965,0.8840138512063176,0.8900580852147113,0.886350699821966,-0.0037073853927452,0.6862359243467804,0.6551874931671586,0.8861703464745067,0.8959738573044534,0.0005812710555908,0.2226113603597047,-0.0010758572138467,0.1148513916725836,True,True,True,0.1877696134718353,True,True,True,True,False,False,0.0005406977106813394,0.12188241148506045,True,True,,
mimic_race_unmatched,MIMIC race (unmatched cohort),revision/EXP-3/runs,rev3__mimic_unmatched__densenet121__seed7__pr0.65,densenet121,7,0.65,pleural_effusion,BLACK_OR_AA,spec0.90,0.687136393018746,0.8999918293978266,0.439746081829071,WHITE,1295,6993,0.4123552123552123,0.667953667953668,0.2555984555984556,0.4349540078843627,0.8888491660692432,0.8782454996740711,7852,26023,0.2975038206826286,0.3948038716250637,0.097300050942435,0.1385061638868745,0.8877733088553965,0.8831195340646942,0.8900580852147113,0.8842913995460527,-0.0057666856686585,0.6862359243467804,0.5665245435661965,0.8861703464745067,0.924085634086053,0.0048740343906231,0.2731497963286042,-0.0010758572138467,0.1148513916725836,True,True,True,0.2964478439974882,True,True,True,True,True,False,0.0005406977106813394,0.12188241148506045,True,True,,
mimic_race_unmatched,MIMIC race (unmatched cohort),phase2b,phase2b__mimic_cxr_unmatched__densenet121__seed7__pr0.75,densenet121,7,0.75,pleural_effusion,BLACK_OR_AA,spec0.90,0.687136393018746,0.8999918293978266,0.439746081829071,WHITE,1295,6993,0.4123552123552123,0.6262548262548262,0.2138996138996138,0.3639947437582128,0.8888491660692432,0.876628119871363,7852,26023,0.2975038206826286,0.3353285787060621,0.0378247580234334,0.0538433647570703,0.8877733088553965,0.8855649938254271,0.8900580852147113,0.8858007243658048,-0.0042573608489064,0.6862359243467804,0.6234831092161365,0.8861703464745067,0.907411286606058,0.008936873954064,0.290926247548764,-0.0010758572138467,0.1148513916725836,True,True,True,0.3101513790011425,True,True,True,True,True,False,0.0005406977106813394,0.12188241148506045,True,True,,
mimic_race_unmatched,MIMIC race (unmatched cohort),revision/EXP-3/runs,rev3__mimic_unmatched__densenet121__seed7__pr0.85,densenet121,7,0.85,pleural_effusion,BLACK_OR_AA,spec0.90,0.687136393018746,0.8999918293978266,0.439746081829071,WHITE,1295,6993,0.4123552123552123,0.633976833976834,0.2216216216216217,0.3771353482260185,0.8888491660692432,0.8674116502301831,7852,26023,0.2975038206826286,0.3404228222109017,0.042919001528273,0.0610949963741841,0.8877733088553965,0.8843558784517033,0.8900580852147113,0.8829426391987281,-0.0071154460159832,0.6862359243467804,0.6180168361211326,0.8861703464745067,0.9072018098789224,0.0169442282215201,0.2935540117659323,-0.0010758572138467,0.1148513916725836,True,True,True,0.3160403518518343,True,True,True,True,True,False,0.0005406977106813394,0.12188241148506045,True,True,,
mimic_race_unmatched,MIMIC race (unmatched cohort),phase2b,phase2b__mimic_cxr_unmatched__densenet121__seed7__pr0.9,densenet121,7,0.9,pleural_effusion,BLACK_OR_AA,spec0.90,0.687136393018746,0.8999918293978266,0.439746081829071,WHITE,1295,6993,0.4123552123552123,0.6656370656370656,0.2532818532818532,0.431011826544021,0.8888491660692432,0.8642739239264337,7852,26023,0.2975038206826286,0.336220071319409,0.0387162506367804,0.0551124002900652,0.8877733088553965,0.8857131308717071,0.8900580852147113,0.8829296977645413,-0.0071283874501699,0.6862359243467804,0.617142232425932,0.8861703464745067,0.9090033097322888,0.0214392069452734,0.3294169943176565,-0.0010758572138467,0.1148513916725836,True,True,True,0.3758994262539558,True,True,True,True,True,False,0.0005406977106813394,0.12188241148506045,True,True,,
mimic_race_unmatched,MIMIC race (unmatched cohort),phase2b,phase2b__mimic_cxr_unmatched__densenet121__seed7__pr1.0,densenet121,7,1.0,pleural_effusion,BLACK_OR_AA,spec0.90,0.687136393018746,0.8999918293978266,0.439746081829071,WHITE,1295,6993,0.4123552123552123,0.6463320463320463,0.233976833976834,0.3981603153745072,0.8888491660692432,0.8370152231156092,7852,26023,0.2975038206826286,0.358634742740703,0.0611309220580743,0.0870195794053661,0.8877733088553965,0.8825192026571144,0.8900580852147113,0.8768339043938691,-0.0132241808208422,0.6862359243467804,0.6006340876790205,0.8861703464745067,0.9113913444216348,0.0455039795415052,0.2876973035913433,-0.0010758572138467,0.1148513916725836,True,True,True,0.311140735969141,True,True,True,True,True,False,0.0005406977106813394,0.12188241148506045,True,True,,
mimic_race_unmatched,MIMIC race (unmatched cohort),phase2b,phase2b__mimic_cxr_unmatched__densenet121__seed42__pr0.0,densenet121,42,0.0,pleural_effusion,BLACK_OR_AA,spec0.90,0.6907993966817496,0.8999101233760928,0.445068359375,WHITE,1295,6993,0.4138996138996139,0.4138996138996139,0.0,0.0,0.8876603726024576,0.8876603726024576,7852,26023,0.2961029037187977,0.2961029037187977,0.0,0.0,0.8881451688665607,0.8881451688665607,0.8901726138156084,0.8901726138156084,0.0,0.687219853503881,0.687219853503881,0.8876785789098831,0.8876785789098831,0.0004847962641031,0.1177967101808161,0.0004847962641031,0.1177967101808161,False,False,True,0.0,False,False,False,False,False,True,0.0005406977106813394,0.12188241148506045,False,False,True,False
mimic_race_unmatched,MIMIC race (unmatched cohort),phase2b,phase2b__mimic_cxr_unmatched__densenet121__seed42__pr0.005,densenet121,42,0.005,pleural_effusion,BLACK_OR_AA,spec0.90,0.6907993966817496,0.8999101233760928,0.445068359375,WHITE,1295,6993,0.4138996138996139,0.4571428571428571,0.0432432432432432,0.0737812911725955,0.8876603726024576,0.889289000678962,7852,26023,0.2961029037187977,0.3248853795211411,0.0287824758023433,0.0408901755020806,0.8881451688665607,0.8889895941855144,0.8901726138156084,0.8912048231559546,0.0010322093403462,0.687219853503881,0.6563900732480594,0.8876785789098831,0.9001214965017387,-0.0002994064934476,0.132257477621716,0.0004847962641031,0.1177967101808161,False,False,True,0.0328911156705148,False,False,False,False,False,False,0.0005406977106813394,0.12188241148506045,False,True,,
mimic_race_unmatched,MIMIC race (unmatched cohort),phase2b,phase2b__mimic_cxr_unmatched__densenet121__seed42__pr0.01,densenet121,42,0.01,pleural_effusion,BLACK_OR_AA,spec0.90,0.6907993966817496,0.8999101233760928,0.445068359375,WHITE,1295,6993,0.4138996138996139,0.4393822393822393,0.0254826254826254,0.0434782608695652,0.8876603726024576,0.8882247513521644,7852,26023,0.2961029037187977,0.3096026490066225,0.0134997452878247,0.0191785778903564,0.8881451688665607,0.8891367079535605,0.8901726138156084,0.891156982674596,0.0009843688589875,0.687219853503881,0.6720236142997704,0.8876785789098831,0.892370857597721,0.000911956601396,0.1297795903756168,0.0004847962641031,0.1177967101808161,False,False,True,0.0242996829792087,False,False,False,False,False,False,0.0005406977106813394,0.12188241148506045,True,True,,
mimic_race_unmatched,MIMIC race (unmatched cohort),phase2b,phase2b__mimic_cxr_unmatched__densenet121__seed42__pr0.02,densenet121,42,0.02,pleural_effusion,BLACK_OR_AA,spec0.90,0.6907993966817496,0.8999101233760928,0.445068359375,WHITE,1295,6993,0.4138996138996139,0.3915057915057915,-0.0223938223938223,-0.0382081686429512,0.8876603726024576,0.8895122721377547,7852,26023,0.2961029037187977,0.2991594498217014,0.0030565461029036,0.0043423195223447,0.8881451688665607,0.887541150853836,0.8901726138156084,0.8900021216990119,-0.0001704921165964,0.687219853503881,0.6877664808133814,0.8876785789098831,0.8868825673467677,-0.0019711212839187,0.09234634168409,0.0004847962641031,0.1177967101808161,False,False,True,-0.042550488165296,False,False,False,False,False,False,0.0005406977106813394,0.12188241148506045,False,False,,
mimic_race_unmatched,MIMIC race (unmatched cohort),phase2b,phase2b__mimic_cxr_unmatched__densenet121__seed42__pr0.05,densenet121,42,0.05,pleural_effusion,BLACK_OR_AA,spec0.90,0.6907993966817496,0.8999101233760928,0.445068359375,WHITE,1295,6993,0.4138996138996139,0.4733590733590733,0.0594594594594594,0.1014492753623188,0.8876603726024576,0.8885728379936874,7852,26023,0.2961029037187977,0.3442435048395313,0.0481406011207335,0.0683915324769313,0.8881451688665607,0.8876661765304099,0.8901726138156084,0.8900959957617869,-7.661805382153108e-05,0.687219853503881,0.6374767683393462,0.8876785789098831,0.907746449369475,-0.0009066614632774,0.129115568519542,0.0004847962641031,0.1177967101808161,False,False,True,0.0330577428853874,False,False,False,False,False,False,0.0005406977106813394,0.12188241148506045,False,True,,
mimic_race_unmatched,MIMIC race (unmatched cohort),phase2b,phase2b__mimic_cxr_unmatched__densenet121__seed42__pr0.10,densenet121,42,0.1,pleural_effusion,BLACK_OR_AA,spec0.90,0.6907993966817496,0.8999101233760928,0.445068359375,WHITE,1295,6993,0.4138996138996139,0.4455598455598455,0.0316602316602316,0.0540184453227931,0.8876603726024576,0.8895664129254863,7852,26023,0.2961029037187977,0.3127865511971472,0.0166836474783494,0.0237018273927989,0.8881451688665607,0.8876395818094548,0.8901726138156084,0.8902553785353926,8.276471978418964e-05,0.687219853503881,0.6684158740570679,0.8876785789098831,0.8925384389794294,-0.0019268311160315,0.1327732943626983,0.0004847962641031,0.1177967101808161,False,False,True,0.0303166179299942,False,False,False,False,False,False,0.0005406977106813394,0.12188241148506045,False,True,,
mimic_race_unmatched,MIMIC race (unmatched cohort),revision/EXP-3/runs,rev3__mimic_unmatched__densenet121__seed42__pr0.25,densenet121,42,0.25,pleural_effusion,BLACK_OR_AA,spec0.90,0.6907993966817496,0.8999101233760928,0.445068359375,WHITE,1295,6993,0.4138996138996139,0.4687258687258687,0.0548262548262548,0.0935441370223979,0.8876603726024576,0.8891561897353403,7852,26023,0.2961029037187977,0.2986500254712175,0.0025471217524197,0.003618599601954,0.8881451688665607,0.8883030200473102,0.8901726138156084,0.8908219321267649,0.0006493183111564,0.687219853503881,0.6772712364709741,0.8876785789098831,0.8898152415266664,-0.00085316968803,0.1700758432546512,0.0004847962641031,0.1177967101808161,False,True,True,0.0899255374204438,False,False,False,False,False,False,0.0005406977106813394,0.12188241148506045,False,True,,
mimic_race_unmatched,MIMIC race (unmatched cohort),phase2b,phase2b__mimic_cxr_unmatched__densenet121__seed42__pr0.5,densenet121,42,0.5,pleural_effusion,BLACK_OR_AA,spec0.90,0.6907993966817496,0.8999101233760928,0.445068359375,WHITE,1295,6993,0.4138996138996139,0.4679536679536679,0.054054054054054,0.0922266139657444,0.8876603726024576,0.8848568419996992,7852,26023,0.2961029037187977,0.271777890983189,-0.0243250127356087,-0.0345576261986611,0.8881451688665607,0.8875240880397194,0.8901726138156084,0.8894077134511169,-0.0007649003644915,0.687219853503881,0.7004482343937903,0.8876785789098831,0.8805982655326993,0.0026672460400202,0.1961757769704789,0.0004847962641031,0.1177967101808161,False,True,True,0.1267842401644055,False,False,False,False,False,False,0.0005406977106813394,0.12188241148506045,True,True,,
mimic_race_unmatched,MIMIC race (unmatched cohort),revision/EXP-3/runs,rev3__mimic_unmatched__densenet121__seed42__pr0.6,densenet121,42,0.6,pleural_effusion,BLACK_OR_AA,spec0.90,0.6907993966817496,0.8999101233760928,0.445068359375,WHITE,1295,6993,0.4138996138996139,0.5243243243243243,0.1104247104247104,0.1884057971014492,0.8876603726024576,0.88028740017157,7852,26023,0.2961029037187977,0.2810748853795211,-0.0150280183392766,-0.0213497376515288,0.8881451688665607,0.8861812876725839,0.8901726138156084,0.8874107294671253,-0.0027618843484831,0.687219853503881,0.6844867169563792,0.8876785789098831,0.8831538816037539,0.0058938875010138,0.2432494389448031,0.0004847962641031,0.1177967101808161,False,True,True,0.2097555347529781,False,True,True,False,False,False,0.0005406977106813394,0.12188241148506045,True,True,,
mimic_race_unmatched,MIMIC race (unmatched cohort),revision/EXP-3/runs,rev3__mimic_unmatched__densenet121__seed42__pr0.65,densenet121,42,0.65,pleural_effusion,BLACK_OR_AA,spec0.90,0.6907993966817496,0.8999101233760928,0.445068359375,WHITE,1295,6993,0.4138996138996139,0.5428571428571428,0.1289575289575289,0.220026350461133,0.8876603726024576,0.8814024700125086,7852,26023,0.2961029037187977,0.2890983188996434,-0.0070045848191543,-0.0099511489053736,0.8881451688665607,0.8854845648570986,0.8901726138156084,0.8868822055087564,-0.003290408306852,0.687219853503881,0.6749754017710725,0.8876785789098831,0.8894381834178223,0.0040820948445899,0.2537588239574994,0.0004847962641031,0.1177967101808161,True,True,True,0.2299774993665067,True,True,True,True,False,False,0.0005406977106813394,0.12188241148506045,True,True,,
mimic_race_unmatched,MIMIC race (unmatched cohort),phase2b,phase2b__mimic_cxr_unmatched__densenet121__seed42__pr0.75,densenet121,42,0.75,pleural_effusion,BLACK_OR_AA,spec0.90,0.6907993966817496,0.8999101233760928,0.445068359375,WHITE,1295,6993,0.4138996138996139,0.5861003861003861,0.1722007722007721,0.2938076416337285,0.8876603726024576,0.8727898158400089,7852,26023,0.2961029037187977,0.2856597045338767,-0.010443199184921,-0.0148362583680115,0.8881451688665607,0.8856811253918699,0.8901726138156084,0.8849155174428067,-0.0052570963728016,0.687219853503881,0.6718049633759703,0.8876785789098831,0.8882232184004357,0.012891309551861,0.3004406815665093,0.0004847962641031,0.1177967101808161,True,True,True,0.3086439000017401,True,True,True,True,False,False,0.0005406977106813394,0.12188241148506045,True,True,,
mimic_race_unmatched,MIMIC race (unmatched cohort),revision/EXP-3/runs,rev3__mimic_unmatched__densenet121__seed42__pr0.85,densenet121,42,0.85,pleural_effusion,BLACK_OR_AA,spec0.90,0.6907993966817496,0.8999101233760928,0.445068359375,WHITE,1295,6993,0.4138996138996139,0.661003861003861,0.2471042471042471,0.4216073781291172,0.8876603726024576,0.8644678550083956,7852,26023,0.2961029037187977,0.3316352521650534,0.0355323484462556,0.0504794644472588,0.8881451688665607,0.8837586904707537,0.8901726138156084,0.8818100793532286,-0.0083625344623797,0.687219853503881,0.6217339018257352,0.8876785789098831,0.904688089153295,0.0192908354623581,0.3293686088388075,0.0004847962641031,0.1177967101808161,True,True,True,0.3711279136818583,True,True,True,True,True,False,0.0005406977106813394,0.12188241148506045,True,True,,
mimic_race_unmatched,MIMIC race (unmatched cohort),phase2b,phase2b__mimic_cxr_unmatched__densenet121__seed42__pr0.9,densenet121,42,0.9,pleural_effusion,BLACK_OR_AA,spec0.90,0.6907993966817496,0.8999101233760928,0.445068359375,WHITE,1295,6993,0.4138996138996139,0.6926640926640927,0.2787644787644788,0.4756258234519104,0.8876603726024576,0.8548849355799163,7852,26023,0.2961029037187977,0.336220071319409,0.0401171676006112,0.0569929437307761,0.8881451688665607,0.8835843932463301,0.8901726138156084,0.8792403974020159,-0.0109322164135925,0.687219853503881,0.6133158412594293,0.8876785789098831,0.908081612132892,0.0286994576664137,0.3564440213446836,0.0004847962641031,0.1177967101808161,True,True,True,0.4186328797211342,True,True,True,True,True,False,0.0005406977106813394,0.12188241148506045,True,True,,
mimic_race_unmatched,MIMIC race (unmatched cohort),phase2b,phase2b__mimic_cxr_unmatched__densenet121__seed42__pr1.0,densenet121,42,1.0,pleural_effusion,BLACK_OR_AA,spec0.90,0.6907993966817496,0.8999101233760928,0.445068359375,WHITE,1295,6993,0.4138996138996139,0.7173745173745174,0.3034749034749035,0.5177865612648221,0.8876603726024576,0.8465656174150382,7852,26023,0.2961029037187977,0.3672949566989302,0.0711920529801324,0.1011398588746154,0.8881451688665607,0.8826038088434396,0.8901726138156084,0.8767240178540402,-0.0134485959615682,0.687219853503881,0.5831420137750082,0.8876785789098831,0.9166282626000252,0.0360381914284013,0.3500795606755872,0.0004847962641031,0.1177967101808161,True,True,True,0.4166467023902066,True,True,True,True,True,False,0.0005406977106813394,0.12188241148506045,True,True,,
mimic_race_unmatched,MIMIC race (unmatched cohort),phase2b,phase2b__mimic_cxr_unmatched__densenet121__seed123__pr0.0,densenet121,123,0.0,pleural_effusion,BLACK_OR_AA,spec0.90,0.6845507433742728,0.899828417354359,0.462890625,WHITE,1295,6993,0.4154440154440154,0.4154440154440154,0.0,0.0,0.8909957568258726,0.8909957568258726,7852,26023,0.3191543555781966,0.3191543555781966,0.0,0.0,0.8880016891379968,0.8880016891379968,0.8907735443081614,0.8907735443081614,0.0,0.667213293976167,0.667213293976167,0.892077590179731,0.892077590179731,-0.0029940676878758,0.0962896598658187,-0.0029940676878758,0.0962896598658187,False,False,True,0.0,False,False,False,False,False,True,0.0005406977106813394,0.12188241148506045,False,False,False,False
mimic_race_unmatched,MIMIC race (unmatched cohort),phase2b,phase2b__mimic_cxr_unmatched__densenet121__seed123__pr0.005,densenet121,123,0.005,pleural_effusion,BLACK_OR_AA,spec0.90,0.6845507433742728,0.899828417354359,0.462890625,WHITE,1295,6993,0.4154440154440154,0.4324324324324324,0.016988416988417,0.0290620871862616,0.8909957568258726,0.8930450432380934,7852,26023,0.3191543555781966,0.3339276617422312,0.0147733061640346,0.0216984661429105,0.8880016891379968,0.8885864400831485,0.8907735443081614,0.8915306124827894,0.000757068174628,0.667213293976167,0.6521263802339565,0.892077590179731,0.9025095311910848,-0.0044586031549449,0.0985047706902012,-0.0029940676878758,0.0962896598658187,False,False,True,0.007363621043351,False,False,False,False,False,False,0.0005406977106813394,0.12188241148506045,False,False,,
mimic_race_unmatched,MIMIC race (unmatched cohort),phase2b,phase2b__mimic_cxr_unmatched__densenet121__seed123__pr0.01,densenet121,123,0.01,pleural_effusion,BLACK_OR_AA,spec0.90,0.6845507433742728,0.899828417354359,0.462890625,WHITE,1295,6993,0.4154440154440154,0.4494208494208494,0.0339768339768339,0.0581241743725231,0.8909957568258726,0.8906860904930404,7852,26023,0.3191543555781966,0.3396586856851757,0.0205043301069791,0.0301159745604189,0.8880016891379968,0.8868120090419668,0.8907735443081614,0.8896555862294951,-0.0011179580786662,0.667213293976167,0.6448015742866514,0.892077590179731,0.901964891700532,-0.0038740814510735,0.1097621637356736,-0.0029940676878758,0.0962896598658187,False,False,True,0.0280081998121041,False,False,False,False,False,False,0.0005406977106813394,0.12188241148506045,False,False,,
mimic_race_unmatched,MIMIC race (unmatched cohort),phase2b,phase2b__mimic_cxr_unmatched__densenet121__seed123__pr0.02,densenet121,123,0.02,pleural_effusion,BLACK_OR_AA,spec0.90,0.6845507433742728,0.899828417354359,0.462890625,WHITE,1295,6993,0.4154440154440154,0.4247104247104247,0.0092664092664092,0.0158520475561426,0.8909957568258726,0.8919406795854672,7852,26023,0.3191543555781966,0.3203005603667855,0.0011462047885889,0.0016835016835016,0.8880016891379968,0.8901923911665801,0.8907735443081614,0.8926247098637403,0.0018511655555789,0.667213293976167,0.6649174592762654,0.892077590179731,0.8989065314843521,-0.001748288418887,0.1044098643436391,-0.0029940676878758,0.0962896598658187,False,False,True,0.0141685458726409,False,False,False,False,False,False,0.0005406977106813394,0.12188241148506045,False,False,,
mimic_race_unmatched,MIMIC race (unmatched cohort),phase2b,phase2b__mimic_cxr_unmatched__densenet121__seed123__pr0.05,densenet121,123,0.05,pleural_effusion,BLACK_OR_AA,spec0.90,0.6845507433742728,0.899828417354359,0.462890625,WHITE,1295,6993,0.4154440154440154,0.4532818532818533,0.0378378378378378,0.0647291941875825,0.8909957568258726,0.8918816600283781,7852,26023,0.3191543555781966,0.3414416709118696,0.0222873153336729,0.0327347549569771,0.8880016891379968,0.8871909303738221,0.8907735443081614,0.8902978784709146,-0.0004756658372467,0.667213293976167,0.6427243905105499,0.892077590179731,0.9032636474087729,-0.0046907296545559,0.1118401823699836,-0.0029940676878758,0.0962896598658187,False,False,True,0.0319944392306053,False,False,False,False,False,False,0.0005406977106813394,0.12188241148506045,False,False,,
mimic_race_unmatched,MIMIC race (unmatched cohort),phase2b,phase2b__mimic_cxr_unmatched__densenet121__seed123__pr0.10,densenet121,123,0.1,pleural_effusion,BLACK_OR_AA,spec0.90,0.6845507433742728,0.899828417354359,0.462890625,WHITE,1295,6993,0.4154440154440154,0.4416988416988417,0.0262548262548262,0.0449141347424042,0.8909957568258726,0.8906911047837689,7852,26023,0.3191543555781966,0.3250127356087621,0.0058583800305654,0.0086045641601196,0.8880016891379968,0.8877969669079948,0.8907735443081614,0.8905897580798234,-0.0001837862283379,0.667213293976167,0.658467257024161,0.892077590179731,0.8984456826846537,-0.002894137875774,0.1166861060900796,-0.0029940676878758,0.0962896598658187,False,False,True,0.0363095705822845,False,False,False,False,False,False,0.0005406977106813394,0.12188241148506045,False,False,,
mimic_race_unmatched,MIMIC race (unmatched cohort),revision/EXP-3/runs,rev3__mimic_unmatched__densenet121__seed123__pr0.25,densenet121,123,0.25,pleural_effusion,BLACK_OR_AA,spec0.90,0.6845507433742728,0.899828417354359,0.462890625,WHITE,1295,6993,0.4154440154440154,0.4555984555984556,0.0401544401544401,0.0686922060766182,0.8909957568258726,0.8897434715967534,7852,26023,0.3191543555781966,0.2973764645950076,-0.0217778909831889,-0.0319865319865319,0.8880016891379968,0.887582001382519,0.8907735443081614,0.8903445235127675,-0.0004290207953938,0.667213293976167,0.6802230239422762,0.892077590179731,0.8877204742553102,-0.0021614702142344,0.1582219910034479,-0.0029940676878758,0.0962896598658187,False,True,True,0.1006787380631502,False,False,False,False,False,False,0.0005406977106813394,0.12188241148506045,False,True,,
mimic_race_unmatched,MIMIC race (unmatched cohort),revision/EXP-3/runs,rev3__mimic_unmatched__densenet121__seed123__pr0.5,densenet121,123,0.5,pleural_effusion,BLACK_OR_AA,spec0.90,0.6845507433742728,0.899828417354359,0.462890625,WHITE,1295,6993,0.4154440154440154,0.6841698841698842,0.2687258687258688,0.4597093791281375,0.8909957568258726,0.8833791169698506,7852,26023,0.3191543555781966,0.4460010188487009,0.1268466632705043,0.1863075196408529,0.8880016891379968,0.8854252217282732,0.8907735443081614,0.8873478841588707,-0.0034256601492906,0.667213293976167,0.5202798731824642,0.892077590179731,0.9379110980770036,0.0020461047584225,0.2381688653211832,-0.0029940676878758,0.0962896598658187,True,True,True,0.2734018594872845,True,True,True,True,True,False,0.0005406977106813394,0.12188241148506045,True,True,,
mimic_race_unmatched,MIMIC race (unmatched cohort),revision/EXP-3/runs,rev3__mimic_unmatched__densenet121__seed123__pr0.6,densenet121,123,0.6,pleural_effusion,BLACK_OR_AA,spec0.90,0.6845507433742728,0.899828417354359,0.462890625,WHITE,1295,6993,0.4154440154440154,0.5915057915057915,0.1760617760617761,0.3011889035667107,0.8909957568258726,0.8826147086764847,7852,26023,0.3191543555781966,0.3306164034640856,0.0114620478858889,0.0168350168350168,0.8880016891379968,0.8860681593576706,0.8907735443081614,0.8873081987734489,-0.0034653455347124,0.667213293976167,0.6324477970919428,0.892077590179731,0.9033893334450542,0.0034534506811858,0.2608893880417059,-0.0029940676878758,0.0962896598658187,True,True,True,0.2843538867316939,True,True,True,True,True,False,0.0005406977106813394,0.12188241148506045,True,True,,
mimic_race_unmatched,MIMIC race (unmatched cohort),revision/EXP-3/runs,rev3__mimic_unmatched__densenet121__seed123__pr0.65,densenet121,123,0.65,pleural_effusion,BLACK_OR_AA,spec0.90,0.6845507433742728,0.899828417354359,0.462890625,WHITE,1295,6993,0.4154440154440154,0.6362934362934363,0.2208494208494208,0.3778071334214002,0.8909957568258726,0.8816922147037979,7852,26023,0.3191543555781966,0.3974783494651044,0.0783239938869077,0.1150392817059483,0.8880016891379968,0.8860621248195911,0.8907735443081614,0.8876738246332292,-0.0030997196749321,0.667213293976167,0.5687110528041981,0.892077590179731,0.9245045875403244,0.0043699101157932,0.2388150868283318,-0.0029940676878758,0.0962896598658187,True,True,True,0.2627678517154519,True,True,True,True,True,False,0.0005406977106813394,0.12188241148506045,True,True,,
mimic_race_unmatched,MIMIC race (unmatched cohort),phase2b,phase2b__mimic_cxr_unmatched__densenet121__seed123__pr0.75,densenet121,123,0.75,pleural_effusion,BLACK_OR_AA,spec0.90,0.6845507433742728,0.899828417354359,0.462890625,WHITE,1295,6993,0.4154440154440154,0.5637065637065637,0.1482625482625482,0.2536327608982827,0.8909957568258726,0.873060045453868,7852,26023,0.3191543555781966,0.2812022414671421,-0.0379521141110545,-0.0557426112981668,0.8880016891379968,0.8853642665857914,0.8907735443081614,0.8846983092908234,-0.0060752350173379,0.667213293976167,0.6788017929375751,0.892077590179731,0.8816875445138045,0.0123042211319234,0.2825043222394215,-0.0029940676878758,0.0962896598658187,True,True,True,0.3093753721964495,True,True,True,True,False,False,0.0005406977106813394,0.12188241148506045,True,True,,
mimic_race_unmatched,MIMIC race (unmatched cohort),revision/EXP-3/runs,rev3__mimic_unmatched__densenet121__seed123__pr0.85,densenet121,123,0.85,pleural_effusion,BLACK_OR_AA,spec0.90,0.6845507433742728,0.899828417354359,0.462890625,WHITE,1295,6993,0.4154440154440154,0.7513513513513513,0.3359073359073359,0.5746367239101717,0.8909957568258726,0.8708360042336876,7852,26023,0.3191543555781966,0.4105960264900662,0.0914416709118695,0.134306023194912,0.8880016891379968,0.8851548099417677,0.8907735443081614,0.8838700277314027,-0.0069035165767586,0.667213293976167,0.5411610364053788,0.892077590179731,0.9314173195357996,0.01431880570808,0.3407553248612851,-0.0029940676878758,0.0962896598658187,True,True,True,0.4403307007152597,True,True,True,True,True,False,0.0005406977106813394,0.12188241148506045,True,True,,
mimic_race_unmatched,MIMIC race (unmatched cohort),phase2b,phase2b__mimic_cxr_unmatched__densenet121__seed123__pr0.9,densenet121,123,0.9,pleural_effusion,BLACK_OR_AA,spec0.90,0.6845507433742728,0.899828417354359,0.462890625,WHITE,1295,6993,0.4154440154440154,0.7482625482625482,0.3328185328185328,0.5693527080581241,0.8909957568258726,0.8711271718993727,7852,26023,0.3191543555781966,0.4425624044829342,0.1234080489047376,0.1812570145903478,0.8880016891379968,0.8857557546154124,0.8907735443081614,0.8847580285934747,-0.0060155157146866,0.667213293976167,0.51415764731606,0.892077590179731,0.9385395282584104,0.0146285827160397,0.3057001437796139,-0.0029940676878758,0.0962896598658187,True,True,True,0.3880956934677763,True,True,True,True,True,False,0.0005406977106813394,0.12188241148506045,True,True,,
mimic_race_unmatched,MIMIC race (unmatched cohort),phase2b,phase2b__mimic_cxr_unmatched__densenet121__seed123__pr1.0,densenet121,123,1.0,pleural_effusion,BLACK_OR_AA,spec0.90,0.6845507433742728,0.899828417354359,0.462890625,WHITE,1295,6993,0.4154440154440154,0.6810810810810811,0.2656370656370657,0.4544253632760899,0.8909957568258726,0.8322161403242483,7852,26023,0.3191543555781966,0.3251400916963831,0.0059857361181864,0.0087916199027309,0.8880016891379968,0.884969063916005,0.8907735443081614,0.8760361248627494,-0.0147374194454119,0.667213293976167,0.6244670383732371,0.892077590179731,0.9032217520633458,0.0527529235917567,0.355940989384698,-0.0029940676878758,0.0962896598658187,True,True,True,0.4456337433733589,True,True,True,True,True,False,0.0005406977106813394,0.12188241148506045,True,True,,
mimic_race_unmatched,MIMIC race (unmatched cohort),phase4,phase4__mimic_cxr_unmatched__efficientnet_b4__seed7__pr0.0,efficientnet_b4,7,0.0,pleural_effusion,BLACK_OR_AA,spec0.90,0.6602025425554837,0.8999101233760928,0.414306640625,WHITE,1295,6993,0.4239382239382239,0.4239382239382239,0.0,0.0,0.8797790595087892,0.8797790595087892,7852,26023,0.3265410086602139,0.3265410086602139,0.0,0.0,0.8795884321675727,0.8795884321675727,0.8819169429425839,0.8819169429425839,0.0,0.6596698371050618,0.6596698371050618,0.8883489044367171,0.8883489044367171,-0.0001906273412165,0.0973972152780099,-0.0001906273412165,0.0973972152780099,False,False,True,0.0,False,False,False,False,False,True,0.0005406977106813394,0.12188241148506045,False,False,False,False
mimic_race_unmatched,MIMIC race (unmatched cohort),phase4,phase4__mimic_cxr_unmatched__efficientnet_b4__seed7__pr0.5,efficientnet_b4,7,0.5,pleural_effusion,BLACK_OR_AA,spec0.90,0.6602025425554837,0.8999101233760928,0.414306640625,WHITE,1295,6993,0.4239382239382239,0.5737451737451738,0.1498069498069498,0.260053619302949,0.8797790595087892,0.8730431052824874,7852,26023,0.3265410086602139,0.3638563423331635,0.0373153336729495,0.0554084720121029,0.8795884321675727,0.8778021703479032,0.8819169429425839,0.8797165075213779,-0.002200435421206,0.6596698371050618,0.6064283371597246,0.8883489044367171,0.9058192634798274,0.0047590650654157,0.2098888314120102,-0.0001906273412165,0.0973972152780099,True,True,True,0.2046451472908461,True,True,True,True,False,False,0.0005406977106813394,0.12188241148506045,True,True,,
mimic_race_unmatched,MIMIC race (unmatched cohort),phase4,phase4__mimic_cxr_unmatched__efficientnet_b4__seed7__pr0.75,efficientnet_b4,7,0.75,pleural_effusion,BLACK_OR_AA,spec0.90,0.6602025425554837,0.8999101233760928,0.414306640625,WHITE,1295,6993,0.4239382239382239,0.6393822393822394,0.2154440154440154,0.373994638069705,0.8797790595087892,0.8717164865813515,7852,26023,0.3265410086602139,0.3658940397350993,0.0393530310748853,0.0584341906202722,0.8795884321675727,0.8779027670088257,0.8819169429425839,0.8790412697000244,-0.0028756732425595,0.6596698371050618,0.5953864655078168,0.8883489044367171,0.9094641585319873,0.0061862804274742,0.27348819964714,-0.0001906273412165,0.0973972152780099,True,True,True,0.3155604474494327,True,True,True,True,True,False,0.0005406977106813394,0.12188241148506045,True,True,,
mimic_race_unmatched,MIMIC race (unmatched cohort),phase4,phase4__mimic_cxr_unmatched__efficientnet_b4__seed7__pr1.0,efficientnet_b4,7,1.0,pleural_effusion,BLACK_OR_AA,spec0.90,0.6602025425554837,0.8999101233760928,0.414306640625,WHITE,1295,6993,0.4239382239382239,0.5899613899613899,0.1660231660231659,0.2882037533512063,0.8797790595087892,0.8593767914231234,7852,26023,0.3265410086602139,0.303998981151299,-0.0225420275089149,-0.0334720121028744,0.8795884321675727,0.8749427735151931,0.8819169429425839,0.873703923152605,-0.0082130197899789,0.6596698371050618,0.6555154695528589,0.8883489044367171,0.8803049981147094,0.0155659820920697,0.2859624088100909,-0.0001906273412165,0.0973972152780099,True,True,True,0.3216757654540807,True,True,True,True,False,False,0.0005406977106813394,0.12188241148506045,True,True,,
mimic_race_unmatched,MIMIC race (unmatched cohort),phase4,phase4__mimic_cxr_unmatched__efficientnet_b4__seed42__pr0.0,efficientnet_b4,42,0.0,pleural_effusion,BLACK_OR_AA,spec0.90,0.6550312432665374,0.8999918293978266,0.424121081829071,WHITE,1295,6993,0.4262548262548262,0.4262548262548262,0.0,0.0,0.8824735631685439,0.8824735631685439,7852,26023,0.3237391747325522,0.3237391747325522,0.0,0.0,0.8817877935129934,0.8817877935129934,0.8841648043345154,0.8841648043345154,0.0,0.6617470208811632,0.6617470208811632,0.8892706020361137,0.8892706020361137,-0.0006857696555504,0.102515651522274,-0.0006857696555504,0.102515651522274,False,False,True,0.0,False,False,False,False,False,True,0.0005406977106813394,0.12188241148506045,False,False,False,False
mimic_race_unmatched,MIMIC race (unmatched cohort),phase4,phase4__mimic_cxr_unmatched__efficientnet_b4__seed42__pr0.5,efficientnet_b4,42,0.5,pleural_effusion,BLACK_OR_AA,spec0.90,0.6550312432665374,0.8999918293978266,0.424121081829071,WHITE,1295,6993,0.4262548262548262,0.5305019305019305,0.1042471042471042,0.1816958277254374,0.8824735631685439,0.8778590604845431,7852,26023,0.3237391747325522,0.326158940397351,0.0024197656647987,0.003578154425612,0.8817877935129934,0.8801190965501702,0.8841648043345154,0.8821658645931718,-0.0019989397413435,0.6617470208811632,0.6449108997485514,0.8892706020361137,0.8957224852318907,0.002260036065627,0.2043429901045795,-0.0006857696555504,0.102515651522274,False,True,True,0.1781176732998253,False,True,True,False,False,False,0.0005406977106813394,0.12188241148506045,True,True,,
mimic_race_unmatched,MIMIC race (unmatched cohort),phase4,phase4__mimic_cxr_unmatched__efficientnet_b4__seed42__pr0.75,efficientnet_b4,42,0.75,pleural_effusion,BLACK_OR_AA,spec0.90,0.6550312432665374,0.8999918293978266,0.424121081829071,WHITE,1295,6993,0.4262548262548262,0.616988416988417,0.1907335907335907,0.332436069986541,0.8824735631685439,0.8673803447934721,7852,26023,0.3237391747325522,0.3490830361691289,0.0253438614365766,0.0374764595103578,0.8817877935129934,0.8778007896231625,0.8841648043345154,0.8780228308151309,-0.0061419735193845,0.6617470208811632,0.6129878648737291,0.8892706020361137,0.9035569148267628,0.0104204448296904,0.2679053808192881,-0.0006857696555504,0.102515651522274,True,True,True,0.2949596104761832,True,True,True,True,True,False,0.0005406977106813394,0.12188241148506045,True,True,,
mimic_race_unmatched,MIMIC race (unmatched cohort),phase4,phase4__mimic_cxr_unmatched__efficientnet_b4__seed42__pr1.0,efficientnet_b4,42,1.0,pleural_effusion,BLACK_OR_AA,spec0.90,0.6550312432665374,0.8999918293978266,0.424121081829071,WHITE,1295,6993,0.4262548262548262,0.6671814671814672,0.2409266409266409,0.4199192462987887,0.8824735631685439,0.8474392559334644,7852,26023,0.3237391747325522,0.358634742740703,0.0348955680081508,0.0516007532956685,0.8817877935129934,0.8744477731825575,0.8841648043345154,0.8708275766165308,-0.0133372277179846,0.6617470208811632,0.5976823002077184,0.8892706020361137,0.9047299844987222,0.0270085172490931,0.3085467244407642,-0.0006857696555504,0.102515651522274,True,True,True,0.3683184930031202,True,True,True,True,True,False,0.0005406977106813394,0.12188241148506045,True,True,,
mimic_race_unmatched,MIMIC race (unmatched cohort),phase4,phase4__mimic_cxr_unmatched__efficientnet_b4__seed123__pr0.0,efficientnet_b4,123,0.0,pleural_effusion,BLACK_OR_AA,spec0.90,0.6494290023701789,0.899828417354359,0.419677734375,WHITE,1295,6993,0.4293436293436293,0.4293436293436293,0.0,0.0,0.8846030104717364,0.8846030104717364,7852,26023,0.3349465104431992,0.3349465104431992,0.0,0.0,0.880029079604963,0.880029079604963,0.8831660329486122,0.8831660329486122,0.0,0.6516890783863561,0.6516890783863561,0.8926641250157108,0.8926641250157108,-0.0045739308667733,0.0943971189004301,-0.0045739308667733,0.0943971189004301,False,False,True,0.0,False,False,False,False,False,True,0.0005406977106813394,0.12188241148506045,False,False,False,False
mimic_race_unmatched,MIMIC race (unmatched cohort),phase4,phase4__mimic_cxr_unmatched__efficientnet_b4__seed123__pr0.75,efficientnet_b4,123,0.75,pleural_effusion,BLACK_OR_AA,spec0.90,0.6494290023701789,0.899828417354359,0.419677734375,WHITE,1295,6993,0.4293436293436293,0.6424710424710425,0.2131274131274131,0.3734776725304465,0.8846030104717364,0.8781844472964164,7852,26023,0.3349465104431992,0.3978604177279674,0.0629139072847682,0.0945997702029873,0.880029079604963,0.8777826019038638,0.8831660329486122,0.8802564889200644,-0.0029095440285478,0.6516890783863561,0.5675084727232973,0.8926641250157108,0.9204407390338932,-0.0004018453925526,0.2446106247430751,-0.0045739308667733,0.0943971189004301,True,True,True,0.2788779023274592,True,True,True,True,True,False,0.0005406977106813394,0.12188241148506045,False,True,,
mimic_race_unmatched,MIMIC race (unmatched cohort),phase4,phase4__mimic_cxr_unmatched__efficientnet_b4__seed123__pr1.0,efficientnet_b4,123,1.0,pleural_effusion,BLACK_OR_AA,spec0.90,0.6494290023701789,0.899828417354359,0.419677734375,WHITE,1295,6993,0.4293436293436293,0.7343629343629343,0.3050193050193049,0.5345060893098781,0.8846030104717364,0.8615439814281513,7852,26023,0.3349465104431992,0.4146714212939378,0.0797249108507386,0.1198774415932593,0.880029079604963,0.8747555906946497,0.8831660329486122,0.8741020457299764,-0.0090639872186357,0.6516890783863561,0.540067781786378,0.8926641250157108,0.9226192969961038,0.0132116092664984,0.3196915130689964,-0.0045739308667733,0.0943971189004301,True,True,True,0.4146286477166188,True,True,True,True,True,False,0.0005406977106813394,0.12188241148506045,True,True,,
mimic_race_unmatched,MIMIC race (unmatched cohort),phase4,phase4__mimic_cxr_unmatched__resnet50__seed7__pr0.0,resnet50,7,0.0,pleural_effusion,BLACK_OR_AA,spec0.90,0.6722689075630253,0.8999918293978266,0.408007800579071,WHITE,1295,6993,0.4301158301158301,0.4301158301158301,0.0,0.0,0.8825836742825159,0.8825836742825159,7852,26023,0.3160978094752929,0.3160978094752929,0.0,0.0,0.8824746164620012,0.8824746164620012,0.884826246509162,0.884826246509162,0.0,0.6677599212856674,0.6677599212856674,0.8896476601449579,0.8896476601449579,-0.0001090578205147,0.1140180206405371,-0.0001090578205147,0.1140180206405371,False,False,True,0.0,False,False,False,False,False,True,0.0005406977106813394,0.12188241148506045,False,False,False,False
mimic_race_unmatched,MIMIC race (unmatched cohort),phase4,phase4__mimic_cxr_unmatched__resnet50__seed7__pr0.5,resnet50,7,0.5,pleural_effusion,BLACK_OR_AA,spec0.90,0.6722689075630253,0.8999918293978266,0.408007800579071,WHITE,1295,6993,0.4301158301158301,0.5173745173745173,0.0872586872586872,0.1531165311653116,0.8825836742825159,0.8774989124409973,7852,26023,0.3160978094752929,0.31444218033622,-0.0016556291390728,-0.0024208566108007,0.8824746164620012,0.8795467475970413,0.884826246509162,0.8816487934948927,-0.0031774530142693,0.6677599212856674,0.6568273750956598,0.8896476601449579,0.8911139972349073,0.002047835156044,0.2029323370382972,-0.0001090578205147,0.1140180206405371,False,True,True,0.1555373877761124,False,True,True,False,False,False,0.0005406977106813394,0.12188241148506045,True,True,,
mimic_race_unmatched,MIMIC race (unmatched cohort),phase4,phase4__mimic_cxr_unmatched__resnet50__seed7__pr0.75,resnet50,7,0.75,pleural_effusion,BLACK_OR_AA,spec0.90,0.6722689075630253,0.8999918293978266,0.408007800579071,WHITE,1295,6993,0.4301158301158301,0.5691119691119692,0.138996138996139,0.2439024390243903,0.8825836742825159,0.8702639685265168,7852,26023,0.3160978094752929,0.3062913907284768,-0.009806418746816,-0.014338919925512,0.8824746164620012,0.877950713901975,0.884826246509162,0.8787494313131675,-0.0060768151959944,0.6677599212856674,0.6564993987099595,0.8896476601449579,0.8884745904729985,0.0076867453754582,0.2628205783834923,-0.0001090578205147,0.1140180206405371,True,True,True,0.2582413589499024,True,True,True,True,False,False,0.0005406977106813394,0.12188241148506045,True,True,,
mimic_race_unmatched,MIMIC race (unmatched cohort),phase4,phase4__mimic_cxr_unmatched__resnet50__seed7__pr1.0,resnet50,7,1.0,pleural_effusion,BLACK_OR_AA,spec0.90,0.6722689075630253,0.8999918293978266,0.408007800579071,WHITE,1295,6993,0.4301158301158301,0.6517374517374518,0.2216216216216217,0.388888888888889,0.8825836742825159,0.8393285729193065,7852,26023,0.3160978094752929,0.3239938869077942,0.0078960774325012,0.0115456238361266,0.8824746164620012,0.8760474724565039,0.884826246509162,0.87091565211067,-0.0139105943984919,0.6677599212856674,0.6296053350825407,0.8896476601449579,0.8948845783233482,0.0367188995371974,0.3277435648296576,-0.0001090578205147,0.1140180206405371,True,True,True,0.3773432650527624,True,True,True,True,True,False,0.0005406977106813394,0.12188241148506045,True,True,,
mimic_race_unmatched,MIMIC race (unmatched cohort),phase4,phase4__mimic_cxr_unmatched__resnet50__seed42__pr0.0,resnet50,42,0.0,pleural_effusion,BLACK_OR_AA,spec0.90,0.6785175608705021,0.8999101233760928,0.380615234375,WHITE,1295,6993,0.4308880308880309,0.4308880308880309,0.0,0.0,0.8834749983398632,0.8834749983398632,7852,26023,0.3166072338257769,0.3166072338257769,0.0,0.0,0.8827546162253855,0.8827546162253855,0.8852224064588395,0.8852224064588395,0.0,0.667213293976167,0.667213293976167,0.8888097532364154,0.8888097532364154,-0.0007203821144776,0.114280797062254,-0.0007203821144776,0.114280797062254,False,False,True,0.0,False,False,False,False,False,True,0.0005406977106813394,0.12188241148506045,False,False,False,False
mimic_race_unmatched,MIMIC race (unmatched cohort),phase4,phase4__mimic_cxr_unmatched__resnet50__seed42__pr0.5,resnet50,42,0.5,pleural_effusion,BLACK_OR_AA,spec0.90,0.6785175608705021,0.8999101233760928,0.380615234375,WHITE,1295,6993,0.4308880308880309,0.4826254826254826,0.0517374517374517,0.0909090909090908,0.8834749983398632,0.8796894798825301,7852,26023,0.3166072338257769,0.2908813041263372,-0.0257259296994396,-0.0376444278792396,0.8827546162253855,0.8820167625310162,0.8852224064588395,0.8839764653595549,-0.0012459410992846,0.667213293976167,0.6819722313326774,0.8888097532364154,0.8834890443671708,0.0023272826484861,0.1917441784991453,-0.0007203821144776,0.114280797062254,False,True,True,0.1285535187883305,False,False,False,False,False,False,0.0005406977106813394,0.12188241148506045,True,True,,
mimic_race_unmatched,MIMIC race (unmatched cohort),phase4,phase4__mimic_cxr_unmatched__resnet50__seed42__pr0.75,resnet50,42,0.75,pleural_effusion,BLACK_OR_AA,spec0.90,0.6785175608705021,0.8999101233760928,0.380615234375,WHITE,1295,6993,0.4308880308880309,0.5768339768339769,0.1459459459459459,0.2564450474898236,0.8834749983398632,0.8745067360897476,7852,26023,0.3166072338257769,0.3245033112582781,0.0078960774325012,0.0115542303391725,0.8827546162253855,0.879838900541645,0.8852224064588395,0.8810022576722403,-0.0042201487865992,0.667213293976167,0.6397726030392479,0.8888097532364154,0.8973564037035485,0.0053321644518974,0.2523306655756987,-0.0007203821144776,0.114280797062254,True,True,True,0.2448908171506511,True,True,True,True,False,False,0.0005406977106813394,0.12188241148506045,True,True,,
mimic_race_unmatched,MIMIC race (unmatched cohort),phase4,phase4__mimic_cxr_unmatched__resnet50__seed42__pr1.0,resnet50,42,1.0,pleural_effusion,BLACK_OR_AA,spec0.90,0.6785175608705021,0.8999101233760928,0.380615234375,WHITE,1295,6993,0.4308880308880309,0.6185328185328185,0.1876447876447876,0.3297150610583446,0.8834749983398632,0.8427603805982185,7852,26023,0.3166072338257769,0.2782730514518594,-0.0383341823739175,-0.0560939247111442,0.8827546162253855,0.8773817151337495,0.8852224064588395,0.872517884565091,-0.0127045218937484,0.667213293976167,0.6735541707663715,0.8888097532364154,0.8728895219741086,0.034621334535531,0.3402597670809591,-0.0007203821144776,0.114280797062254,True,True,True,0.3858089857694888,True,True,True,True,True,False,0.0005406977106813394,0.12188241148506045,True,True,,
mimic_race_unmatched,MIMIC race (unmatched cohort),phase4,phase4__mimic_cxr_unmatched__resnet50__seed123__pr0.0,resnet50,123,0.0,pleural_effusion,BLACK_OR_AA,spec0.90,0.6668821374703727,0.8999101233760928,0.4248046875,WHITE,1295,6993,0.4193050193050193,0.4193050193050193,0.0,0.0,0.8830844935092039,0.8830844935092039,7852,26023,0.325904228222109,0.325904228222109,0.0,0.0,0.8814379199663535,0.8814379199663535,0.8841118843803155,0.8841118843803155,0.0,0.6608724171859626,0.6608724171859626,0.8913653693074699,0.8913653693074699,-0.0016465735428504,0.0934007910829102,-0.0016465735428504,0.0934007910829102,False,False,True,0.0,False,False,False,False,False,True,0.0005406977106813394,0.12188241148506045,False,False,False,False
mimic_race_unmatched,MIMIC race (unmatched cohort),phase4,phase4__mimic_cxr_unmatched__resnet50__seed123__pr0.5,resnet50,123,0.5,pleural_effusion,BLACK_OR_AA,spec0.90,0.6668821374703727,0.8999101233760928,0.4248046875,WHITE,1295,6993,0.4193050193050193,0.5142857142857142,0.0949806949806949,0.1635638297872339,0.8830844935092039,0.8785941284010782,7852,26023,0.325904228222109,0.3080743759551707,-0.0178298522669383,-0.026450028339316,0.8814379199663535,0.88134328775596,0.8841118843803155,0.883222571282924,-0.0008893130973914,0.6608724171859626,0.6627309500382639,0.8913653693074699,0.889354392726968,0.0027491593548818,0.2062113383305435,-0.0016465735428504,0.0934007910829102,False,True,True,0.19001385812655,False,True,True,False,False,False,0.0005406977106813394,0.12188241148506045,True,True,,
mimic_race_unmatched,MIMIC race (unmatched cohort),phase4,phase4__mimic_cxr_unmatched__resnet50__seed123__pr0.75,resnet50,123,0.75,pleural_effusion,BLACK_OR_AA,spec0.90,0.6668821374703727,0.8999101233760928,0.4248046875,WHITE,1295,6993,0.4193050193050193,0.5382239382239382,0.1189189189189189,0.2047872340425532,0.8830844935092039,0.871560840286709,7852,26023,0.325904228222109,0.281839021905247,-0.0440652063168619,-0.0653693557528811,0.8814379199663535,0.8789316942995244,0.8841118843803155,0.8796345306008078,-0.0044773537795077,0.6608724171859626,0.6818629058707774,0.8913653693074699,0.8774980099710922,0.0073708540128154,0.2563849163186911,-0.0016465735428504,0.0934007910829102,True,True,True,0.2701565897954343,True,True,True,True,False,False,0.0005406977106813394,0.12188241148506045,True,True,,
mimic_race_unmatched,MIMIC race (unmatched cohort),phase4,phase4__mimic_cxr_unmatched__resnet50__seed123__pr1.0,resnet50,123,1.0,pleural_effusion,BLACK_OR_AA,spec0.90,0.6668821374703727,0.8999101233760928,0.4248046875,WHITE,1295,6993,0.4193050193050193,0.6525096525096525,0.2332046332046332,0.4015957446808511,0.8830844935092039,0.8442471855599268,7852,26023,0.325904228222109,0.336984207845135,0.0110799796230259,0.0164368033251464,0.8814379199663535,0.8770752292851128,0.8841118843803155,0.8725470720679592,-0.0115648123123562,0.6608724171859626,0.6183448125068328,0.8913653693074699,0.8988227407934979,0.0328280437251859,0.3155254446645175,-0.0016465735428504,0.0934007910829102,True,True,True,0.3851589413557047,True,True,True,True,True,False,0.0005406977106813394,0.12188241148506045,True,True,,
mimic_race_unmatched,MIMIC race (unmatched cohort),phase4,phase4__mimic_cxr_unmatched__swin_tiny_patch4_window7_224__seed7__pr0.0,swin_tiny_patch4_window7_224,7,0.0,pleural_effusion,BLACK_OR_AA,spec0.90,0.6936005171299289,0.8999918293978266,0.460009753704071,WHITE,1295,6993,0.4355212355212355,0.4355212355212355,0.0,0.0,0.8909214911145411,0.8909214911145411,7852,26023,0.2999235863474274,0.2999235863474274,0.0,0.0,0.8908358894963798,0.8908358894963798,0.8929652887467558,0.8929652887467558,0.0,0.6808789767136766,0.6808789767136766,0.8898571368720936,0.8898571368720936,-8.560161816129064e-05,0.1355976491738081,-8.560161816129064e-05,0.1355976491738081,False,False,True,0.0,False,False,False,False,False,True,0.0005406977106813394,0.12188241148506045,False,True,False,True
mimic_race_unmatched,MIMIC race (unmatched cohort),phase4,phase4__mimic_cxr_unmatched__swin_tiny_patch4_window7_224__seed7__pr0.5,swin_tiny_patch4_window7_224,7,0.5,pleural_effusion,BLACK_OR_AA,spec0.90,0.6936005171299289,0.8999918293978266,0.460009753704071,WHITE,1295,6993,0.4355212355212355,0.5505791505791506,0.1150579150579151,0.2038303693570452,0.8909214911145411,0.890168602137714,7852,26023,0.2999235863474274,0.3289607743250127,0.0290371879775853,0.0414771693651083,0.8908358894963798,0.8899472459419518,0.8929652887467558,0.8922979060164057,-0.0006673827303501,0.6808789767136766,0.6396632775773478,0.8898571368720936,0.9092546818048516,-0.0002213561957621,0.2216183762541378,-8.560161816129064e-05,0.1355976491738081,True,True,True,0.1623531999919369,True,True,True,True,False,False,0.0005406977106813394,0.12188241148506045,False,True,,
mimic_race_unmatched,MIMIC race (unmatched cohort),phase4,phase4__mimic_cxr_unmatched__swin_tiny_patch4_window7_224__seed7__pr0.75,swin_tiny_patch4_window7_224,7,0.75,pleural_effusion,BLACK_OR_AA,spec0.90,0.6936005171299289,0.8999918293978266,0.460009753704071,WHITE,1295,6993,0.4355212355212355,0.7281853281853282,0.2926640926640927,0.518467852257182,0.8909214911145411,0.8835053551269767,7852,26023,0.2999235863474274,0.4275343861436577,0.1276107997962303,0.182281244315081,0.8908358894963798,0.8878887605726018,0.8929652887467558,0.8890091282707184,-0.0039561604760374,0.6808789767136766,0.529900513829671,0.8898571368720936,0.937701621349868,0.004383405445625,0.3006509420416705,-8.560161816129064e-05,0.1355976491738081,True,True,True,0.3361866079421009,True,True,True,True,True,False,0.0005406977106813394,0.12188241148506045,True,True,,
mimic_race_unmatched,MIMIC race (unmatched cohort),phase4,phase4__mimic_cxr_unmatched__swin_tiny_patch4_window7_224__seed7__pr1.0,swin_tiny_patch4_window7_224,7,1.0,pleural_effusion,BLACK_OR_AA,spec0.90,0.6936005171299289,0.8999918293978266,0.460009753704071,WHITE,1295,6993,0.4355212355212355,0.5969111969111969,0.1613899613899613,0.2859097127222981,0.8909214911145411,0.8682125815330448,7852,26023,0.2999235863474274,0.2903718797758532,-0.0095517065715741,-0.0136438057122066,0.8908358894963798,0.8856613221545373,0.8929652887467558,0.8844426432545198,-0.008522645492236,0.6808789767136766,0.6662293648190664,0.8898571368720936,0.8878042649461645,0.0174487406214924,0.3065393171353436,-8.560161816129064e-05,0.1355976491738081,True,True,True,0.2995535184345048,True,True,True,True,False,False,0.0005406977106813394,0.12188241148506045,True,True,,
mimic_race_unmatched,MIMIC race (unmatched cohort),phase4,phase4__mimic_cxr_unmatched__swin_tiny_patch4_window7_224__seed42__pr0.0,swin_tiny_patch4_window7_224,42,0.0,pleural_effusion,BLACK_OR_AA,spec0.90,0.6847662141779789,0.8999101233760928,0.420654296875,WHITE,1295,6993,0.4177606177606177,0.4177606177606177,0.0,0.0,0.8917275044688173,0.8917275044688173,7852,26023,0.303998981151299,0.303998981151299,0.0,0.0,0.8901881403566554,0.8901881403566554,0.8925717807490846,0.8925717807490846,0.0,0.6798950475565759,0.6798950475565759,0.8915329506891785,0.8915329506891785,-0.0015393641121619,0.1137616366093187,-0.0015393641121619,0.1137616366093187,False,False,True,0.0,False,False,False,False,False,True,0.0005406977106813394,0.12188241148506045,False,False,False,False
mimic_race_unmatched,MIMIC race (unmatched cohort),phase4,phase4__mimic_cxr_unmatched__swin_tiny_patch4_window7_224__seed42__pr0.5,swin_tiny_patch4_window7_224,42,0.5,pleural_effusion,BLACK_OR_AA,spec0.90,0.6847662141779789,0.8999101233760928,0.420654296875,WHITE,1295,6993,0.4177606177606177,0.6077220077220077,0.1899613899613899,0.326259946949602,0.8917275044688173,0.8895756961394027,7852,26023,0.303998981151299,0.3863983698420784,0.0823993886907794,0.1183897529734675,0.8901881403566554,0.8886889746648363,0.8925717807490846,0.8911814067403542,-0.0013903740087304,0.6798950475565759,0.5822674100798075,0.8915329506891785,0.9263479827391176,-0.0008867214745663,0.2213236378799292,-0.0015393641121619,0.1137616366093187,True,True,True,0.2078701939761345,True,True,True,True,True,False,0.0005406977106813394,0.12188241148506045,False,True,,
mimic_race_unmatched,MIMIC race (unmatched cohort),phase4,phase4__mimic_cxr_unmatched__swin_tiny_patch4_window7_224__seed42__pr0.75,swin_tiny_patch4_window7_224,42,0.75,pleural_effusion,BLACK_OR_AA,spec0.90,0.6847662141779789,0.8999101233760928,0.420654296875,WHITE,1295,6993,0.4177606177606177,0.6818532818532819,0.2640926640926641,0.4535809018567639,0.8917275044688173,0.8782273398103514,7852,26023,0.303998981151299,0.3674223127865512,0.0634233316352521,0.0911253430924062,0.8901881403566554,0.8870172534242184,0.8925717807490846,0.8871689277809482,-0.0054028529681363,0.6798950475565759,0.5880616595605116,0.8915329506891785,0.9191838786710796,0.008789913613867,0.3144309690667307,-0.0015393641121619,0.1137616366093187,True,True,True,0.3624555587643577,True,True,True,True,True,False,0.0005406977106813394,0.12188241148506045,True,True,,
mimic_race_unmatched,MIMIC race (unmatched cohort),phase4,phase4__mimic_cxr_unmatched__swin_tiny_patch4_window7_224__seed42__pr1.0,swin_tiny_patch4_window7_224,42,1.0,pleural_effusion,BLACK_OR_AA,spec0.90,0.6847662141779789,0.8999101233760928,0.420654296875,WHITE,1295,6993,0.4177606177606177,0.7019305019305019,0.2841698841698841,0.4880636604774535,0.8917275044688173,0.8652489324303996,7852,26023,0.303998981151299,0.347300050942435,0.043301069791136,0.0622140896614821,0.8901881403566554,0.8871670585541954,0.8925717807490846,0.8844908020617237,-0.0080809786873609,0.6798950475565759,0.6024926205313218,0.8915329506891785,0.9153714022372116,0.0219181261237958,0.3546304509880668,-0.0015393641121619,0.1137616366093187,True,True,True,0.4258495708159713,True,True,True,True,True,False,0.0005406977106813394,0.12188241148506045,True,True,,
mimic_race_unmatched,MIMIC race (unmatched cohort),phase4,phase4__mimic_cxr_unmatched__swin_tiny_patch4_window7_224__seed123__pr0.0,swin_tiny_patch4_window7_224,123,0.0,pleural_effusion,BLACK_OR_AA,spec0.90,0.6836888601594484,0.8999918293978266,0.398242175579071,WHITE,1295,6993,0.4185328185328185,0.4185328185328185,0.0,0.0,0.8915074177622441,0.8915074177622441,7852,26023,0.3080743759551707,0.3080743759551707,0.0,0.0,0.8901226225146499,0.8901226225146499,0.8924887435057349,0.8924887435057349,0.0,0.6762873073138734,0.6762873073138734,0.8929154970882734,0.8929154970882734,-0.0013847952475941,0.1104584425776478,-0.0013847952475941,0.1104584425776478,False,False,True,0.0,False,False,False,False,False,True,0.0005406977106813394,0.12188241148506045,False,False,False,False
mimic_race_unmatched,MIMIC race (unmatched cohort),phase4,phase4__mimic_cxr_unmatched__swin_tiny_patch4_window7_224__seed123__pr0.5,swin_tiny_patch4_window7_224,123,0.5,pleural_effusion,BLACK_OR_AA,spec0.90,0.6836888601594484,0.8999918293978266,0.398242175579071,WHITE,1295,6993,0.4185328185328185,0.5459459459459459,0.1274131274131273,0.2191235059760955,0.8915074177622441,0.8898387431205964,7852,26023,0.3080743759551707,0.3074375955170657,-0.0006367804381049,-0.0009203018590097,0.8901226225146499,0.8888281019565276,0.8924887435057349,0.8912324396406219,-0.0012563038651129,0.6762873073138734,0.6587952334098611,0.8929154970882734,0.8998701244291759,-0.0010106411640687,0.2385083504288802,-0.0013847952475941,0.1104584425776478,True,True,True,0.2200438078351053,True,True,True,True,False,False,0.0005406977106813394,0.12188241148506045,False,True,,
mimic_race_unmatched,MIMIC race (unmatched cohort),phase4,phase4__mimic_cxr_unmatched__swin_tiny_patch4_window7_224__seed123__pr0.75,swin_tiny_patch4_window7_224,123,0.75,pleural_effusion,BLACK_OR_AA,spec0.90,0.6836888601594484,0.8999918293978266,0.398242175579071,WHITE,1295,6993,0.4185328185328185,0.5891891891891892,0.1706563706563706,0.2934926958831341,0.8915074177622441,0.8835897171804508,7852,26023,0.3080743759551707,0.292664289353031,-0.0154100866021396,-0.0222713049880361,0.8901226225146499,0.8874521957350154,0.8924887435057349,0.8884989000330569,-0.003989843472678,0.6762873073138734,0.6653547611238657,0.8929154970882734,0.8919100087980225,0.0038624785545646,0.2965248998361581,-0.0013847952475941,0.1104584425776478,True,True,True,0.3157640008711702,True,True,True,True,False,False,0.0005406977106813394,0.12188241148506045,True,True,,
mimic_race_unmatched,MIMIC race (unmatched cohort),phase4,phase4__mimic_cxr_unmatched__swin_tiny_patch4_window7_224__seed123__pr1.0,swin_tiny_patch4_window7_224,123,1.0,pleural_effusion,BLACK_OR_AA,spec0.90,0.6836888601594484,0.8999918293978266,0.398242175579071,WHITE,1295,6993,0.4185328185328185,0.6756756756756757,0.2571428571428571,0.4422310756972111,0.8915074177622441,0.8681793787971395,7852,26023,0.3080743759551707,0.3851248089658686,0.0770504330106979,0.1113565249401804,0.8901226225146499,0.8850706943682942,0.8924887435057349,0.8837062456488121,-0.0087824978569228,0.6762873073138734,0.5737400240516016,0.8929154970882734,0.9209015878335916,0.0168913155711547,0.290550866709807,-0.0013847952475941,0.1104584425776478,True,True,True,0.3308745507570307,True,True,True,True,True,False,0.0005406977106813394,0.12188241148506045,True,True,,
mimic_race_unmatched,MIMIC race (unmatched cohort),phase4,phase4__mimic_cxr_unmatched__vit_base_patch16_224__seed7__pr0.0,vit_base_patch16_224,7,0.0,pleural_effusion,BLACK_OR_AA,spec0.90,0.6621417797888386,0.8999918293978266,0.451708972454071,WHITE,1295,6993,0.4432432432432432,0.4432432432432432,0.0,0.0,0.8822147173498526,0.8822147173498526,7852,26023,0.3243759551706571,0.3243759551706571,0.0,0.0,0.8830721899244773,0.8830721899244773,0.8851663971408605,0.8851663971408605,0.0,0.6587952334098611,0.6587952334098611,0.891030206544053,0.891030206544053,0.0008574725746247,0.1188672880725861,0.0008574725746247,0.1188672880725861,False,False,True,0.0,False,False,False,False,False,True,0.0005406977106813394,0.12188241148506045,True,False,True,False
mimic_race_unmatched,MIMIC race (unmatched cohort),phase4,phase4__mimic_cxr_unmatched__vit_base_patch16_224__seed7__pr0.5,vit_base_patch16_224,7,0.5,pleural_effusion,BLACK_OR_AA,spec0.90,0.6621417797888386,0.8999918293978266,0.451708972454071,WHITE,1295,6993,0.4432432432432432,0.6270270270270271,0.1837837837837838,0.3300970873786408,0.8822147173498526,0.879264823666368,7852,26023,0.3243759551706571,0.4118695873662761,0.0874936321956189,0.1295004712535344,0.8830721899244773,0.880422747357398,0.8851663971408605,0.8826834601275557,-0.0024829370133048,0.6587952334098611,0.5576691811522904,0.891030206544053,0.9255519711760024,0.0011579236910299,0.2151574396607509,0.0008574725746247,0.1188672880725861,True,True,True,0.2005966161251064,True,True,True,True,True,False,0.0005406977106813394,0.12188241148506045,True,True,,
mimic_race_unmatched,MIMIC race (unmatched cohort),phase4,phase4__mimic_cxr_unmatched__vit_base_patch16_224__seed7__pr0.75,vit_base_patch16_224,7,0.75,pleural_effusion,BLACK_OR_AA,spec0.90,0.6621417797888386,0.8999918293978266,0.451708972454071,WHITE,1295,6993,0.4432432432432432,0.7027027027027027,0.2594594594594595,0.4660194174757282,0.8822147173498526,0.8720790062488906,7852,26023,0.3243759551706571,0.4606469689251146,0.1362710137544575,0.2016965127238454,0.8830721899244773,0.8782881083602868,0.8851663971408605,0.8797747657313003,-0.0053916314095602,0.6587952334098611,0.5050836339783535,0.891030206544053,0.9346851564791152,0.0062091021113962,0.2420557337775881,0.0008574725746247,0.1188672880725861,True,True,True,0.2643229047518828,True,True,True,True,True,False,0.0005406977106813394,0.12188241148506045,True,True,,
mimic_race_unmatched,MIMIC race (unmatched cohort),phase4,phase4__mimic_cxr_unmatched__vit_base_patch16_224__seed7__pr1.0,vit_base_patch16_224,7,1.0,pleural_effusion,BLACK_OR_AA,spec0.90,0.6621417797888386,0.8999918293978266,0.451708972454071,WHITE,1295,6993,0.4432432432432432,0.623938223938224,0.1806949806949807,0.3245492371705964,0.8822147173498526,0.8660448494425328,7852,26023,0.3243759551706571,0.3765919510952623,0.0522159959246051,0.0772855796418472,0.8830721899244773,0.8741824812916003,0.8851663971408605,0.875291588191903,-0.0098748089489575,0.6587952334098611,0.5883896359462119,0.891030206544053,0.9096736352591228,0.0081376318490674,0.2473462728429616,0.0008574725746247,0.1188672880725861,True,True,True,0.2472636575287491,True,True,True,True,True,False,0.0005406977106813394,0.12188241148506045,True,True,,
mimic_race_unmatched,MIMIC race (unmatched cohort),phase4,phase4__mimic_cxr_unmatched__vit_base_patch16_224__seed42__pr0.0,vit_base_patch16_224,42,0.0,pleural_effusion,BLACK_OR_AA,spec0.90,0.6599870717517776,0.8999918293978266,0.4717773497104645,WHITE,1295,6993,0.4478764478764478,0.4478764478764478,0.0,0.0,0.883464698715664,0.883464698715664,7852,26023,0.3376209882832399,0.3376209882832399,0.0,0.0,0.8820488170721386,0.8820488170721386,0.8844843164588895,0.8844843164588895,0.0,0.6467694326008527,0.6467694326008527,0.8945913109053584,0.8945913109053584,-0.0014158816435254,0.1102554595932079,-0.0014158816435254,0.1102554595932079,False,False,True,0.0,False,False,False,False,False,True,0.0005406977106813394,0.12188241148506045,False,False,False,False
mimic_race_unmatched,MIMIC race (unmatched cohort),phase4,phase4__mimic_cxr_unmatched__vit_base_patch16_224__seed42__pr0.5,vit_base_patch16_224,42,0.5,pleural_effusion,BLACK_OR_AA,spec0.90,0.6599870717517776,0.8999918293978266,0.4717773497104645,WHITE,1295,6993,0.4478764478764478,0.5822393822393822,0.1343629343629343,0.2433566433566433,0.883464698715664,0.8817383597306377,7852,26023,0.3376209882832399,0.3838512480896587,0.0462302598064187,0.0697942703326283,0.8820488170721386,0.8823583026679275,0.8844843164588895,0.8847367832059418,0.0002524667470523,0.6467694326008527,0.5880616595605116,0.8945913109053584,0.9182202857262558,0.0006199429372897,0.1983881341497235,-0.0014158816435254,0.1102554595932079,True,True,True,0.1735623730240149,True,True,True,True,False,False,0.0005406977106813394,0.12188241148506045,True,True,,
mimic_race_unmatched,MIMIC race (unmatched cohort),phase4,phase4__mimic_cxr_unmatched__vit_base_patch16_224__seed42__pr0.75,vit_base_patch16_224,42,0.75,pleural_effusion,BLACK_OR_AA,spec0.90,0.6599870717517776,0.8999918293978266,0.4717773497104645,WHITE,1295,6993,0.4478764478764478,0.6494208494208494,0.2015444015444015,0.3650349650349651,0.883464698715664,0.8681087721628262,7852,26023,0.3376209882832399,0.3576158940397351,0.0199949057564951,0.0301865025956546,0.8820488170721386,0.8784019585769681,0.8844843164588895,0.8787811242007462,-0.0057031922581433,0.6467694326008527,0.6010713895266208,0.8945913109053584,0.908458670241736,0.0102931864141418,0.2918049553811143,-0.0014158816435254,0.1102554595932079,True,True,True,0.3348484624393104,True,True,True,True,True,False,0.0005406977106813394,0.12188241148506045,True,True,,
mimic_race_unmatched,MIMIC race (unmatched cohort),phase4,phase4__mimic_cxr_unmatched__vit_base_patch16_224__seed42__pr1.0,vit_base_patch16_224,42,1.0,pleural_effusion,BLACK_OR_AA,spec0.90,0.6599870717517776,0.8999918293978266,0.4717773497104645,WHITE,1295,6993,0.4478764478764478,0.7027027027027027,0.2548262548262548,0.4615384615384616,0.883464698715664,0.8679369988250297,7852,26023,0.3376209882832399,0.4169638308711156,0.0793428425878757,0.1197846567967698,0.8820488170721386,0.8766579665588747,0.8844843164588895,0.8772225458993006,-0.0072617705595888,0.6467694326008527,0.5425822674100798,0.8945913109053584,0.9238761573589174,0.008720967733845,0.2857388718315871,-0.0014158816435254,0.1102554595932079,True,True,True,0.3417538047416917,True,True,True,True,True,False,0.0005406977106813394,0.12188241148506045,True,True,,
mimic_race_unmatched,MIMIC race (unmatched cohort),phase4,phase4__mimic_cxr_unmatched__vit_base_patch16_224__seed123__pr0.0,vit_base_patch16_224,123,0.0,pleural_effusion,BLACK_OR_AA,spec0.90,0.6627881921999569,0.8999101233760928,0.5126953125,WHITE,1295,6993,0.4378378378378378,0.4378378378378378,0.0,0.0,0.8827912252622677,0.8827912252622677,7852,26023,0.3271777890983189,0.3271777890983189,0.0,0.0,0.8821305496689023,0.8821305496689023,0.8843936096237699,0.8843936096237699,0.0,0.6571553514813601,0.6571553514813601,0.8919937994888768,0.8919937994888768,-0.0006606755933654,0.1106600487395189,-0.0006606755933654,0.1106600487395189,False,False,True,0.0,False,False,False,False,False,True,0.0005406977106813394,0.12188241148506045,False,False,False,False
mimic_race_unmatched,MIMIC race (unmatched cohort),phase4,phase4__mimic_cxr_unmatched__vit_base_patch16_224__seed123__pr0.5,vit_base_patch16_224,123,0.5,pleural_effusion,BLACK_OR_AA,spec0.90,0.6627881921999569,0.8999101233760928,0.5126953125,WHITE,1295,6993,0.4378378378378378,0.6231660231660232,0.1853281853281853,0.3296703296703296,0.8827912252622677,0.8818147260232202,7852,26023,0.3271777890983189,0.4223127865511971,0.0951349974528782,0.141396933560477,0.8821305496689023,0.8824066911126435,0.8843936096237699,0.8847953574515957,0.0004017478278257,0.6571553514813601,0.5492511205859845,0.8919937994888768,0.9277724244836398,0.0005919650894232,0.200853236614826,-0.0006606755933654,0.1106600487395189,True,True,True,0.1882733961098526,True,True,True,True,True,False,0.0005406977106813394,0.12188241148506045,True,True,,
mimic_race_unmatched,MIMIC race (unmatched cohort),phase4,phase4__mimic_cxr_unmatched__vit_base_patch16_224__seed123__pr0.75,vit_base_patch16_224,123,0.75,pleural_effusion,BLACK_OR_AA,spec0.90,0.6627881921999569,0.8999101233760928,0.5126953125,WHITE,1295,6993,0.4378378378378378,0.7104247104247104,0.2725868725868726,0.4848901098901099,0.8827912252622677,0.872302006664941,7852,26023,0.3271777890983189,0.4291900152827305,0.1020122261844116,0.151618398637138,0.8821305496689023,0.8804548895079582,0.8843936096237699,0.8811610152447255,-0.0032325943790444,0.6571553514813601,0.5309937684486717,0.8919937994888768,0.9284008546650468,0.0081528828430172,0.2812346951419799,-0.0006606755933654,0.1106600487395189,True,True,True,0.3332717112529718,True,True,True,True,True,False,0.0005406977106813394,0.12188241148506045,True,True,,
mimic_race_unmatched,MIMIC race (unmatched cohort),phase4,phase4__mimic_cxr_unmatched__vit_base_patch16_224__seed123__pr1.0,vit_base_patch16_224,123,1.0,pleural_effusion,BLACK_OR_AA,spec0.90,0.6627881921999569,0.8999101233760928,0.5126953125,WHITE,1295,6993,0.4378378378378378,0.6277992277992278,0.1899613899613899,0.3379120879120879,0.8827912252622677,0.8617217177062737,7852,26023,0.3271777890983189,0.347045338767193,0.0198675496688741,0.0295286768881317,0.8821305496689023,0.8800135587169526,0.8843936096237699,0.8784524241390236,-0.0059411854847463,0.6571553514813601,0.6132065157975293,0.8919937994888768,0.9052746239892748,0.0182918410106789,0.2807538890320347,-0.0006606755933654,0.1106600487395189,True,True,True,0.3083834110239561,True,True,True,True,True,False,0.0005406977106813394,0.12188241148506045,True,True,,
mimic_race_unmatched,MIMIC race (unmatched cohort),phase4,phase4__mimic_cxr_unmatched__convnext_tiny__seed7__pr0.0,convnext_tiny,7,0.0,pleural_effusion,BLACK_OR_AA,t0.5,0.6201249730661496,0.9218073372007516,0.5,WHITE,1295,6993,0.4826254826254826,0.4826254826254826,0.0,0.0,0.8894169328532263,0.8894169328532263,7852,26023,0.3655119714722363,0.3655119714722363,0.0,0.0,0.8889933824176073,0.8889933824176073,0.891206456007233,0.891206456007233,0.0,0.6179075106592326,0.6179075106592326,0.9124387280573129,0.9124387280573129,-0.000423550435619,0.1171135111532462,-0.000423550435619,0.1171135111532462,False,False,True,0.0,False,False,False,False,False,True,0.0005406977106813394,0.12653781738218825,False,False,False,False
mimic_race_unmatched,MIMIC race (unmatched cohort),phase4,phase4__mimic_cxr_unmatched__convnext_tiny__seed7__pr0.5,convnext_tiny,7,0.5,pleural_effusion,BLACK_OR_AA,t0.5,0.6201249730661496,0.9218073372007516,0.5,WHITE,1295,6993,0.4826254826254826,0.5621621621621622,0.0795366795366795,0.1537313432835821,0.8894169328532263,0.8842253801713261,7852,26023,0.3655119714722363,0.35825267447784,-0.0072592969943963,-0.0114411882778,0.8889933824176073,0.8880832289939973,0.891206456007233,0.889635815675375,-0.001570640331858,0.6179075106592326,0.612878539411829,0.9124387280573129,0.9143659139469604,0.0038578488226711,0.2039094876843221,-0.000423550435619,0.1171135111532462,False,True,True,0.1651725315613822,False,True,True,False,False,False,0.0005406977106813394,0.12653781738218825,True,True,,
mimic_race_unmatched,MIMIC race (unmatched cohort),phase4,phase4__mimic_cxr_unmatched__convnext_tiny__seed7__pr0.75,convnext_tiny,7,0.75,pleural_effusion,BLACK_OR_AA,t0.5,0.6201249730661496,0.9218073372007516,0.5,WHITE,1295,6993,0.4826254826254826,0.6733590733590734,0.1907335907335908,0.3686567164179105,0.8894169328532263,0.8794952099971405,7852,26023,0.3655119714722363,0.3755731023942944,0.010061130922058,0.0158570855078281,0.8889933824176073,0.8869607067886494,0.891206456007233,0.8870949090065113,-0.0041115470007216,0.6179075106592326,0.5822674100798075,0.9124387280573129,0.9205664250701748,0.0074654967915088,0.297785970964779,-0.000423550435619,0.1171135111532462,True,True,True,0.3527996309100824,True,True,True,True,True,False,0.0005406977106813394,0.12653781738218825,True,True,,
mimic_race_unmatched,MIMIC race (unmatched cohort),phase4,phase4__mimic_cxr_unmatched__convnext_tiny__seed7__pr1.0,convnext_tiny,7,1.0,pleural_effusion,BLACK_OR_AA,t0.5,0.6201249730661496,0.9218073372007516,0.5,WHITE,1295,6993,0.4826254826254826,0.7583011583011583,0.2756756756756757,0.5328358208955224,0.8894169328532263,0.8783175970434658,7852,26023,0.3655119714722363,0.4900662251655629,0.1245542536933265,0.1963067041348856,0.8889933824176073,0.8787981985424986,0.891206456007233,0.8803548035138757,-0.0108516524933572,0.6179075106592326,0.4719580190226303,0.9124387280573129,0.944111609200218,0.0004806014990328,0.2682349331355954,-0.000423550435619,0.1171135111532462,True,True,True,0.3365291167606368,True,True,True,True,True,False,0.0005406977106813394,0.12653781738218825,False,True,,
mimic_race_unmatched,MIMIC race (unmatched cohort),phase4,phase4__mimic_cxr_unmatched__convnext_tiny__seed42__pr0.0,convnext_tiny,42,0.0,pleural_effusion,BLACK_OR_AA,t0.5,0.5740142210730446,0.9363510090693684,0.5,WHITE,1295,6993,0.5474903474903475,0.5474903474903475,0.0,0.0,0.889166286077483,0.889166286077483,7852,26023,0.4220580743759551,0.4220580743759551,0.0,0.0,0.8876041665702963,0.8876041665702963,0.8901088982640354,0.8901088982640354,0.0,0.5601836667759922,0.5601836667759922,0.9286941220830366,0.9286941220830366,-0.0015621195071867,0.1254322731143923,-0.0015621195071867,0.1254322731143923,False,False,True,0.0,False,False,False,False,False,True,0.0005406977106813394,0.12653781738218825,False,False,False,False
mimic_race_unmatched,MIMIC race (unmatched cohort),phase4,phase4__mimic_cxr_unmatched__convnext_tiny__seed42__pr0.5,convnext_tiny,42,0.5,pleural_effusion,BLACK_OR_AA,t0.5,0.5740142210730446,0.9363510090693684,0.5,WHITE,1295,6993,0.5474903474903475,0.511969111969112,-0.0355212355212355,-0.0784982935153584,0.889166286077483,0.8837739584843831,7852,26023,0.4220580743759551,0.2812022414671421,-0.140855832908813,-0.2437197003085059,0.8876041665702963,0.8863133256085639,0.8901088982640354,0.8881470148572472,-0.0019618834067881,0.5601836667759922,0.6861265988848803,0.9286941220830366,0.8813104864049605,0.0025393671241807,0.2307668705019698,-0.0015621195071867,0.1254322731143923,False,True,True,0.1652214067931475,False,False,False,False,False,False,0.0005406977106813394,0.12653781738218825,True,True,,
mimic_race_unmatched,MIMIC race (unmatched cohort),phase4,phase4__mimic_cxr_unmatched__convnext_tiny__seed42__pr0.75,convnext_tiny,42,0.75,pleural_effusion,BLACK_OR_AA,t0.5,0.5740142210730446,0.9363510090693684,0.5,WHITE,1295,6993,0.5474903474903475,0.6563706563706564,0.1088803088803088,0.2406143344709897,0.889166286077483,0.8710646287866365,7852,26023,0.4220580743759551,0.3098573611818644,-0.1122007131940907,-0.1941383869546056,0.8876041665702963,0.8859041650031386,0.8901088982640354,0.8843713062035712,-0.0057375920604642,0.5601836667759922,0.6410845085820488,0.9286941220830366,0.8973564037035485,0.0148395362165021,0.3465132951887919,-0.0015621195071867,0.1254322731143923,True,True,True,0.4347527214255953,True,True,True,True,False,False,0.0005406977106813394,0.12653781738218825,True,True,,
mimic_race_unmatched,MIMIC race (unmatched cohort),phase4,phase4__mimic_cxr_unmatched__convnext_tiny__seed42__pr1.0,convnext_tiny,42,1.0,pleural_effusion,BLACK_OR_AA,t0.5,0.5740142210730446,0.9363510090693684,0.5,WHITE,1295,6993,0.5474903474903475,0.6880308880308881,0.1405405405405405,0.310580204778157,0.889166286077483,0.8523691168478813,7852,26023,0.4220580743759551,0.3494651044319918,-0.0725929699439633,-0.125605993829881,0.8876041665702963,0.8850309617360383,0.8901088982640354,0.8804335696946246,-0.0096753285694107,0.5601836667759922,0.6026019459932218,0.9286941220830366,0.9119359839121872,0.032661844888157,0.3385657835988962,-0.0015621195071867,0.1254322731143923,True,True,True,0.4361861986080381,True,True,True,True,True,False,0.0005406977106813394,0.12653781738218825,True,True,,
mimic_race_unmatched,MIMIC race (unmatched cohort),phase4,phase4__mimic_cxr_unmatched__convnext_tiny__seed123__pr0.0,convnext_tiny,123,0.0,pleural_effusion,BLACK_OR_AA,t0.5,0.616677440206852,0.9222158673094208,0.5,WHITE,1295,6993,0.5065637065637065,0.5065637065637065,0.0,0.0,0.8894831350429807,0.8894831350429807,7852,26023,0.3828323993886908,0.3828323993886908,0.0,0.0,0.8877091892600193,0.8877091892600193,0.8901173785561595,0.8901173785561595,0.0,0.5996501585219197,0.5996501585219197,0.9168377393271608,0.9168377393271608,-0.0017739457829614,0.1237313071750157,-0.0017739457829614,0.1237313071750157,False,False,True,0.0,False,False,False,False,False,True,0.0005406977106813394,0.12653781738218825,False,False,False,False
mimic_race_unmatched,MIMIC race (unmatched cohort),phase4,phase4__mimic_cxr_unmatched__convnext_tiny__seed123__pr0.5,convnext_tiny,123,0.5,pleural_effusion,BLACK_OR_AA,t0.5,0.616677440206852,0.9222158673094208,0.5,WHITE,1295,6993,0.5065637065637065,0.7444015444015444,0.2378378378378378,0.4820031298904538,0.8894831350429807,0.8854454790748227,7852,26023,0.3828323993886908,0.5315843097300051,0.1487519103413143,0.2410235245563352,0.8877091892600193,0.8841699922508401,0.8901173785561595,0.8868525096005815,-0.0032648689555779,0.5996501585219197,0.4382857767574068,0.9168377393271608,0.9553395617746868,-0.0012754868239825,0.2128172346715392,-0.0017739457829614,0.1237313071750157,True,True,True,0.2409796053341186,True,True,True,True,True,False,0.0005406977106813394,0.12653781738218825,False,True,,
mimic_race_unmatched,MIMIC race (unmatched cohort),phase4,phase4__mimic_cxr_unmatched__convnext_tiny__seed123__pr0.75,convnext_tiny,123,0.75,pleural_effusion,BLACK_OR_AA,t0.5,0.616677440206852,0.9222158673094208,0.5,WHITE,1295,6993,0.5065637065637065,0.5876447876447877,0.0810810810810811,0.1643192488262912,0.8894831350429807,0.8808610621351933,7852,26023,0.3828323993886908,0.3327814569536423,-0.0500509424350484,-0.0810978126289724,0.8877091892600193,0.883538608554107,0.8901173785561595,0.8849607975767186,-0.0051565809794408,0.5996501585219197,0.6311358915491418,0.9168377393271608,0.9007499266831456,0.0026775464189137,0.2548633306911453,-0.0017739457829614,0.1237313071750157,False,True,True,0.2454170614552636,False,True,True,False,False,False,0.0005406977106813394,0.12653781738218825,True,True,,
mimic_race_unmatched,MIMIC race (unmatched cohort),phase4,phase4__mimic_cxr_unmatched__convnext_tiny__seed123__pr1.0,convnext_tiny,123,1.0,pleural_effusion,BLACK_OR_AA,t0.5,0.616677440206852,0.9222158673094208,0.5,WHITE,1295,6993,0.5065637065637065,0.6486486486486487,0.1420849420849421,0.2879499217527387,0.8894831350429807,0.8616529406104696,7852,26023,0.3828323993886908,0.31444218033622,-0.0683902190524707,-0.110813041683863,0.8877091892600193,0.8836011897277556,0.8901173785561595,0.880263755451771,-0.0098536231043884,0.5996501585219197,0.6382420465726467,0.9168377393271608,0.8974820897398299,0.0219482491172859,0.3342064683124286,-0.0017739457829614,0.1237313071750157,True,True,True,0.3987629634366018,True,True,True,True,False,False,0.0005406977106813394,0.12653781738218825,True,True,,
mimic_race_unmatched,MIMIC race (unmatched cohort),phase2b,phase2b__mimic_cxr_unmatched__densenet121__seed7__pr0.0,densenet121,7,0.0,pleural_effusion,BLACK_OR_AA,t0.5,0.6395173453996983,0.9173135060053926,0.5,WHITE,1295,6993,0.4640926640926641,0.4640926640926641,0.0,0.0,0.8888491660692432,0.8888491660692432,7852,26023,0.3457717778909832,0.3457717778909832,0.0,0.0,0.8877733088553965,0.8877733088553965,0.8900580852147113,0.8900580852147113,0.0,0.6374767683393462,0.6374767683393462,0.9068666471155056,0.9068666471155056,-0.0010758572138467,0.1183208862016809,-0.0010758572138467,0.1183208862016809,False,False,True,0.0,False,False,False,False,False,True,0.0005406977106813394,0.12653781738218825,False,False,False,False
mimic_race_unmatched,MIMIC race (unmatched cohort),phase2b,phase2b__mimic_cxr_unmatched__densenet121__seed7__pr0.005,densenet121,7,0.005,pleural_effusion,BLACK_OR_AA,t0.5,0.6395173453996983,0.9173135060053926,0.5,WHITE,1295,6993,0.4640926640926641,0.4756756756756757,0.0115830115830116,0.021613832853026,0.8888491660692432,0.8885336045567706,7852,26023,0.3457717778909832,0.347427407030056,0.0016556291390728,0.0025306599182402,0.8877733088553965,0.8879356316218542,0.8900580852147113,0.890109986068183,5.190085347173135e-05,0.6374767683393462,0.6344156554061441,0.9068666471155056,0.9061544262432444,-0.0005979729349163,0.1282482686456196,-0.0010758572138467,0.1183208862016809,False,False,True,0.0190831729347857,False,False,False,False,False,False,0.0005406977106813394,0.12653781738218825,False,True,,
mimic_race_unmatched,MIMIC race (unmatched cohort),phase2b,phase2b__mimic_cxr_unmatched__densenet121__seed7__pr0.01,densenet121,7,0.01,pleural_effusion,BLACK_OR_AA,t0.5,0.6395173453996983,0.9173135060053926,0.5,WHITE,1295,6993,0.4640926640926641,0.4795366795366795,0.0154440154440154,0.0288184438040346,0.8888491660692432,0.8898409114625331,7852,26023,0.3457717778909832,0.3604177279673968,0.0146459500764136,0.0223866069690481,0.8877733088553965,0.8890018419849266,0.8900580852147113,0.8912849290533906,0.0012268438386793,0.6374767683393462,0.622717830982836,0.9068666471155056,0.9146591813649504,-0.0008390694776064,0.1191189515692827,-0.0010758572138467,0.1183208862016809,False,False,True,0.0064318368349865,False,False,False,False,False,False,0.0005406977106813394,0.12653781738218825,False,False,,
mimic_race_unmatched,MIMIC race (unmatched cohort),phase2b,phase2b__mimic_cxr_unmatched__densenet121__seed7__pr0.02,densenet121,7,0.02,pleural_effusion,BLACK_OR_AA,t0.5,0.6395173453996983,0.9173135060053926,0.5,WHITE,1295,6993,0.4640926640926641,0.4833976833976834,0.0193050193050193,0.0360230547550432,0.8888491660692432,0.8868622872483878,7852,26023,0.3457717778909832,0.3615639327559857,0.0157921548650025,0.0241386022970605,0.8877733088553965,0.8869472815183924,0.8900580852147113,0.8891413777737098,-0.0009167074410014,0.6374767683393462,0.6211872745162348,0.9068666471155056,0.911433239767062,8.499427000463466e-05,0.1218337506416976,-0.0010758572138467,0.1183208862016809,False,False,True,0.0118844524579826,False,False,False,False,False,False,0.0005406977106813394,0.12653781738218825,False,False,,
mimic_race_unmatched,MIMIC race (unmatched cohort),phase2b,phase2b__mimic_cxr_unmatched__densenet121__seed7__pr0.05,densenet121,7,0.05,pleural_effusion,BLACK_OR_AA,t0.5,0.6395173453996983,0.9173135060053926,0.5,WHITE,1295,6993,0.4640926640926641,0.4872586872586872,0.0231660231660231,0.0432276657060518,0.8888491660692432,0.888409263698839,7852,26023,0.3457717778909832,0.3657666836474783,0.0199949057564951,0.0305625851664395,0.8877733088553965,0.8882107042304537,0.8900580852147113,0.890359842085281,0.0003017568705696,0.6374767683393462,0.6170329069640319,0.9068666471155056,0.9133185303112824,-0.0001985594683853,0.1214920036112089,-0.0010758572138467,0.1183208862016809,False,False,True,0.0126650805396123,False,False,False,False,False,False,0.0005406977106813394,0.12653781738218825,False,False,,
mimic_race_unmatched,MIMIC race (unmatched cohort),phase2b,phase2b__mimic_cxr_unmatched__densenet121__seed7__pr0.10,densenet121,7,0.1,pleural_effusion,BLACK_OR_AA,t0.5,0.6395173453996983,0.9173135060053926,0.5,WHITE,1295,6993,0.4640926640926641,0.5104247104247104,0.0463320463320462,0.0864553314121036,0.8888491660692432,0.884504960759787,7852,26023,0.3457717778909832,0.3815588385124809,0.0357870606214977,0.0547011874635001,0.8877733088553965,0.8852317625676018,0.8900580852147113,0.8874389184802915,-0.0026191667344197,0.6374767683393462,0.6001967858314201,0.9068666471155056,0.9156227743097742,0.0007268018078148,0.1288658719122294,-0.0010758572138467,0.1183208862016809,False,False,True,0.0317541439486035,False,False,False,False,False,False,0.0005406977106813394,0.12653781738218825,True,True,,
mimic_race_unmatched,MIMIC race (unmatched cohort),revision/EXP-3/runs,rev3__mimic_unmatched__densenet121__seed7__pr0.25,densenet121,7,0.25,pleural_effusion,BLACK_OR_AA,t0.5,0.6395173453996983,0.9173135060053926,0.5,WHITE,1295,6993,0.4640926640926641,0.5235521235521235,0.0594594594594594,0.1109510086455331,0.8888491660692432,0.8874925971451069,7852,26023,0.3457717778909832,0.3530310748853795,0.0072592969943963,0.0110959704107456,0.8877733088553965,0.8872185693992766,0.8900580852147113,0.8896471563198789,-0.0004109288948324,0.6374767683393462,0.622827156444736,0.9068666471155056,0.9104277514768108,-0.0002740277458302,0.170521048666744,-0.0010758572138467,0.1183208862016809,False,True,True,0.0998550382347875,False,True,False,False,False,False,0.0005406977106813394,0.12653781738218825,False,True,,
mimic_race_unmatched,MIMIC race (unmatched cohort),revision/EXP-3/runs,rev3__mimic_unmatched__densenet121__seed7__pr0.5,densenet121,7,0.5,pleural_effusion,BLACK_OR_AA,t0.5,0.6395173453996983,0.9173135060053926,0.5,WHITE,1295,6993,0.4640926640926641,0.6084942084942085,0.1444015444015444,0.2694524495677234,0.8888491660692432,0.8869298446518523,7852,26023,0.3457717778909832,0.3772287315333673,0.0314569536423841,0.0480825384465641,0.8877733088553965,0.8866216792904157,0.8900580852147113,0.8889709245890516,-0.0010871606256597,0.6374767683393462,0.590029517874713,0.9068666471155056,0.9203988436884664,-0.0003081653614366,0.2312654769608412,-0.0010758572138467,0.1183208862016809,True,True,True,0.2213699111211593,True,True,True,True,False,False,0.0005406977106813394,0.12653781738218825,False,True,,
mimic_race_unmatched,MIMIC race (unmatched cohort),revision/EXP-3/runs,rev3__mimic_unmatched__densenet121__seed7__pr0.6,densenet121,7,0.6,pleural_effusion,BLACK_OR_AA,t0.5,0.6395173453996983,0.9173135060053926,0.5,WHITE,1295,6993,0.4640926640926641,0.5853281853281853,0.1212355212355212,0.2262247838616714,0.8888491660692432,0.8834325801507268,7852,26023,0.3457717778909832,0.3615639327559857,0.0157921548650025,0.0241386022970605,0.8877733088553965,0.8840138512063176,0.8900580852147113,0.886350699821966,-0.0037073853927452,0.6374767683393462,0.6067563135454247,0.9068666471155056,0.9137374837655536,0.0005812710555908,0.2237642525721995,-0.0010758572138467,0.1183208862016809,True,True,True,0.2020861815646109,True,True,True,True,False,False,0.0005406977106813394,0.12653781738218825,True,True,,
mimic_race_unmatched,MIMIC race (unmatched cohort),revision/EXP-3/runs,rev3__mimic_unmatched__densenet121__seed7__pr0.65,densenet121,7,0.65,pleural_effusion,BLACK_OR_AA,t0.5,0.6395173453996983,0.9173135060053926,0.5,WHITE,1295,6993,0.4640926640926641,0.7374517374517374,0.2733590733590733,0.5100864553314121,0.8888491660692432,0.8782454996740711,7852,26023,0.3457717778909832,0.4493122771268467,0.1035404992358635,0.1582635779637921,0.8877733088553965,0.8831195340646942,0.8900580852147113,0.8842913995460527,-0.0057666856686585,0.6374767683393462,0.5098939543019569,0.9068666471155056,0.9407180862206208,0.0048740343906231,0.2881394603248907,-0.0010758572138467,0.1183208862016809,True,True,True,0.3518228773676199,True,True,True,True,True,False,0.0005406977106813394,0.12653781738218825,True,True,,
mimic_race_unmatched,MIMIC race (unmatched cohort),phase2b,phase2b__mimic_cxr_unmatched__densenet121__seed7__pr0.75,densenet121,7,0.75,pleural_effusion,BLACK_OR_AA,t0.5,0.6395173453996983,0.9173135060053926,0.5,WHITE,1295,6993,0.4640926640926641,0.677992277992278,0.2138996138996139,0.399135446685879,0.8888491660692432,0.876628119871363,7852,26023,0.3457717778909832,0.3872898624554253,0.0415180845644421,0.0634611641035623,0.8877733088553965,0.8855649938254271,0.8900580852147113,0.8858007243658048,-0.0042573608489064,0.6374767683393462,0.5715535148136001,0.9068666471155056,0.925091122376304,0.008936873954064,0.2907024155368526,-0.0010758572138467,0.1183208862016809,True,True,True,0.3356742825823166,True,True,True,True,True,False,0.0005406977106813394,0.12653781738218825,True,True,,
mimic_race_unmatched,MIMIC race (unmatched cohort),revision/EXP-3/runs,rev3__mimic_unmatched__densenet121__seed7__pr0.85,densenet121,7,0.85,pleural_effusion,BLACK_OR_AA,t0.5,0.6395173453996983,0.9173135060053926,0.5,WHITE,1295,6993,0.4640926640926641,0.6957528957528958,0.2316602316602317,0.4322766570605188,0.8888491660692432,0.8674116502301831,7852,26023,0.3457717778909832,0.3972236372898624,0.0514518593988792,0.0786451236130036,0.8877733088553965,0.8843558784517033,0.8900580852147113,0.8829426391987281,-0.0071154460159832,0.6374767683393462,0.5605116431616923,0.9068666471155056,0.925468180485148,0.0169442282215201,0.2985292584630333,-0.0010758572138467,0.1183208862016809,True,True,True,0.3536315334475151,True,True,True,True,True,False,0.0005406977106813394,0.12653781738218825,True,True,,
mimic_race_unmatched,MIMIC race (unmatched cohort),phase2b,phase2b__mimic_cxr_unmatched__densenet121__seed7__pr0.9,densenet121,7,0.9,pleural_effusion,BLACK_OR_AA,t0.5,0.6395173453996983,0.9173135060053926,0.5,WHITE,1295,6993,0.4640926640926641,0.7135135135135136,0.2494208494208494,0.4654178674351586,0.8888491660692432,0.8642739239264337,7852,26023,0.3457717778909832,0.3926388181355069,0.0468670402445237,0.0716371423009539,0.8877733088553965,0.8857131308717071,0.8900580852147113,0.8829296977645413,-0.0071283874501699,0.6374767683393462,0.5619328741663934,0.9068666471155056,0.9268507268842432,0.0214392069452734,0.3208746953780066,-0.0010758572138467,0.1183208862016809,True,True,True,0.3937807251342047,True,True,True,True,True,False,0.0005406977106813394,0.12653781738218825,True,True,,
mimic_race_unmatched,MIMIC race (unmatched cohort),phase2b,phase2b__mimic_cxr_unmatched__densenet121__seed7__pr1.0,densenet121,7,1.0,pleural_effusion,BLACK_OR_AA,t0.5,0.6395173453996983,0.9173135060053926,0.5,WHITE,1295,6993,0.4640926640926641,0.6996138996138996,0.2355212355212355,0.4394812680115275,0.8888491660692432,0.8370152231156092,7852,26023,0.3457717778909832,0.4074121242995415,0.0616403464085583,0.0942184154175589,0.8877733088553965,0.8825192026571144,0.8900580852147113,0.8768339043938691,-0.0132241808208422,0.6374767683393462,0.5512189789001859,0.9068666471155056,0.9285684360467552,0.0455039795415052,0.2922017753143581,-0.0010758572138467,0.1183208862016809,True,True,True,0.3452628525939685,True,True,True,True,True,False,0.0005406977106813394,0.12653781738218825,True,True,,
mimic_race_unmatched,MIMIC race (unmatched cohort),phase2b,phase2b__mimic_cxr_unmatched__densenet121__seed42__pr0.0,densenet121,42,0.0,pleural_effusion,BLACK_OR_AA,t0.5,0.6341305753070459,0.9219707492442192,0.5,WHITE,1295,6993,0.4810810810810811,0.4810810810810811,0.0,0.0,0.8876603726024576,0.8876603726024576,7852,26023,0.358762098828324,0.358762098828324,0.0,0.0,0.8881451688665607,0.8881451688665607,0.8901726138156084,0.8901726138156084,0.0,0.6239204110637367,0.6239204110637367,0.9121035652938958,0.9121035652938958,0.0004847962641031,0.1223189822527571,0.0004847962641031,0.1223189822527571,False,False,True,0.0,False,False,False,False,False,True,0.0005406977106813394,0.12653781738218825,False,False,True,False
mimic_race_unmatched,MIMIC race (unmatched cohort),phase2b,phase2b__mimic_cxr_unmatched__densenet121__seed42__pr0.005,densenet121,42,0.005,pleural_effusion,BLACK_OR_AA,t0.5,0.6341305753070459,0.9219707492442192,0.5,WHITE,1295,6993,0.4810810810810811,0.5297297297297298,0.0486486486486486,0.09375,0.8876603726024576,0.889289000678962,7852,26023,0.358762098828324,0.3857615894039735,0.0269994905756495,0.0421052631578947,0.8881451688665607,0.8889895941855144,0.8901726138156084,0.8912048231559546,0.0010322093403462,0.6239204110637367,0.5938559090412157,0.9121035652938958,0.92165570405128,-0.0002994064934476,0.1439681403257562,0.0004847962641031,0.1223189822527571,False,True,True,0.0516447368421052,False,False,False,False,False,False,0.0005406977106813394,0.12653781738218825,False,True,,
mimic_race_unmatched,MIMIC race (unmatched cohort),phase2b,phase2b__mimic_cxr_unmatched__densenet121__seed42__pr0.01,densenet121,42,0.01,pleural_effusion,BLACK_OR_AA,t0.5,0.6341305753070459,0.9219707492442192,0.5,WHITE,1295,6993,0.4810810810810811,0.488030888030888,0.0069498069498069,0.013392857142857,0.8876603726024576,0.8882247513521644,7852,26023,0.358762098828324,0.3653846153846153,0.0066225165562913,0.0103277060575967,0.8881451688665607,0.8891367079535605,0.8901726138156084,0.891156982674596,0.0009843688589875,0.6239204110637367,0.617251557887832,0.9121035652938958,0.9144497046378148,0.000911956601396,0.1226462726462726,0.0004847962641031,0.1223189822527571,False,False,True,0.0030651510852602,False,False,False,False,False,False,0.0005406977106813394,0.12653781738218825,True,False,,
mimic_race_unmatched,MIMIC race (unmatched cohort),phase2b,phase2b__mimic_cxr_unmatched__densenet121__seed42__pr0.02,densenet121,42,0.02,pleural_effusion,BLACK_OR_AA,t0.5,0.6341305753070459,0.9219707492442192,0.5,WHITE,1295,6993,0.4810810810810811,0.461003861003861,-0.0200772200772201,-0.0386904761904762,0.8876603726024576,0.8895122721377547,7852,26023,0.358762098828324,0.3567244014263881,-0.0020376974019358,-0.0031777557100298,0.8881451688665607,0.887541150853836,0.8901726138156084,0.8900021216990119,-0.0001704921165964,0.6239204110637367,0.62851208046354,0.9121035652938958,0.9089614143868616,-0.0019711212839187,0.1042794595774728,0.0004847962641031,0.1223189822527571,False,False,True,-0.0355127204804464,False,False,False,False,False,False,0.0005406977106813394,0.12653781738218825,False,False,,
mimic_race_unmatched,MIMIC race (unmatched cohort),phase2b,phase2b__mimic_cxr_unmatched__densenet121__seed42__pr0.05,densenet121,42,0.05,pleural_effusion,BLACK_OR_AA,t0.5,0.6341305753070459,0.9219707492442192,0.5,WHITE,1295,6993,0.4810810810810811,0.5451737451737452,0.064092664092664,0.1235119047619047,0.8876603726024576,0.8885728379936874,7852,26023,0.358762098828324,0.4090677534386143,0.0503056546102903,0.0784508440913604,0.8881451688665607,0.8876661765304099,0.8901726138156084,0.8900959957617869,-7.661805382153108e-05,0.6239204110637367,0.5716628402755002,0.9121035652938958,0.9284427500104738,-0.0009066614632774,0.1361059917351308,0.0004847962641031,0.1223189822527571,False,False,True,0.0450610606705442,False,False,False,False,False,False,0.0005406977106813394,0.12653781738218825,False,True,,
mimic_race_unmatched,MIMIC race (unmatched cohort),phase2b,phase2b__mimic_cxr_unmatched__densenet121__seed42__pr0.10,densenet121,42,0.1,pleural_effusion,BLACK_OR_AA,t0.5,0.6341305753070459,0.9219707492442192,0.5,WHITE,1295,6993,0.4810810810810811,0.5135135135135135,0.0324324324324323,0.0624999999999998,0.8876603726024576,0.8895664129254863,7852,26023,0.358762098828324,0.3740448293428426,0.0152827305145186,0.0238331678252234,0.8881451688665607,0.8876395818094548,0.8901726138156084,0.8902553785353926,8.276471978418964e-05,0.6239204110637367,0.6062096862359243,0.9121035652938958,0.9144497046378148,-0.0019268311160315,0.1394686841706708,0.0004847962641031,0.1223189822527571,False,False,True,0.0386668321747764,False,False,False,False,False,False,0.0005406977106813394,0.12653781738218825,False,True,,
mimic_race_unmatched,MIMIC race (unmatched cohort),revision/EXP-3/runs,rev3__mimic_unmatched__densenet121__seed42__pr0.25,densenet121,42,0.25,pleural_effusion,BLACK_OR_AA,t0.5,0.6341305753070459,0.9219707492442192,0.5,WHITE,1295,6993,0.4810810810810811,0.5305019305019305,0.0494208494208494,0.0952380952380951,0.8876603726024576,0.8891561897353403,7852,26023,0.358762098828324,0.3546867040244523,-0.0040753948038716,-0.0063555114200596,0.8881451688665607,0.8883030200473102,0.8901726138156084,0.8908219321267649,0.0006493183111564,0.6239204110637367,0.6204219962829343,0.9121035652938958,0.9106372282039464,-0.00085316968803,0.1758152264774781,0.0004847962641031,0.1223189822527571,False,True,True,0.1015936066581548,False,False,False,False,False,False,0.0005406977106813394,0.12653781738218825,False,True,,
mimic_race_unmatched,MIMIC race (unmatched cohort),phase2b,phase2b__mimic_cxr_unmatched__densenet121__seed42__pr0.5,densenet121,42,0.5,pleural_effusion,BLACK_OR_AA,t0.5,0.6341305753070459,0.9219707492442192,0.5,WHITE,1295,6993,0.4810810810810811,0.532046332046332,0.0509652509652509,0.0982142857142855,0.8876603726024576,0.8848568419996992,7852,26023,0.358762098828324,0.3248853795211411,-0.0338767193071828,-0.0528301886792452,0.8881451688665607,0.8875240880397194,0.8901726138156084,0.8894077134511169,-0.0007649003644915,0.6239204110637367,0.6457855034437521,0.9121035652938958,0.9049394612258578,0.0026672460400202,0.2071609525251909,0.0004847962641031,0.1223189822527571,False,True,True,0.1510444743935308,False,False,False,False,False,False,0.0005406977106813394,0.12653781738218825,True,True,,
mimic_race_unmatched,MIMIC race (unmatched cohort),revision/EXP-3/runs,rev3__mimic_unmatched__densenet121__seed42__pr0.6,densenet121,42,0.6,pleural_effusion,BLACK_OR_AA,t0.5,0.6341305753070459,0.9219707492442192,0.5,WHITE,1295,6993,0.4810810810810811,0.5915057915057915,0.1104247104247104,0.212797619047619,0.8876603726024576,0.88028740017157,7852,26023,0.358762098828324,0.336602139582272,-0.0221599592460519,-0.0345580933465739,0.8881451688665607,0.8861812876725839,0.8901726138156084,0.8874107294671253,-0.0027618843484831,0.6239204110637367,0.6273095003826391,0.9121035652938958,0.9070761238426412,0.0058938875010138,0.2549036519235195,0.0004847962641031,0.1223189822527571,True,True,True,0.247355712394193,True,True,True,True,False,False,0.0005406977106813394,0.12653781738218825,True,True,,
mimic_race_unmatched,MIMIC race (unmatched cohort),revision/EXP-3/runs,rev3__mimic_unmatched__densenet121__seed42__pr0.65,densenet121,42,0.65,pleural_effusion,BLACK_OR_AA,t0.5,0.6341305753070459,0.9219707492442192,0.5,WHITE,1295,6993,0.4810810810810811,0.6185328185328185,0.1374517374517374,0.2648809523809522,0.8876603726024576,0.8814024700125086,7852,26023,0.358762098828324,0.3422058074375955,-0.0165562913907284,-0.025819265143992,0.8881451688665607,0.8854845648570986,0.8901726138156084,0.8868822055087564,-0.003290408306852,0.6239204110637367,0.6186727888925331,0.9121035652938958,0.9113913444216348,0.0040820948445899,0.2763270110952229,0.0004847962641031,0.1223189822527571,True,True,True,0.2907002175249442,True,True,True,True,False,False,0.0005406977106813394,0.12653781738218825,True,True,,
mimic_race_unmatched,MIMIC race (unmatched cohort),phase2b,phase2b__mimic_cxr_unmatched__densenet121__seed42__pr0.75,densenet121,42,0.75,pleural_effusion,BLACK_OR_AA,t0.5,0.6341305753070459,0.9219707492442192,0.5,WHITE,1295,6993,0.4810810810810811,0.6501930501930502,0.169111969111969,0.325892857142857,0.8876603726024576,0.8727898158400089,7852,26023,0.358762098828324,0.3386398369842078,-0.0201222618441161,-0.0313803376365441,0.8881451688665607,0.8856811253918699,0.8901726138156084,0.8849155174428067,-0.0052570963728016,0.6239204110637367,0.617251557887832,0.9121035652938958,0.9078721354057564,0.012891309551861,0.3115532132088423,0.0004847962641031,0.1223189822527571,True,True,True,0.3572731947794012,True,True,True,True,True,False,0.0005406977106813394,0.12653781738218825,True,True,,
mimic_race_unmatched,MIMIC race (unmatched cohort),revision/EXP-3/runs,rev3__mimic_unmatched__densenet121__seed42__pr0.85,densenet121,42,0.85,pleural_effusion,BLACK_OR_AA,t0.5,0.6341305753070459,0.9219707492442192,0.5,WHITE,1295,6993,0.4810810810810811,0.7250965250965251,0.244015444015444,0.4702380952380952,0.8876603726024576,0.8644678550083956,7852,26023,0.358762098828324,0.3855068772287315,0.0267447784004075,0.041708043694141,0.8881451688665607,0.8837586904707537,0.8901726138156084,0.8818100793532286,-0.0083625344623797,0.6239204110637367,0.5664152181042965,0.9121035652938958,0.9227449830323852,0.0192908354623581,0.3395896478677935,0.0004847962641031,0.1223189822527571,True,True,True,0.4285300515439541,True,True,True,True,True,False,0.0005406977106813394,0.12653781738218825,True,True,,
mimic_race_unmatched,MIMIC race (unmatched cohort),phase2b,phase2b__mimic_cxr_unmatched__densenet121__seed42__pr0.9,densenet121,42,0.9,pleural_effusion,BLACK_OR_AA,t0.5,0.6341305753070459,0.9219707492442192,0.5,WHITE,1295,6993,0.4810810810810811,0.7436293436293436,0.2625482625482625,0.5059523809523809,0.8876603726024576,0.8548849355799163,7852,26023,0.358762098828324,0.4034640855832909,0.0447019867549668,0.0697120158887785,0.8881451688665607,0.8835843932463301,0.8901726138156084,0.8792403974020159,-0.0109322164135925,0.6239204110637367,0.5483765168907838,0.9121035652938958,0.9308726800452468,0.0286994576664137,0.3401652580460527,0.0004847962641031,0.1223189822527571,True,True,True,0.4362403650636023,True,True,True,True,True,False,0.0005406977106813394,0.12653781738218825,True,True,,
mimic_race_unmatched,MIMIC race (unmatched cohort),phase2b,phase2b__mimic_cxr_unmatched__densenet121__seed42__pr1.0,densenet121,42,1.0,pleural_effusion,BLACK_OR_AA,t0.5,0.6341305753070459,0.9219707492442192,0.5,WHITE,1295,6993,0.4810810810810811,0.7791505791505792,0.298069498069498,0.5744047619047619,0.8876603726024576,0.8465656174150382,7852,26023,0.358762098828324,0.4243504839531329,0.0655883851248089,0.1022840119165839,0.8881451688665607,0.8826038088434396,0.8901726138156084,0.8767240178540402,-0.0134485959615682,0.6239204110637367,0.5254181698917678,0.9121035652938958,0.9340986216431354,0.0360381914284013,0.3548000951974462,0.0004847962641031,0.1223189822527571,True,True,True,0.4721207499881779,True,True,True,True,True,False,0.0005406977106813394,0.12653781738218825,True,True,,
mimic_race_unmatched,MIMIC race (unmatched cohort),phase2b,phase2b__mimic_cxr_unmatched__densenet121__seed123__pr0.0,densenet121,123,0.0,pleural_effusion,BLACK_OR_AA,t0.5,0.6492135315664728,0.9124111447013644,0.5,WHITE,1295,6993,0.4602316602316602,0.4602316602316602,0.0,0.0,0.8909957568258726,0.8909957568258726,7852,26023,0.3520122261844116,0.3520122261844116,0.0,0.0,0.8880016891379968,0.8880016891379968,0.8907735443081614,0.8907735443081614,0.0,0.6326664480157429,0.6326664480157429,0.90607063555239,0.90607063555239,-0.0029940676878758,0.1082194340472486,-0.0029940676878758,0.1082194340472486,False,False,True,0.0,False,False,False,False,False,True,0.0005406977106813394,0.12653781738218825,False,False,False,False
mimic_race_unmatched,MIMIC race (unmatched cohort),phase2b,phase2b__mimic_cxr_unmatched__densenet121__seed123__pr0.005,densenet121,123,0.005,pleural_effusion,BLACK_OR_AA,t0.5,0.6492135315664728,0.9124111447013644,0.5,WHITE,1295,6993,0.4602316602316602,0.4725868725868726,0.0123552123552123,0.0228898426323319,0.8909957568258726,0.8930450432380934,7852,26023,0.3520122261844116,0.3723892002037697,0.0203769740193581,0.0314465408805031,0.8880016891379968,0.8885864400831485,0.8907735443081614,0.8915306124827894,0.000757068174628,0.6326664480157429,0.6134251667213294,0.90607063555239,0.9157484603460556,-0.0044586031549449,0.1001976723831028,-0.0029940676878758,0.1082194340472486,False,False,True,-0.0085566982481712,False,False,False,False,False,False,0.0005406977106813394,0.12653781738218825,False,False,,
mimic_race_unmatched,MIMIC race (unmatched cohort),phase2b,phase2b__mimic_cxr_unmatched__densenet121__seed123__pr0.01,densenet121,123,0.01,pleural_effusion,BLACK_OR_AA,t0.5,0.6492135315664728,0.9124111447013644,0.5,WHITE,1295,6993,0.4602316602316602,0.488030888030888,0.0277992277992277,0.0515021459227467,0.8909957568258726,0.8906860904930404,7852,26023,0.3520122261844116,0.3792664289353031,0.0272542027508914,0.0420597484276729,0.8880016891379968,0.8868120090419668,0.8907735443081614,0.8896555862294951,-0.0011179580786662,0.6326664480157429,0.6053350825407238,0.90607063555239,0.9161674138003268,-0.0038740814510735,0.1087644590955849,-0.0029940676878758,0.1082194340472486,False,False,True,0.0094423974950738,False,False,False,False,False,False,0.0005406977106813394,0.12653781738218825,False,False,,
mimic_race_unmatched,MIMIC race (unmatched cohort),phase2b,phase2b__mimic_cxr_unmatched__densenet121__seed123__pr0.02,densenet121,123,0.02,pleural_effusion,BLACK_OR_AA,t0.5,0.6492135315664728,0.9124111447013644,0.5,WHITE,1295,6993,0.4602316602316602,0.4617760617760618,0.0015444015444015,0.0028612303290415,0.8909957568258726,0.8919406795854672,7852,26023,0.3520122261844116,0.358125318390219,0.0061130922058074,0.0094339622641509,0.8880016891379968,0.8901923911665801,0.8907735443081614,0.8926247098637403,0.0018511655555789,0.6326664480157429,0.6272001749207391,0.90607063555239,0.912522518748167,-0.001748288418887,0.1036507433858427,-0.0029940676878758,0.1082194340472486,False,False,True,-0.0065727319351094,False,False,False,False,False,False,0.0005406977106813394,0.12653781738218825,False,False,,
mimic_race_unmatched,MIMIC race (unmatched cohort),phase2b,phase2b__mimic_cxr_unmatched__densenet121__seed123__pr0.05,densenet121,123,0.05,pleural_effusion,BLACK_OR_AA,t0.5,0.6492135315664728,0.9124111447013644,0.5,WHITE,1295,6993,0.4602316602316602,0.4911196911196911,0.0308880308880308,0.0572246065808297,0.8909957568258726,0.8918816600283781,7852,26023,0.3520122261844116,0.3839786041772797,0.031966377992868,0.0493317610062893,0.8880016891379968,0.8871909303738221,0.8907735443081614,0.8902978784709146,-0.0004756658372467,0.6326664480157429,0.6008527386028206,0.90607063555239,0.9160417277640456,-0.0046907296545559,0.1071410869424114,-0.0029940676878758,0.1082194340472486,False,False,True,0.0078928455745404,False,False,False,False,False,False,0.0005406977106813394,0.12653781738218825,False,False,,
mimic_race_unmatched,MIMIC race (unmatched cohort),phase2b,phase2b__mimic_cxr_unmatched__densenet121__seed123__pr0.10,densenet121,123,0.1,pleural_effusion,BLACK_OR_AA,t0.5,0.6492135315664728,0.9124111447013644,0.5,WHITE,1295,6993,0.4602316602316602,0.4957528957528958,0.0355212355212355,0.0658082975679542,0.8909957568258726,0.8906911047837689,7852,26023,0.3520122261844116,0.3666581762608252,0.0146459500764136,0.0226022012578615,0.8880016891379968,0.8877969669079948,0.8907735443081614,0.8905897580798234,-0.0001837862283379,0.6326664480157429,0.6150650486498306,0.90607063555239,0.9127738908207298,-0.002894137875774,0.1290947194920705,-0.0029940676878758,0.1082194340472486,False,False,True,0.0432060963100926,False,False,False,False,False,False,0.0005406977106813394,0.12653781738218825,False,True,,
mimic_race_unmatched,MIMIC race (unmatched cohort),revision/EXP-3/runs,rev3__mimic_unmatched__densenet121__seed123__pr0.25,densenet121,123,0.25,pleural_effusion,BLACK_OR_AA,t0.5,0.6492135315664728,0.9124111447013644,0.5,WHITE,1295,6993,0.4602316602316602,0.4934362934362934,0.0332046332046331,0.0615164520743919,0.8909957568258726,0.8897434715967534,7852,26023,0.3520122261844116,0.3325267447784004,-0.0194854814060112,-0.0300707547169812,0.8880016891379968,0.887582001382519,0.8907735443081614,0.8903445235127675,-0.0004290207953938,0.6326664480157429,0.6446922488247513,0.90607063555239,0.9020905777368134,-0.0021614702142344,0.160909548657893,-0.0029940676878758,0.1082194340472486,False,True,True,0.0915872067913731,False,False,False,False,False,False,0.0005406977106813394,0.12653781738218825,False,True,,
mimic_race_unmatched,MIMIC race (unmatched cohort),revision/EXP-3/runs,rev3__mimic_unmatched__densenet121__seed123__pr0.5,densenet121,123,0.5,pleural_effusion,BLACK_OR_AA,t0.5,0.6492135315664728,0.9124111447013644,0.5,WHITE,1295,6993,0.4602316602316602,0.7305019305019305,0.2702702702702702,0.5007153075822603,0.8909957568258726,0.8833791169698506,7852,26023,0.3520122261844116,0.5,0.1479877738155883,0.228380503144654,0.8880016891379968,0.8854252217282732,0.8907735443081614,0.8873478841588707,-0.0034256601492906,0.6326664480157429,0.4673663496228271,0.90607063555239,0.9499769575600152,0.0020461047584225,0.2305019305019304,-0.0029940676878758,0.1082194340472486,True,True,True,0.2723348044376062,True,True,True,True,True,False,0.0005406977106813394,0.12653781738218825,True,True,,
mimic_race_unmatched,MIMIC race (unmatched cohort),revision/EXP-3/runs,rev3__mimic_unmatched__densenet121__seed123__pr0.6,densenet121,123,0.6,pleural_effusion,BLACK_OR_AA,t0.5,0.6492135315664728,0.9124111447013644,0.5,WHITE,1295,6993,0.4602316602316602,0.6285714285714286,0.1683397683397683,0.3118741058655221,0.8909957568258726,0.8826147086764847,7852,26023,0.3520122261844116,0.3665308201732042,0.0145185939887926,0.0224056603773584,0.8880016891379968,0.8860681593576706,0.8907735443081614,0.8873081987734489,-0.0034653455347124,0.6326664480157429,0.5963703946649175,0.90607063555239,0.915580878964347,0.0034534506811858,0.2620406083982243,-0.0029940676878758,0.1082194340472486,True,True,True,0.2894684454881637,True,True,True,True,True,False,0.0005406977106813394,0.12653781738218825,True,True,,
mimic_race_unmatched,MIMIC race (unmatched cohort),revision/EXP-3/runs,rev3__mimic_unmatched__densenet121__seed123__pr0.65,densenet121,123,0.65,pleural_effusion,BLACK_OR_AA,t0.5,0.6492135315664728,0.9124111447013644,0.5,WHITE,1295,6993,0.4602316602316602,0.6810810810810811,0.2208494208494208,0.4091559370529328,0.8909957568258726,0.8816922147037979,7852,26023,0.3520122261844116,0.4439633214467651,0.0919510952623535,0.1419025157232704,0.8880016891379968,0.8860621248195911,0.8907735443081614,0.8876738246332292,-0.0030997196749321,0.6326664480157429,0.5224663824204657,0.90607063555239,0.9374502492773052,0.0043699101157932,0.2371177596343159,-0.0029940676878758,0.1082194340472486,True,True,True,0.2672534213296624,True,True,True,True,True,False,0.0005406977106813394,0.12653781738218825,True,True,,
mimic_race_unmatched,MIMIC race (unmatched cohort),phase2b,phase2b__mimic_cxr_unmatched__densenet121__seed123__pr0.75,densenet121,123,0.75,pleural_effusion,BLACK_OR_AA,t0.5,0.6492135315664728,0.9124111447013644,0.5,WHITE,1295,6993,0.4602316602316602,0.6077220077220077,0.1474903474903474,0.273247496423462,0.8909957568258726,0.873060045453868,7852,26023,0.3520122261844116,0.3113856342333163,-0.0406265919510953,-0.0626965408805032,0.8880016891379968,0.8853642665857914,0.8907735443081614,0.8846983092908234,-0.0060752350173379,0.6326664480157429,0.6466601071389526,0.90607063555239,0.8960995433407348,0.0123042211319234,0.2963363734886913,-0.0029940676878758,0.1082194340472486,True,True,True,0.3359440373039652,True,True,True,True,False,False,0.0005406977106813394,0.12653781738218825,True,True,,
mimic_race_unmatched,MIMIC race (unmatched cohort),revision/EXP-3/runs,rev3__mimic_unmatched__densenet121__seed123__pr0.85,densenet121,123,0.85,pleural_effusion,BLACK_OR_AA,t0.5,0.6492135315664728,0.9124111447013644,0.5,WHITE,1295,6993,0.4602316602316602,0.7853281853281854,0.3250965250965251,0.6022889842632333,0.8909957568258726,0.8708360042336876,7852,26023,0.3520122261844116,0.456316861946001,0.1043046357615893,0.1609669811320754,0.8880016891379968,0.8851548099417677,0.8907735443081614,0.8838700277314027,-0.0069035165767586,0.6326664480157429,0.4971028752596479,0.90607063555239,0.9425614814194144,0.01431880570808,0.3290113233821843,-0.0029940676878758,0.1082194340472486,True,True,True,0.4413220031311579,True,True,True,True,True,False,0.0005406977106813394,0.12653781738218825,True,True,,
mimic_race_unmatched,MIMIC race (unmatched cohort),phase2b,phase2b__mimic_cxr_unmatched__densenet121__seed123__pr0.9,densenet121,123,0.9,pleural_effusion,BLACK_OR_AA,t0.5,0.6492135315664728,0.9124111447013644,0.5,WHITE,1295,6993,0.4602316602316602,0.7891891891891892,0.328957528957529,0.609442060085837,0.8909957568258726,0.8711271718993727,7852,26023,0.3520122261844116,0.489047376464595,0.1370351502801833,0.2114779874213836,0.8880016891379968,0.8857557546154124,0.8907735443081614,0.8847580285934747,-0.0060155157146866,0.6326664480157429,0.4684596042418279,0.90607063555239,0.9494323180694624,0.0146285827160397,0.3001418127245942,-0.0029940676878758,0.1082194340472486,True,True,True,0.3979640726644534,True,True,True,True,True,False,0.0005406977106813394,0.12653781738218825,True,True,,
mimic_race_unmatched,MIMIC race (unmatched cohort),phase2b,phase2b__mimic_cxr_unmatched__densenet121__seed123__pr1.0,densenet121,123,1.0,pleural_effusion,BLACK_OR_AA,t0.5,0.6492135315664728,0.9124111447013644,0.5,WHITE,1295,6993,0.4602316602316602,0.7189189189189189,0.2586872586872586,0.4792560801144492,0.8909957568258726,0.8322161403242483,7852,26023,0.3520122261844116,0.369332654100866,0.0173204279164543,0.0267295597484276,0.8880016891379968,0.884969063916005,0.8907735443081614,0.8760361248627494,-0.0147374194454119,0.6326664480157429,0.5811741554608069,0.90607063555239,0.9187230298713812,0.0527529235917567,0.3495862648180529,-0.0029940676878758,0.1082194340472486,True,True,True,0.4525265203660216,True,True,True,True,True,False,0.0005406977106813394,0.12653781738218825,True,True,,
mimic_race_unmatched,MIMIC race (unmatched cohort),phase4,phase4__mimic_cxr_unmatched__efficientnet_b4__seed7__pr0.0,efficientnet_b4,7,0.0,pleural_effusion,BLACK_OR_AA,t0.5,0.5718595130359836,0.9288340550698586,0.5,WHITE,1295,6993,0.522007722007722,0.522007722007722,0.0,0.0,0.8797790595087892,0.8797790595087892,7852,26023,0.413143148242486,0.413143148242486,0.0,0.0,0.8795884321675727,0.8795884321675727,0.8819169429425839,0.8819169429425839,0.0,0.5714441893517,0.5714441893517,0.9201893669613306,0.9201893669613306,-0.0001906273412165,0.108864573765236,-0.0001906273412165,0.108864573765236,False,False,True,0.0,False,False,False,False,False,True,0.0005406977106813394,0.12653781738218825,False,False,False,False
mimic_race_unmatched,MIMIC race (unmatched cohort),phase4,phase4__mimic_cxr_unmatched__efficientnet_b4__seed7__pr0.5,efficientnet_b4,7,0.5,pleural_effusion,BLACK_OR_AA,t0.5,0.5718595130359836,0.9288340550698586,0.5,WHITE,1295,6993,0.522007722007722,0.684942084942085,0.1629343629343629,0.3408723747980614,0.8797790595087892,0.8730431052824874,7852,26023,0.413143148242486,0.4635761589403973,0.0504330106979113,0.0859374999999999,0.8795884321675727,0.8778021703479032,0.8819169429425839,0.8797165075213779,-0.002200435421206,0.5714441893517,0.5050836339783535,0.9201893669613306,0.935983912187356,0.0047590650654157,0.2213659260016876,-0.0001906273412165,0.108864573765236,True,True,True,0.2549348747980614,True,True,True,True,True,False,0.0005406977106813394,0.12653781738218825,True,True,,
mimic_race_unmatched,MIMIC race (unmatched cohort),phase4,phase4__mimic_cxr_unmatched__efficientnet_b4__seed7__pr0.75,efficientnet_b4,7,0.75,pleural_effusion,BLACK_OR_AA,t0.5,0.5718595130359836,0.9288340550698586,0.5,WHITE,1295,6993,0.522007722007722,0.7559845559845559,0.2339768339768339,0.4894991922455572,0.8797790595087892,0.8717164865813515,7852,26023,0.413143148242486,0.477712684666327,0.064569536423841,0.1100260416666666,0.8795884321675727,0.8779027670088257,0.8819169429425839,0.8790412697000244,-0.0028756732425595,0.5714441893517,0.482890565212638,0.9201893669613306,0.9399639700029326,0.0061862804274742,0.2782718713182289,-0.0001906273412165,0.108864573765236,True,True,True,0.3794731505788905,True,True,True,True,True,False,0.0005406977106813394,0.12653781738218825,True,True,,
mimic_race_unmatched,MIMIC race (unmatched cohort),phase4,phase4__mimic_cxr_unmatched__efficientnet_b4__seed7__pr1.0,efficientnet_b4,7,1.0,pleural_effusion,BLACK_OR_AA,t0.5,0.5718595130359836,0.9288340550698586,0.5,WHITE,1295,6993,0.522007722007722,0.6918918918918919,0.1698841698841698,0.3554119547657512,0.8797790595087892,0.8593767914231234,7852,26023,0.413143148242486,0.3968415690269994,-0.0163015792154865,-0.0277777777777778,0.8795884321675727,0.8749427735151931,0.8819169429425839,0.873703923152605,-0.0082130197899789,0.5714441893517,0.561386246856893,0.9201893669613306,0.9170891113997236,0.0155659820920697,0.2950503228648924,-0.0001906273412165,0.108864573765236,True,True,True,0.383189732543529,True,True,True,True,True,False,0.0005406977106813394,0.12653781738218825,True,True,,
mimic_race_unmatched,MIMIC race (unmatched cohort),phase4,phase4__mimic_cxr_unmatched__efficientnet_b4__seed42__pr0.0,efficientnet_b4,42,0.0,pleural_effusion,BLACK_OR_AA,t0.5,0.5686274509803921,0.9277718767873192,0.5,WHITE,1295,6993,0.505019305019305,0.505019305019305,0.0,0.0,0.8824735631685439,0.8824735631685439,7852,26023,0.4075394803871625,0.4075394803871625,0.0,0.0,0.8817877935129934,0.8817877935129934,0.8841648043345154,0.8841648043345154,0.0,0.578659669837105,0.578659669837105,0.9210691692153,0.9210691692153,-0.0006857696555504,0.0974798246321425,-0.0006857696555504,0.0974798246321425,False,False,True,0.0,False,False,False,False,False,True,0.0005406977106813394,0.12653781738218825,False,False,False,False
mimic_race_unmatched,MIMIC race (unmatched cohort),phase4,phase4__mimic_cxr_unmatched__efficientnet_b4__seed42__pr0.5,efficientnet_b4,42,0.5,pleural_effusion,BLACK_OR_AA,t0.5,0.5686274509803921,0.9277718767873192,0.5,WHITE,1295,6993,0.505019305019305,0.6177606177606177,0.1127413127413127,0.2277691107644305,0.8824735631685439,0.8778590604845431,7852,26023,0.4075394803871625,0.413015792154865,0.0054763117677024,0.009243336199484,0.8817877935129934,0.8801190965501702,0.8841648043345154,0.8821658645931718,-0.0019989397413435,0.578659669837105,0.5579971575379906,0.9210691692153,0.924085634086053,0.002260036065627,0.2047448256057527,-0.0006857696555504,0.0974798246321425,True,True,True,0.2185257745649464,True,True,True,True,False,False,0.0005406977106813394,0.12653781738218825,True,True,,
mimic_race_unmatched,MIMIC race (unmatched cohort),phase4,phase4__mimic_cxr_unmatched__efficientnet_b4__seed42__pr0.75,efficientnet_b4,42,0.75,pleural_effusion,BLACK_OR_AA,t0.5,0.5686274509803921,0.9277718767873192,0.5,WHITE,1295,6993,0.505019305019305,0.7034749034749035,0.1984555984555984,0.4009360374414977,0.8824735631685439,0.8673803447934721,7852,26023,0.4075394803871625,0.4396332144676516,0.032093734080489,0.054170249355116,0.8817877935129934,0.8778007896231625,0.8841648043345154,0.8780228308151309,-0.0061419735193845,0.578659669837105,0.5230130097299661,0.9210691692153,0.9315430055720808,0.0104204448296904,0.2638416890072519,-0.0006857696555504,0.0974798246321425,True,True,True,0.3467657880863816,True,True,True,True,True,False,0.0005406977106813394,0.12653781738218825,True,True,,
mimic_race_unmatched,MIMIC race (unmatched cohort),phase4,phase4__mimic_cxr_unmatched__efficientnet_b4__seed42__pr1.0,efficientnet_b4,42,1.0,pleural_effusion,BLACK_OR_AA,t0.5,0.5686274509803921,0.9277718767873192,0.5,WHITE,1295,6993,0.505019305019305,0.7428571428571429,0.2378378378378378,0.4804992199687988,0.8824735631685439,0.8474392559334644,7852,26023,0.4075394803871625,0.4496943453897096,0.0421548650025471,0.071152192605331,0.8817877935129934,0.8744477731825575,0.8841648043345154,0.8708275766165308,-0.0133372277179846,0.578659669837105,0.5088006996829562,0.9210691692153,0.9317943776446436,0.0270085172490931,0.2931627974674332,-0.0006857696555504,0.0974798246321425,True,True,True,0.4093470273634677,True,True,True,True,True,False,0.0005406977106813394,0.12653781738218825,True,True,,
mimic_race_unmatched,MIMIC race (unmatched cohort),phase4,phase4__mimic_cxr_unmatched__efficientnet_b4__seed123__pr0.0,efficientnet_b4,123,0.0,pleural_effusion,BLACK_OR_AA,t0.5,0.5712131006248653,0.9284255249611896,0.5,WHITE,1295,6993,0.5235521235521235,0.5235521235521235,0.0,0.0,0.8846030104717364,0.8846030104717364,7852,26023,0.4168364747834946,0.4168364747834946,0.0,0.0,0.880029079604963,0.880029079604963,0.8831660329486122,0.8831660329486122,0.0,0.5680551000327977,0.5680551000327977,0.9209434831790188,0.9209434831790188,-0.0045739308667733,0.1067156487686288,-0.0045739308667733,0.1067156487686288,False,False,True,0.0,False,False,False,False,False,True,0.0005406977106813394,0.12653781738218825,False,False,False,False
mimic_race_unmatched,MIMIC race (unmatched cohort),phase4,phase4__mimic_cxr_unmatched__efficientnet_b4__seed123__pr0.75,efficientnet_b4,123,0.75,pleural_effusion,BLACK_OR_AA,t0.5,0.5712131006248653,0.9284255249611896,0.5,WHITE,1295,6993,0.5235521235521235,0.7405405405405405,0.2169884169884169,0.4554294975688817,0.8846030104717364,0.8781844472964164,7852,26023,0.4168364747834946,0.5042027508914926,0.0873662761079979,0.1498143699497706,0.880029079604963,0.8777826019038638,0.8831660329486122,0.8802564889200644,-0.0029095440285478,0.5680551000327977,0.4623373783754236,0.9209434831790188,0.946206376471574,-0.0004018453925526,0.2363377896490479,-0.0045739308667733,0.1067156487686288,True,True,True,0.305615127619111,True,True,True,True,True,False,0.0005406977106813394,0.12653781738218825,False,True,,
mimic_race_unmatched,MIMIC race (unmatched cohort),phase4,phase4__mimic_cxr_unmatched__efficientnet_b4__seed123__pr1.0,efficientnet_b4,123,1.0,pleural_effusion,BLACK_OR_AA,t0.5,0.5712131006248653,0.9284255249611896,0.5,WHITE,1295,6993,0.5235521235521235,0.8154440154440155,0.2918918918918919,0.6126418152350082,0.8846030104717364,0.8615439814281513,7852,26023,0.4168364747834946,0.5254712175241977,0.108634742740703,0.1862852151124699,0.880029079604963,0.8747555906946497,0.8831660329486122,0.8741020457299764,-0.0090639872186357,0.5680551000327977,0.4334754564338034,0.9209434831790188,0.9514851899953916,0.0132116092664984,0.2899727979198178,-0.0045739308667733,0.1067156487686288,True,True,True,0.4263566001225382,True,True,True,True,True,False,0.0005406977106813394,0.12653781738218825,True,True,,
mimic_race_unmatched,MIMIC race (unmatched cohort),phase4,phase4__mimic_cxr_unmatched__resnet50__seed7__pr0.0,resnet50,7,0.0,pleural_effusion,BLACK_OR_AA,t0.5,0.5875888817065288,0.9301413514175996,0.5,WHITE,1295,6993,0.5181467181467182,0.5181467181467182,0.0,0.0,0.8825836742825159,0.8825836742825159,7852,26023,0.4028273051451859,0.4028273051451859,0.0,0.0,0.8824746164620012,0.8824746164620012,0.884826246509162,0.884826246509162,0.0,0.5808461790751066,0.5808461790751066,0.9224517156143952,0.9224517156143952,-0.0001090578205147,0.1153194130015322,-0.0001090578205147,0.1153194130015322,False,False,True,0.0,False,False,False,False,False,True,0.0005406977106813394,0.12653781738218825,False,False,False,False
mimic_race_unmatched,MIMIC race (unmatched cohort),phase4,phase4__mimic_cxr_unmatched__resnet50__seed7__pr0.5,resnet50,7,0.5,pleural_effusion,BLACK_OR_AA,t0.5,0.5875888817065288,0.9301413514175996,0.5,WHITE,1295,6993,0.5181467181467182,0.6123552123552124,0.0942084942084942,0.1955128205128205,0.8825836742825159,0.8774989124409973,7852,26023,0.4028273051451859,0.41237901171676,0.0095517065715741,0.0159948816378758,0.8824746164620012,0.8795467475970413,0.884826246509162,0.8816487934948927,-0.0031774530142693,0.5808461790751066,0.5593090630807915,0.9224517156143952,0.9244626921948972,0.002047835156044,0.1999762006384523,-0.0001090578205147,0.1153194130015322,False,True,True,0.1795179388749446,False,True,True,False,False,False,0.0005406977106813394,0.12653781738218825,True,True,,
mimic_race_unmatched,MIMIC race (unmatched cohort),phase4,phase4__mimic_cxr_unmatched__resnet50__seed7__pr0.75,resnet50,7,0.75,pleural_effusion,BLACK_OR_AA,t0.5,0.5875888817065288,0.9301413514175996,0.5,WHITE,1295,6993,0.5181467181467182,0.6787644787644788,0.1606177606177605,0.3333333333333332,0.8825836742825159,0.8702639685265168,7852,26023,0.4028273051451859,0.4074121242995415,0.0045848191543556,0.0076775431861804,0.8824746164620012,0.877950713901975,0.884826246509162,0.8787494313131675,-0.0060768151959944,0.5808461790751066,0.5541707663714879,0.9224517156143952,0.923373413213792,0.0076867453754582,0.2713523544649372,-0.0001090578205147,0.1153194130015322,True,True,True,0.3256557901471528,True,True,True,True,True,False,0.0005406977106813394,0.12653781738218825,True,True,,
mimic_race_unmatched,MIMIC race (unmatched cohort),phase4,phase4__mimic_cxr_unmatched__resnet50__seed7__pr1.0,resnet50,7,1.0,pleural_effusion,BLACK_OR_AA,t0.5,0.5875888817065288,0.9301413514175996,0.5,WHITE,1295,6993,0.5181467181467182,0.7544401544401544,0.2362934362934362,0.4903846153846153,0.8825836742825159,0.8393285729193065,7852,26023,0.4028273051451859,0.4223127865511971,0.0194854814060111,0.0326295585412667,0.8824746164620012,0.8760474724565039,0.884826246509162,0.87091565211067,-0.0139105943984919,0.5808461790751066,0.5306657920629715,0.9224517156143952,0.9273534710293686,0.0367188995371974,0.3321273678889573,-0.0001090578205147,0.1153194130015322,True,True,True,0.4577550568433485,True,True,True,True,True,False,0.0005406977106813394,0.12653781738218825,True,True,,
mimic_race_unmatched,MIMIC race (unmatched cohort),phase4,phase4__mimic_cxr_unmatched__resnet50__seed42__pr0.0,resnet50,42,0.0,pleural_effusion,BLACK_OR_AA,t0.5,0.5651799181210946,0.9350437127216276,0.5,WHITE,1295,6993,0.5444015444015444,0.5444015444015444,0.0,0.0,0.8834749983398632,0.8834749983398632,7852,26023,0.4243504839531329,0.4243504839531329,0.0,0.0,0.8827546162253855,0.8827546162253855,0.8852224064588395,0.8852224064588395,0.0,0.558653110309391,0.558653110309391,0.9280237965562026,0.9280237965562026,-0.0007203821144776,0.1200510604484114,-0.0007203821144776,0.1200510604484114,False,False,True,0.0,False,False,False,False,False,True,0.0005406977106813394,0.12653781738218825,False,False,False,False
mimic_race_unmatched,MIMIC race (unmatched cohort),phase4,phase4__mimic_cxr_unmatched__resnet50__seed42__pr0.5,resnet50,42,0.5,pleural_effusion,BLACK_OR_AA,t0.5,0.5651799181210946,0.9350437127216276,0.5,WHITE,1295,6993,0.5444015444015444,0.6131274131274131,0.0687258687258687,0.1508474576271186,0.8834749983398632,0.8796894798825301,7852,26023,0.4243504839531329,0.4086856851757514,-0.0156647987773815,-0.027212389380531,0.8827546162253855,0.8820167625310162,0.8852224064588395,0.8839764653595549,-0.0012459410992846,0.558653110309391,0.5623701760139936,0.9280237965562026,0.9256776572122836,0.0023272826484861,0.2044417279516617,-0.0007203821144776,0.1200510604484114,False,True,True,0.1780598470076496,False,True,True,False,False,False,0.0005406977106813394,0.12653781738218825,True,True,,
mimic_race_unmatched,MIMIC race (unmatched cohort),phase4,phase4__mimic_cxr_unmatched__resnet50__seed42__pr0.75,resnet50,42,0.75,pleural_effusion,BLACK_OR_AA,t0.5,0.5651799181210946,0.9350437127216276,0.5,WHITE,1295,6993,0.5444015444015444,0.7127413127413127,0.1683397683397682,0.3694915254237286,0.8834749983398632,0.8745067360897476,7852,26023,0.4243504839531329,0.4602649006622517,0.0359144167091187,0.0623893805309734,0.8827546162253855,0.879838900541645,0.8852224064588395,0.8810022576722403,-0.0042201487865992,0.558653110309391,0.5039903793593528,0.9280237965562026,0.9384557375675564,0.0053321644518974,0.252476412079061,-0.0007203821144776,0.1200510604484114,True,True,True,0.3071021448927551,True,True,True,True,True,False,0.0005406977106813394,0.12653781738218825,True,True,,
mimic_race_unmatched,MIMIC race (unmatched cohort),phase4,phase4__mimic_cxr_unmatched__resnet50__seed42__pr1.0,resnet50,42,1.0,pleural_effusion,BLACK_OR_AA,t0.5,0.5651799181210946,0.9350437127216276,0.5,WHITE,1295,6993,0.5444015444015444,0.728957528957529,0.1845559845559845,0.4050847457627118,0.8834749983398632,0.8427603805982185,7852,26023,0.4243504839531329,0.3888181355068772,-0.0355323484462557,-0.0617256637168141,0.8827546162253855,0.8773817151337495,0.8852224064588395,0.872517884565091,-0.0127045218937484,0.558653110309391,0.5630261287853942,0.9280237965562026,0.9183459717625372,0.034621334535531,0.3401393934506517,-0.0007203821144776,0.1200510604484114,True,True,True,0.466810409479526,True,True,True,True,True,False,0.0005406977106813394,0.12653781738218825,True,True,,
mimic_race_unmatched,MIMIC race (unmatched cohort),phase4,phase4__mimic_cxr_unmatched__resnet50__seed123__pr0.0,resnet50,123,0.0,pleural_effusion,BLACK_OR_AA,t0.5,0.5931911226028873,0.9261377563526432,0.5,WHITE,1295,6993,0.5011583011583012,0.5011583011583012,0.0,0.0,0.8830844935092039,0.8830844935092039,7852,26023,0.4009169638308711,0.4009169638308711,0.0,0.0,0.8814379199663535,0.8814379199663535,0.8841118843803155,0.8841118843803155,0.0,0.5848912211654094,0.5848912211654094,0.9174242741631404,0.9174242741631404,-0.0016465735428504,0.10024133732743,-0.0016465735428504,0.10024133732743,False,False,True,0.0,False,False,False,False,False,True,0.0005406977106813394,0.12653781738218825,False,False,False,False
mimic_race_unmatched,MIMIC race (unmatched cohort),phase4,phase4__mimic_cxr_unmatched__resnet50__seed123__pr0.5,resnet50,123,0.5,pleural_effusion,BLACK_OR_AA,t0.5,0.5931911226028873,0.9261377563526432,0.5,WHITE,1295,6993,0.5011583011583012,0.5984555984555985,0.0972972972972973,0.195046439628483,0.8830844935092039,0.8785941284010782,7852,26023,0.4009169638308711,0.3835965359144167,-0.0173204279164543,-0.0289115646258503,0.8814379199663535,0.88134328775596,0.8841118843803155,0.883222571282924,-0.0008893130973914,0.5848912211654094,0.5859844757844102,0.9174242741631404,0.9192257740165068,0.0027491593548818,0.2148590625411817,-0.0016465735428504,0.10024133732743,False,True,True,0.2239580042543333,False,True,True,False,False,False,0.0005406977106813394,0.12653781738218825,True,True,,
mimic_race_unmatched,MIMIC race (unmatched cohort),phase4,phase4__mimic_cxr_unmatched__resnet50__seed123__pr0.75,resnet50,123,0.75,pleural_effusion,BLACK_OR_AA,t0.5,0.5931911226028873,0.9261377563526432,0.5,WHITE,1295,6993,0.5011583011583012,0.6270270270270271,0.1258687258687258,0.2523219814241486,0.8830844935092039,0.871560840286709,7852,26023,0.4009169638308711,0.3623280692817117,-0.0385888945491594,-0.0644132653061224,0.8814379199663535,0.8789316942995244,0.8841118843803155,0.8796345306008078,-0.0044773537795077,0.5848912211654094,0.6001967858314201,0.9174242741631404,0.909087100423143,0.0073708540128154,0.2646989577453154,-0.0016465735428504,0.10024133732743,True,True,True,0.316735246730271,True,True,True,True,False,False,0.0005406977106813394,0.12653781738218825,True,True,,
mimic_race_unmatched,MIMIC race (unmatched cohort),phase4,phase4__mimic_cxr_unmatched__resnet50__seed123__pr1.0,resnet50,123,1.0,pleural_effusion,BLACK_OR_AA,t0.5,0.5931911226028873,0.9261377563526432,0.5,WHITE,1295,6993,0.5011583011583012,0.7135135135135136,0.2123552123552123,0.4256965944272446,0.8830844935092039,0.8442471855599268,7852,26023,0.4009169638308711,0.4220580743759551,0.021141110545084,0.0352891156462585,0.8814379199663535,0.8770752292851128,0.8841118843803155,0.8725470720679592,-0.0115648123123562,0.5848912211654094,0.5366786924674757,0.9174242741631404,0.9248397503037412,0.0328280437251859,0.2914554391375584,-0.0016465735428504,0.10024133732743,True,True,True,0.3904074787809861,True,True,True,True,True,False,0.0005406977106813394,0.12653781738218825,True,True,,
mimic_race_unmatched,MIMIC race (unmatched cohort),phase4,phase4__mimic_cxr_unmatched__swin_tiny_patch4_window7_224__seed7__pr0.0,swin_tiny_patch4_window7_224,7,0.0,pleural_effusion,BLACK_OR_AA,t0.5,0.6522301228183581,0.914290383201242,0.5,WHITE,1295,6993,0.4687258687258687,0.4687258687258687,0.0,0.0,0.8909214911145411,0.8909214911145411,7852,26023,0.3430973000509424,0.3430973000509424,0.0,0.0,0.8908358894963798,0.8908358894963798,0.8929652887467558,0.8929652887467558,0.0,0.6391166502678474,0.6391166502678474,0.9078721354057564,0.9078721354057564,-8.560161816129064e-05,0.1256285686749263,-8.560161816129064e-05,0.1256285686749263,False,False,True,0.0,False,False,False,False,False,True,0.0005406977106813394,0.12653781738218825,False,False,False,False
mimic_race_unmatched,MIMIC race (unmatched cohort),phase4,phase4__mimic_cxr_unmatched__swin_tiny_patch4_window7_224__seed7__pr0.5,swin_tiny_patch4_window7_224,7,0.5,pleural_effusion,BLACK_OR_AA,t0.5,0.6522301228183581,0.914290383201242,0.5,WHITE,1295,6993,0.4687258687258687,0.5938223938223938,0.125096525096525,0.2354651162790696,0.8909214911145411,0.890168602137714,7852,26023,0.3430973000509424,0.369587366276108,0.0264900662251655,0.0403257076386196,0.8908358894963798,0.8899472459419518,0.8929652887467558,0.8922979060164057,-0.0006673827303501,0.6391166502678474,0.5986662293648191,0.9078721354057564,0.9201055762704764,-0.0002213561957621,0.2242350275462857,-8.560161816129064e-05,0.1256285686749263,True,True,True,0.1951394086404499,True,True,True,True,False,False,0.0005406977106813394,0.12653781738218825,False,True,,
mimic_race_unmatched,MIMIC race (unmatched cohort),phase4,phase4__mimic_cxr_unmatched__swin_tiny_patch4_window7_224__seed7__pr0.75,swin_tiny_patch4_window7_224,7,0.75,pleural_effusion,BLACK_OR_AA,t0.5,0.6522301228183581,0.914290383201242,0.5,WHITE,1295,6993,0.4687258687258687,0.7722007722007722,0.3034749034749034,0.5712209302325582,0.8909214911145411,0.8835053551269767,7852,26023,0.3430973000509424,0.4736372898624554,0.130539989811513,0.1987204342768515,0.8908358894963798,0.8878887605726018,0.8929652887467558,0.8890091282707184,-0.0039561604760374,0.6391166502678474,0.4840931452935388,0.9078721354057564,0.9485106204700656,0.004383405445625,0.2985634823383168,-8.560161816129064e-05,0.1256285686749263,True,True,True,0.3725004959557066,True,True,True,True,True,False,0.0005406977106813394,0.12653781738218825,True,True,,
mimic_race_unmatched,MIMIC race (unmatched cohort),phase4,phase4__mimic_cxr_unmatched__swin_tiny_patch4_window7_224__seed7__pr1.0,swin_tiny_patch4_window7_224,7,1.0,pleural_effusion,BLACK_OR_AA,t0.5,0.6522301228183581,0.914290383201242,0.5,WHITE,1295,6993,0.4687258687258687,0.6362934362934363,0.1675675675675675,0.315406976744186,0.8909214911145411,0.8682125815330448,7852,26023,0.3430973000509424,0.3196637799286806,-0.0234335201222617,-0.0356727413726249,0.8908358894963798,0.8856613221545373,0.8929652887467558,0.8844426432545198,-0.008522645492236,0.6391166502678474,0.6355089100251449,0.9078721354057564,0.9005404499560099,0.0174487406214924,0.3166296563647556,-8.560161816129064e-05,0.1256285686749263,True,True,True,0.351079718116811,True,True,True,True,True,False,0.0005406977106813394,0.12653781738218825,True,True,,
mimic_race_unmatched,MIMIC race (unmatched cohort),phase4,phase4__mimic_cxr_unmatched__swin_tiny_patch4_window7_224__seed42__pr0.0,swin_tiny_patch4_window7_224,42,0.0,pleural_effusion,BLACK_OR_AA,t0.5,0.6186166774402069,0.9238499877440968,0.5,WHITE,1295,6993,0.4942084942084942,0.4942084942084942,0.0,0.0,0.8917275044688173,0.8917275044688173,7852,26023,0.3716250636780438,0.3716250636780438,0.0,0.0,0.8901881403566554,0.8901881403566554,0.8925717807490846,0.8925717807490846,0.0,0.6110200065595277,0.6110200065595277,0.9175499601994218,0.9175499601994218,-0.0015393641121619,0.1225834305304504,-0.0015393641121619,0.1225834305304504,False,False,True,0.0,False,False,False,False,False,True,0.0005406977106813394,0.12653781738218825,False,False,False,False
mimic_race_unmatched,MIMIC race (unmatched cohort),phase4,phase4__mimic_cxr_unmatched__swin_tiny_patch4_window7_224__seed42__pr0.5,swin_tiny_patch4_window7_224,42,0.5,pleural_effusion,BLACK_OR_AA,t0.5,0.6186166774402069,0.9238499877440968,0.5,WHITE,1295,6993,0.4942084942084942,0.7027027027027027,0.2084942084942085,0.4122137404580153,0.8917275044688173,0.8895756961394027,7852,26023,0.3716250636780438,0.4737646459500764,0.1021395822720325,0.1625456019456829,0.8901881403566554,0.8886889746648363,0.8925717807490846,0.8911814067403542,-0.0013903740087304,0.6110200065595277,0.4938231114026457,0.9175499601994218,0.9481335623612216,-0.0008867214745663,0.2289380567526263,-0.0015393641121619,0.1225834305304504,True,True,True,0.2496681385123323,True,True,True,True,True,False,0.0005406977106813394,0.12653781738218825,False,True,,
mimic_race_unmatched,MIMIC race (unmatched cohort),phase4,phase4__mimic_cxr_unmatched__swin_tiny_patch4_window7_224__seed42__pr0.75,swin_tiny_patch4_window7_224,42,0.75,pleural_effusion,BLACK_OR_AA,t0.5,0.6186166774402069,0.9238499877440968,0.5,WHITE,1295,6993,0.4942084942084942,0.7583011583011583,0.2640926640926641,0.5221374045801527,0.8917275044688173,0.8782273398103514,7852,26023,0.3716250636780438,0.4507131940906775,0.0790881304126337,0.1258613700851236,0.8901881403566554,0.8870172534242184,0.8925717807490846,0.8871689277809482,-0.0054028529681363,0.6110200065595277,0.505739586749754,0.9175499601994218,0.9438602371276552,0.008789913613867,0.3075879642104807,-0.0015393641121619,0.1225834305304504,True,True,True,0.396276034495029,True,True,True,True,True,False,0.0005406977106813394,0.12653781738218825,True,True,,
mimic_race_unmatched,MIMIC race (unmatched cohort),phase4,phase4__mimic_cxr_unmatched__swin_tiny_patch4_window7_224__seed42__pr1.0,swin_tiny_patch4_window7_224,42,1.0,pleural_effusion,BLACK_OR_AA,t0.5,0.6186166774402069,0.9238499877440968,0.5,WHITE,1295,6993,0.4942084942084942,0.7783783783783784,0.2841698841698842,0.5618320610687023,0.8917275044688173,0.8652489324303996,7852,26023,0.3716250636780438,0.423458991339786,0.0518339276617422,0.0824888528577219,0.8901881403566554,0.8871670585541954,0.8925717807490846,0.8844908020617237,-0.0080809786873609,0.6110200065595277,0.5262927735869684,0.9175499601994218,0.9371988772047426,0.0219181261237958,0.3549193870385924,-0.0015393641121619,0.1225834305304504,True,True,True,0.4793432082109804,True,True,True,True,True,False,0.0005406977106813394,0.12653781738218825,True,True,,
mimic_race_unmatched,MIMIC race (unmatched cohort),phase4,phase4__mimic_cxr_unmatched__swin_tiny_patch4_window7_224__seed123__pr0.0,swin_tiny_patch4_window7_224,123,0.0,pleural_effusion,BLACK_OR_AA,t0.5,0.5895281189398837,0.9289974671133262,0.5,WHITE,1295,6993,0.5142857142857142,0.5142857142857142,0.0,0.0,0.8915074177622441,0.8915074177622441,7852,26023,0.3984971981660723,0.3984971981660723,0.0,0.0,0.8901226225146499,0.8901226225146499,0.8924887435057349,0.8924887435057349,0.0,0.5851098720892096,0.5851098720892096,0.924797854958314,0.924797854958314,-0.0013847952475941,0.1157885161196419,-0.0013847952475941,0.1157885161196419,False,False,True,0.0,False,False,False,False,False,True,0.0005406977106813394,0.12653781738218825,False,False,False,False
mimic_race_unmatched,MIMIC race (unmatched cohort),phase4,phase4__mimic_cxr_unmatched__swin_tiny_patch4_window7_224__seed123__pr0.5,swin_tiny_patch4_window7_224,123,0.5,pleural_effusion,BLACK_OR_AA,t0.5,0.5895281189398837,0.9289974671133262,0.5,WHITE,1295,6993,0.5142857142857142,0.6532818532818533,0.138996138996139,0.2861685214626392,0.8915074177622441,0.8898387431205964,7852,26023,0.3984971981660723,0.40206316861946,0.0035659704533876,0.0059284353165361,0.8901226225146499,0.8888281019565276,0.8924887435057349,0.8912324396406219,-0.0012563038651129,0.5851098720892096,0.5623701760139936,0.924797854958314,0.9304956219364028,-0.0010106411640687,0.2512186846623933,-0.0013847952475941,0.1157885161196419,True,True,True,0.2802400861461031,True,True,True,True,False,False,0.0005406977106813394,0.12653781738218825,False,True,,
mimic_race_unmatched,MIMIC race (unmatched cohort),phase4,phase4__mimic_cxr_unmatched__swin_tiny_patch4_window7_224__seed123__pr0.75,swin_tiny_patch4_window7_224,123,0.75,pleural_effusion,BLACK_OR_AA,t0.5,0.5895281189398837,0.9289974671133262,0.5,WHITE,1295,6993,0.5142857142857142,0.6864864864864865,0.1722007722007722,0.3545310015898251,0.8915074177622441,0.8835897171804508,7852,26023,0.3984971981660723,0.390855832908813,-0.0076413652572592,-0.0127037899640059,0.8901226225146499,0.8874521957350154,0.8924887435057349,0.8884989000330569,-0.003989843472678,0.5851098720892096,0.567289821799497,0.924797854958314,0.926515564120826,0.0038624785545646,0.2956306535776734,-0.0013847952475941,0.1157885161196419,True,True,True,0.367234791553831,True,True,True,True,True,False,0.0005406977106813394,0.12653781738218825,True,True,,
mimic_race_unmatched,MIMIC race (unmatched cohort),phase4,phase4__mimic_cxr_unmatched__swin_tiny_patch4_window7_224__seed123__pr1.0,swin_tiny_patch4_window7_224,123,1.0,pleural_effusion,BLACK_OR_AA,t0.5,0.5895281189398837,0.9289974671133262,0.5,WHITE,1295,6993,0.5142857142857142,0.7953667953667953,0.2810810810810811,0.5786963434022258,0.8915074177622441,0.8681793787971395,7852,26023,0.3984971981660723,0.5225420275089149,0.1240448293428425,0.2062248570823628,0.8901226225146499,0.8850706943682942,0.8924887435057349,0.8837062456488121,-0.0087824978569228,0.5851098720892096,0.4388324040669071,0.924797854958314,0.9565964221375004,0.0168913155711547,0.2728247678578804,-0.0013847952475941,0.1157885161196419,True,True,True,0.3724714863198629,True,True,True,True,True,False,0.0005406977106813394,0.12653781738218825,True,True,,
mimic_race_unmatched,MIMIC race (unmatched cohort),phase4,phase4__mimic_cxr_unmatched__vit_base_patch16_224__seed7__pr0.0,vit_base_patch16_224,7,0.0,pleural_effusion,BLACK_OR_AA,t0.5,0.6171083818142642,0.9146172072881772,0.5,WHITE,1295,6993,0.5003861003861004,0.5003861003861004,0.0,0.0,0.8822147173498526,0.8822147173498526,7852,26023,0.3686958736627611,0.3686958736627611,0.0,0.0,0.8830721899244773,0.8830721899244773,0.8851663971408605,0.8851663971408605,0.0,0.6126598884880289,0.6126598884880289,0.908416774896309,0.908416774896309,0.0008574725746247,0.1316902267233393,0.0008574725746247,0.1316902267233393,False,False,True,0.0,False,False,False,False,False,True,0.0005406977106813394,0.12653781738218825,True,True,True,True
mimic_race_unmatched,MIMIC race (unmatched cohort),phase4,phase4__mimic_cxr_unmatched__vit_base_patch16_224__seed7__pr0.5,vit_base_patch16_224,7,0.5,pleural_effusion,BLACK_OR_AA,t0.5,0.6171083818142642,0.9146172072881772,0.5,WHITE,1295,6993,0.5003861003861004,0.6857142857142857,0.1853281853281853,0.3709428129829984,0.8822147173498526,0.879264823666368,7852,26023,0.3686958736627611,0.4696892511462048,0.1009933774834437,0.1599757918095622,0.8830721899244773,0.880422747357398,0.8851663971408605,0.8826834601275557,-0.0024829370133048,0.6126598884880289,0.4997266863452498,0.908416774896309,0.9405086094934852,0.0011579236910299,0.2160250345680809,0.0008574725746247,0.1316902267233393,True,True,True,0.2109670211734361,True,True,True,True,True,False,0.0005406977106813394,0.12653781738218825,True,True,,
mimic_race_unmatched,MIMIC race (unmatched cohort),phase4,phase4__mimic_cxr_unmatched__vit_base_patch16_224__seed7__pr0.75,vit_base_patch16_224,7,0.75,pleural_effusion,BLACK_OR_AA,t0.5,0.6171083818142642,0.9146172072881772,0.5,WHITE,1295,6993,0.5003861003861004,0.7521235521235521,0.2517374517374516,0.5038639876352394,0.8822147173498526,0.8720790062488906,7852,26023,0.3686958736627611,0.5161742231278655,0.1474783494651044,0.2336090377244301,0.8830721899244773,0.8782881083602868,0.8851663971408605,0.8797747657313003,-0.0053916314095602,0.6126598884880289,0.4504209030283153,0.908416774896309,0.9500188529054422,0.0062091021113962,0.2359493289956865,0.0008574725746247,0.1316902267233393,True,True,True,0.2702549499108093,True,True,True,True,True,False,0.0005406977106813394,0.12653781738218825,True,True,,
mimic_race_unmatched,MIMIC race (unmatched cohort),phase4,phase4__mimic_cxr_unmatched__vit_base_patch16_224__seed7__pr1.0,vit_base_patch16_224,7,1.0,pleural_effusion,BLACK_OR_AA,t0.5,0.6171083818142642,0.9146172072881772,0.5,WHITE,1295,6993,0.5003861003861004,0.6872586872586872,0.1868725868725868,0.3740340030911899,0.8822147173498526,0.8660448494425328,7852,26023,0.3686958736627611,0.4386143657666836,0.0699184921039225,0.1107524712527738,0.8830721899244773,0.8741824812916003,0.8851663971408605,0.875291588191903,-0.0098748089489575,0.6126598884880289,0.5261834481250683,0.908416774896309,0.9275210524110772,0.0081376318490674,0.2486443214920035,0.0008574725746247,0.1316902267233393,True,True,True,0.263281531838416,True,True,True,True,True,False,0.0005406977106813394,0.12653781738218825,True,True,,
mimic_race_unmatched,MIMIC race (unmatched cohort),phase4,phase4__mimic_cxr_unmatched__vit_base_patch16_224__seed42__pr0.0,vit_base_patch16_224,42,0.0,pleural_effusion,BLACK_OR_AA,t0.5,0.6399482870071105,0.910205082114552,0.5,WHITE,1295,6993,0.4749034749034749,0.4749034749034749,0.0,0.0,0.883464698715664,0.883464698715664,7852,26023,0.3625827814569536,0.3625827814569536,0.0,0.0,0.8820488170721386,0.8820488170721386,0.8844843164588895,0.8844843164588895,0.0,0.621515250901935,0.621515250901935,0.904311031044451,0.904311031044451,-0.0014158816435254,0.1123206934465212,-0.0014158816435254,0.1123206934465212,False,False,True,0.0,False,False,False,False,False,True,0.0005406977106813394,0.12653781738218825,False,False,False,False
mimic_race_unmatched,MIMIC race (unmatched cohort),phase4,phase4__mimic_cxr_unmatched__vit_base_patch16_224__seed42__pr0.5,vit_base_patch16_224,42,0.5,pleural_effusion,BLACK_OR_AA,t0.5,0.6399482870071105,0.910205082114552,0.5,WHITE,1295,6993,0.4749034749034749,0.6208494208494209,0.1459459459459459,0.2779411764705882,0.883464698715664,0.8817383597306377,7852,26023,0.3625827814569536,0.4149261334691798,0.0523433520122261,0.0821178821178821,0.8820488170721386,0.8823583026679275,0.8844843164588895,0.8847367832059418,0.0002524667470523,0.621515250901935,0.5559199737618892,0.904311031044451,0.9269345175750974,0.0006199429372897,0.205923287380241,-0.0014158816435254,0.1123206934465212,True,True,True,0.195823294352706,True,True,True,True,False,False,0.0005406977106813394,0.12653781738218825,True,True,,
mimic_race_unmatched,MIMIC race (unmatched cohort),phase4,phase4__mimic_cxr_unmatched__vit_base_patch16_224__seed42__pr0.75,vit_base_patch16_224,42,0.75,pleural_effusion,BLACK_OR_AA,t0.5,0.6399482870071105,0.910205082114552,0.5,WHITE,1295,6993,0.4749034749034749,0.6702702702702703,0.1953667953667954,0.3720588235294118,0.883464698715664,0.8681087721628262,7852,26023,0.3625827814569536,0.3862710137544574,0.0236882322975037,0.037162837162837,0.8820488170721386,0.8784019585769681,0.8844843164588895,0.8787811242007462,-0.0057031922581433,0.621515250901935,0.5735213731278015,0.904311031044451,0.917256692781432,0.0102931864141418,0.2839992565158128,-0.0014158816435254,0.1123206934465212,True,True,True,0.3348959863665747,True,True,True,True,True,False,0.0005406977106813394,0.12653781738218825,True,True,,
mimic_race_unmatched,MIMIC race (unmatched cohort),phase4,phase4__mimic_cxr_unmatched__vit_base_patch16_224__seed42__pr1.0,vit_base_patch16_224,42,1.0,pleural_effusion,BLACK_OR_AA,t0.5,0.6399482870071105,0.910205082114552,0.5,WHITE,1295,6993,0.4749034749034749,0.738996138996139,0.2640926640926641,0.5029411764705882,0.883464698715664,0.8679369988250297,7852,26023,0.3625827814569536,0.4523688232297503,0.0897860417727967,0.1408591408591408,0.8820488170721386,0.8766579665588747,0.8844843164588895,0.8772225458993006,-0.0072617705595888,0.621515250901935,0.507051492292555,0.904311031044451,0.93359587749801,0.008720967733845,0.2866273157663886,-0.0014158816435254,0.1123206934465212,True,True,True,0.3620820356114474,True,True,True,True,True,False,0.0005406977106813394,0.12653781738218825,True,True,,
mimic_race_unmatched,MIMIC race (unmatched cohort),phase4,phase4__mimic_cxr_unmatched__vit_base_patch16_224__seed123__pr0.0,vit_base_patch16_224,123,0.0,pleural_effusion,BLACK_OR_AA,t0.5,0.673992673992674,0.8940272898112591,0.5,WHITE,1295,6993,0.4247104247104247,0.4247104247104247,0.0,0.0,0.8827912252622677,0.8827912252622677,7852,26023,0.314824248599083,0.314824248599083,0.0,0.0,0.8821305496689023,0.8821305496689023,0.8843936096237699,0.8843936096237699,0.0,0.6696184541379687,0.6696184541379687,0.8863798232016423,0.8863798232016423,-0.0006606755933654,0.1098861761113416,-0.0006606755933654,0.1098861761113416,False,False,True,0.0,False,False,False,False,False,True,0.0005406977106813394,0.12653781738218825,False,False,False,False
mimic_race_unmatched,MIMIC race (unmatched cohort),phase4,phase4__mimic_cxr_unmatched__vit_base_patch16_224__seed123__pr0.5,vit_base_patch16_224,123,0.5,pleural_effusion,BLACK_OR_AA,t0.5,0.673992673992674,0.8940272898112591,0.5,WHITE,1295,6993,0.4247104247104247,0.6046332046332046,0.1799227799227798,0.312751677852349,0.8827912252622677,0.8818147260232202,7852,26023,0.314824248599083,0.4086856851757514,0.0938614365766683,0.1369888475836431,0.8821305496689023,0.8824066911126435,0.8843936096237699,0.8847953574515957,0.0004017478278257,0.6696184541379687,0.5635727560948945,0.8863798232016423,0.923457203904646,0.0005919650894232,0.1959475194574532,-0.0006606755933654,0.1098861761113416,True,True,True,0.1757628302687058,True,True,True,True,True,False,0.0005406977106813394,0.12653781738218825,True,True,,
mimic_race_unmatched,MIMIC race (unmatched cohort),phase4,phase4__mimic_cxr_unmatched__vit_base_patch16_224__seed123__pr0.75,vit_base_patch16_224,123,0.75,pleural_effusion,BLACK_OR_AA,t0.5,0.673992673992674,0.8940272898112591,0.5,WHITE,1295,6993,0.4247104247104247,0.694980694980695,0.2702702702702703,0.4697986577181209,0.8827912252622677,0.872302006664941,7852,26023,0.314824248599083,0.4155629139072848,0.1007386653082017,0.1470260223048327,0.8821305496689023,0.8804548895079582,0.8843936096237699,0.8811610152447255,-0.0032325943790444,0.6696184541379687,0.5448781021099814,0.8863798232016423,0.9245045875403244,0.0081528828430172,0.2794177810734102,-0.0006606755933654,0.1098861761113416,True,True,True,0.3227726354132882,True,True,True,True,True,False,0.0005406977106813394,0.12653781738218825,True,True,,
mimic_race_unmatched,MIMIC race (unmatched cohort),phase4,phase4__mimic_cxr_unmatched__vit_base_patch16_224__seed123__pr1.0,vit_base_patch16_224,123,1.0,pleural_effusion,BLACK_OR_AA,t0.5,0.673992673992674,0.8940272898112591,0.5,WHITE,1295,6993,0.4247104247104247,0.6138996138996139,0.1891891891891892,0.3288590604026846,0.8827912252622677,0.8617217177062737,7852,26023,0.314824248599083,0.3349465104431992,0.0201222618441161,0.0293680297397769,0.8821305496689023,0.8800135587169526,0.8843936096237699,0.8784524241390236,-0.0059411854847463,0.6696184541379687,0.6255602929922379,0.8863798232016423,0.9005404499560099,0.0182918410106789,0.2789531034564147,-0.0006606755933654,0.1098861761113416,True,True,True,0.2994910306629076,True,True,True,True,True,False,0.0005406977106813394,0.12653781738218825,True,True,,
mimic_race_unmatched,MIMIC race (unmatched cohort),phase4,phase4__mimic_cxr_unmatched__convnext_tiny__seed7__pr0.0,convnext_tiny,7,0.0,pleural_effusion,BLACK_OR_AA,youden_j,0.8390433096315449,0.8074189067734292,0.261474609375,WHITE,1295,6993,0.2347490347490347,0.2347490347490347,0.0,0.0,0.8894169328532263,0.8894169328532263,7852,26023,0.1543555781966378,0.1543555781966378,0.0,0.0,0.8889933824176073,0.8889933824176073,0.891206456007233,0.891206456007233,0.0,0.834262599759484,0.834262599759484,0.7909003309732289,0.7909003309732289,-0.000423550435619,0.0803934565523969,-0.000423550435619,0.0803934565523969,False,False,True,0.0,False,False,False,False,False,True,0.0005406977106813394,0.08811215990023935,False,False,False,False
mimic_race_unmatched,MIMIC race (unmatched cohort),phase4,phase4__mimic_cxr_unmatched__convnext_tiny__seed7__pr0.5,convnext_tiny,7,0.5,pleural_effusion,BLACK_OR_AA,youden_j,0.8390433096315449,0.8074189067734292,0.261474609375,WHITE,1295,6993,0.2347490347490347,0.2988416988416988,0.0640926640926641,0.0837537840565086,0.8894169328532263,0.8842253801713261,7852,26023,0.1543555781966378,0.1504075394803871,-0.0039480387162506,-0.0046686746987952,0.8889933824176073,0.8880832289939973,0.891206456007233,0.889635815675375,-0.001570640331858,0.834262599759484,0.82857767574068,0.7909003309732289,0.7920734006451883,0.0038578488226711,0.1484341593613117,-0.000423550435619,0.0803934565523969,False,True,True,0.0884224587553038,False,False,False,False,False,False,0.0005406977106813394,0.08811215990023935,True,True,,
mimic_race_unmatched,MIMIC race (unmatched cohort),phase4,phase4__mimic_cxr_unmatched__convnext_tiny__seed7__pr0.75,convnext_tiny,7,0.75,pleural_effusion,BLACK_OR_AA,youden_j,0.8390433096315449,0.8074189067734292,0.261474609375,WHITE,1295,6993,0.2347490347490347,0.3575289575289575,0.1227799227799227,0.160443995963673,0.8894169328532263,0.8794952099971405,7852,26023,0.1543555781966378,0.1456953642384106,-0.0086602139582272,-0.0102409638554217,0.8889933824176073,0.8869607067886494,0.891206456007233,0.8870949090065113,-0.0041115470007216,0.834262599759484,0.824313982726577,0.7909003309732289,0.790607063555239,0.0074654967915088,0.2118335932905469,-0.000423550435619,0.0803934565523969,False,True,True,0.1706849598190947,False,True,True,False,False,False,0.0005406977106813394,0.08811215990023935,True,True,,
mimic_race_unmatched,MIMIC race (unmatched cohort),phase4,phase4__mimic_cxr_unmatched__convnext_tiny__seed7__pr1.0,convnext_tiny,7,1.0,pleural_effusion,BLACK_OR_AA,youden_j,0.8390433096315449,0.8074189067734292,0.261474609375,WHITE,1295,6993,0.2347490347490347,0.3992277992277992,0.1644787644787644,0.2149344096871846,0.8894169328532263,0.8783175970434658,7852,26023,0.1543555781966378,0.1963830871115639,0.0420275089149261,0.0496987951807228,0.8889933824176073,0.8787981985424986,0.891206456007233,0.8803548035138757,-0.0108516524933572,0.834262599759484,0.7748988739477425,0.7909003309732289,0.8220704679710085,0.0004806014990328,0.2028447121162352,-0.000423550435619,0.0803934565523969,True,True,True,0.1652356145064618,True,True,True,True,False,False,0.0005406977106813394,0.08811215990023935,False,True,,
mimic_race_unmatched,MIMIC race (unmatched cohort),phase4,phase4__mimic_cxr_unmatched__convnext_tiny__seed42__pr0.0,convnext_tiny,42,0.0,pleural_effusion,BLACK_OR_AA,youden_j,0.8166343460461107,0.8222076967072474,0.229736328125,WHITE,1295,6993,0.2594594594594595,0.2594594594594595,0.0,0.0,0.889166286077483,0.889166286077483,7852,26023,0.1714212939378502,0.1714212939378502,0.0,0.0,0.8876041665702963,0.8876041665702963,0.8901088982640354,0.8901088982640354,0.0,0.8161145730840713,0.8161145730840713,0.8066110855084,0.8066110855084,-0.0015621195071867,0.0880381655216092,-0.0015621195071867,0.0880381655216092,False,False,True,0.0,False,False,False,False,False,True,0.0005406977106813394,0.08811215990023935,False,False,False,True
mimic_race_unmatched,MIMIC race (unmatched cohort),phase4,phase4__mimic_cxr_unmatched__convnext_tiny__seed42__pr0.5,convnext_tiny,42,0.5,pleural_effusion,BLACK_OR_AA,youden_j,0.8166343460461107,0.8222076967072474,0.229736328125,WHITE,1295,6993,0.2594594594594595,0.2416988416988417,-0.0177606177606177,-0.0239833159541188,0.889166286077483,0.8837739584843831,7852,26023,0.1714212939378502,0.1228986245542537,-0.0485226693835965,-0.0585613280049185,0.8876041665702963,0.8863133256085639,0.8901088982640354,0.8881470148572472,-0.0019618834067881,0.8161145730840713,0.8602820596917022,0.8066110855084,0.7544513804516318,0.0025393671241807,0.118800217144588,-0.0015621195071867,0.0880381655216092,False,False,True,0.0345780120507996,False,False,False,False,False,False,0.0005406977106813394,0.08811215990023935,True,True,,
mimic_race_unmatched,MIMIC race (unmatched cohort),phase4,phase4__mimic_cxr_unmatched__convnext_tiny__seed42__pr0.75,convnext_tiny,42,0.75,pleural_effusion,BLACK_OR_AA,youden_j,0.8166343460461107,0.8222076967072474,0.229736328125,WHITE,1295,6993,0.2594594594594595,0.3861003861003861,0.1266409266409266,0.1710114702815432,0.889166286077483,0.8710646287866365,7852,26023,0.1714212939378502,0.1385634233316352,-0.0328578706062149,-0.0396557024285274,0.8876041665702963,0.8859041650031386,0.8901088982640354,0.8843713062035712,-0.0057375920604642,0.8161145730840713,0.8263911665026785,0.8066110855084,0.7840713896686078,0.0148395362165021,0.2475369627687508,-0.0015621195071867,0.0880381655216092,False,True,True,0.2106671727100707,False,True,True,False,False,False,0.0005406977106813394,0.08811215990023935,True,True,,
mimic_race_unmatched,MIMIC race (unmatched cohort),phase4,phase4__mimic_cxr_unmatched__convnext_tiny__seed42__pr1.0,convnext_tiny,42,1.0,pleural_effusion,BLACK_OR_AA,youden_j,0.8166343460461107,0.8222076967072474,0.229736328125,WHITE,1295,6993,0.2594594594594595,0.3691119691119691,0.1096525096525096,0.1480709071949947,0.889166286077483,0.8523691168478813,7852,26023,0.1714212939378502,0.1216250636780438,-0.0497962302598064,-0.0600983707347064,0.8876041665702963,0.8850309617360383,0.8901088982640354,0.8804335696946246,-0.0096753285694107,0.8161145730840713,0.8433366130971903,0.8066110855084,0.7594788219028866,0.032661844888157,0.2474869054339252,-0.0015621195071867,0.0880381655216092,False,True,True,0.2081692779297011,False,True,False,False,False,False,0.0005406977106813394,0.08811215990023935,True,True,,
mimic_race_unmatched,MIMIC race (unmatched cohort),phase4,phase4__mimic_cxr_unmatched__convnext_tiny__seed123__pr0.0,convnext_tiny,123,0.0,pleural_effusion,BLACK_OR_AA,youden_j,0.8431372549019608,0.8002287768608547,0.25439453125,WHITE,1295,6993,0.2208494208494208,0.2208494208494208,0.0,0.0,0.8894831350429807,0.8894831350429807,7852,26023,0.1537187977585328,0.1537187977585328,0.0,0.0,0.8877091892600193,0.8877091892600193,0.8901173785561595,0.8901173785561595,0.0,0.8367770853831857,0.8367770853831857,0.7872554359210692,0.7872554359210692,-0.0017739457829614,0.0671306230908879,-0.0017739457829614,0.0671306230908879,False,False,True,0.0,False,False,False,False,False,True,0.0005406977106813394,0.08811215990023935,False,False,False,False
mimic_race_unmatched,MIMIC race (unmatched cohort),phase4,phase4__mimic_cxr_unmatched__convnext_tiny__seed123__pr0.5,convnext_tiny,123,0.5,pleural_effusion,BLACK_OR_AA,youden_j,0.8431372549019608,0.8002287768608547,0.25439453125,WHITE,1295,6993,0.2208494208494208,0.322007722007722,0.1011583011583011,0.1298315163528245,0.8894831350429807,0.8854454790748227,7852,26023,0.1537187977585328,0.1788079470198675,0.0250891492613346,0.0296463506395786,0.8877091892600193,0.8841699922508401,0.8901173785561595,0.8868525096005815,-0.0032648689555779,0.8367770853831857,0.8009183338799607,0.7872554359210692,0.8136913988855838,-0.0012754868239825,0.1431997749878544,-0.0017739457829614,0.0671306230908879,False,True,True,0.1001851657132459,False,True,False,False,False,False,0.0005406977106813394,0.08811215990023935,False,True,,
mimic_race_unmatched,MIMIC race (unmatched cohort),phase4,phase4__mimic_cxr_unmatched__convnext_tiny__seed123__pr0.75,convnext_tiny,123,0.75,pleural_effusion,BLACK_OR_AA,youden_j,0.8431372549019608,0.8002287768608547,0.25439453125,WHITE,1295,6993,0.2208494208494208,0.2903474903474903,0.0694980694980695,0.0891972249752229,0.8894831350429807,0.8808610621351933,7852,26023,0.1537187977585328,0.1283749363219561,-0.0253438614365766,-0.0299473288186606,0.8877091892600193,0.883538608554107,0.8901173785561595,0.8849607975767186,-0.0051565809794408,0.8367770853831857,0.8486935607302941,0.7872554359210692,0.766768612007206,0.0026775464189137,0.1619725540255341,-0.0017739457829614,0.0671306230908879,False,True,True,0.1191445537938836,False,False,False,False,False,False,0.0005406977106813394,0.08811215990023935,True,True,,
mimic_race_unmatched,MIMIC race (unmatched cohort),phase4,phase4__mimic_cxr_unmatched__convnext_tiny__seed123__pr1.0,convnext_tiny,123,1.0,pleural_effusion,BLACK_OR_AA,youden_j,0.8431372549019608,0.8002287768608547,0.25439453125,WHITE,1295,6993,0.2208494208494208,0.3945945945945946,0.1737451737451737,0.2229930624380575,0.8894831350429807,0.8616529406104696,7852,26023,0.1537187977585328,0.1324503311258278,-0.021268466632705,-0.0251316779533483,0.8877091892600193,0.8836011897277556,0.8901173785561595,0.880263755451771,-0.0098536231043884,0.8367770853831857,0.8304362085929813,0.7872554359210692,0.7754409485106205,0.0219482491172859,0.2621442634687668,-0.0017739457829614,0.0671306230908879,True,True,True,0.2481247403914058,True,True,True,True,False,False,0.0005406977106813394,0.08811215990023935,True,True,,
mimic_race_unmatched,MIMIC race (unmatched cohort),phase2b,phase2b__mimic_cxr_unmatched__densenet121__seed7__pr0.0,densenet121,7,0.0,pleural_effusion,BLACK_OR_AA,youden_j,0.8282697694462401,0.8134651523817306,0.2447509765625,WHITE,1295,6993,0.2517374517374517,0.2517374517374517,0.0,0.0,0.8888491660692432,0.8888491660692432,7852,26023,0.1645440652063168,0.1645440652063168,0.0,0.0,0.8877733088553965,0.8877733088553965,0.8900580852147113,0.8900580852147113,0.0,0.8231114026456762,0.8231114026456762,0.8009133185303113,0.8009133185303113,-0.0010758572138467,0.0871933865311348,-0.0010758572138467,0.0871933865311348,False,False,True,0.0,False,False,False,False,False,True,0.0005406977106813394,0.08811215990023935,False,False,False,False
mimic_race_unmatched,MIMIC race (unmatched cohort),phase2b,phase2b__mimic_cxr_unmatched__densenet121__seed7__pr0.005,densenet121,7,0.005,pleural_effusion,BLACK_OR_AA,youden_j,0.8282697694462401,0.8134651523817306,0.2447509765625,WHITE,1295,6993,0.2517374517374517,0.2393822393822393,-0.0123552123552123,-0.0165118679050567,0.8888491660692432,0.8885336045567706,7852,26023,0.1645440652063168,0.1584309730005094,-0.0061130922058074,-0.0073170731707317,0.8877733088553965,0.8879356316218542,0.8900580852147113,0.890109986068183,5.190085347173135e-05,0.8231114026456762,0.830108232207281,0.8009133185303113,0.7950060748250869,-0.0005979729349163,0.0809512663817299,-0.0010758572138467,0.0871933865311348,False,False,True,-0.009194794734325,False,False,False,False,False,False,0.0005406977106813394,0.08811215990023935,False,False,,
mimic_race_unmatched,MIMIC race (unmatched cohort),phase2b,phase2b__mimic_cxr_unmatched__densenet121__seed7__pr0.01,densenet121,7,0.01,pleural_effusion,BLACK_OR_AA,youden_j,0.8282697694462401,0.8134651523817306,0.2447509765625,WHITE,1295,6993,0.2517374517374517,0.2555984555984556,0.0038610038610039,0.0051599587203303,0.8888491660692432,0.8898409114625331,7852,26023,0.1645440652063168,0.1718033622007131,0.0072592969943963,0.0086890243902438,0.8877733088553965,0.8890018419849266,0.8900580852147113,0.8912849290533906,0.0012268438386793,0.8231114026456762,0.8163332240078714,0.8009133185303113,0.8078260505257866,-0.0008390694776064,0.0837950933977424,-0.0010758572138467,0.0871933865311348,False,False,True,-0.0035290656699135,False,False,False,False,False,False,0.0005406977106813394,0.08811215990023935,False,False,,
mimic_race_unmatched,MIMIC race (unmatched cohort),phase2b,phase2b__mimic_cxr_unmatched__densenet121__seed7__pr0.02,densenet121,7,0.02,pleural_effusion,BLACK_OR_AA,youden_j,0.8282697694462401,0.8134651523817306,0.2447509765625,WHITE,1295,6993,0.2517374517374517,0.2594594594594595,0.0077220077220077,0.0103199174406605,0.8888491660692432,0.8868622872483878,7852,26023,0.1645440652063168,0.1656902699949057,0.0011462047885889,0.0013719512195122,0.8877733088553965,0.8869472815183924,0.8900580852147113,0.8891413777737098,-0.0009167074410014,0.8231114026456762,0.8210342188695747,0.8009133185303113,0.8027148183836775,8.499427000463466e-05,0.0937691894645537,-0.0010758572138467,0.0871933865311348,False,False,True,0.0089479662211483,False,False,False,False,False,False,0.0005406977106813394,0.08811215990023935,False,True,,
mimic_race_unmatched,MIMIC race (unmatched cohort),phase2b,phase2b__mimic_cxr_unmatched__densenet121__seed7__pr0.05,densenet121,7,0.05,pleural_effusion,BLACK_OR_AA,youden_j,0.8282697694462401,0.8134651523817306,0.2447509765625,WHITE,1295,6993,0.2517374517374517,0.2579150579150579,0.0061776061776062,0.0082559339525284,0.8888491660692432,0.888409263698839,7852,26023,0.1645440652063168,0.1641619969434539,-0.0003820682628629,-0.0004573170731707,0.8877733088553965,0.8882107042304537,0.8900580852147113,0.890359842085281,0.0003017568705696,0.8231114026456762,0.8225647753361758,0.8009133185303113,0.7968494700238804,-0.0001985594683853,0.093753060971604,-0.0010758572138467,0.0871933865311348,False,False,True,0.0087132510256991,False,False,False,False,False,False,0.0005406977106813394,0.08811215990023935,False,True,,
mimic_race_unmatched,MIMIC race (unmatched cohort),phase2b,phase2b__mimic_cxr_unmatched__densenet121__seed7__pr0.10,densenet121,7,0.1,pleural_effusion,BLACK_OR_AA,youden_j,0.8282697694462401,0.8134651523817306,0.2447509765625,WHITE,1295,6993,0.2517374517374517,0.2694980694980695,0.0177606177606177,0.0237358101135191,0.8888491660692432,0.884504960759787,7852,26023,0.1645440652063168,0.1744778400407539,0.009933774834437,0.011890243902439,0.8877733088553965,0.8852317625676018,0.8900580852147113,0.8874389184802915,-0.0026191667344197,0.8231114026456762,0.8120695309937684,0.8009133185303113,0.8036365159830743,0.0007268018078148,0.0950202294573155,-0.0010758572138467,0.0871933865311348,False,False,True,0.01184556621108,False,False,False,False,False,False,0.0005406977106813394,0.08811215990023935,True,True,,
mimic_race_unmatched,MIMIC race (unmatched cohort),revision/EXP-3/runs,rev3__mimic_unmatched__densenet121__seed7__pr0.25,densenet121,7,0.25,pleural_effusion,BLACK_OR_AA,youden_j,0.8282697694462401,0.8134651523817306,0.2447509765625,WHITE,1295,6993,0.2517374517374517,0.261003861003861,0.0092664092664093,0.0123839009287926,0.8888491660692432,0.8874925971451069,7852,26023,0.1645440652063168,0.1544829342842588,-0.010061130922058,-0.0120426829268292,0.8877733088553965,0.8872185693992766,0.8900580852147113,0.8896471563198789,-0.0004109288948324,0.8231114026456762,0.8304362085929813,0.8009133185303113,0.7952574468976497,-0.0002740277458302,0.1065209267196022,-0.0010758572138467,0.0871933865311348,False,False,True,0.0244265838556218,False,False,False,False,False,False,0.0005406977106813394,0.08811215990023935,False,True,,
mimic_race_unmatched,MIMIC race (unmatched cohort),revision/EXP-3/runs,rev3__mimic_unmatched__densenet121__seed7__pr0.5,densenet121,7,0.5,pleural_effusion,BLACK_OR_AA,youden_j,0.8282697694462401,0.8134651523817306,0.2447509765625,WHITE,1295,6993,0.2517374517374517,0.3150579150579151,0.0633204633204633,0.0846233230134159,0.8888491660692432,0.8869298446518523,7852,26023,0.1645440652063168,0.1674732552215996,0.0029291900152827,0.0035060975609755,0.8877733088553965,0.8866216792904157,0.8900580852147113,0.8889709245890516,-0.0010871606256597,0.8231114026456762,0.8116322291461682,0.8009133185303113,0.8107168293602581,-0.0003081653614366,0.1475846598363155,-0.0010758572138467,0.0871933865311348,False,True,True,0.0811172254524403,False,False,False,False,False,False,0.0005406977106813394,0.08811215990023935,False,True,,
mimic_race_unmatched,MIMIC race (unmatched cohort),revision/EXP-3/runs,rev3__mimic_unmatched__densenet121__seed7__pr0.6,densenet121,7,0.6,pleural_effusion,BLACK_OR_AA,youden_j,0.8282697694462401,0.8134651523817306,0.2447509765625,WHITE,1295,6993,0.2517374517374517,0.3335907335907336,0.0818532818532818,0.109391124871001,0.8888491660692432,0.8834325801507268,7852,26023,0.1645440652063168,0.1775343861436576,0.0129903209373407,0.0155487804878048,0.8877733088553965,0.8840138512063176,0.8900580852147113,0.886350699821966,-0.0037073853927452,0.8231114026456762,0.8003717065704603,0.8009133185303113,0.813775189576438,0.0005812710555908,0.1560563474470759,-0.0010758572138467,0.0871933865311348,False,True,True,0.0938423443831962,False,True,False,False,False,False,0.0005406977106813394,0.08811215990023935,True,True,,
mimic_race_unmatched,MIMIC race (unmatched cohort),revision/EXP-3/runs,rev3__mimic_unmatched__densenet121__seed7__pr0.65,densenet121,7,0.65,pleural_effusion,BLACK_OR_AA,youden_j,0.8282697694462401,0.8134651523817306,0.2447509765625,WHITE,1295,6993,0.2517374517374517,0.4409266409266409,0.1891891891891892,0.2528379772961817,0.8888491660692432,0.8782454996740711,7852,26023,0.1645440652063168,0.2179062659195109,0.053362200713194,0.0638719512195121,0.8877733088553965,0.8831195340646942,0.8900580852147113,0.8842913995460527,-0.0057666856686585,0.8231114026456762,0.7505192959440253,0.8009133185303113,0.8446520591562278,0.0048740343906231,0.2230203750071299,-0.0010758572138467,0.0871933865311348,True,True,True,0.1889660260766695,True,True,True,True,False,False,0.0005406977106813394,0.08811215990023935,True,True,,
mimic_race_unmatched,MIMIC race (unmatched cohort),phase2b,phase2b__mimic_cxr_unmatched__densenet121__seed7__pr0.75,densenet121,7,0.75,pleural_effusion,BLACK_OR_AA,youden_j,0.8282697694462401,0.8134651523817306,0.2447509765625,WHITE,1295,6993,0.2517374517374517,0.4301158301158301,0.1783783783783784,0.238390092879257,0.8888491660692432,0.876628119871363,7852,26023,0.1645440652063168,0.18428425878757,0.0197401935812531,0.0236280487804877,0.8877733088553965,0.8855649938254271,0.8900580852147113,0.8858007243658048,-0.0042573608489064,0.8231114026456762,0.7809117743522467,0.8009133185303113,0.8262181071682936,0.008936873954064,0.24583157132826,-0.0010758572138467,0.0871933865311348,True,True,True,0.2147620440987692,True,True,True,True,False,False,0.0005406977106813394,0.08811215990023935,True,True,,
mimic_race_unmatched,MIMIC race (unmatched cohort),revision/EXP-3/runs,rev3__mimic_unmatched__densenet121__seed7__pr0.85,densenet121,7,0.85,pleural_effusion,BLACK_OR_AA,youden_j,0.8282697694462401,0.8134651523817306,0.2447509765625,WHITE,1295,6993,0.2517374517374517,0.4416988416988417,0.18996138996139,0.2538699690402477,0.8888491660692432,0.8674116502301831,7852,26023,0.1645440652063168,0.1749872643912379,0.010443199184921,0.0124999999999999,0.8877733088553965,0.8843558784517033,0.8900580852147113,0.8829426391987281,-0.0071154460159832,0.8231114026456762,0.7872526511424511,0.8009133185303113,0.8175457706648791,0.0169442282215201,0.2667115773076038,-0.0010758572138467,0.0871933865311348,True,True,True,0.2413699690402477,True,True,True,True,False,False,0.0005406977106813394,0.08811215990023935,True,True,,
mimic_race_unmatched,MIMIC race (unmatched cohort),phase2b,phase2b__mimic_cxr_unmatched__densenet121__seed7__pr0.9,densenet121,7,0.9,pleural_effusion,BLACK_OR_AA,youden_j,0.8282697694462401,0.8134651523817306,0.2447509765625,WHITE,1295,6993,0.2517374517374517,0.4664092664092664,0.2146718146718146,0.2868937048503612,0.8888491660692432,0.8642739239264337,7852,26023,0.1645440652063168,0.1781711665817626,0.0136271013754457,0.016310975609756,0.8877733088553965,0.8857131308717071,0.8900580852147113,0.8829296977645413,-0.0071283874501699,0.8231114026456762,0.7810210998141467,0.8009133185303113,0.8224475260798525,0.0214392069452734,0.2882380998275038,-0.0010758572138467,0.0871933865311348,True,True,True,0.2705827292406051,True,True,True,True,False,False,0.0005406977106813394,0.08811215990023935,True,True,,
mimic_race_unmatched,MIMIC race (unmatched cohort),phase2b,phase2b__mimic_cxr_unmatched__densenet121__seed7__pr1.0,densenet121,7,1.0,pleural_effusion,BLACK_OR_AA,youden_j,0.8282697694462401,0.8134651523817306,0.2447509765625,WHITE,1295,6993,0.2517374517374517,0.4857142857142857,0.233976833976834,0.3126934984520124,0.8888491660692432,0.8370152231156092,7852,26023,0.1645440652063168,0.1981660723382577,0.0336220071319409,0.0402439024390243,0.8877733088553965,0.8825192026571144,0.8900580852147113,0.8768339043938691,-0.0132241808208422,0.8231114026456762,0.7611238657483328,0.8009133185303113,0.833172734509196,0.0455039795415052,0.2875482133760279,-0.0010758572138467,0.0871933865311348,True,True,True,0.272449596012988,True,True,True,True,True,False,0.0005406977106813394,0.08811215990023935,True,True,,
mimic_race_unmatched,MIMIC race (unmatched cohort),phase2b,phase2b__mimic_cxr_unmatched__densenet121__seed42__pr0.0,densenet121,42,0.0,pleural_effusion,BLACK_OR_AA,youden_j,0.845722904546434,0.7991665985783152,0.279296875,WHITE,1295,6993,0.2316602316602316,0.2316602316602316,0.0,0.0,0.8876603726024576,0.8876603726024576,7852,26023,0.1490066225165563,0.1490066225165563,0.0,0.0,0.8881451688665607,0.8881451688665607,0.8901726138156084,0.8901726138156084,0.0,0.8392915710068874,0.8392915710068874,0.7823536805060958,0.7823536805060958,0.0004847962641031,0.0826536091436753,0.0004847962641031,0.0826536091436753,False,False,True,0.0,False,False,False,False,False,True,0.0005406977106813394,0.08811215990023935,False,False,True,False
mimic_race_unmatched,MIMIC race (unmatched cohort),phase2b,phase2b__mimic_cxr_unmatched__densenet121__seed42__pr0.005,densenet121,42,0.005,pleural_effusion,BLACK_OR_AA,youden_j,0.845722904546434,0.7991665985783152,0.279296875,WHITE,1295,6993,0.2316602316602316,0.2525096525096525,0.0208494208494208,0.0271356783919597,0.8876603726024576,0.889289000678962,7852,26023,0.1490066225165563,0.1658176260825267,0.0168110035659704,0.0197545645016461,0.8881451688665607,0.8889895941855144,0.8901726138156084,0.8912048231559546,0.0010322093403462,0.8392915710068874,0.8219088225647754,0.7823536805060958,0.8035946206376472,-0.0002994064934476,0.0866920264271257,0.0004847962641031,0.0826536091436753,False,False,True,0.0073811138903136,False,False,False,False,False,False,0.0005406977106813394,0.08811215990023935,False,False,,
mimic_race_unmatched,MIMIC race (unmatched cohort),phase2b,phase2b__mimic_cxr_unmatched__densenet121__seed42__pr0.01,densenet121,42,0.01,pleural_effusion,BLACK_OR_AA,youden_j,0.845722904546434,0.7991665985783152,0.279296875,WHITE,1295,6993,0.2316602316602316,0.261003861003861,0.0293436293436293,0.0381909547738693,0.8876603726024576,0.8882247513521644,7852,26023,0.1490066225165563,0.1674732552215996,0.0184666327050432,0.0217000897934749,0.8881451688665607,0.8891367079535605,0.8901726138156084,0.891156982674596,0.0009843688589875,0.8392915710068874,0.8192850114791735,0.7823536805060958,0.8082868993254849,0.000911956601396,0.0935306057822614,0.0004847962641031,0.0826536091436753,False,False,True,0.0164908649803943,False,False,False,False,False,False,0.0005406977106813394,0.08811215990023935,True,True,,
mimic_race_unmatched,MIMIC race (unmatched cohort),phase2b,phase2b__mimic_cxr_unmatched__densenet121__seed42__pr0.02,densenet121,42,0.02,pleural_effusion,BLACK_OR_AA,youden_j,0.845722904546434,0.7991665985783152,0.279296875,WHITE,1295,6993,0.2316602316602316,0.2416988416988417,0.01003861003861,0.0130653266331658,0.8876603726024576,0.8895122721377547,7852,26023,0.1490066225165563,0.1616148751910341,0.0126082526744778,0.0148159233762346,0.8881451688665607,0.887541150853836,0.8901726138156084,0.8900021216990119,-0.0001704921165964,0.8392915710068874,0.8270471192740789,0.7823536805060958,0.7965143072604634,-0.0019711212839187,0.0800839665078075,0.0004847962641031,0.0826536091436753,False,False,True,-0.0017505967430688,False,False,False,False,False,False,0.0005406977106813394,0.08811215990023935,False,False,,
mimic_race_unmatched,MIMIC race (unmatched cohort),phase2b,phase2b__mimic_cxr_unmatched__densenet121__seed42__pr0.05,densenet121,42,0.05,pleural_effusion,BLACK_OR_AA,youden_j,0.845722904546434,0.7991665985783152,0.279296875,WHITE,1295,6993,0.2316602316602316,0.277992277992278,0.0463320463320463,0.0603015075376884,0.8876603726024576,0.8885728379936874,7852,26023,0.1490066225165563,0.1782985226693836,0.0292919001528272,0.0344208320862017,0.8881451688665607,0.8876661765304099,0.8901726138156084,0.8900959957617869,-7.661805382153108e-05,0.8392915710068874,0.8075871870558653,0.7823536805060958,0.8123507478319159,-0.0009066614632774,0.0996937553228944,0.0004847962641031,0.0826536091436753,False,False,True,0.0258806754514867,False,False,False,False,False,False,0.0005406977106813394,0.08811215990023935,False,True,,
mimic_race_unmatched,MIMIC race (unmatched cohort),phase2b,phase2b__mimic_cxr_unmatched__densenet121__seed42__pr0.10,densenet121,42,0.1,pleural_effusion,BLACK_OR_AA,youden_j,0.845722904546434,0.7991665985783152,0.279296875,WHITE,1295,6993,0.2316602316602316,0.2571428571428571,0.0254826254826254,0.0331658291457286,0.8876603726024576,0.8895664129254863,7852,26023,0.1490066225165563,0.1674732552215996,0.0184666327050432,0.0217000897934749,0.8881451688665607,0.8876395818094548,0.8901726138156084,0.8902553785353926,8.276471978418964e-05,0.8392915710068874,0.8198316387886739,0.7823536805060958,0.8041392601281998,-0.0019268311160315,0.0896696019212575,0.0004847962641031,0.0826536091436753,False,False,True,0.0114657393522536,False,False,False,False,False,False,0.0005406977106813394,0.08811215990023935,False,True,,
mimic_race_unmatched,MIMIC race (unmatched cohort),revision/EXP-3/runs,rev3__mimic_unmatched__densenet121__seed42__pr0.25,densenet121,42,0.25,pleural_effusion,BLACK_OR_AA,youden_j,0.845722904546434,0.7991665985783152,0.279296875,WHITE,1295,6993,0.2316602316602316,0.2795366795366795,0.0478764478764478,0.0623115577889447,0.8876603726024576,0.8891561897353403,7852,26023,0.1490066225165563,0.1619969434538971,0.0129903209373407,0.015264890751272,0.8881451688665607,0.8883030200473102,0.8901726138156084,0.8908219321267649,0.0006493183111564,0.8392915710068874,0.821362195255275,0.7823536805060958,0.8030918764925217,-0.00085316968803,0.1175397360827824,0.0004847962641031,0.0826536091436753,False,False,True,0.0470466670376726,False,False,False,False,False,False,0.0005406977106813394,0.08811215990023935,False,True,,
mimic_race_unmatched,MIMIC race (unmatched cohort),phase2b,phase2b__mimic_cxr_unmatched__densenet121__seed42__pr0.5,densenet121,42,0.5,pleural_effusion,BLACK_OR_AA,youden_j,0.845722904546434,0.7991665985783152,0.279296875,WHITE,1295,6993,0.2316602316602316,0.277992277992278,0.0463320463320463,0.0603015075376884,0.8876603726024576,0.8848568419996992,7852,26023,0.1490066225165563,0.1464595007641365,-0.0025471217524197,-0.0029931158335827,0.8881451688665607,0.8875240880397194,0.8901726138156084,0.8894077134511169,-0.0007649003644915,0.8392915710068874,0.8349185525308844,0.7823536805060958,0.7867107964305166,0.0026672460400202,0.1315327772281414,0.0004847962641031,0.0826536091436753,False,True,True,0.0632946233712712,False,False,False,False,False,False,0.0005406977106813394,0.08811215990023935,True,True,,
mimic_race_unmatched,MIMIC race (unmatched cohort),revision/EXP-3/runs,rev3__mimic_unmatched__densenet121__seed42__pr0.6,densenet121,42,0.6,pleural_effusion,BLACK_OR_AA,youden_j,0.845722904546434,0.7991665985783152,0.279296875,WHITE,1295,6993,0.2316602316602316,0.3104247104247104,0.0787644787644787,0.1025125628140703,0.8876603726024576,0.88028740017157,7852,26023,0.1490066225165563,0.151808456444218,0.0028018339276617,0.003292427416941,0.8881451688665607,0.8861812876725839,0.8901726138156084,0.8874107294671253,-0.0027618843484831,0.8392915710068874,0.825735213731278,0.7823536805060958,0.7897691566466966,0.0058938875010138,0.1586162539804924,0.0004847962641031,0.0826536091436753,False,True,True,0.0992201353971293,False,True,False,False,False,False,0.0005406977106813394,0.08811215990023935,True,True,,
mimic_race_unmatched,MIMIC race (unmatched cohort),revision/EXP-3/runs,rev3__mimic_unmatched__densenet121__seed42__pr0.65,densenet121,42,0.65,pleural_effusion,BLACK_OR_AA,youden_j,0.845722904546434,0.7991665985783152,0.279296875,WHITE,1295,6993,0.2316602316602316,0.3505791505791505,0.1189189189189189,0.1547738693467336,0.8876603726024576,0.8814024700125086,7852,26023,0.1490066225165563,0.1608507386653082,0.0118441161487518,0.0139179886261598,0.8881451688665607,0.8854845648570986,0.8901726138156084,0.8868822055087564,-0.003290408306852,0.8392915710068874,0.8122881819175686,0.7823536805060958,0.8000335162763417,0.0040820948445899,0.1897284119138423,0.0004847962641031,0.0826536091436753,False,True,True,0.1408558807205738,False,True,True,False,False,False,0.0005406977106813394,0.08811215990023935,True,True,,
mimic_race_unmatched,MIMIC race (unmatched cohort),phase2b,phase2b__mimic_cxr_unmatched__densenet121__seed42__pr0.75,densenet121,42,0.75,pleural_effusion,BLACK_OR_AA,youden_j,0.845722904546434,0.7991665985783152,0.279296875,WHITE,1295,6993,0.2316602316602316,0.4,0.1683397683397683,0.2190954773869347,0.8876603726024576,0.8727898158400089,7852,26023,0.1490066225165563,0.1650534895568008,0.0160468670402445,0.0188566297515713,0.8881451688665607,0.8856811253918699,0.8901726138156084,0.8849155174428067,-0.0052570963728016,0.8392915710068874,0.8016836121132612,0.7823536805060958,0.8073652017260883,0.012891309551861,0.2349465104431992,0.0004847962641031,0.0826536091436753,True,True,True,0.2002388476353633,True,True,True,True,False,False,0.0005406977106813394,0.08811215990023935,True,True,,
mimic_race_unmatched,MIMIC race (unmatched cohort),revision/EXP-3/runs,rev3__mimic_unmatched__densenet121__seed42__pr0.85,densenet121,42,0.85,pleural_effusion,BLACK_OR_AA,youden_j,0.845722904546434,0.7991665985783152,0.279296875,WHITE,1295,6993,0.2316602316602316,0.4803088803088803,0.2486486486486486,0.3236180904522612,0.8876603726024576,0.8644678550083956,7852,26023,0.1490066225165563,0.1883596535914416,0.0393530310748853,0.0462436396288536,0.8881451688665607,0.8837586904707537,0.8901726138156084,0.8818100793532286,-0.0083625344623797,0.8392915710068874,0.7703072045479392,0.7823536805060958,0.8250450374963342,0.0192908354623581,0.2919492267174386,0.0004847962641031,0.0826536091436753,True,True,True,0.2773744508234076,True,True,True,True,True,False,0.0005406977106813394,0.08811215990023935,True,True,,
mimic_race_unmatched,MIMIC race (unmatched cohort),phase2b,phase2b__mimic_cxr_unmatched__densenet121__seed42__pr0.9,densenet121,42,0.9,pleural_effusion,BLACK_OR_AA,youden_j,0.845722904546434,0.7991665985783152,0.279296875,WHITE,1295,6993,0.2316602316602316,0.5173745173745173,0.2857142857142857,0.371859296482412,0.8876603726024576,0.8548849355799163,7852,26023,0.1490066225165563,0.1803362200713194,0.0313295975547631,0.0368153247530679,0.8881451688665607,0.8835843932463301,0.8901726138156084,0.8792403974020159,-0.0109322164135925,0.8392915710068874,0.7719470864764404,0.7823536805060958,0.8201013867359337,0.0286994576664137,0.3370382973031979,0.0004847962641031,0.0826536091436753,True,True,True,0.3350439717293441,True,True,True,True,True,False,0.0005406977106813394,0.08811215990023935,True,True,,
mimic_race_unmatched,MIMIC race (unmatched cohort),phase2b,phase2b__mimic_cxr_unmatched__densenet121__seed42__pr1.0,densenet121,42,1.0,pleural_effusion,BLACK_OR_AA,youden_j,0.845722904546434,0.7991665985783152,0.279296875,WHITE,1295,6993,0.2316602316602316,0.5451737451737452,0.3135135135135135,0.4080402010050251,0.8876603726024576,0.8465656174150382,7852,26023,0.1490066225165563,0.2191798267957208,0.0701732042791645,0.082460341215205,0.8881451688665607,0.8826038088434396,0.8901726138156084,0.8767240178540402,-0.0134485959615682,0.8392915710068874,0.7346671039685143,0.7823536805060958,0.8451129079559261,0.0360381914284013,0.3259939183780243,0.0004847962641031,0.0826536091436753,True,True,True,0.3255798597898201,True,True,True,True,True,False,0.0005406977106813394,0.08811215990023935,True,True,,
mimic_race_unmatched,MIMIC race (unmatched cohort),phase2b,phase2b__mimic_cxr_unmatched__densenet121__seed123__pr0.0,densenet121,123,0.0,pleural_effusion,BLACK_OR_AA,youden_j,0.8291316526610645,0.8172236293814854,0.288330078125,WHITE,1295,6993,0.2409266409266409,0.2409266409266409,0.0,0.0,0.8909957568258726,0.8909957568258726,7852,26023,0.1687468160978094,0.1687468160978094,0.0,0.0,0.8880016891379968,0.8880016891379968,0.8907735443081614,0.8907735443081614,0.0,0.8210342188695747,0.8210342188695747,0.8061502367087017,0.8061502367087017,-0.0029940676878758,0.0721798248288314,-0.0029940676878758,0.0721798248288314,False,False,True,0.0,False,False,False,False,False,True,0.0005406977106813394,0.08811215990023935,False,False,False,False
mimic_race_unmatched,MIMIC race (unmatched cohort),phase2b,phase2b__mimic_cxr_unmatched__densenet121__seed123__pr0.005,densenet121,123,0.005,pleural_effusion,BLACK_OR_AA,youden_j,0.8291316526610645,0.8172236293814854,0.288330078125,WHITE,1295,6993,0.2409266409266409,0.2555984555984556,0.0146718146718146,0.0193285859613428,0.8909957568258726,0.8930450432380934,7852,26023,0.1687468160978094,0.1791900152827305,0.010443199184921,0.0125631990194576,0.8880016891379968,0.8885864400831485,0.8907735443081614,0.8915306124827894,0.000757068174628,0.8210342188695747,0.809992347217667,0.8061502367087017,0.8143617244124178,-0.0044586031549449,0.0764084403157251,-0.0029940676878758,0.0721798248288314,False,False,True,0.0067653869418852,False,False,False,False,False,False,0.0005406977106813394,0.08811215990023935,False,False,,
mimic_race_unmatched,MIMIC race (unmatched cohort),phase2b,phase2b__mimic_cxr_unmatched__densenet121__seed123__pr0.01,densenet121,123,0.01,pleural_effusion,BLACK_OR_AA,youden_j,0.8291316526610645,0.8172236293814854,0.288330078125,WHITE,1295,6993,0.2409266409266409,0.2579150579150579,0.0169884169884169,0.022380467955239,0.8909957568258726,0.8906860904930404,7852,26023,0.1687468160978094,0.1743504839531329,0.0056036678553234,0.006741228742148,0.8880016891379968,0.8868120090419668,0.8907735443081614,0.8896555862294951,-0.0011179580786662,0.8210342188695747,0.8138187383841696,0.8061502367087017,0.8079098412166408,-0.0038740814510735,0.0835645739619249,-0.0029940676878758,0.0721798248288314,False,False,True,0.015639239213091,False,False,False,False,False,False,0.0005406977106813394,0.08811215990023935,False,False,,
mimic_race_unmatched,MIMIC race (unmatched cohort),phase2b,phase2b__mimic_cxr_unmatched__densenet121__seed123__pr0.02,densenet121,123,0.02,pleural_effusion,BLACK_OR_AA,youden_j,0.8291316526610645,0.8172236293814854,0.288330078125,WHITE,1295,6993,0.2409266409266409,0.2478764478764479,0.0069498069498069,0.0091556459816887,0.8909957568258726,0.8919406795854672,7852,26023,0.1687468160978094,0.1668364747834946,-0.0019103413143148,-0.0022981461620959,0.8880016891379968,0.8901923911665801,0.8907735443081614,0.8926247098637403,0.0018511655555789,0.8210342188695747,0.8216901716409751,0.8061502367087017,0.8049352716913151,-0.001748288418887,0.0810399730929532,-0.0029940676878758,0.0721798248288314,False,False,True,0.0114537921437846,False,False,False,False,False,False,0.0005406977106813394,0.08811215990023935,False,False,,
mimic_race_unmatched,MIMIC race (unmatched cohort),phase2b,phase2b__mimic_cxr_unmatched__densenet121__seed123__pr0.05,densenet121,123,0.05,pleural_effusion,BLACK_OR_AA,youden_j,0.8291316526610645,0.8172236293814854,0.288330078125,WHITE,1295,6993,0.2409266409266409,0.2617760617760618,0.0208494208494208,0.0274669379450661,0.8909957568258726,0.8918816600283781,7852,26023,0.1687468160978094,0.1770249617931737,0.0082781456953642,0.0099586333690822,0.8880016891379968,0.8871909303738221,0.8907735443081614,0.8902978784709146,-0.0004756658372467,0.8210342188695747,0.8109762763747677,0.8061502367087017,0.8112614688508106,-0.0046907296545559,0.084751099982888,-0.0029940676878758,0.0721798248288314,False,False,True,0.0175083045759838,False,False,False,False,False,False,0.0005406977106813394,0.08811215990023935,False,False,,
mimic_race_unmatched,MIMIC race (unmatched cohort),phase2b,phase2b__mimic_cxr_unmatched__densenet121__seed123__pr0.10,densenet121,123,0.1,pleural_effusion,BLACK_OR_AA,youden_j,0.8291316526610645,0.8172236293814854,0.288330078125,WHITE,1295,6993,0.2409266409266409,0.2571428571428571,0.0162162162162161,0.0213631739572736,0.8909957568258726,0.8906911047837689,7852,26023,0.1687468160978094,0.1767702496179317,0.0080234335201222,0.0096522138808028,0.8880016891379968,0.8877969669079948,0.8907735443081614,0.8905897580798234,-0.0001837862283379,0.8210342188695747,0.8118508800699683,0.8061502367087017,0.8107168293602581,-0.002894137875774,0.0803726075249254,-0.0029940676878758,0.0721798248288314,False,False,True,0.0117109600764708,False,False,False,False,False,False,0.0005406977106813394,0.08811215990023935,False,False,,
mimic_race_unmatched,MIMIC race (unmatched cohort),revision/EXP-3/runs,rev3__mimic_unmatched__densenet121__seed123__pr0.25,densenet121,123,0.25,pleural_effusion,BLACK_OR_AA,youden_j,0.8291316526610645,0.8172236293814854,0.288330078125,WHITE,1295,6993,0.2409266409266409,0.2648648648648649,0.0239382239382239,0.0315361139369277,0.8909957568258726,0.8897434715967534,7852,26023,0.1687468160978094,0.1561385634233316,-0.0126082526744778,-0.015167764669833,0.8880016891379968,0.887582001382519,0.8907735443081614,0.8903445235127675,-0.0004290207953938,0.8210342188695747,0.82846835027878,0.8061502367087017,0.7956764003519209,-0.0021614702142344,0.1087263014415332,-0.0029940676878758,0.0721798248288314,False,False,True,0.0467038786067608,False,False,False,False,False,False,0.0005406977106813394,0.08811215990023935,False,True,,
mimic_race_unmatched,MIMIC race (unmatched cohort),revision/EXP-3/runs,rev3__mimic_unmatched__densenet121__seed123__pr0.5,densenet121,123,0.5,pleural_effusion,BLACK_OR_AA,youden_j,0.8291316526610645,0.8172236293814854,0.288330078125,WHITE,1295,6993,0.2409266409266409,0.4393822393822393,0.1984555984555984,0.2614445574771109,0.8909957568258726,0.8833791169698506,7852,26023,0.1687468160978094,0.2370096790626591,0.0682628629648497,0.0821204228588938,0.8880016891379968,0.8854252217282732,0.8907735443081614,0.8873478841588707,-0.0034256601492906,0.8210342188695747,0.734339127582814,0.8061502367087017,0.8592316393648666,0.0020461047584225,0.2023725603195801,-0.0029940676878758,0.0721798248288314,True,True,True,0.179324134618217,True,True,True,True,False,False,0.0005406977106813394,0.08811215990023935,True,True,,
mimic_race_unmatched,MIMIC race (unmatched cohort),revision/EXP-3/runs,rev3__mimic_unmatched__densenet121__seed123__pr0.6,densenet121,123,0.6,pleural_effusion,BLACK_OR_AA,youden_j,0.8291316526610645,0.8172236293814854,0.288330078125,WHITE,1295,6993,0.2409266409266409,0.4007722007722007,0.1598455598455598,0.2105798575788403,0.8909957568258726,0.8826147086764847,7852,26023,0.1687468160978094,0.1812277126846663,0.0124808965868568,0.0150145549256932,0.8880016891379968,0.8860681593576706,0.8907735443081614,0.8873081987734489,-0.0034653455347124,0.8210342188695747,0.7876899529900514,0.8061502367087017,0.8218609912438728,0.0034534506811858,0.2195444880875344,-0.0029940676878758,0.0721798248288314,True,True,True,0.195565302653147,True,True,True,True,False,False,0.0005406977106813394,0.08811215990023935,True,True,,
mimic_race_unmatched,MIMIC race (unmatched cohort),revision/EXP-3/runs,rev3__mimic_unmatched__densenet121__seed123__pr0.65,densenet121,123,0.65,pleural_effusion,BLACK_OR_AA,youden_j,0.8291316526610645,0.8172236293814854,0.288330078125,WHITE,1295,6993,0.2409266409266409,0.3976833976833976,0.1567567567567567,0.2065106815869786,0.8909957568258726,0.8816922147037979,7852,26023,0.1687468160978094,0.2154865002547121,0.0467396841569026,0.0562279760992799,0.8880016891379968,0.8860621248195911,0.8907735443081614,0.8876738246332292,-0.0030997196749321,0.8210342188695747,0.7587187055865311,0.8061502367087017,0.8452804893376346,0.0043699101157932,0.1821968974286855,-0.0029940676878758,0.0721798248288314,True,True,True,0.1502827054876987,True,True,True,True,False,False,0.0005406977106813394,0.08811215990023935,True,True,,
mimic_race_unmatched,MIMIC race (unmatched cohort),phase2b,phase2b__mimic_cxr_unmatched__densenet121__seed123__pr0.75,densenet121,123,0.75,pleural_effusion,BLACK_OR_AA,youden_j,0.8291316526610645,0.8172236293814854,0.288330078125,WHITE,1295,6993,0.2409266409266409,0.3969111969111969,0.155984555984556,0.2054933875890132,0.8909957568258726,0.873060045453868,7852,26023,0.1687468160978094,0.1542282221090168,-0.0145185939887926,-0.0174659108319289,0.8880016891379968,0.8853642665857914,0.8907735443081614,0.8846983092908234,-0.0060752350173379,0.8210342188695747,0.811413578222368,0.8061502367087017,0.7996145628220704,0.0123042211319234,0.2426829748021801,-0.0029940676878758,0.0721798248288314,True,True,True,0.2229592984209421,True,True,True,True,False,False,0.0005406977106813394,0.08811215990023935,True,True,,
mimic_race_unmatched,MIMIC race (unmatched cohort),revision/EXP-3/runs,rev3__mimic_unmatched__densenet121__seed123__pr0.85,densenet121,123,0.85,pleural_effusion,BLACK_OR_AA,youden_j,0.8291316526610645,0.8172236293814854,0.288330078125,WHITE,1295,6993,0.2409266409266409,0.518918918918919,0.277992277992278,0.3662258392675483,0.8909957568258726,0.8708360042336876,7852,26023,0.1687468160978094,0.2258023433520122,0.0570555272542027,0.0686379653745978,0.8880016891379968,0.8851548099417677,0.8907735443081614,0.8838700277314027,-0.0069035165767586,0.8210342188695747,0.7326992456543129,0.8061502367087017,0.8541623025681847,0.01431880570808,0.2931165755669067,-0.0029940676878758,0.0721798248288314,True,True,True,0.2975878738929505,True,True,True,True,True,False,0.0005406977106813394,0.08811215990023935,True,True,,
mimic_race_unmatched,MIMIC race (unmatched cohort),phase2b,phase2b__mimic_cxr_unmatched__densenet121__seed123__pr0.9,densenet121,123,0.9,pleural_effusion,BLACK_OR_AA,youden_j,0.8291316526610645,0.8172236293814854,0.288330078125,WHITE,1295,6993,0.2409266409266409,0.5436293436293437,0.3027027027027027,0.3987792472024415,0.8909957568258726,0.8711271718993727,7852,26023,0.1687468160978094,0.2422312786551197,0.0734844625573102,0.0884020223686226,0.8880016891379968,0.8857557546154124,0.8907735443081614,0.8847580285934747,-0.0060155157146866,0.8210342188695747,0.7150978462884006,0.8061502367087017,0.865180778415518,0.0146285827160397,0.3013980649742239,-0.0029940676878758,0.0721798248288314,True,True,True,0.3103772248338189,True,True,True,True,True,False,0.0005406977106813394,0.08811215990023935,True,True,,
mimic_race_unmatched,MIMIC race (unmatched cohort),phase2b,phase2b__mimic_cxr_unmatched__densenet121__seed123__pr1.0,densenet121,123,1.0,pleural_effusion,BLACK_OR_AA,youden_j,0.8291316526610645,0.8172236293814854,0.288330078125,WHITE,1295,6993,0.2409266409266409,0.5158301158301158,0.2749034749034749,0.3621566632756867,0.8909957568258726,0.8322161403242483,7852,26023,0.1687468160978094,0.173331635252165,0.0045848191543555,0.0055155507890301,0.8880016891379968,0.884969063916005,0.8907735443081614,0.8760361248627494,-0.0147374194454119,0.8210342188695747,0.7781786378047447,0.8061502367087017,0.8196824332816625,0.0527529235917567,0.3424984805779508,-0.0029940676878758,0.0721798248288314,True,True,True,0.3566411124866565,True,True,True,True,True,False,0.0005406977106813394,0.08811215990023935,True,True,,
mimic_race_unmatched,MIMIC race (unmatched cohort),phase4,phase4__mimic_cxr_unmatched__efficientnet_b4__seed7__pr0.0,efficientnet_b4,7,0.0,pleural_effusion,BLACK_OR_AA,youden_j,0.8248222365869424,0.8057030803170193,0.235595703125,WHITE,1295,6993,0.2594594594594595,0.2594594594594595,0.0,0.0,0.8797790595087892,0.8797790595087892,7852,26023,0.1728222109016811,0.1728222109016811,0.0,0.0,0.8795884321675727,0.8795884321675727,0.8819169429425839,0.8819169429425839,0.0,0.8149119930031704,0.8149119930031704,0.7913611797729272,0.7913611797729272,-0.0001906273412165,0.0866372485577783,-0.0001906273412165,0.0866372485577783,False,False,True,0.0,False,False,False,False,False,True,0.0005406977106813394,0.08811215990023935,False,False,False,False
mimic_race_unmatched,MIMIC race (unmatched cohort),phase4,phase4__mimic_cxr_unmatched__efficientnet_b4__seed7__pr0.5,efficientnet_b4,7,0.5,pleural_effusion,BLACK_OR_AA,youden_j,0.8248222365869424,0.8057030803170193,0.235595703125,WHITE,1295,6993,0.2594594594594595,0.3397683397683397,0.0803088803088802,0.10844629822732,0.8797790595087892,0.8730431052824874,7852,26023,0.1728222109016811,0.1923076923076923,0.0194854814060112,0.0235565819861432,0.8795884321675727,0.8778021703479032,0.8819169429425839,0.8797165075213779,-0.002200435421206,0.8149119930031704,0.7868153492948508,0.7913611797729272,0.8098789224517157,0.0047590650654157,0.1474606474606474,-0.0001906273412165,0.0866372485577783,False,True,True,0.0848897162411768,False,True,False,False,False,False,0.0005406977106813394,0.08811215990023935,True,True,,
mimic_race_unmatched,MIMIC race (unmatched cohort),phase4,phase4__mimic_cxr_unmatched__efficientnet_b4__seed7__pr0.75,efficientnet_b4,7,0.75,pleural_effusion,BLACK_OR_AA,youden_j,0.8248222365869424,0.8057030803170193,0.235595703125,WHITE,1295,6993,0.2594594594594595,0.3984555984555984,0.138996138996139,0.1876955161626694,0.8797790595087892,0.8717164865813515,7852,26023,0.1728222109016811,0.1822465613856342,0.0094243504839531,0.0113933795227097,0.8795884321675727,0.8779027670088257,0.8819169429425839,0.8790412697000244,-0.0028756732425595,0.8149119930031704,0.787143325680551,0.7913611797729272,0.8113452595416649,0.0061862804274742,0.2162090370699642,-0.0001906273412165,0.0866372485577783,False,True,True,0.1763021366399596,False,True,True,False,False,False,0.0005406977106813394,0.08811215990023935,True,True,,
mimic_race_unmatched,MIMIC race (unmatched cohort),phase4,phase4__mimic_cxr_unmatched__efficientnet_b4__seed7__pr1.0,efficientnet_b4,7,1.0,pleural_effusion,BLACK_OR_AA,youden_j,0.8248222365869424,0.8057030803170193,0.235595703125,WHITE,1295,6993,0.2594594594594595,0.3768339768339768,0.1173745173745173,0.1584984358706986,0.8797790595087892,0.8593767914231234,7852,26023,0.1728222109016811,0.1481151299032093,-0.0247070809984717,-0.0298691301000769,0.8795884321675727,0.8749427735151931,0.8819169429425839,0.873703923152605,-0.0082130197899789,0.8149119930031704,0.8195036624029737,0.7913611797729272,0.7737232393481084,0.0155659820920697,0.2287188469307674,-0.0001906273412165,0.0866372485577783,False,True,True,0.1883675659707756,False,True,True,False,False,False,0.0005406977106813394,0.08811215990023935,True,True,,
mimic_race_unmatched,MIMIC race (unmatched cohort),phase4,phase4__mimic_cxr_unmatched__efficientnet_b4__seed42__pr0.0,efficientnet_b4,42,0.0,pleural_effusion,BLACK_OR_AA,youden_j,0.8213747037276449,0.8073372007516953,0.25244140625,WHITE,1295,6993,0.2579150579150579,0.2579150579150579,0.0,0.0,0.8824735631685439,0.8824735631685439,7852,26023,0.1693835965359144,0.1693835965359144,0.0,0.0,0.8817877935129934,0.8817877935129934,0.8841648043345154,0.8841648043345154,0.0,0.8180824313982726,0.8180824313982726,0.7921990866814697,0.7921990866814697,-0.0006857696555504,0.0885314613791435,-0.0006857696555504,0.0885314613791435,False,False,True,0.0,False,False,False,False,False,True,0.0005406977106813394,0.08811215990023935,False,True,False,True
mimic_race_unmatched,MIMIC race (unmatched cohort),phase4,phase4__mimic_cxr_unmatched__efficientnet_b4__seed42__pr0.5,efficientnet_b4,42,0.5,pleural_effusion,BLACK_OR_AA,youden_j,0.8213747037276449,0.8073372007516953,0.25244140625,WHITE,1295,6993,0.2579150579150579,0.3382239382239382,0.0803088803088802,0.1082206035379812,0.8824735631685439,0.8778590604845431,7852,26023,0.1693835965359144,0.173841059602649,0.0044574630667345,0.0053664520085863,0.8817877935129934,0.8801190965501702,0.8841648043345154,0.8821658645931718,-0.0019989397413435,0.8180824313982726,0.802886192194162,0.7921990866814697,0.8023377602748335,0.002260036065627,0.1643828786212892,-0.0006857696555504,0.0885314613791435,False,True,True,0.1028541515293949,False,True,False,False,False,False,0.0005406977106813394,0.08811215990023935,True,True,,
mimic_race_unmatched,MIMIC race (unmatched cohort),phase4,phase4__mimic_cxr_unmatched__efficientnet_b4__seed42__pr0.75,efficientnet_b4,42,0.75,pleural_effusion,BLACK_OR_AA,youden_j,0.8213747037276449,0.8073372007516953,0.25244140625,WHITE,1295,6993,0.2579150579150579,0.3945945945945946,0.1366795366795367,0.1841831425598335,0.8824735631685439,0.8673803447934721,7852,26023,0.1693835965359144,0.1774070300560366,0.0080234335201222,0.0096596136154553,0.8817877935129934,0.8778007896231625,0.8841648043345154,0.8780228308151309,-0.0061419735193845,0.8180824313982726,0.7918443205422543,0.7921990866814697,0.8076165737986509,0.0104204448296904,0.2171875645385579,-0.0006857696555504,0.0885314613791435,False,True,True,0.1745235289443781,False,True,True,False,False,False,0.0005406977106813394,0.08811215990023935,True,True,,
mimic_race_unmatched,MIMIC race (unmatched cohort),phase4,phase4__mimic_cxr_unmatched__efficientnet_b4__seed42__pr1.0,efficientnet_b4,42,1.0,pleural_effusion,BLACK_OR_AA,youden_j,0.8213747037276449,0.8073372007516953,0.25244140625,WHITE,1295,6993,0.2579150579150579,0.4911196911196911,0.2332046332046332,0.3142559833506764,0.8824735631685439,0.8474392559334644,7852,26023,0.1693835965359144,0.1865766683647478,0.0171930718288334,0.0206991720331186,0.8817877935129934,0.8744477731825575,0.8841648043345154,0.8708275766165308,-0.0133372277179846,0.8180824313982726,0.7703072045479392,0.7921990866814697,0.8138589802672923,0.0270085172490931,0.3045430227549432,-0.0006857696555504,0.0885314613791435,True,True,True,0.2935568113175577,True,True,True,True,True,False,0.0005406977106813394,0.08811215990023935,True,True,,
mimic_race_unmatched,MIMIC race (unmatched cohort),phase4,phase4__mimic_cxr_unmatched__efficientnet_b4__seed123__pr0.0,efficientnet_b4,123,0.0,pleural_effusion,BLACK_OR_AA,youden_j,0.8224520577461754,0.8036604297736744,0.2274169921875,WHITE,1295,6993,0.2494208494208494,0.2494208494208494,0.0,0.0,0.8846030104717364,0.8846030104717364,7852,26023,0.1668364747834946,0.1668364747834946,0.0,0.0,0.880029079604963,0.880029079604963,0.8831660329486122,0.8831660329486122,0.0,0.821471520717175,0.821471520717175,0.7891407264652897,0.7891407264652897,-0.0045739308667733,0.0825843746373547,-0.0045739308667733,0.0825843746373547,False,False,True,0.0,False,False,False,False,False,True,0.0005406977106813394,0.08811215990023935,False,False,False,False
mimic_race_unmatched,MIMIC race (unmatched cohort),phase4,phase4__mimic_cxr_unmatched__efficientnet_b4__seed123__pr0.75,efficientnet_b4,123,0.75,pleural_effusion,BLACK_OR_AA,youden_j,0.8224520577461754,0.8036604297736744,0.2274169921875,WHITE,1295,6993,0.2494208494208494,0.3528957528957529,0.1034749034749035,0.1378600823045268,0.8846030104717364,0.8781844472964164,7852,26023,0.1668364747834946,0.1831380539989811,0.0163015792154865,0.0195658819932742,0.880029079604963,0.8777826019038638,0.8831660329486122,0.8802564889200644,-0.0029095440285478,0.821471520717175,0.792828249699355,0.7891407264652897,0.8098789224517157,-0.0004018453925526,0.1697576988967717,-0.0045739308667733,0.0825843746373547,False,True,True,0.1182942003112525,False,True,False,False,False,False,0.0005406977106813394,0.08811215990023935,False,True,,
mimic_race_unmatched,MIMIC race (unmatched cohort),phase4,phase4__mimic_cxr_unmatched__efficientnet_b4__seed123__pr1.0,efficientnet_b4,123,1.0,pleural_effusion,BLACK_OR_AA,youden_j,0.8224520577461754,0.8036604297736744,0.2274169921875,WHITE,1295,6993,0.2494208494208494,0.4625482625482625,0.2131274131274131,0.2839506172839506,0.8846030104717364,0.8615439814281513,7852,26023,0.1668364747834946,0.1854304635761589,0.0185939887926643,0.0223173341485784,0.880029079604963,0.8747555906946497,0.8831660329486122,0.8741020457299764,-0.0090639872186357,0.821471520717175,0.7753361757953428,0.7891407264652897,0.8092923876157359,0.0132116092664984,0.2771177989721036,-0.0045739308667733,0.0825843746373547,True,True,True,0.2616332831353721,True,True,True,True,False,False,0.0005406977106813394,0.08811215990023935,True,True,,
mimic_race_unmatched,MIMIC race (unmatched cohort),phase4,phase4__mimic_cxr_unmatched__resnet50__seed7__pr0.0,resnet50,7,0.0,pleural_effusion,BLACK_OR_AA,youden_j,0.85477267830209,0.7780047389492606,0.189208984375,WHITE,1295,6993,0.2177606177606177,0.2177606177606177,0.0,0.0,0.8825836742825159,0.8825836742825159,7852,26023,0.1416199694345389,0.1416199694345389,0.0,0.0,0.8824746164620012,0.8824746164620012,0.884826246509162,0.884826246509162,0.0,0.8476003061112933,0.8476003061112933,0.7614479031379614,0.7614479031379614,-0.0001090578205147,0.0761406483260787,-0.0001090578205147,0.0761406483260787,False,False,True,0.0,False,False,False,False,False,True,0.0005406977106813394,0.08811215990023935,False,False,False,False
mimic_race_unmatched,MIMIC race (unmatched cohort),phase4,phase4__mimic_cxr_unmatched__resnet50__seed7__pr0.5,resnet50,7,0.5,pleural_effusion,BLACK_OR_AA,youden_j,0.85477267830209,0.7780047389492606,0.189208984375,WHITE,1295,6993,0.2177606177606177,0.2671814671814672,0.0494208494208494,0.0631786771964462,0.8825836742825159,0.8774989124409973,7852,26023,0.1416199694345389,0.1357615894039735,-0.0058583800305654,-0.0068249258160237,0.8824746164620012,0.8795467475970413,0.884826246509162,0.8816487934948927,-0.0031774530142693,0.8476003061112933,0.8456324477970919,0.7614479031379614,0.7625371821190666,0.002047835156044,0.1314198777774936,-0.0001090578205147,0.0761406483260787,False,True,True,0.0700036030124699,False,False,False,False,False,False,0.0005406977106813394,0.08811215990023935,True,True,,
mimic_race_unmatched,MIMIC race (unmatched cohort),phase4,phase4__mimic_cxr_unmatched__resnet50__seed7__pr0.75,resnet50,7,0.75,pleural_effusion,BLACK_OR_AA,youden_j,0.85477267830209,0.7780047389492606,0.189208984375,WHITE,1295,6993,0.2177606177606177,0.2972972972972973,0.0795366795366795,0.1016781836130306,0.8825836742825159,0.8702639685265168,7852,26023,0.1416199694345389,0.1250636780438105,-0.0165562913907284,-0.0192878338278931,0.8824746164620012,0.877950713901975,0.884826246509162,0.8787494313131675,-0.0060768151959944,0.8476003061112933,0.8505520935825954,0.7614479031379614,0.7468683229293226,0.0076867453754582,0.1722336192534868,-0.0001090578205147,0.0761406483260787,False,True,True,0.1209660174409238,False,True,False,False,False,False,0.0005406977106813394,0.08811215990023935,True,True,,
mimic_race_unmatched,MIMIC race (unmatched cohort),phase4,phase4__mimic_cxr_unmatched__resnet50__seed7__pr1.0,resnet50,7,1.0,pleural_effusion,BLACK_OR_AA,youden_j,0.85477267830209,0.7780047389492606,0.189208984375,WHITE,1295,6993,0.2177606177606177,0.4162162162162162,0.1984555984555985,0.2537018756169793,0.8825836742825159,0.8393285729193065,7852,26023,0.1416199694345389,0.1335965359144167,-0.0080234335201222,-0.009347181008902,0.8824746164620012,0.8760474724565039,0.884826246509162,0.87091565211067,-0.0139105943984919,0.8476003061112933,0.8263911665026785,0.7614479031379614,0.7678997863337383,0.0367188995371974,0.2826196803017995,-0.0001090578205147,0.0761406483260787,True,True,True,0.2630490566258814,True,True,True,True,False,False,0.0005406977106813394,0.08811215990023935,True,True,,
mimic_race_unmatched,MIMIC race (unmatched cohort),phase4,phase4__mimic_cxr_unmatched__resnet50__seed42__pr0.0,resnet50,42,0.0,pleural_effusion,BLACK_OR_AA,youden_j,0.8422753716871364,0.791404526513604,0.1798095703125,WHITE,1295,6993,0.2362934362934363,0.2362934362934363,0.0,0.0,0.8834749983398632,0.8834749983398632,7852,26023,0.1506622516556291,0.1506622516556291,0.0,0.0,0.8827546162253855,0.8827546162253855,0.8852224064588395,0.8852224064588395,0.0,0.837214387230786,0.837214387230786,0.7766978088734342,0.7766978088734342,-0.0007203821144776,0.0856311846378071,-0.0007203821144776,0.0856311846378071,False,False,True,0.0,False,False,False,False,False,True,0.0005406977106813394,0.08811215990023935,False,False,False,False
mimic_race_unmatched,MIMIC race (unmatched cohort),phase4,phase4__mimic_cxr_unmatched__resnet50__seed42__pr0.5,resnet50,42,0.5,pleural_effusion,BLACK_OR_AA,youden_j,0.8422753716871364,0.791404526513604,0.1798095703125,WHITE,1295,6993,0.2362934362934363,0.2764478764478764,0.0401544401544401,0.0525783619817997,0.8834749983398632,0.8796894798825301,7852,26023,0.1506622516556291,0.1386907794192562,-0.0119714722363729,-0.0140950667266456,0.8827546162253855,0.8820167625310162,0.8852224064588395,0.8839764653595549,-0.0012459410992846,0.837214387230786,0.8418060566305893,0.7766978088734342,0.770832460513637,0.0023272826484861,0.1377570970286202,-0.0007203821144776,0.0856311846378071,False,True,True,0.0666734287084454,False,False,False,False,False,False,0.0005406977106813394,0.08811215990023935,True,True,,
mimic_race_unmatched,MIMIC race (unmatched cohort),phase4,phase4__mimic_cxr_unmatched__resnet50__seed42__pr0.75,resnet50,42,0.75,pleural_effusion,BLACK_OR_AA,youden_j,0.8422753716871364,0.791404526513604,0.1798095703125,WHITE,1295,6993,0.2362934362934363,0.3250965250965251,0.0888030888030887,0.1162790697674418,0.8834749983398632,0.8745067360897476,7852,26023,0.1506622516556291,0.1428935303107488,-0.0077687213448802,-0.0091467986204828,0.8827546162253855,0.879838900541645,0.8852224064588395,0.8810022576722403,-0.0042201487865992,0.837214387230786,0.8313108122881819,0.7766978088734342,0.7728434370941388,0.0053321644518974,0.1822029947857762,-0.0007203821144776,0.0856311846378071,False,True,True,0.1254258683879246,False,True,False,False,False,False,0.0005406977106813394,0.08811215990023935,True,True,,
mimic_race_unmatched,MIMIC race (unmatched cohort),phase4,phase4__mimic_cxr_unmatched__resnet50__seed42__pr1.0,resnet50,42,1.0,pleural_effusion,BLACK_OR_AA,youden_j,0.8422753716871364,0.791404526513604,0.1798095703125,WHITE,1295,6993,0.2362934362934363,0.4015444015444015,0.1652509652509652,0.2163801820020222,0.8834749983398632,0.8427603805982185,7852,26023,0.1506622516556291,0.1246816097809475,-0.0259806418746816,-0.0305892937471884,0.8827546162253855,0.8773817151337495,0.8852224064588395,0.872517884565091,-0.0127045218937484,0.837214387230786,0.8361211326117853,0.7766978088734342,0.7551217059784658,0.034621334535531,0.2768627917634539,-0.0007203821144776,0.0856311846378071,True,True,True,0.2469694757492107,True,True,True,True,False,False,0.0005406977106813394,0.08811215990023935,True,True,,
mimic_race_unmatched,MIMIC race (unmatched cohort),phase4,phase4__mimic_cxr_unmatched__resnet50__seed123__pr0.0,resnet50,123,0.0,pleural_effusion,BLACK_OR_AA,youden_j,0.8468002585649644,0.7810278617534112,0.2069091796875,WHITE,1295,6993,0.2216216216216216,0.2216216216216216,0.0,0.0,0.8830844935092039,0.8830844935092039,7852,26023,0.1460774325012735,0.1460774325012735,0.0,0.0,0.8814379199663535,0.8814379199663535,0.8841118843803155,0.8841118843803155,0.0,0.8432272876352903,0.8432272876352903,0.7658469144078093,0.7658469144078093,-0.0016465735428504,0.075544189120348,-0.0016465735428504,0.075544189120348,False,False,True,0.0,False,False,False,False,False,True,0.0005406977106813394,0.08811215990023935,False,False,False,False
mimic_race_unmatched,MIMIC race (unmatched cohort),phase4,phase4__mimic_cxr_unmatched__resnet50__seed123__pr0.5,resnet50,123,0.5,pleural_effusion,BLACK_OR_AA,youden_j,0.8468002585649644,0.7810278617534112,0.2069091796875,WHITE,1295,6993,0.2216216216216216,0.2764478764478764,0.0548262548262548,0.0704365079365079,0.8830844935092039,0.8785941284010782,7852,26023,0.1460774325012735,0.1384360672440142,-0.0076413652572592,-0.0089485458612975,0.8814379199663535,0.88134328775596,0.8841118843803155,0.883222571282924,-0.0008893130973914,0.8432272876352903,0.8420247075543894,0.7658469144078093,0.7662239725166534,0.0027491593548818,0.1380118092038621,-0.0016465735428504,0.075544189120348,False,True,True,0.0793850537978054,False,False,False,False,False,False,0.0005406977106813394,0.08811215990023935,True,True,,
mimic_race_unmatched,MIMIC race (unmatched cohort),phase4,phase4__mimic_cxr_unmatched__resnet50__seed123__pr0.75,resnet50,123,0.75,pleural_effusion,BLACK_OR_AA,youden_j,0.8468002585649644,0.7810278617534112,0.2069091796875,WHITE,1295,6993,0.2216216216216216,0.3081081081081081,0.0864864864864864,0.1111111111111111,0.8830844935092039,0.871560840286709,7852,26023,0.1460774325012735,0.1202241467142129,-0.0258532857870606,-0.03027591349739,0.8814379199663535,0.8789316942995244,0.8841118843803155,0.8796345306008078,-0.0044773537795077,0.8432272876352903,0.8531759046681973,0.7658469144078093,0.7491725669278143,0.0073708540128154,0.1878839613938951,-0.0016465735428504,0.075544189120348,False,True,True,0.1413870246085011,False,True,False,False,False,False,0.0005406977106813394,0.08811215990023935,True,True,,
mimic_race_unmatched,MIMIC race (unmatched cohort),phase4,phase4__mimic_cxr_unmatched__resnet50__seed123__pr1.0,resnet50,123,1.0,pleural_effusion,BLACK_OR_AA,youden_j,0.8468002585649644,0.7810278617534112,0.2069091796875,WHITE,1295,6993,0.2216216216216216,0.4247104247104247,0.203088803088803,0.2609126984126984,0.8830844935092039,0.8442471855599268,7852,26023,0.1460774325012735,0.1524452368823229,0.0063678043810494,0.0074571215510812,0.8814379199663535,0.8770752292851128,0.8841118843803155,0.8725470720679592,-0.0115648123123562,0.8432272876352903,0.8090084180605663,0.7658469144078093,0.7853282500314215,0.0328280437251859,0.2722651878281017,-0.0016465735428504,0.075544189120348,True,True,True,0.253455576861617,True,True,True,True,False,False,0.0005406977106813394,0.08811215990023935,True,True,,
mimic_race_unmatched,MIMIC race (unmatched cohort),phase4,phase4__mimic_cxr_unmatched__swin_tiny_patch4_window7_224__seed7__pr0.0,swin_tiny_patch4_window7_224,7,0.0,pleural_effusion,BLACK_OR_AA,youden_j,0.834733893557423,0.8109322657079827,0.286376953125,WHITE,1295,6993,0.2393822393822393,0.2393822393822393,0.0,0.0,0.8909214911145411,0.8909214911145411,7852,26023,0.1548650025471217,0.1548650025471217,0.0,0.0,0.8908358894963798,0.8908358894963798,0.8929652887467558,0.8929652887467558,0.0,0.8331693451404832,0.8331693451404832,0.795341237588504,0.795341237588504,-8.560161816129064e-05,0.0845172368351176,-8.560161816129064e-05,0.0845172368351176,False,False,True,0.0,False,False,False,False,False,True,0.0005406977106813394,0.08811215990023935,False,False,False,False
mimic_race_unmatched,MIMIC race (unmatched cohort),phase4,phase4__mimic_cxr_unmatched__swin_tiny_patch4_window7_224__seed7__pr0.5,swin_tiny_patch4_window7_224,7,0.5,pleural_effusion,BLACK_OR_AA,youden_j,0.834733893557423,0.8109322657079827,0.286376953125,WHITE,1295,6993,0.2393822393822393,0.3590733590733591,0.1196911196911197,0.1573604060913705,0.8909214911145411,0.890168602137714,7852,26023,0.1548650025471217,0.1916709118695873,0.0368059093224656,0.043550331525015,0.8908358894963798,0.8899472459419518,0.8929652887467558,0.8922979060164057,-0.0006673827303501,0.8331693451404832,0.7846288400568492,0.795341237588504,0.8323767229460807,-0.0002213561957621,0.1674024472037717,-8.560161816129064e-05,0.0845172368351176,False,True,True,0.1138100745663555,False,True,True,False,False,False,0.0005406977106813394,0.08811215990023935,False,True,,
mimic_race_unmatched,MIMIC race (unmatched cohort),phase4,phase4__mimic_cxr_unmatched__swin_tiny_patch4_window7_224__seed7__pr0.75,swin_tiny_patch4_window7_224,7,0.75,pleural_effusion,BLACK_OR_AA,youden_j,0.834733893557423,0.8109322657079827,0.286376953125,WHITE,1295,6993,0.2393822393822393,0.5034749034749034,0.2640926640926641,0.3472081218274111,0.8909214911145411,0.8835053551269767,7852,26023,0.1548650025471217,0.2352266938359653,0.0803616912888436,0.0950874020494273,0.8908358894963798,0.8878887605726018,0.8929652887467558,0.8890091282707184,-0.0039561604760374,0.8331693451404832,0.7267956707117088,0.795341237588504,0.8631698018350161,0.004383405445625,0.268248209638938,-8.560161816129064e-05,0.0845172368351176,True,True,True,0.2521207197779838,True,True,True,True,True,False,0.0005406977106813394,0.08811215990023935,True,True,,
mimic_race_unmatched,MIMIC race (unmatched cohort),phase4,phase4__mimic_cxr_unmatched__swin_tiny_patch4_window7_224__seed7__pr1.0,swin_tiny_patch4_window7_224,7,1.0,pleural_effusion,BLACK_OR_AA,youden_j,0.834733893557423,0.8109322657079827,0.286376953125,WHITE,1295,6993,0.2393822393822393,0.4316602316602316,0.1922779922779922,0.2527918781725888,0.8909214911145411,0.8682125815330448,7852,26023,0.1548650025471217,0.173713703515028,0.0188487009679062,0.022302591922845,0.8908358894963798,0.8856613221545373,0.8929652887467558,0.8844426432545198,-0.008522645492236,0.8331693451404832,0.7897671367661528,0.795341237588504,0.8167078637563366,0.0174487406214924,0.2579465281452036,-8.560161816129064e-05,0.0845172368351176,True,True,True,0.2304892862497437,True,True,True,True,False,False,0.0005406977106813394,0.08811215990023935,True,True,,
mimic_race_unmatched,MIMIC race (unmatched cohort),phase4,phase4__mimic_cxr_unmatched__swin_tiny_patch4_window7_224__seed42__pr0.0,swin_tiny_patch4_window7_224,42,0.0,pleural_effusion,BLACK_OR_AA,youden_j,0.8315018315018315,0.8110139717297165,0.2327880859375,WHITE,1295,6993,0.2393822393822393,0.2393822393822393,0.0,0.0,0.8917275044688173,0.8917275044688173,7852,26023,0.1604686704024452,0.1604686704024452,0.0,0.0,0.8901881403566554,0.8901881403566554,0.8925717807490846,0.8925717807490846,0.0,0.8283590248168798,0.8283590248168798,0.7970170514055889,0.7970170514055889,-0.0015393641121619,0.0789135689797941,-0.0015393641121619,0.0789135689797941,False,False,True,0.0,False,False,False,False,False,True,0.0005406977106813394,0.08811215990023935,False,False,False,False
mimic_race_unmatched,MIMIC race (unmatched cohort),phase4,phase4__mimic_cxr_unmatched__swin_tiny_patch4_window7_224__seed42__pr0.5,swin_tiny_patch4_window7_224,42,0.5,pleural_effusion,BLACK_OR_AA,youden_j,0.8315018315018315,0.8110139717297165,0.2327880859375,WHITE,1295,6993,0.2393822393822393,0.3598455598455598,0.1204633204633204,0.1583756345177664,0.8917275044688173,0.8895756961394027,7852,26023,0.1604686704024452,0.2028782475802343,0.0424095771777891,0.0505157766990291,0.8901881403566554,0.8886889746648363,0.8925717807490846,0.8911814067403542,-0.0013903740087304,0.8283590248168798,0.7748988739477425,0.7970170514055889,0.8345971762537182,-0.0008867214745663,0.1569673122653254,-0.0015393641121619,0.0789135689797941,False,True,True,0.1078598578187373,False,True,True,False,False,False,0.0005406977106813394,0.08811215990023935,False,True,,
mimic_race_unmatched,MIMIC race (unmatched cohort),phase4,phase4__mimic_cxr_unmatched__swin_tiny_patch4_window7_224__seed42__pr0.75,swin_tiny_patch4_window7_224,42,0.75,pleural_effusion,BLACK_OR_AA,youden_j,0.8315018315018315,0.8110139717297165,0.2327880859375,WHITE,1295,6993,0.2393822393822393,0.4471042471042471,0.2077220077220077,0.2730964467005076,0.8917275044688173,0.8782273398103514,7852,26023,0.1604686704024452,0.1897605705552725,0.0292919001528273,0.0348907766990291,0.8901881403566554,0.8870172534242184,0.8925717807490846,0.8871689277809482,-0.0054028529681363,0.8283590248168798,0.7738056193287417,0.7970170514055889,0.8274330721856802,0.008789913613867,0.2573436765489746,-0.0015393641121619,0.0789135689797941,True,True,True,0.2382056700014785,True,True,True,True,False,False,0.0005406977106813394,0.08811215990023935,True,True,,
mimic_race_unmatched,MIMIC race (unmatched cohort),phase4,phase4__mimic_cxr_unmatched__swin_tiny_patch4_window7_224__seed42__pr1.0,swin_tiny_patch4_window7_224,42,1.0,pleural_effusion,BLACK_OR_AA,youden_j,0.8315018315018315,0.8110139717297165,0.2327880859375,WHITE,1295,6993,0.2393822393822393,0.4934362934362934,0.254054054054054,0.3340101522842639,0.8917275044688173,0.8652489324303996,7852,26023,0.1604686704024452,0.1905247070809984,0.0300560366785532,0.0358009708737864,0.8901881403566554,0.8871670585541954,0.8925717807490846,0.8844908020617237,-0.0080809786873609,0.8283590248168798,0.7665901388433366,0.7970170514055889,0.8366500481796473,0.0219181261237958,0.3029115863552949,-0.0015393641121619,0.0789135689797941,True,True,True,0.2982091814104775,True,True,True,True,True,False,0.0005406977106813394,0.08811215990023935,True,True,,
mimic_race_unmatched,MIMIC race (unmatched cohort),phase4,phase4__mimic_cxr_unmatched__swin_tiny_patch4_window7_224__seed123__pr0.0,swin_tiny_patch4_window7_224,123,0.0,pleural_effusion,BLACK_OR_AA,youden_j,0.8586511527687998,0.7854399869270365,0.17724609375,WHITE,1295,6993,0.2038610038610038,0.2038610038610038,0.0,0.0,0.8915074177622441,0.8915074177622441,7852,26023,0.1338512480896586,0.1338512480896586,0.0,0.0,0.8901226225146499,0.8901226225146499,0.8924887435057349,0.8924887435057349,0.0,0.8562370176013994,0.8562370176013994,0.7709581465499183,0.7709581465499183,-0.0013847952475941,0.0700097557713451,-0.0013847952475941,0.0700097557713451,False,False,True,0.0,False,False,False,False,False,True,0.0005406977106813394,0.08811215990023935,False,False,False,False
mimic_race_unmatched,MIMIC race (unmatched cohort),phase4,phase4__mimic_cxr_unmatched__swin_tiny_patch4_window7_224__seed123__pr0.5,swin_tiny_patch4_window7_224,123,0.5,pleural_effusion,BLACK_OR_AA,youden_j,0.8586511527687998,0.7854399869270365,0.17724609375,WHITE,1295,6993,0.2038610038610038,0.2787644787644787,0.0749034749034748,0.0940834141610086,0.8915074177622441,0.8898387431205964,7852,26023,0.1338512480896586,0.1339786041772796,0.0001273560876209,0.0001470372004117,0.8901226225146499,0.8888281019565276,0.8924887435057349,0.8912324396406219,-0.0012563038651129,0.8562370176013994,0.8455231223351919,0.7709581465499183,0.7812225061795635,-0.0010106411640687,0.144785874587199,-0.0013847952475941,0.0700097557713451,False,True,True,0.0939363769605969,False,False,False,False,False,False,0.0005406977106813394,0.08811215990023935,False,True,,
mimic_race_unmatched,MIMIC race (unmatched cohort),phase4,phase4__mimic_cxr_unmatched__swin_tiny_patch4_window7_224__seed123__pr0.75,swin_tiny_patch4_window7_224,123,0.75,pleural_effusion,BLACK_OR_AA,youden_j,0.8586511527687998,0.7854399869270365,0.17724609375,WHITE,1295,6993,0.2038610038610038,0.3081081081081081,0.1042471042471042,0.1309408341416101,0.8915074177622441,0.8835897171804508,7852,26023,0.1338512480896586,0.1248089658685685,-0.0090422822210901,-0.0104396412292309,0.8901226225146499,0.8874521957350154,0.8924887435057349,0.8884989000330569,-0.003989843472678,0.8562370176013994,0.8492401880397945,0.7709581465499183,0.767774100297457,0.0038624785545646,0.1832991422395396,-0.0013847952475941,0.0700097557713451,False,True,True,0.141380475370841,False,True,False,False,False,False,0.0005406977106813394,0.08811215990023935,True,True,,
mimic_race_unmatched,MIMIC race (unmatched cohort),phase4,phase4__mimic_cxr_unmatched__swin_tiny_patch4_window7_224__seed123__pr1.0,swin_tiny_patch4_window7_224,123,1.0,pleural_effusion,BLACK_OR_AA,youden_j,0.8586511527687998,0.7854399869270365,0.17724609375,WHITE,1295,6993,0.2038610038610038,0.3274131274131274,0.1235521235521235,0.1551891367604267,0.8915074177622441,0.8681793787971395,7852,26023,0.1338512480896586,0.1221344880285277,-0.0117167600611309,-0.0135274224378767,0.8901226225146499,0.8850706943682942,0.8924887435057349,0.8837062456488121,-0.0087824978569228,0.8562370176013994,0.8488028861921941,0.7709581465499183,0.7633331936821819,0.0168913155711547,0.2052786393845996,-0.0013847952475941,0.0700097557713451,False,True,True,0.1687165591983035,False,True,True,False,False,False,0.0005406977106813394,0.08811215990023935,True,True,,
mimic_race_unmatched,MIMIC race (unmatched cohort),phase4,phase4__mimic_cxr_unmatched__vit_base_patch16_224__seed7__pr0.0,vit_base_patch16_224,7,0.0,pleural_effusion,BLACK_OR_AA,youden_j,0.8330101271277742,0.7977775962088406,0.2490234375,WHITE,1295,6993,0.2301158301158301,0.2301158301158301,0.0,0.0,0.8822147173498526,0.8822147173498526,7852,26023,0.163143148242486,0.163143148242486,0.0,0.0,0.8830721899244773,0.8830721899244773,0.8851663971408605,0.8851663971408605,0.0,0.8273750956597792,0.8273750956597792,0.7859985755582555,0.7859985755582555,0.0008574725746247,0.0669726818733441,0.0008574725746247,0.0669726818733441,False,False,True,0.0,False,False,False,False,False,True,0.0005406977106813394,0.08811215990023935,True,False,True,False
mimic_race_unmatched,MIMIC race (unmatched cohort),phase4,phase4__mimic_cxr_unmatched__vit_base_patch16_224__seed7__pr0.5,vit_base_patch16_224,7,0.5,pleural_effusion,BLACK_OR_AA,youden_j,0.8330101271277742,0.7977775962088406,0.2490234375,WHITE,1295,6993,0.2301158301158301,0.3575289575289575,0.1274131274131274,0.1654964894684052,0.8822147173498526,0.879264823666368,7852,26023,0.163143148242486,0.2031329597554763,0.0399898115129903,0.0477857251559884,0.8830721899244773,0.880422747357398,0.8851663971408605,0.8826834601275557,-0.0024829370133048,0.8273750956597792,0.7750081994096425,0.7859985755582555,0.8245841886966359,0.0011579236910299,0.1543959977734812,0.0008574725746247,0.0669726818733441,False,True,True,0.1177107643124167,False,True,True,False,False,False,0.0005406977106813394,0.08811215990023935,True,True,,
mimic_race_unmatched,MIMIC race (unmatched cohort),phase4,phase4__mimic_cxr_unmatched__vit_base_patch16_224__seed7__pr0.75,vit_base_patch16_224,7,0.75,pleural_effusion,BLACK_OR_AA,youden_j,0.8330101271277742,0.7977775962088406,0.2490234375,WHITE,1295,6993,0.2301158301158301,0.4409266409266409,0.2108108108108108,0.2738214643931795,0.8822147173498526,0.8720790062488906,7852,26023,0.163143148242486,0.2298777381558838,0.0667345899133978,0.0797443311520316,0.8830721899244773,0.8782881083602868,0.8851663971408605,0.8797747657313003,-0.0053916314095602,0.8273750956597792,0.7402427025254181,0.7859985755582555,0.8459089195190415,0.0062091021113962,0.211048902770757,0.0008574725746247,0.0669726818733441,True,True,True,0.1940771332411478,True,True,True,True,False,False,0.0005406977106813394,0.08811215990023935,True,True,,
mimic_race_unmatched,MIMIC race (unmatched cohort),phase4,phase4__mimic_cxr_unmatched__vit_base_patch16_224__seed7__pr1.0,vit_base_patch16_224,7,1.0,pleural_effusion,BLACK_OR_AA,youden_j,0.8330101271277742,0.7977775962088406,0.2490234375,WHITE,1295,6993,0.2301158301158301,0.3637065637065637,0.1335907335907335,0.1735205616850551,0.8822147173498526,0.8660448494425328,7852,26023,0.163143148242486,0.1752419765664798,0.0120988283239938,0.0144574646172576,0.8830721899244773,0.8741824812916003,0.8851663971408605,0.875291588191903,-0.0098748089489575,0.8273750956597792,0.7980758718705586,0.7859985755582555,0.7943776446436801,0.0081376318490674,0.1884645871400838,0.0008574725746247,0.0669726818733441,False,True,True,0.1590630970677974,False,True,True,False,False,False,0.0005406977106813394,0.08811215990023935,True,True,,
mimic_race_unmatched,MIMIC race (unmatched cohort),phase4,phase4__mimic_cxr_unmatched__vit_base_patch16_224__seed42__pr0.0,vit_base_patch16_224,42,0.0,pleural_effusion,BLACK_OR_AA,youden_j,0.856927386339151,0.7764523245363183,0.2281494140625,WHITE,1295,6993,0.2023166023166023,0.2023166023166023,0.0,0.0,0.883464698715664,0.883464698715664,7852,26023,0.140728476821192,0.140728476821192,0.0,0.0,0.8820488170721386,0.8820488170721386,0.8844843164588895,0.8844843164588895,0.0,0.8505520935825954,0.8505520935825954,0.7645900540449956,0.7645900540449956,-0.0014158816435254,0.0615881254954102,-0.0014158816435254,0.0615881254954102,False,False,True,0.0,False,False,False,False,False,True,0.0005406977106813394,0.08811215990023935,False,False,False,False
mimic_race_unmatched,MIMIC race (unmatched cohort),phase4,phase4__mimic_cxr_unmatched__vit_base_patch16_224__seed42__pr0.5,vit_base_patch16_224,42,0.5,pleural_effusion,BLACK_OR_AA,youden_j,0.856927386339151,0.7764523245363183,0.2281494140625,WHITE,1295,6993,0.2023166023166023,0.271042471042471,0.0687258687258687,0.0861568247821878,0.883464698715664,0.8817383597306377,7852,26023,0.140728476821192,0.1594498217014773,0.0187213448802852,0.0217874610938194,0.8820488170721386,0.8823583026679275,0.8844843164588895,0.8847367832059418,0.0002524667470523,0.8505520935825954,0.8247512845741773,0.7645900540449956,0.7903556914826763,0.0006199429372897,0.1115926493409937,-0.0014158816435254,0.0615881254954102,False,True,True,0.0643693636883683,False,False,False,False,False,False,0.0005406977106813394,0.08811215990023935,True,True,,
mimic_race_unmatched,MIMIC race (unmatched cohort),phase4,phase4__mimic_cxr_unmatched__vit_base_patch16_224__seed42__pr0.75,vit_base_patch16_224,42,0.75,pleural_effusion,BLACK_OR_AA,youden_j,0.856927386339151,0.7764523245363183,0.2281494140625,WHITE,1295,6993,0.2023166023166023,0.3444015444015444,0.1420849420849421,0.1781219748305905,0.883464698715664,0.8681087721628262,7852,26023,0.140728476821192,0.151808456444218,0.0110799796230259,0.012894619831036,0.8820488170721386,0.8784019585769681,0.8844843164588895,0.8787811242007462,-0.0057031922581433,0.8505520935825954,0.8209248934076746,0.7645900540449956,0.7843646570865976,0.0102931864141418,0.1925930879573263,-0.0014158816435254,0.0615881254954102,False,True,True,0.1652273549995545,False,True,True,False,False,False,0.0005406977106813394,0.08811215990023935,True,True,,
mimic_race_unmatched,MIMIC race (unmatched cohort),phase4,phase4__mimic_cxr_unmatched__vit_base_patch16_224__seed42__pr1.0,vit_base_patch16_224,42,1.0,pleural_effusion,BLACK_OR_AA,youden_j,0.856927386339151,0.7764523245363183,0.2281494140625,WHITE,1295,6993,0.2023166023166023,0.3583011583011583,0.1559845559845559,0.1955469506292352,0.883464698715664,0.8679369988250297,7852,26023,0.140728476821192,0.151553744268976,0.010825267447784,0.0125981917889432,0.8820488170721386,0.8766579665588747,0.8844843164588895,0.8772225458993006,-0.0072617705595888,0.8505520935825954,0.8191756860172734,0.7645900540449956,0.7785830994176547,0.008720967733845,0.2067474140321822,-0.0014158816435254,0.0615881254954102,False,True,True,0.182948758840292,False,True,True,False,False,False,0.0005406977106813394,0.08811215990023935,True,True,,
mimic_race_unmatched,MIMIC race (unmatched cohort),phase4,phase4__mimic_cxr_unmatched__vit_base_patch16_224__seed123__pr0.0,vit_base_patch16_224,123,0.0,pleural_effusion,BLACK_OR_AA,youden_j,0.8519715578539108,0.7850314568183675,0.28466796875,WHITE,1295,6993,0.2092664092664092,0.2092664092664092,0.0,0.0,0.8827912252622677,0.8827912252622677,7852,26023,0.1491339786041773,0.1491339786041773,0.0,0.0,0.8821305496689023,0.8821305496689023,0.8843936096237699,0.8843936096237699,0.0,0.8423526839400897,0.8423526839400897,0.7695756001508233,0.7695756001508233,-0.0006606755933654,0.0601324306622319,-0.0006606755933654,0.0601324306622319,False,False,True,0.0,False,False,False,False,False,True,0.0005406977106813394,0.08811215990023935,False,False,False,False
mimic_race_unmatched,MIMIC race (unmatched cohort),phase4,phase4__mimic_cxr_unmatched__vit_base_patch16_224__seed123__pr0.5,vit_base_patch16_224,123,0.5,pleural_effusion,BLACK_OR_AA,youden_j,0.8519715578539108,0.7850314568183675,0.28466796875,WHITE,1295,6993,0.2092664092664092,0.3567567567567568,0.1474903474903475,0.1865234375,0.8827912252622677,0.8818147260232202,7852,26023,0.1491339786041773,0.2050433010697911,0.0559093224656138,0.065708726238587,0.8821305496689023,0.8824066911126435,0.8843936096237699,0.8847953574515957,0.0004017478278257,0.8423526839400897,0.7734776429430414,0.7695756001508233,0.8308684905107042,0.0005919650894232,0.1517134556869656,-0.0006606755933654,0.0601324306622319,False,True,True,0.120814711261413,False,True,True,False,False,False,0.0005406977106813394,0.08811215990023935,True,True,,
mimic_race_unmatched,MIMIC race (unmatched cohort),phase4,phase4__mimic_cxr_unmatched__vit_base_patch16_224__seed123__pr0.75,vit_base_patch16_224,123,0.75,pleural_effusion,BLACK_OR_AA,youden_j,0.8519715578539108,0.7850314568183675,0.28466796875,WHITE,1295,6993,0.2092664092664092,0.4416988416988417,0.2324324324324324,0.2939453125,0.8827912252622677,0.872302006664941,7852,26023,0.1491339786041773,0.2123025980641874,0.0631686194600101,0.0742403831761712,0.8821305496689023,0.8804548895079582,0.8843936096237699,0.8811610152447255,-0.0032325943790444,0.8423526839400897,0.7552202908057286,0.7695756001508233,0.8356864552348234,0.0081528828430172,0.2293962436346542,-0.0006606755933654,0.0601324306622319,True,True,True,0.2197049293238288,True,True,True,True,False,False,0.0005406977106813394,0.08811215990023935,True,True,,
mimic_race_unmatched,MIMIC race (unmatched cohort),phase4,phase4__mimic_cxr_unmatched__vit_base_patch16_224__seed123__pr1.0,vit_base_patch16_224,123,1.0,pleural_effusion,BLACK_OR_AA,youden_j,0.8519715578539108,0.7850314568183675,0.28466796875,WHITE,1295,6993,0.2092664092664092,0.3961389961389961,0.1868725868725868,0.2363281249999999,0.8827912252622677,0.8617217177062737,7852,26023,0.1491339786041773,0.1580489047376464,0.0089149261334691,0.0104774734321209,0.8821305496689023,0.8800135587169526,0.8843936096237699,0.8784524241390236,-0.0059411854847463,0.8423526839400897,0.8082431398272658,0.7695756001508233,0.7920734006451883,0.0182918410106789,0.2380900914013496,-0.0006606755933654,0.0601324306622319,True,True,True,0.225850651567879,True,True,True,True,False,False,0.0005406977106813394,0.08811215990023935,True,True,,
nih_sex_effusion,NIH sex / pleural effusion,phase3,phase3__nih_cxr14_unmatched__densenet121__clean__seed7__pr0.0,densenet121,7,0.0,pleural_effusion,F,sens0.80,0.7998489425981873,0.8195146612740142,0.1516357362270355,M,1013,9237,0.2773938795656466,0.2773938795656466,0.0,0.0,0.8846918560656983,0.8846918560656983,1402,12680,0.2246790299572039,0.2246790299572039,0.0,0.0,0.8790901529216616,0.8790901529216616,0.8805598321603368,0.8805598321603368,0.0,0.7532091097308489,0.7532091097308489,0.8476053738078145,0.8476053738078145,-0.0056017031440367,0.0527148496084426,-0.0056017031440367,0.0527148496084426,False,False,True,0.0,False,False,False,False,False,True,-0.0018063922934065785,0.07346145511324749,False,False,False,True
nih_sex_effusion,NIH sex / pleural effusion,phase3,phase3__nih_cxr14_unmatched__densenet121__pleural_effusion__seed7__pr0.10,densenet121,7,0.1,pleural_effusion,F,sens0.80,0.7998489425981873,0.8195146612740142,0.1516357362270355,M,1013,9237,0.2773938795656466,0.332675222112537,0.0552813425468904,0.0765027322404371,0.8846918560656983,0.8845949879196899,1402,12680,0.2246790299572039,0.2746077032810271,0.0499286733238231,0.0643974241030359,0.8790901529216616,0.8791228817343247,0.8805598321603368,0.8804596884791559,-0.0001001436811809,0.7532091097308489,0.7010351966873706,0.8476053738078145,0.8788842170033843,-0.0054721061853652,0.0580675188315099,-0.0056017031440367,0.0527148496084426,False,False,True,0.0121053081374012,False,False,False,False,False,False,-0.0018063922934065785,0.07346145511324749,False,False,,
nih_sex_effusion,NIH sex / pleural effusion,phase3,phase3__nih_cxr14_unmatched__densenet121__pleural_effusion__seed7__pr0.5,densenet121,7,0.5,pleural_effusion,F,sens0.80,0.7998489425981873,0.8195146612740142,0.1516357362270355,M,1013,9237,0.2773938795656466,0.3830207305034551,0.1056268509378084,0.1461748633879781,0.8846918560656983,0.8800252601395862,1402,12680,0.2246790299572039,0.2553495007132668,0.0306704707560628,0.0395584176632935,0.8790901529216616,0.8761650192426444,0.8805598321603368,0.8738709922621941,-0.0066888398981427,0.7532091097308489,0.6910973084886128,0.8476053738078145,0.8733463234540048,-0.0038602408969417,0.1276712297901883,-0.0056017031440367,0.0527148496084426,False,True,True,0.1066164457246846,False,True,False,False,False,False,-0.0018063922934065785,0.07346145511324749,False,True,,
nih_sex_effusion,NIH sex / pleural effusion,phase3,phase3__nih_cxr14_unmatched__densenet121__pleural_effusion__seed7__pr0.75,densenet121,7,0.75,pleural_effusion,F,sens0.80,0.7998489425981873,0.8195146612740142,0.1516357362270355,M,1013,9237,0.2773938795656466,0.5498519249753209,0.2724580454096743,0.3770491803278689,0.8846918560656983,0.8748721028382007,1402,12680,0.2246790299572039,0.2624821683309558,0.0378031383737517,0.0487580496780128,0.8790901529216616,0.8745052099210233,0.8805598321603368,0.8630998721158928,-0.017459960044444,0.7532091097308489,0.6169772256728778,0.8476053738078145,0.8883191467541791,-0.0003668929171773,0.2873697566443651,-0.0056017031440367,0.0527148496084426,True,True,True,0.328291130649856,True,True,True,True,True,False,-0.0018063922934065785,0.07346145511324749,True,True,,
nih_sex_effusion,NIH sex / pleural effusion,phase3,phase3__nih_cxr14_unmatched__densenet121__pleural_effusion__seed7__pr0.9,densenet121,7,0.9,pleural_effusion,F,sens0.80,0.7998489425981873,0.8195146612740142,0.1516357362270355,M,1013,9237,0.2773938795656466,0.6584402764067128,0.3810463968410661,0.5273224043715847,0.8846918560656983,0.856251752509209,1402,12680,0.2246790299572039,0.2268188302425107,0.0021398002853067,0.0027598896044158,0.8790901529216616,0.8748787294719196,0.8805598321603368,0.8455964488857437,-0.0349633832745931,0.7532091097308489,0.5921325051759835,0.8476053738078145,0.8805763511434724,0.0186269769627105,0.431621446164202,-0.0056017031440367,0.0527148496084426,True,True,False,0.5245625147671689,False,False,False,False,False,False,-0.0018063922934065785,0.07346145511324749,True,True,,
nih_sex_effusion,NIH sex / pleural effusion,phase3,phase3__nih_cxr14_unmatched__densenet121__pleural_effusion__seed7__pr1.0,densenet121,7,1.0,pleural_effusion,F,sens0.80,0.7998489425981873,0.8195146612740142,0.1516357362270355,M,1013,9237,0.2773938795656466,0.8213228035538006,0.543928923988154,0.7527322404371584,0.8846918560656983,0.7642651848921223,1402,12680,0.2246790299572039,0.3031383737517831,0.0784593437945791,0.1011959521619135,0.8790901529216616,0.8613084783246086,0.8805598321603368,0.776981529526196,-0.1035783026341408,0.7532091097308489,0.4795031055900621,0.8476053738078145,0.9028817557173624,0.0970432934324863,0.5181844298020175,-0.0056017031440367,0.0527148496084426,True,True,False,0.6515362882752449,False,False,False,False,False,False,-0.0018063922934065785,0.07346145511324749,True,True,,
nih_sex_effusion,NIH sex / pleural effusion,phase3,phase3__nih_cxr14_unmatched__densenet121__clean__seed42__pr0.0,densenet121,42,0.0,pleural_effusion,F,sens0.80,0.7998489425981873,0.8084934277047523,0.138671875,M,1013,9237,0.2586377097729516,0.2586377097729516,0.0,0.0,0.8855647496936709,0.8855647496936709,1402,12680,0.2375178316690442,0.2375178316690442,0.0,0.0,0.877870617279953,0.877870617279953,0.8810914546535866,0.8810914546535866,0.0,0.7536231884057971,0.7536231884057971,0.8365295867090555,0.8365295867090555,-0.0076941324137179,0.0211198781039074,-0.0076941324137179,0.0211198781039074,False,False,True,0.0,False,False,False,False,False,True,-0.0018063922934065785,0.07346145511324749,False,False,False,False
nih_sex_effusion,NIH sex / pleural effusion,phase3,phase3__nih_cxr14_unmatched__densenet121__pleural_effusion__seed42__pr0.10,densenet121,42,0.1,pleural_effusion,F,sens0.80,0.7998489425981873,0.8084934277047523,0.138671875,M,1013,9237,0.2586377097729516,0.2734452122408687,0.014807502467917,0.0199733688415445,0.8855647496936709,0.8857959968848549,1402,12680,0.2375178316690442,0.2346647646219686,-0.0028530670470756,-0.0037418147801683,0.877870617279953,0.8795519295896042,0.8810914546535866,0.8817747842605939,0.0006833296070072,0.7536231884057971,0.7490683229813665,0.8365295867090555,0.849194954363655,-0.0062440672952507,0.0387804476189,-0.0076941324137179,0.0211198781039074,False,False,True,0.0237151836217129,False,False,False,False,False,False,-0.0018063922934065785,0.07346145511324749,False,False,,
nih_sex_effusion,NIH sex / pleural effusion,phase3,phase3__nih_cxr14_unmatched__densenet121__pleural_effusion__seed42__pr0.5,densenet121,42,0.5,pleural_effusion,F,sens0.80,0.7998489425981873,0.8084934277047523,0.138671875,M,1013,9237,0.2586377097729516,0.3543928923988154,0.0957551826258637,0.129161118508655,0.8855647496936709,0.8793606870412267,1402,12680,0.2375178316690442,0.2382310984308131,0.0007132667617689,0.0009354536950421,0.877870617279953,0.8766547814170672,0.8810914546535866,0.8749554698748316,-0.0061359847787549,0.7536231884057971,0.7130434782608696,0.8365295867090555,0.8590913752435647,-0.0027059056241595,0.1161617939680022,-0.0076941324137179,0.0211198781039074,False,True,True,0.1282256648136129,False,True,False,False,False,False,-0.0018063922934065785,0.07346145511324749,False,True,,
nih_sex_effusion,NIH sex / pleural effusion,phase3,phase3__nih_cxr14_unmatched__densenet121__pleural_effusion__seed42__pr0.75,densenet121,42,0.75,pleural_effusion,F,sens0.80,0.7998489425981873,0.8084934277047523,0.138671875,M,1013,9237,0.2586377097729516,0.5666337611056268,0.3079960513326751,0.4154460719041277,0.8855647496936709,0.8718907365724184,1402,12680,0.2375178316690442,0.2960057061340941,0.0584878744650499,0.0767072029934518,0.877870617279953,0.8732385574378962,0.8810914546535866,0.8621299869865234,-0.0189614676670631,0.7536231884057971,0.5904761904761905,0.8365295867090555,0.9005230232796636,0.0013478208654778,0.2706280549715326,-0.0076941324137179,0.0211198781039074,True,True,True,0.3387388689106759,True,True,True,True,True,False,-0.0018063922934065785,0.07346145511324749,True,True,,
nih_sex_effusion,NIH sex / pleural effusion,phase3,phase3__nih_cxr14_unmatched__densenet121__pleural_effusion__seed42__pr0.9,densenet121,42,0.9,pleural_effusion,F,sens0.80,0.7998489425981873,0.8084934277047523,0.138671875,M,1013,9237,0.2586377097729516,0.7423494570582428,0.4837117472852912,0.6524633821571239,0.8855647496936709,0.8503854079841439,1402,12680,0.2375178316690442,0.2831669044222539,0.0456490727532096,0.059869036482694,0.877870617279953,0.8739296887708108,0.8810914546535866,0.841977772413001,-0.0391136822405856,0.7536231884057971,0.5242236024844721,0.8365295867090555,0.9025228181724952,0.0235442807866669,0.4591825526359889,-0.0076941324137179,0.0211198781039074,True,True,False,0.5925943456744298,False,False,False,False,False,False,-0.0018063922934065785,0.07346145511324749,True,True,,
nih_sex_effusion,NIH sex / pleural effusion,phase3,phase3__nih_cxr14_unmatched__densenet121__pleural_effusion__seed42__pr1.0,densenet121,42,1.0,pleural_effusion,F,sens0.80,0.7998489425981873,0.8084934277047523,0.138671875,M,1013,9237,0.2586377097729516,0.8163869693978283,0.5577492596248766,0.7523302263648469,0.8855647496936709,0.7544860034531634,1402,12680,0.2375178316690442,0.2296718972895863,-0.0078459343794579,-0.010289990645463,0.877870617279953,0.8651037240898481,0.8810914546535866,0.7622160534365748,-0.1188754012170117,0.7536231884057971,0.5242236024844721,0.8365295867090555,0.882576146036304,0.1106177206366847,0.5867150721082419,-0.0076941324137179,0.0211198781039074,True,True,False,0.7626202170103099,False,False,False,False,False,False,-0.0018063922934065785,0.07346145511324749,True,True,,
nih_sex_effusion,NIH sex / pleural effusion,phase3,phase3__nih_cxr14_unmatched__densenet121__clean__seed123__pr0.0,densenet121,123,0.0,pleural_effusion,F,sens0.80,0.7998489425981873,0.8103134479271992,0.1468505859375,M,1013,9237,0.2191510365251727,0.2191510365251727,0.0,0.0,0.885726076568808,0.885726076568808,1402,12680,0.2303851640513552,0.2303851640513552,0.0,0.0,0.8825202905989694,0.8825202905989694,0.8837919899068589,0.8837919899068589,0.0,0.7743271221532091,0.7743271221532091,0.8335042559737463,0.8335042559737463,-0.0032057859698385,-0.0112341275261824,-0.0032057859698385,-0.0112341275261824,False,False,True,0.0,False,False,False,False,False,True,-0.0018063922934065785,0.07346145511324749,False,False,True,False
nih_sex_effusion,NIH sex / pleural effusion,phase3,phase3__nih_cxr14_unmatched__densenet121__pleural_effusion__seed123__pr0.10,densenet121,123,0.1,pleural_effusion,F,sens0.80,0.7998489425981873,0.8103134479271992,0.1468505859375,M,1013,9237,0.2191510365251727,0.2606120434353405,0.0414610069101678,0.0530973451327433,0.885726076568808,0.8822187774879869,1402,12680,0.2303851640513552,0.246077032810271,0.0156918687589158,0.0203892493049119,0.8825202905989694,0.8810915435325463,0.8837919899068589,0.8814883136687366,-0.0023036762381223,0.7743271221532091,0.7478260869565218,0.8335042559737463,0.8520151779304687,-0.0011272339554406,0.0145350106250695,-0.0032057859698385,-0.0112341275261824,False,False,True,0.0327080958278313,False,False,False,False,False,False,-0.0018063922934065785,0.07346145511324749,True,False,,
nih_sex_effusion,NIH sex / pleural effusion,phase3,phase3__nih_cxr14_unmatched__densenet121__pleural_effusion__seed123__pr0.5,densenet121,123,0.5,pleural_effusion,F,sens0.80,0.7998489425981873,0.8103134479271992,0.1468505859375,M,1013,9237,0.2191510365251727,0.3642645607107601,0.1451135241855873,0.1858407079646017,0.885726076568808,0.8872041260308594,1402,12680,0.2303851640513552,0.238944365192582,0.0085592011412268,0.0111214087117701,0.8825202905989694,0.8777928586805919,0.8837919899068589,0.8780197943280437,-0.0057721955788152,0.7743271221532091,0.7084886128364389,0.8335042559737463,0.8679622602809968,-0.0094112673502675,0.1253201955181781,-0.0032057859698385,-0.0112341275261824,False,True,True,0.1747192992528316,False,True,True,False,False,False,-0.0018063922934065785,0.07346145511324749,False,True,,
nih_sex_effusion,NIH sex / pleural effusion,phase3,phase3__nih_cxr14_unmatched__densenet121__pleural_effusion__seed123__pr0.75,densenet121,123,0.75,pleural_effusion,F,sens0.80,0.7998489425981873,0.8103134479271992,0.1468505859375,M,1013,9237,0.2191510365251727,0.5478775913129319,0.3287265547877591,0.4209860935524652,0.885726076568808,0.8754565526559397,1402,12680,0.2303851640513552,0.2261055634807418,-0.0042796005706134,-0.005560704355885,0.8825202905989694,0.8750486979434795,0.8837919899068589,0.8615928333941648,-0.0221991565126941,0.7743271221532091,0.6389233954451345,0.8335042559737463,0.8787303866270126,-0.0004078547124601,0.3217720278321901,-0.0032057859698385,-0.0112341275261824,True,True,True,0.4265467979083503,True,True,True,True,True,False,-0.0018063922934065785,0.07346145511324749,True,True,,
nih_sex_effusion,NIH sex / pleural effusion,phase3,phase3__nih_cxr14_unmatched__densenet121__pleural_effusion__seed123__pr0.9,densenet121,123,0.9,pleural_effusion,F,sens0.80,0.7998489425981873,0.8103134479271992,0.1468505859375,M,1013,9237,0.2191510365251727,0.7384007897334649,0.5192497532082921,0.6649810366624526,0.885726076568808,0.856792269561844,1402,12680,0.2303851640513552,0.25320970042796,0.0228245363766048,0.0296570898980537,0.8825202905989694,0.873576185972007,0.8837919899068589,0.8444507469956365,-0.0393412429112224,0.7743271221532091,0.5432712215320911,0.8335042559737463,0.8942672546405497,0.016783916410163,0.4851910893055048,-0.0032057859698385,-0.0112341275261824,True,True,False,0.6353239467643989,False,False,False,False,False,False,-0.0018063922934065785,0.07346145511324749,True,True,,
nih_sex_effusion,NIH sex / pleural effusion,phase3,phase3__nih_cxr14_unmatched__densenet121__pleural_effusion__seed123__pr1.0,densenet121,123,1.0,pleural_effusion,F,sens0.80,0.7998489425981873,0.8103134479271992,0.1468505859375,M,1013,9237,0.2191510365251727,0.8538993089832182,0.6347482724580454,0.8128950695322377,0.885726076568808,0.7293082678102949,1402,12680,0.2303851640513552,0.2760342368045649,0.0456490727532097,0.0593141797961075,0.8825202905989694,0.870411515330745,0.8837919899068589,0.765507068022752,-0.1182849218841068,0.7743271221532091,0.4815734989648033,0.8335042559737463,0.9053430417393088,0.1411032475204501,0.5778650721786533,-0.0032057859698385,-0.0112341275261824,True,True,False,0.7535808897361301,False,False,False,False,False,False,-0.0018063922934065785,0.07346145511324749,True,True,,
nih_sex_effusion,NIH sex / pleural effusion,phase3,phase3__nih_cxr14_unmatched__densenet121__clean__seed7__pr0.0,densenet121,7,0.0,pleural_effusion,F,spec0.90,0.6427492447129909,0.8997977755308393,0.306640625,M,1013,9237,0.4412635735439289,0.4412635735439289,0.0,0.0,0.8846918560656983,0.8846918560656983,1402,12680,0.383737517831669,0.383737517831669,0.0,0.0,0.8790901529216616,0.8790901529216616,0.8805598321603368,0.8805598321603368,0.0,0.5921325051759835,0.5921325051759835,0.9160598912932006,0.9160598912932006,-0.0056017031440367,0.0575260557122598,-0.0056017031440367,0.0575260557122598,False,False,True,0.0,False,False,False,False,False,True,-0.0018063922934065785,0.07862457825318711,False,False,False,True
nih_sex_effusion,NIH sex / pleural effusion,phase3,phase3__nih_cxr14_unmatched__densenet121__pleural_effusion__seed7__pr0.10,densenet121,7,0.1,pleural_effusion,F,spec0.90,0.6427492447129909,0.8997977755308393,0.306640625,M,1013,9237,0.4412635735439289,0.5143139190523198,0.0730503455083909,0.1307420494699646,0.8846918560656983,0.8845949879196899,1402,12680,0.383737517831669,0.4714693295292439,0.0877318116975748,0.1423611111111111,0.8790901529216616,0.8791228817343247,0.8805598321603368,0.8804596884791559,-0.0001001436811809,0.5921325051759835,0.5105590062111801,0.9160598912932006,0.9396472156701876,-0.0054721061853652,0.0428445895230759,-0.0056017031440367,0.0575260557122598,False,False,True,-0.0116190616411464,False,False,False,False,False,False,-0.0018063922934065785,0.07862457825318711,False,False,,
nih_sex_effusion,NIH sex / pleural effusion,phase3,phase3__nih_cxr14_unmatched__densenet121__pleural_effusion__seed7__pr0.5,densenet121,7,0.5,pleural_effusion,F,spec0.90,0.6427492447129909,0.8997977755308393,0.306640625,M,1013,9237,0.4412635735439289,0.5952615992102666,0.1539980256663376,0.2756183745583039,0.8846918560656983,0.8800252601395862,1402,12680,0.383737517831669,0.4136947218259629,0.0299572039942938,0.0486111111111111,0.8790901529216616,0.8761650192426444,0.8805598321603368,0.8738709922621941,-0.0066888398981427,0.5921325051759835,0.5101449275362319,0.9160598912932006,0.934622090042047,-0.0038602408969417,0.1815668773843036,-0.0056017031440367,0.0575260557122598,True,True,True,0.2270072634471928,True,True,True,True,False,False,-0.0018063922934065785,0.07862457825318711,False,True,,
nih_sex_effusion,NIH sex / pleural effusion,phase3,phase3__nih_cxr14_unmatched__densenet121__pleural_effusion__seed7__pr0.75,densenet121,7,0.75,pleural_effusion,F,spec0.90,0.6427492447129909,0.8997977755308393,0.306640625,M,1013,9237,0.4412635735439289,0.8005923000987167,0.3593287265547878,0.6431095406360425,0.8846918560656983,0.8748721028382007,1402,12680,0.383737517831669,0.4579172610556348,0.0741797432239657,0.1203703703703703,0.8790901529216616,0.8745052099210233,0.8805598321603368,0.8630998721158928,-0.017459960044444,0.5921325051759835,0.398343685300207,0.9160598912932006,0.9480566095785048,-0.0003668929171773,0.3426750390430819,-0.0056017031440367,0.0575260557122598,True,True,True,0.5227391702656722,True,True,True,True,True,False,-0.0018063922934065785,0.07862457825318711,True,True,,
nih_sex_effusion,NIH sex / pleural effusion,phase3,phase3__nih_cxr14_unmatched__densenet121__pleural_effusion__seed7__pr0.9,densenet121,7,0.9,pleural_effusion,F,spec0.90,0.6427492447129909,0.8997977755308393,0.306640625,M,1013,9237,0.4412635735439289,0.859822309970385,0.4185587364264561,0.7491166077738517,0.8846918560656983,0.856251752509209,1402,12680,0.383737517831669,0.3994293865905848,0.0156918687589158,0.0254629629629629,0.8790901529216616,0.8748787294719196,0.8805598321603368,0.8455964488857437,-0.0349633832745931,0.5921325051759835,0.4074534161490683,0.9160598912932006,0.9445185109219568,0.0186269769627105,0.4603929233798001,-0.0056017031440367,0.0575260557122598,True,True,False,0.7236536448108888,False,False,False,False,False,False,-0.0018063922934065785,0.07862457825318711,True,True,,
nih_sex_effusion,NIH sex / pleural effusion,phase3,phase3__nih_cxr14_unmatched__densenet121__pleural_effusion__seed7__pr1.0,densenet121,7,1.0,pleural_effusion,F,spec0.90,0.6427492447129909,0.8997977755308393,0.306640625,M,1013,9237,0.4412635735439289,0.9131293188548864,0.4718657453109575,0.8445229681978799,0.8846918560656983,0.7642651848921223,1402,12680,0.383737517831669,0.5164051355206848,0.1326676176890157,0.2152777777777779,0.8790901529216616,0.8613084783246086,0.8805598321603368,0.776981529526196,-0.1035783026341408,0.5921325051759835,0.3171842650103519,0.9160598912932006,0.9551328068916008,0.0970432934324863,0.3967241833342017,-0.0056017031440367,0.0575260557122598,True,True,False,0.629245190420102,False,False,False,False,False,False,-0.0018063922934065785,0.07862457825318711,True,True,,
nih_sex_effusion,NIH sex / pleural effusion,phase3,phase3__nih_cxr14_unmatched__densenet121__clean__seed42__pr0.0,densenet121,42,0.0,pleural_effusion,F,spec0.90,0.6216012084592145,0.9,0.3061767518520355,M,1013,9237,0.4155972359328727,0.4155972359328727,0.0,0.0,0.8855647496936709,0.8855647496936709,1402,12680,0.4136947218259629,0.4136947218259629,0.0,0.0,0.877870617279953,0.877870617279953,0.8810914546535866,0.8810914546535866,0.0,0.5855072463768116,0.5855072463768116,0.921751615218952,0.921751615218952,-0.0076941324137179,0.0019025141069097,-0.0076941324137179,0.0019025141069097,False,False,True,0.0,False,False,False,False,False,True,-0.0018063922934065785,0.07862457825318711,False,False,False,False
nih_sex_effusion,NIH sex / pleural effusion,phase3,phase3__nih_cxr14_unmatched__densenet121__pleural_effusion__seed42__pr0.10,densenet121,42,0.1,pleural_effusion,F,spec0.90,0.6216012084592145,0.9,0.3061767518520355,M,1013,9237,0.4155972359328727,0.4689042448173741,0.0533070088845014,0.0912162162162161,0.8855647496936709,0.8857959968848549,1402,12680,0.4136947218259629,0.4350927246790299,0.021398002853067,0.0364963503649634,0.877870617279953,0.8795519295896042,0.8810914546535866,0.8817747842605939,0.0006833296070072,0.5855072463768116,0.5507246376811594,0.921751615218952,0.9318531432673572,-0.0062440672952507,0.0338115201383442,-0.0076941324137179,0.0019025141069097,False,True,True,0.0547198658512527,False,False,False,False,False,False,-0.0018063922934065785,0.07862457825318711,False,False,,
nih_sex_effusion,NIH sex / pleural effusion,phase3,phase3__nih_cxr14_unmatched__densenet121__pleural_effusion__seed42__pr0.5,densenet121,42,0.5,pleural_effusion,F,spec0.90,0.6216012084592145,0.9,0.3061767518520355,M,1013,9237,0.4155972359328727,0.6179664363277394,0.2023692003948667,0.3462837837837837,0.8855647496936709,0.8793606870412267,1402,12680,0.4136947218259629,0.4629101283880171,0.0492154065620542,0.083941605839416,0.877870617279953,0.8766547814170672,0.8810914546535866,0.8749554698748316,-0.0061359847787549,0.5855072463768116,0.4720496894409938,0.921751615218952,0.9446210645062044,-0.0027059056241595,0.1550563079397223,-0.0076941324137179,0.0019025141069097,True,True,True,0.2623421779443677,True,True,True,True,True,False,-0.0018063922934065785,0.07862457825318711,False,True,,
nih_sex_effusion,NIH sex / pleural effusion,phase3,phase3__nih_cxr14_unmatched__densenet121__pleural_effusion__seed42__pr0.75,densenet121,42,0.75,pleural_effusion,F,spec0.90,0.6216012084592145,0.9,0.3061767518520355,M,1013,9237,0.4155972359328727,0.8815399802566634,0.4659427443237907,0.7972972972972973,0.8855647496936709,0.8718907365724184,1402,12680,0.4136947218259629,0.5527817403708987,0.1390870185449357,0.2372262773722627,0.877870617279953,0.8732385574378962,0.8810914546535866,0.8621299869865234,-0.0189614676670631,0.5855072463768116,0.3093167701863354,0.921751615218952,0.9638498615526612,0.0013478208654778,0.3287582398857647,-0.0076941324137179,0.0019025141069097,True,True,True,0.5600710199250345,True,True,True,True,True,False,-0.0018063922934065785,0.07862457825318711,True,True,,
nih_sex_effusion,NIH sex / pleural effusion,phase3,phase3__nih_cxr14_unmatched__densenet121__pleural_effusion__seed42__pr0.9,densenet121,42,0.9,pleural_effusion,F,spec0.90,0.6216012084592145,0.9,0.3061767518520355,M,1013,9237,0.4155972359328727,0.928923988153998,0.5133267522211253,0.8783783783783784,0.8855647496936709,0.8503854079841439,1402,12680,0.4136947218259629,0.5278174037089871,0.1141226818830242,0.1946472019464719,0.877870617279953,0.8739296887708108,0.8810914546535866,0.841977772413001,-0.0391136822405856,0.5855072463768116,0.3039337474120083,0.921751615218952,0.9632858168392984,0.0235442807866669,0.4011065844450109,-0.0076941324137179,0.0019025141069097,True,True,False,0.6837311764319065,False,False,False,False,False,False,-0.0018063922934065785,0.07862457825318711,True,True,,
nih_sex_effusion,NIH sex / pleural effusion,phase3,phase3__nih_cxr14_unmatched__densenet121__pleural_effusion__seed42__pr1.0,densenet121,42,1.0,pleural_effusion,F,spec0.90,0.6216012084592145,0.9,0.3061767518520355,M,1013,9237,0.4155972359328727,0.932872655478776,0.5172754195459033,0.8851351351351352,0.8855647496936709,0.7544860034531634,1402,12680,0.4136947218259629,0.5,0.0863052781740371,0.1472019464720194,0.877870617279953,0.8651037240898481,0.8810914546535866,0.7622160534365748,-0.1188754012170117,0.5855072463768116,0.3184265010351967,0.921751615218952,0.955543021228592,0.1106177206366847,0.4328726554787759,-0.0076941324137179,0.0019025141069097,True,True,False,0.7379331886631157,False,False,False,False,False,False,-0.0018063922934065785,0.07862457825318711,True,True,,
nih_sex_effusion,NIH sex / pleural effusion,phase3,phase3__nih_cxr14_unmatched__densenet121__clean__seed123__pr0.0,densenet121,123,0.0,pleural_effusion,F,spec0.90,0.6419939577039275,0.9,0.2793212831020355,M,1013,9237,0.3701875616979269,0.3701875616979269,0.0,0.0,0.885726076568808,0.885726076568808,1402,12680,0.3894436519258202,0.3894436519258202,0.0,0.0,0.8825202905989694,0.8825202905989694,0.8837919899068589,0.8837919899068589,0.0,0.6186335403726708,0.6186335403726708,0.91631627525382,0.91631627525382,-0.0032057859698385,-0.0192560902278933,-0.0032057859698385,-0.0192560902278933,False,False,True,0.0,False,False,False,False,False,True,-0.0018063922934065785,0.07862457825318711,False,False,True,False
nih_sex_effusion,NIH sex / pleural effusion,phase3,phase3__nih_cxr14_unmatched__densenet121__pleural_effusion__seed123__pr0.10,densenet121,123,0.1,pleural_effusion,F,spec0.90,0.6419939577039275,0.9,0.2793212831020355,M,1013,9237,0.3701875616979269,0.4234945705824284,0.0533070088845015,0.0846394984326019,0.885726076568808,0.8822187774879869,1402,12680,0.3894436519258202,0.3937232524964336,0.0042796005706133,0.0070093457943924,0.8825202905989694,0.8810915435325463,0.8837919899068589,0.8814883136687366,-0.0023036762381223,0.6186335403726708,0.5937888198757764,0.91631627525382,0.9231360886062968,-0.0011272339554406,0.0297713180859948,-0.0032057859698385,-0.0192560902278933,False,True,True,0.0776301526382094,False,False,False,False,False,False,-0.0018063922934065785,0.07862457825318711,True,False,,
nih_sex_effusion,NIH sex / pleural effusion,phase3,phase3__nih_cxr14_unmatched__densenet121__pleural_effusion__seed123__pr0.5,densenet121,123,0.5,pleural_effusion,F,spec0.90,0.6419939577039275,0.9,0.2793212831020355,M,1013,9237,0.3701875616979269,0.5676209279368213,0.1974333662388943,0.3134796238244513,0.885726076568808,0.8872041260308594,1402,12680,0.3894436519258202,0.3737517831669044,-0.0156918687589158,-0.0257009345794392,0.8825202905989694,0.8777928586805919,0.8837919899068589,0.8780197943280437,-0.0057721955788152,0.6186335403726708,0.5449275362318841,0.91631627525382,0.927956107065942,-0.0094112673502675,0.1938691447699168,-0.0032057859698385,-0.0192560902278933,True,True,True,0.3391805584038905,True,True,True,True,True,False,-0.0018063922934065785,0.07862457825318711,False,True,,
nih_sex_effusion,NIH sex / pleural effusion,phase3,phase3__nih_cxr14_unmatched__densenet121__pleural_effusion__seed123__pr0.75,densenet121,123,0.75,pleural_effusion,F,spec0.90,0.6419939577039275,0.9,0.2793212831020355,M,1013,9237,0.3701875616979269,0.7769002961500494,0.4067127344521224,0.64576802507837,0.885726076568808,0.8754565526559397,1402,12680,0.3894436519258202,0.3730385164051355,-0.0164051355206847,-0.0268691588785046,0.8825202905989694,0.8750486979434795,0.8837919899068589,0.8615928333941648,-0.0221991565126941,0.6186335403726708,0.4575569358178054,0.91631627525382,0.9306737770485078,-0.0004078547124601,0.4038617797449139,-0.0032057859698385,-0.0192560902278933,True,True,True,0.6726371839568747,True,True,True,True,True,False,-0.0018063922934065785,0.07862457825318711,True,True,,
nih_sex_effusion,NIH sex / pleural effusion,phase3,phase3__nih_cxr14_unmatched__densenet121__pleural_effusion__seed123__pr0.9,densenet121,123,0.9,pleural_effusion,F,spec0.90,0.6419939577039275,0.9,0.2793212831020355,M,1013,9237,0.3701875616979269,0.8884501480750246,0.5182625863770978,0.822884012539185,0.885726076568808,0.856792269561844,1402,12680,0.3894436519258202,0.3830242510699001,-0.0064194008559201,-0.0105140186915888,0.8825202905989694,0.873576185972007,0.8837919899068589,0.8444507469956365,-0.0393412429112224,0.6186335403726708,0.4049689440993789,0.91631627525382,0.9391344477489488,0.016783916410163,0.5054258970051245,-0.0032057859698385,-0.0192560902278933,True,True,False,0.8333980312307738,False,False,False,False,False,False,-0.0018063922934065785,0.07862457825318711,True,True,,
nih_sex_effusion,NIH sex / pleural effusion,phase3,phase3__nih_cxr14_unmatched__densenet121__pleural_effusion__seed123__pr1.0,densenet121,123,1.0,pleural_effusion,F,spec0.90,0.6419939577039275,0.9,0.2793212831020355,M,1013,9237,0.3701875616979269,0.910167818361303,0.539980256663376,0.8573667711598744,0.885726076568808,0.7293082678102949,1402,12680,0.3894436519258202,0.4015691868758916,0.0121255349500713,0.0198598130841121,0.8825202905989694,0.870411515330745,0.8837919899068589,0.765507068022752,-0.1182849218841068,0.6186335403726708,0.3850931677018633,0.91631627525382,0.9427750999897446,0.1411032475204501,0.5085986314854114,-0.0032057859698385,-0.0192560902278933,True,True,False,0.8375069580757621,False,False,False,False,False,False,-0.0018063922934065785,0.07862457825318711,True,True,,
nih_sex_effusion,NIH sex / pleural effusion,phase3,phase3__nih_cxr14_unmatched__densenet121__clean__seed7__pr0.0,densenet121,7,0.0,pleural_effusion,F,t0.5,0.4342900302114804,0.9498483316481294,0.5,M,1013,9237,0.5952615992102666,0.5952615992102666,0.0,0.0,0.8846918560656983,0.8846918560656983,1402,12680,0.5663338088445078,0.5663338088445078,0.0,0.0,0.8790901529216616,0.8790901529216616,0.8805598321603368,0.8805598321603368,0.0,0.4215320910973085,0.4215320910973085,0.9596451645985028,0.9596451645985028,-0.0056017031440367,0.0289277903657587,-0.0056017031440367,0.0289277903657587,False,False,True,0.0,False,False,False,False,False,True,-0.0018063922934065785,0.052793327988646756,False,False,False,True
nih_sex_effusion,NIH sex / pleural effusion,phase3,phase3__nih_cxr14_unmatched__densenet121__pleural_effusion__seed7__pr0.10,densenet121,7,0.1,pleural_effusion,F,t0.5,0.4342900302114804,0.9498483316481294,0.5,M,1013,9237,0.5952615992102666,0.7117472852912142,0.1164856860809476,0.2878048780487804,0.8846918560656983,0.8845949879196899,1402,12680,0.5663338088445078,0.6540656205420827,0.0877318116975749,0.2023026315789474,0.8790901529216616,0.8791228817343247,0.8805598321603368,0.8804596884791559,-0.0001001436811809,0.4215320910973085,0.3217391304347826,0.9596451645985028,0.9747718182750488,-0.0054721061853652,0.0576816647491315,-0.0056017031440367,0.0289277903657587,True,True,True,0.085502246469833,True,True,True,True,False,False,-0.0018063922934065785,0.052793327988646756,False,True,,
nih_sex_effusion,NIH sex / pleural effusion,phase3,phase3__nih_cxr14_unmatched__densenet121__pleural_effusion__seed7__pr0.5,densenet121,7,0.5,pleural_effusion,F,t0.5,0.4342900302114804,0.9498483316481294,0.5,M,1013,9237,0.5952615992102666,0.8094768015794669,0.2142152023692003,0.5292682926829267,0.8846918560656983,0.8800252601395862,1402,12680,0.5663338088445078,0.6019971469329529,0.0356633380884451,0.0822368421052632,0.8790901529216616,0.8761650192426444,0.8805598321603368,0.8738709922621941,-0.0066888398981427,0.4215320910973085,0.3109730848861283,0.9596451645985028,0.9698492462311558,-0.0038602408969417,0.2074796546465139,-0.0056017031440367,0.0289277903657587,True,True,True,0.4470314505776634,True,True,True,True,True,False,-0.0018063922934065785,0.052793327988646756,False,True,,
nih_sex_effusion,NIH sex / pleural effusion,phase3,phase3__nih_cxr14_unmatched__densenet121__pleural_effusion__seed7__pr0.75,densenet121,7,0.75,pleural_effusion,F,t0.5,0.4342900302114804,0.9498483316481294,0.5,M,1013,9237,0.5952615992102666,0.9447186574531096,0.349457058242843,0.8634146341463415,0.8846918560656983,0.8748721028382007,1402,12680,0.5663338088445078,0.6654778887303852,0.0991440798858773,0.2286184210526316,0.8790901529216616,0.8745052099210233,0.8805598321603368,0.8630998721158928,-0.017459960044444,0.4215320910973085,0.217391304347826,0.9596451645985028,0.9790790688134552,-0.0003668929171773,0.2792407687227244,-0.0056017031440367,0.0289277903657587,True,True,True,0.6347962130937098,True,True,True,True,True,False,-0.0018063922934065785,0.052793327988646756,True,True,,
nih_sex_effusion,NIH sex / pleural effusion,phase3,phase3__nih_cxr14_unmatched__densenet121__pleural_effusion__seed7__pr0.9,densenet121,7,0.9,pleural_effusion,F,t0.5,0.4342900302114804,0.9498483316481294,0.5,M,1013,9237,0.5952615992102666,0.9644619940769992,0.3692003948667325,0.9121951219512195,0.8846918560656983,0.856251752509209,1402,12680,0.5663338088445078,0.6412268188302425,0.0748930099857346,0.1726973684210526,0.8790901529216616,0.8748787294719196,0.8805598321603368,0.8455964488857437,-0.0349633832745931,0.4215320910973085,0.2231884057971014,0.9596451645985028,0.9785663008922162,0.0186269769627105,0.3232351752467566,-0.0056017031440367,0.0289277903657587,True,True,False,0.739497753530167,False,False,False,False,False,False,-0.0018063922934065785,0.052793327988646756,True,True,,
nih_sex_effusion,NIH sex / pleural effusion,phase3,phase3__nih_cxr14_unmatched__densenet121__pleural_effusion__seed7__pr1.0,densenet121,7,1.0,pleural_effusion,F,t0.5,0.4342900302114804,0.9498483316481294,0.5,M,1013,9237,0.5952615992102666,0.9763079960513328,0.3810463968410661,0.9414634146341464,0.8846918560656983,0.7642651848921223,1402,12680,0.5663338088445078,0.7011412268188303,0.1348074179743225,0.3108552631578949,0.8790901529216616,0.8613084783246086,0.8805598321603368,0.776981529526196,-0.1035783026341408,0.4215320910973085,0.1834368530020703,0.9596451645985028,0.982258229925136,0.0970432934324863,0.2751667692325024,-0.0056017031440367,0.0289277903657587,True,True,False,0.6306081514762514,False,False,False,False,False,False,-0.0018063922934065785,0.052793327988646756,True,True,,
nih_sex_effusion,NIH sex / pleural effusion,phase3,phase3__nih_cxr14_unmatched__densenet121__clean__seed42__pr0.0,densenet121,42,0.0,pleural_effusion,F,t0.5,0.3814199395770393,0.9575328614762386,0.5,M,1013,9237,0.6120434353405726,0.6120434353405726,0.0,0.0,0.8855647496936709,0.8855647496936709,1402,12680,0.6276747503566333,0.6276747503566333,0.0,0.0,0.877870617279953,0.877870617279953,0.8810914546535866,0.8810914546535866,0.0,0.3788819875776397,0.3788819875776397,0.9669264690800944,0.9669264690800944,-0.0076941324137179,-0.0156313150160607,-0.0076941324137179,-0.0156313150160607,False,False,True,0.0,False,False,False,False,False,True,-0.0018063922934065785,0.052793327988646756,False,False,False,False
nih_sex_effusion,NIH sex / pleural effusion,phase3,phase3__nih_cxr14_unmatched__densenet121__pleural_effusion__seed42__pr0.10,densenet121,42,0.1,pleural_effusion,F,t0.5,0.3814199395770393,0.9575328614762386,0.5,M,1013,9237,0.6120434353405726,0.7068114511352419,0.0947680157946693,0.2442748091603054,0.8855647496936709,0.8857959968848549,1402,12680,0.6276747503566333,0.6697574893009985,0.0420827389443652,0.1130268199233716,0.877870617279953,0.8795519295896042,0.8810914546535866,0.8817747842605939,0.0006833296070072,0.3788819875776397,0.3146997929606625,0.9669264690800944,0.9747205414829248,-0.0062440672952507,0.0370539618342433,-0.0076941324137179,-0.0156313150160607,True,True,True,0.1312479892369337,True,True,True,True,False,False,-0.0018063922934065785,0.052793327988646756,False,False,,
nih_sex_effusion,NIH sex / pleural effusion,phase3,phase3__nih_cxr14_unmatched__densenet121__pleural_effusion__seed42__pr0.5,densenet121,42,0.5,pleural_effusion,F,t0.5,0.3814199395770393,0.9575328614762386,0.5,M,1013,9237,0.6120434353405726,0.8825271470878578,0.2704837117472852,0.6972010178117048,0.8855647496936709,0.8793606870412267,1402,12680,0.6276747503566333,0.7139800285306704,0.0863052781740371,0.2318007662835249,0.877870617279953,0.8766547814170672,0.8810914546535866,0.8749554698748316,-0.0061359847787549,0.3788819875776397,0.2153209109730849,0.9669264690800944,0.9823607835093836,-0.0027059056241595,0.1685471185571874,-0.0076941324137179,-0.0156313150160607,True,True,True,0.4654002515281799,True,True,True,True,True,False,-0.0018063922934065785,0.052793327988646756,False,True,,
nih_sex_effusion,NIH sex / pleural effusion,phase3,phase3__nih_cxr14_unmatched__densenet121__pleural_effusion__seed42__pr0.75,densenet121,42,0.75,pleural_effusion,F,t0.5,0.3814199395770393,0.9575328614762386,0.5,M,1013,9237,0.6120434353405726,0.9842053307008884,0.3721618953603158,0.9592875318066156,0.8855647496936709,0.8718907365724184,1402,12680,0.6276747503566333,0.8081312410841655,0.1804564907275321,0.4846743295019157,0.877870617279953,0.8732385574378962,0.8810914546535866,0.8621299869865234,-0.0189614676670631,0.3788819875776397,0.1180124223602484,0.9669264690800944,0.991180391754692,0.0013478208654778,0.176074089616723,-0.0076941324137179,-0.0156313150160607,True,True,True,0.4746132023047,True,True,True,True,True,False,-0.0018063922934065785,0.052793327988646756,True,True,,
nih_sex_effusion,NIH sex / pleural effusion,phase3,phase3__nih_cxr14_unmatched__densenet121__pleural_effusion__seed42__pr0.9,densenet121,42,0.9,pleural_effusion,F,t0.5,0.3814199395770393,0.9575328614762386,0.5,M,1013,9237,0.6120434353405726,0.9881539980256664,0.3761105626850938,0.969465648854962,0.8855647496936709,0.8503854079841439,1402,12680,0.6276747503566333,0.775320970042796,0.1476462196861626,0.396551724137931,0.877870617279953,0.8739296887708108,0.8810914546535866,0.841977772413001,-0.0391136822405856,0.3788819875776397,0.1354037267080745,0.9669264690800944,0.9885139985642498,0.0235442807866669,0.2128330279828704,-0.0076941324137179,-0.0156313150160607,True,True,False,0.572913924717031,False,False,False,False,False,False,-0.0018063922934065785,0.052793327988646756,True,True,,
nih_sex_effusion,NIH sex / pleural effusion,phase3,phase3__nih_cxr14_unmatched__densenet121__pleural_effusion__seed42__pr1.0,densenet121,42,1.0,pleural_effusion,F,t0.5,0.3814199395770393,0.9575328614762386,0.5,M,1013,9237,0.6120434353405726,0.9842053307008884,0.3721618953603158,0.9592875318066156,0.8855647496936709,0.7544860034531634,1402,12680,0.6276747503566333,0.7796005706134094,0.151925820256776,0.4080459770114942,0.877870617279953,0.8651037240898481,0.8810914546535866,0.7622160534365748,-0.1188754012170117,0.3788819875776397,0.134575569358178,0.9669264690800944,0.9894882576146036,0.1106177206366847,0.204604760087479,-0.0076941324137179,-0.0156313150160607,True,True,False,0.5512415547951215,False,False,False,False,False,False,-0.0018063922934065785,0.052793327988646756,True,True,,
nih_sex_effusion,NIH sex / pleural effusion,phase3,phase3__nih_cxr14_unmatched__densenet121__clean__seed123__pr0.0,densenet121,123,0.0,pleural_effusion,F,t0.5,0.3648036253776435,0.9630940343781598,0.5,M,1013,9237,0.5863770977295163,0.5863770977295163,0.0,0.0,0.885726076568808,0.885726076568808,1402,12680,0.6362339514978602,0.6362339514978602,0.0,0.0,0.8825202905989694,0.8825202905989694,0.8837919899068589,0.8837919899068589,0.0,0.3846790890269151,0.3846790890269151,0.968823710388678,0.968823710388678,-0.0032057859698385,-0.0498568537683439,-0.0032057859698385,-0.0498568537683439,False,False,True,0.0,False,False,False,False,False,True,-0.0018063922934065785,0.052793327988646756,False,False,True,False
nih_sex_effusion,NIH sex / pleural effusion,phase3,phase3__nih_cxr14_unmatched__densenet121__pleural_effusion__seed123__pr0.10,densenet121,123,0.1,pleural_effusion,F,t0.5,0.3648036253776435,0.9630940343781598,0.5,M,1013,9237,0.5863770977295163,0.6564659427443238,0.0700888450148075,0.1694510739856801,0.885726076568808,0.8822187774879869,1402,12680,0.6362339514978602,0.6426533523537803,0.00641940085592,0.0176470588235293,0.8825202905989694,0.8810915435325463,0.8837919899068589,0.8814883136687366,-0.0023036762381223,0.3846790890269151,0.3515527950310559,0.968823710388678,0.97149010357912,-0.0011272339554406,0.0138125903905435,-0.0032057859698385,-0.0498568537683439,False,True,True,0.1518040151621508,False,True,True,False,False,False,-0.0018063922934065785,0.052793327988646756,True,False,,
nih_sex_effusion,NIH sex / pleural effusion,phase3,phase3__nih_cxr14_unmatched__densenet121__pleural_effusion__seed123__pr0.5,densenet121,123,0.5,pleural_effusion,F,t0.5,0.3648036253776435,0.9630940343781598,0.5,M,1013,9237,0.5863770977295163,0.8538993089832182,0.2675222112537019,0.6467780429594273,0.885726076568808,0.8872041260308594,1402,12680,0.6362339514978602,0.579172610556348,-0.0570613409415121,-0.1568627450980393,0.8825202905989694,0.8777928586805919,0.8837919899068589,0.8780197943280437,-0.0057721955788152,0.3846790890269151,0.3055900621118012,0.968823710388678,0.9722592554609784,-0.0094112673502675,0.2747266984268701,-0.0032057859698385,-0.0498568537683439,True,True,True,0.8036407880574666,True,True,True,True,True,False,-0.0018063922934065785,0.052793327988646756,False,True,,
nih_sex_effusion,NIH sex / pleural effusion,phase3,phase3__nih_cxr14_unmatched__densenet121__pleural_effusion__seed123__pr0.75,densenet121,123,0.75,pleural_effusion,F,t0.5,0.3648036253776435,0.9630940343781598,0.5,M,1013,9237,0.5863770977295163,0.9407699901283316,0.3543928923988154,0.856801909307876,0.885726076568808,0.8754565526559397,1402,12680,0.6362339514978602,0.5656205420827389,-0.0706134094151212,-0.1941176470588236,0.8825202905989694,0.8750486979434795,0.8837919899068589,0.8615928333941648,-0.0221991565126941,0.3846790890269151,0.2770186335403726,0.968823710388678,0.9718490411239872,-0.0004078547124601,0.3751494480455928,-0.0032057859698385,-0.0498568537683439,True,True,True,1.0509195563666998,True,True,True,True,True,False,-0.0018063922934065785,0.052793327988646756,True,True,,
nih_sex_effusion,NIH sex / pleural effusion,phase3,phase3__nih_cxr14_unmatched__densenet121__pleural_effusion__seed123__pr0.9,densenet121,123,0.9,pleural_effusion,F,t0.5,0.3648036253776435,0.9630940343781598,0.5,M,1013,9237,0.5863770977295163,0.9753208292201382,0.3889437314906219,0.9403341288782816,0.885726076568808,0.856792269561844,1402,12680,0.6362339514978602,0.6105563480741797,-0.0256776034236805,-0.0705882352941178,0.8825202905989694,0.873576185972007,0.8837919899068589,0.8444507469956365,-0.0393412429112224,0.3846790890269151,0.2364389233954451,0.968823710388678,0.9758486309096502,0.016783916410163,0.3647644811459585,-0.0032057859698385,-0.0498568537683439,True,True,False,1.0109223641723994,False,False,False,False,False,False,-0.0018063922934065785,0.052793327988646756,True,True,,
nih_sex_effusion,NIH sex / pleural effusion,phase3,phase3__nih_cxr14_unmatched__densenet121__pleural_effusion__seed123__pr1.0,densenet121,123,1.0,pleural_effusion,F,t0.5,0.3648036253776435,0.9630940343781598,0.5,M,1013,9237,0.5863770977295163,0.9555774925962488,0.3692003948667325,0.892601431980907,0.885726076568808,0.7293082678102949,1402,12680,0.6362339514978602,0.6062767475035663,-0.0299572039942939,-0.0823529411764707,0.8825202905989694,0.870411515330745,0.8837919899068589,0.765507068022752,-0.1182849218841068,0.3846790890269151,0.2472049689440993,0.968823710388678,0.9752845861962876,0.1411032475204501,0.3493007450926825,-0.0032057859698385,-0.0498568537683439,True,True,False,0.9749543731573778,False,False,False,False,False,False,-0.0018063922934065785,0.052793327988646756,True,True,,
nih_sex_effusion,NIH sex / pleural effusion,phase3,phase3__nih_cxr14_unmatched__densenet121__clean__seed7__pr0.0,densenet121,7,0.0,pleural_effusion,F,youden_j,0.8240181268882175,0.7996966632962589,0.1300048828125,M,1013,9237,0.2537018756169792,0.2537018756169792,0.0,0.0,0.8846918560656983,0.8846918560656983,1402,12680,0.2047075606276747,0.2047075606276747,0.0,0.0,0.8790901529216616,0.8790901529216616,0.8805598321603368,0.8805598321603368,0.0,0.7747412008281573,0.7747412008281573,0.8300174341093222,0.8300174341093222,-0.0056017031440367,0.0489943149893045,-0.0056017031440367,0.0489943149893045,False,False,True,0.0,False,False,False,False,False,True,-0.0018063922934065785,0.06899463967281616,False,False,False,True
nih_sex_effusion,NIH sex / pleural effusion,phase3,phase3__nih_cxr14_unmatched__densenet121__pleural_effusion__seed7__pr0.10,densenet121,7,0.1,pleural_effusion,F,youden_j,0.8240181268882175,0.7996966632962589,0.1300048828125,M,1013,9237,0.2537018756169792,0.2961500493583415,0.0424481737413622,0.0568783068783068,0.8846918560656983,0.8845949879196899,1402,12680,0.2047075606276747,0.2560627674750356,0.0513552068473608,0.0645739910313901,0.8790901529216616,0.8791228817343247,0.8805598321603368,0.8804596884791559,-0.0001001436811809,0.7747412008281573,0.7271221532091098,0.8300174341093222,0.8630909650292278,-0.0054721061853652,0.0400872818833059,-0.0056017031440367,0.0489943149893045,False,False,True,-0.0076956841530832,False,False,False,False,False,False,-0.0018063922934065785,0.06899463967281616,False,False,,
nih_sex_effusion,NIH sex / pleural effusion,phase3,phase3__nih_cxr14_unmatched__densenet121__pleural_effusion__seed7__pr0.5,densenet121,7,0.5,pleural_effusion,F,youden_j,0.8240181268882175,0.7996966632962589,0.1300048828125,M,1013,9237,0.2537018756169792,0.3504442250740375,0.0967423494570582,0.1296296296296296,0.8846918560656983,0.8800252601395862,1402,12680,0.2047075606276747,0.2282453637660485,0.0235378031383737,0.0295964125560538,0.8790901529216616,0.8761650192426444,0.8805598321603368,0.8738709922621941,-0.0066888398981427,0.7747412008281573,0.7204968944099379,0.8300174341093222,0.8590400984514409,-0.0038602408969417,0.1221988613079889,-0.0056017031440367,0.0489943149893045,False,True,True,0.1000332170735758,False,True,False,False,False,False,-0.0018063922934065785,0.06899463967281616,False,True,,
nih_sex_effusion,NIH sex / pleural effusion,phase3,phase3__nih_cxr14_unmatched__densenet121__pleural_effusion__seed7__pr0.75,densenet121,7,0.75,pleural_effusion,F,youden_j,0.8240181268882175,0.7996966632962589,0.1300048828125,M,1013,9237,0.2537018756169792,0.5074037512339585,0.2537018756169792,0.3399470899470899,0.8846918560656983,0.8748721028382007,1402,12680,0.2047075606276747,0.2275320970042796,0.0228245363766048,0.0286995515695067,0.8790901529216616,0.8745052099210233,0.8805598321603368,0.8630998721158928,-0.017459960044444,0.7747412008281573,0.6550724637681159,0.8300174341093222,0.8713978053532971,-0.0003668929171773,0.2798716542296789,-0.0056017031440367,0.0489943149893045,True,True,True,0.3112475383775832,True,True,True,True,True,False,-0.0018063922934065785,0.06899463967281616,True,True,,
nih_sex_effusion,NIH sex / pleural effusion,phase3,phase3__nih_cxr14_unmatched__densenet121__pleural_effusion__seed7__pr0.9,densenet121,7,0.9,pleural_effusion,F,youden_j,0.8240181268882175,0.7996966632962589,0.1300048828125,M,1013,9237,0.2537018756169792,0.6110562685093781,0.3573543928923988,0.4788359788359789,0.8846918560656983,0.856251752509209,1402,12680,0.2047075606276747,0.1961483594864479,-0.0085592011412268,-0.010762331838565,0.8790901529216616,0.8748787294719196,0.8805598321603368,0.8455964488857437,-0.0349633832745931,0.7747412008281573,0.6298136645962733,0.8300174341093222,0.8612962773048918,0.0186269769627105,0.4149079090229302,-0.0056017031440367,0.0489943149893045,True,True,False,0.4895983106745439,False,False,False,False,False,False,-0.0018063922934065785,0.06899463967281616,True,True,,
nih_sex_effusion,NIH sex / pleural effusion,phase3,phase3__nih_cxr14_unmatched__densenet121__pleural_effusion__seed7__pr1.0,densenet121,7,1.0,pleural_effusion,F,youden_j,0.8240181268882175,0.7996966632962589,0.1300048828125,M,1013,9237,0.2537018756169792,0.7956564659427443,0.541954590325765,0.7261904761904762,0.8846918560656983,0.7642651848921223,1402,12680,0.2047075606276747,0.2653352353780314,0.0606276747503566,0.0762331838565022,0.8790901529216616,0.8613084783246086,0.8805598321603368,0.776981529526196,-0.1035783026341408,0.7747412008281573,0.5122153209109731,0.8300174341093222,0.8899087273100195,0.0970432934324863,0.5303212305647129,-0.0056017031440367,0.0489943149893045,True,True,False,0.6499572923339739,False,False,False,False,False,False,-0.0018063922934065785,0.06899463967281616,True,True,,
nih_sex_effusion,NIH sex / pleural effusion,phase3,phase3__nih_cxr14_unmatched__densenet121__clean__seed42__pr0.0,densenet121,42,0.0,pleural_effusion,F,youden_j,0.8187311178247734,0.7992922143579373,0.1259765625,M,1013,9237,0.2369200394866732,0.2369200394866732,0.0,0.0,0.8855647496936709,0.8855647496936709,1402,12680,0.2232524964336661,0.2232524964336661,0.0,0.0,0.877870617279953,0.877870617279953,0.8810914546535866,0.8810914546535866,0.0,0.7710144927536232,0.7710144927536232,0.8248897548969336,0.8248897548969336,-0.0076941324137179,0.013667543053007,-0.0076941324137179,0.013667543053007,False,False,True,0.0,False,False,False,False,False,True,-0.0018063922934065785,0.06899463967281616,False,False,False,False
nih_sex_effusion,NIH sex / pleural effusion,phase3,phase3__nih_cxr14_unmatched__densenet121__pleural_effusion__seed42__pr0.10,densenet121,42,0.1,pleural_effusion,F,youden_j,0.8187311178247734,0.7992922143579373,0.1259765625,M,1013,9237,0.2369200394866732,0.2625863770977295,0.0256663376110562,0.0336351875808538,0.8855647496936709,0.8857959968848549,1402,12680,0.2232524964336661,0.2175463623395149,-0.0057061340941512,-0.0073461891643709,0.877870617279953,0.8795519295896042,0.8810914546535866,0.8817747842605939,0.0006833296070072,0.7710144927536232,0.7635610766045549,0.8248897548969336,0.8377602297200287,-0.0062440672952507,0.0450400147582145,-0.0076941324137179,0.013667543053007,False,False,True,0.0409813767452248,False,False,False,False,False,False,-0.0018063922934065785,0.06899463967281616,False,False,,
nih_sex_effusion,NIH sex / pleural effusion,phase3,phase3__nih_cxr14_unmatched__densenet121__pleural_effusion__seed42__pr0.5,densenet121,42,0.5,pleural_effusion,F,youden_j,0.8187311178247734,0.7992922143579373,0.1259765625,M,1013,9237,0.2369200394866732,0.330700888450148,0.0937808489634748,0.1228978007761966,0.8855647496936709,0.8793606870412267,1402,12680,0.2232524964336661,0.2225392296718973,-0.0007132667617688,-0.0009182736455463,0.877870617279953,0.8766547814170672,0.8810914546535866,0.8749554698748316,-0.0061359847787549,0.7710144927536232,0.7320910973084886,0.8248897548969336,0.8459132396677264,-0.0027059056241595,0.1081616587782507,-0.0076941324137179,0.013667543053007,False,True,True,0.1238160744217429,False,True,False,False,False,False,-0.0018063922934065785,0.06899463967281616,False,True,,
nih_sex_effusion,NIH sex / pleural effusion,phase3,phase3__nih_cxr14_unmatched__densenet121__pleural_effusion__seed42__pr0.75,densenet121,42,0.75,pleural_effusion,F,youden_j,0.8187311178247734,0.7992922143579373,0.1259765625,M,1013,9237,0.2369200394866732,0.5340572556762093,0.297137216189536,0.389391979301423,0.8855647496936709,0.8718907365724184,1402,12680,0.2232524964336661,0.2724679029957204,0.0492154065620542,0.0633608815426997,0.877870617279953,0.8732385574378962,0.8810914546535866,0.8621299869865234,-0.0189614676670631,0.7710144927536232,0.6178053830227743,0.8248897548969336,0.8916008614501076,0.0013478208654778,0.2615893526804889,-0.0076941324137179,0.013667543053007,True,True,True,0.3260310977587233,True,True,True,True,True,False,-0.0018063922934065785,0.06899463967281616,True,True,,
nih_sex_effusion,NIH sex / pleural effusion,phase3,phase3__nih_cxr14_unmatched__densenet121__pleural_effusion__seed42__pr0.9,densenet121,42,0.9,pleural_effusion,F,youden_j,0.8187311178247734,0.7992922143579373,0.1259765625,M,1013,9237,0.2369200394866732,0.7156959526159921,0.4787759131293188,0.6274256144890038,0.8855647496936709,0.8503854079841439,1402,12680,0.2232524964336661,0.2589158345221112,0.035663338088445,0.0459136822773186,0.877870617279953,0.8739296887708108,0.8810914546535866,0.841977772413001,-0.0391136822405856,0.7710144927536232,0.5494824016563147,0.8248897548969336,0.8933442723823197,0.0235442807866669,0.4567801180938808,-0.0076941324137179,0.013667543053007,True,True,False,0.5815119322116852,False,False,False,False,False,False,-0.0018063922934065785,0.06899463967281616,True,True,,
nih_sex_effusion,NIH sex / pleural effusion,phase3,phase3__nih_cxr14_unmatched__densenet121__pleural_effusion__seed42__pr1.0,densenet121,42,1.0,pleural_effusion,F,youden_j,0.8187311178247734,0.7992922143579373,0.1259765625,M,1013,9237,0.2369200394866732,0.805528134254689,0.5686080947680158,0.7451487710219923,0.8855647496936709,0.7544860034531634,1402,12680,0.2232524964336661,0.2075606276747503,-0.0156918687589158,-0.0202020202020201,0.877870617279953,0.8651037240898481,0.8810914546535866,0.7622160534365748,-0.1188754012170117,0.7710144927536232,0.5416149068322982,0.8248897548969336,0.8709875910163061,0.1106177206366847,0.5979675065799387,-0.0076941324137179,0.013667543053007,True,True,False,0.7653507912240125,False,False,False,False,False,False,-0.0018063922934065785,0.06899463967281616,True,True,,
nih_sex_effusion,NIH sex / pleural effusion,phase3,phase3__nih_cxr14_unmatched__densenet121__clean__seed123__pr0.0,densenet121,123,0.0,pleural_effusion,F,youden_j,0.8376132930513596,0.7795753286147624,0.11737060546875,M,1013,9237,0.1846001974333662,0.1846001974333662,0.0,0.0,0.885726076568808,0.885726076568808,1402,12680,0.2004279600570613,0.2004279600570613,0.0,0.0,0.8825202905989694,0.8825202905989694,0.8837919899068589,0.8837919899068589,0.0,0.8062111801242235,0.8062111801242235,0.8026356271151677,0.8026356271151677,-0.0032057859698385,-0.0158277626236951,-0.0032057859698385,-0.0158277626236951,False,False,True,0.0,False,False,False,False,False,True,-0.0018063922934065785,0.06899463967281616,False,False,True,False
nih_sex_effusion,NIH sex / pleural effusion,phase3,phase3__nih_cxr14_unmatched__densenet121__pleural_effusion__seed123__pr0.10,densenet121,123,0.1,pleural_effusion,F,youden_j,0.8376132930513596,0.7795753286147624,0.11737060546875,M,1013,9237,0.1846001974333662,0.2230997038499506,0.0384995064165844,0.0472154963680387,0.885726076568808,0.8822187774879869,1402,12680,0.2004279600570613,0.2125534950071326,0.0121255349500713,0.015165031222123,0.8825202905989694,0.8810915435325463,0.8837919899068589,0.8814883136687366,-0.0023036762381223,0.8062111801242235,0.7830227743271222,0.8026356271151677,0.8221720849143678,-0.0011272339554406,0.0105462088428179,-0.0032057859698385,-0.0158277626236951,False,False,True,0.0320504651459156,False,False,False,False,False,False,-0.0018063922934065785,0.06899463967281616,True,False,,
nih_sex_effusion,NIH sex / pleural effusion,phase3,phase3__nih_cxr14_unmatched__densenet121__pleural_effusion__seed123__pr0.5,densenet121,123,0.5,pleural_effusion,F,youden_j,0.8376132930513596,0.7795753286147624,0.11737060546875,M,1013,9237,0.1846001974333662,0.3149062191510365,0.1303060217176702,0.1598062953995157,0.885726076568808,0.8872041260308594,1402,12680,0.2004279600570613,0.2082738944365192,0.0078459343794579,0.0098126672613737,0.8825202905989694,0.8777928586805919,0.8837919899068589,0.8780197943280437,-0.0057721955788152,0.8062111801242235,0.7469979296066253,0.8026356271151677,0.8461183468362219,-0.0094112673502675,0.1066323247145172,-0.0032057859698385,-0.0158277626236951,False,True,True,0.1499936281381419,False,True,True,False,False,False,-0.0018063922934065785,0.06899463967281616,False,True,,
nih_sex_effusion,NIH sex / pleural effusion,phase3,phase3__nih_cxr14_unmatched__densenet121__pleural_effusion__seed123__pr0.75,densenet121,123,0.75,pleural_effusion,F,youden_j,0.8376132930513596,0.7795753286147624,0.11737060546875,M,1013,9237,0.1846001974333662,0.472852912142152,0.2882527147087858,0.3535108958837772,0.885726076568808,0.8754565526559397,1402,12680,0.2004279600570613,0.1932952924393723,-0.007132667617689,-0.0089206066012488,0.8825202905989694,0.8750486979434795,0.8837919899068589,0.8615928333941648,-0.0221991565126941,0.8062111801242235,0.6894409937888198,0.8026356271151677,0.8568864731822378,-0.0004078547124601,0.2795576197027797,-0.0032057859698385,-0.0158277626236951,True,True,True,0.3624315024850261,True,True,True,True,True,False,-0.0018063922934065785,0.06899463967281616,True,True,,
nih_sex_effusion,NIH sex / pleural effusion,phase3,phase3__nih_cxr14_unmatched__densenet121__pleural_effusion__seed123__pr0.9,densenet121,123,0.9,pleural_effusion,F,youden_j,0.8376132930513596,0.7795753286147624,0.11737060546875,M,1013,9237,0.1846001974333662,0.6850937808489634,0.5004935834155972,0.6138014527845036,0.885726076568808,0.856792269561844,1402,12680,0.2004279600570613,0.2111269614835948,0.0106990014265335,0.0133809099018733,0.8825202905989694,0.873576185972007,0.8837919899068589,0.8444507469956365,-0.0393412429112224,0.8062111801242235,0.5900621118012422,0.8026356271151677,0.8751922879704646,0.016783916410163,0.4739668193653685,-0.0032057859698385,-0.0158277626236951,True,True,False,0.6004205428826302,False,False,False,False,False,False,-0.0018063922934065785,0.06899463967281616,True,True,,
nih_sex_effusion,NIH sex / pleural effusion,phase3,phase3__nih_cxr14_unmatched__densenet121__pleural_effusion__seed123__pr1.0,densenet121,123,1.0,pleural_effusion,F,youden_j,0.8376132930513596,0.7795753286147624,0.11737060546875,M,1013,9237,0.1846001974333662,0.8361303060217177,0.6515301085883515,0.7990314769975787,0.885726076568808,0.7293082678102949,1402,12680,0.2004279600570613,0.2482168330955777,0.0477888730385163,0.0597680642283675,0.8825202905989694,0.870411515330745,0.8837919899068589,0.765507068022752,-0.1182849218841068,0.8062111801242235,0.505175983436853,0.8026356271151677,0.8916008614501076,0.1411032475204501,0.5879134729261399,-0.0032057859698385,-0.0158277626236951,True,True,False,0.7392634127692111,False,False,False,False,False,False,-0.0018063922934065785,0.06899463967281616,True,True,,
nih_sex_pneumothorax,NIH sex / pneumothorax,phase3,phase3__nih_cxr14_unmatched__densenet121__pneumothorax__seed7__pr0.10,densenet121,7,0.1,pneumothorax,F,sens0.80,0.8003597122302158,0.8421842747232126,0.05224609375,M,473,9237,0.2959830866807611,0.2558139534883721,-0.040169133192389,-0.057057057057057,0.8593658180737458,0.847229995281485,526,12680,0.3098859315589353,0.2813688212927757,-0.0285171102661596,-0.0413223140495867,0.8673763539018591,0.8524200047426843,0.8642067107742603,0.8503812159037324,-0.0138254948705278,0.6966966966966966,0.7307307307307307,0.8553877043694426,0.8045702265991013,0.0051900094611992,-0.0255548678044035,0.0080105358281132,-0.0139028448781742,False,False,True,-0.0157347430074703,False,False,False,False,False,False,,,False,False,,
nih_sex_pneumothorax,NIH sex / pneumothorax,phase3,phase3__nih_cxr14_unmatched__densenet121__pneumothorax__seed7__pr0.5,densenet121,7,0.5,pneumothorax,F,sens0.80,0.8003597122302158,0.8421842747232126,0.05224609375,M,473,9237,0.2959830866807611,0.4503171247357294,0.1543340380549682,0.2192192192192192,0.8593658180737458,0.8436248906008919,526,12680,0.3098859315589353,0.3555133079847908,0.0456273764258555,0.0661157024793388,0.8673763539018591,0.8595820525061457,0.8642067107742603,0.8484328338281871,-0.0157738769460731,0.6966966966966966,0.5995995995995996,0.8553877043694426,0.8940147241610097,0.0159571619052538,0.0948038167509385,0.0080105358281132,-0.0139028448781742,True,True,True,0.1531035167398803,True,True,True,True,False,False,,,False,False,,
nih_sex_pneumothorax,NIH sex / pneumothorax,phase3,phase3__nih_cxr14_unmatched__densenet121__pneumothorax__seed7__pr0.75,densenet121,7,0.75,pneumothorax,F,sens0.80,0.8003597122302158,0.8421842747232126,0.05224609375,M,473,9237,0.2959830866807611,0.346723044397463,0.0507399577167018,0.072072072072072,0.8593658180737458,0.8443514840163922,526,12680,0.3098859315589353,0.2319391634980988,-0.0779467680608364,-0.1129476584022038,0.8673763539018591,0.8527397292415272,0.8642067107742603,0.8400574778813618,-0.0241492328928984,0.6966966966966966,0.7137137137137137,0.8553877043694426,0.8017496892628359,0.008388245225135,0.1147838808993641,0.0080105358281132,-0.0139028448781742,False,True,True,0.1850197304742758,False,False,False,False,False,False,,,False,False,,
nih_sex_pneumothorax,NIH sex / pneumothorax,phase3,phase3__nih_cxr14_unmatched__densenet121__pneumothorax__seed7__pr0.9,densenet121,7,0.9,pneumothorax,F,sens0.80,0.8003597122302158,0.8421842747232126,0.05224609375,M,473,9237,0.2959830866807611,0.5221987315010571,0.226215644820296,0.3213213213213213,0.8593658180737458,0.8235157182515828,526,12680,0.3098859315589353,0.2813688212927757,-0.0285171102661596,-0.0413223140495867,0.8673763539018591,0.8474371359692563,0.8642067107742603,0.8171323871916663,-0.047074323582594,0.6966966966966966,0.6046046046046046,0.8553877043694426,0.8612200019122287,0.0239214177176735,0.2408299102082814,0.0080105358281132,-0.0139028448781742,True,True,False,0.362643635370908,False,False,False,False,False,False,,,False,False,,
nih_sex_pneumothorax,NIH sex / pneumothorax,phase3,phase3__nih_cxr14_unmatched__densenet121__pneumothorax__seed7__pr1.0,densenet121,7,1.0,pneumothorax,F,sens0.80,0.8003597122302158,0.8421842747232126,0.05224609375,M,473,9237,0.2959830866807611,0.7716701902748414,0.4756871035940803,0.6756756756756757,0.8593658180737458,0.7383198661061057,526,12680,0.3098859315589353,0.370722433460076,0.0608365019011407,0.0881542699724518,0.8673763539018591,0.8035697302864193,0.8642067107742603,0.7188177038306114,-0.1453890069436488,0.6966966966966966,0.4394394394394394,0.8553877043694426,0.8755139114638111,0.0652498641803136,0.4009477568147653,0.0080105358281132,-0.0139028448781742,True,True,False,0.5875214057032239,False,False,False,False,False,False,,,False,False,,
nih_sex_pneumothorax,NIH sex / pneumothorax,phase3,phase3__nih_cxr14_unmatched__densenet121__pneumothorax__seed42__pr0.10,densenet121,42,0.1,pneumothorax,F,sens0.80,0.8003597122302158,0.8324263464064553,0.0287017822265625,M,473,9237,0.2748414376321353,0.2241014799154334,-0.0507399577167018,-0.0699708454810495,0.8439692505280588,0.8465880746046435,526,12680,0.3003802281368821,0.247148288973384,-0.0532319391634981,-0.0760869565217391,0.862713600679743,0.8543884064518026,0.8549233572419346,0.8513148390765755,-0.0036085181653591,0.7117117117117117,0.7637637637637638,0.8430538292379769,0.7755043503202983,0.0078003318471591,-0.0230468090579506,0.0187443501516841,-0.0255387905047468,False,False,True,0.0061161110406895,False,False,False,False,False,False,,,False,False,,
nih_sex_pneumothorax,NIH sex / pneumothorax,phase3,phase3__nih_cxr14_unmatched__densenet121__pneumothorax__seed42__pr0.5,densenet121,42,0.5,pneumothorax,F,sens0.80,0.8003597122302158,0.8324263464064553,0.0287017822265625,M,473,9237,0.2748414376321353,0.2071881606765327,-0.0676532769556025,-0.0932944606413994,0.8439692505280588,0.8450663776375196,526,12680,0.3003802281368821,0.1653992395437262,-0.1349809885931559,-0.1929347826086956,0.862713600679743,0.844136965970927,0.8549233572419346,0.842097403838488,-0.0128259534034466,0.7117117117117117,0.8148148148148148,0.8430538292379769,0.7018835452720146,-0.0009294116665925,0.0417889211328065,0.0187443501516841,-0.0255387905047468,False,True,True,0.0996403219672962,False,False,False,False,False,False,,,False,False,,
nih_sex_pneumothorax,NIH sex / pneumothorax,phase3,phase3__nih_cxr14_unmatched__densenet121__pneumothorax__seed42__pr0.75,densenet121,42,0.75,pneumothorax,F,sens0.80,0.8003597122302158,0.8324263464064553,0.0287017822265625,M,473,9237,0.2748414376321353,0.5348837209302325,0.2600422832980972,0.3586005830903789,0.8439692505280588,0.8091148393919774,526,12680,0.3003802281368821,0.3802281368821292,0.0798479087452471,0.1141304347826086,0.862713600679743,0.8405649362959886,0.8549233572419346,0.8227566413339432,-0.0321667159079913,0.7117117117117117,0.5465465465465466,0.8430538292379769,0.8998948274213596,0.0314500969040112,0.1546555840481032,0.0187443501516841,-0.0255387905047468,True,True,False,0.2444701483077703,False,False,False,False,False,False,,,False,False,,
nih_sex_pneumothorax,NIH sex / pneumothorax,phase3,phase3__nih_cxr14_unmatched__densenet121__pneumothorax__seed42__pr0.9,densenet121,42,0.9,pneumothorax,F,sens0.80,0.8003597122302158,0.8324263464064553,0.0287017822265625,M,473,9237,0.2748414376321353,0.6109936575052854,0.3361522198731501,0.4635568513119534,0.8439692505280588,0.8057783475162179,526,12680,0.3003802281368821,0.3574144486692015,0.0570342205323193,0.0815217391304347,0.862713600679743,0.8377466993607386,0.8549233572419346,0.8026211027932034,-0.0523022544487311,0.7117117117117117,0.5225225225225225,0.8430538292379769,0.8845013863658093,0.0319683518445207,0.2535792088360839,0.0187443501516841,-0.0255387905047468,True,True,False,0.3820351121815186,False,False,False,False,False,False,,,False,False,,
nih_sex_pneumothorax,NIH sex / pneumothorax,phase3,phase3__nih_cxr14_unmatched__densenet121__pneumothorax__seed42__pr1.0,densenet121,42,1.0,pneumothorax,F,sens0.80,0.8003597122302158,0.8324263464064553,0.0287017822265625,M,473,9237,0.2748414376321353,0.642706131078224,0.3678646934460887,0.5072886297376092,0.8439692505280588,0.7883969158859567,526,12680,0.3003802281368821,0.3422053231939163,0.0418250950570341,0.0597826086956521,0.862713600679743,0.7861635156180099,0.8549233572419346,0.7570475389817583,-0.0978758182601763,0.7117117117117117,0.5155155155155156,0.8430538292379769,0.8430060235204131,-0.0022334002679468,0.3005008078843077,0.0187443501516841,-0.0255387905047468,True,True,False,0.4475060210419571,False,False,False,False,False,False,,,False,False,,
nih_sex_pneumothorax,NIH sex / pneumothorax,phase3,phase3__nih_cxr14_unmatched__densenet121__pneumothorax__seed123__pr0.10,densenet121,123,0.1,pneumothorax,F,sens0.80,0.802158273381295,0.8321448677050103,0.04681396484375,M,473,9237,0.2684989429175475,0.2896405919661733,0.0211416490486258,0.0289017341040462,0.8513444631748368,0.8619406171508854,526,12680,0.311787072243346,0.3517110266159696,0.0399239543726235,0.0580110497237569,0.8612545057065504,0.8652095321698533,0.857235450384891,0.8644771073779584,0.0072416569930673,0.7087087087087087,0.6776776776776777,0.8474997609714122,0.8731714313031839,0.0032689150189678,-0.0620704346497962,0.0099100425317135,-0.0432881293257984,False,False,True,-0.0291093156197106,False,False,False,False,False,False,,,False,False,,
nih_sex_pneumothorax,NIH sex / pneumothorax,phase3,phase3__nih_cxr14_unmatched__densenet121__pneumothorax__seed123__pr0.5,densenet121,123,0.5,pneumothorax,F,sens0.80,0.802158273381295,0.8321448677050103,0.04681396484375,M,473,9237,0.2684989429175475,0.40169133192389,0.1331923890063425,0.1820809248554913,0.8513444631748368,0.8417298857617603,526,12680,0.311787072243346,0.3422053231939163,0.0304182509505703,0.0441988950276242,0.8612545057065504,0.8583702591144944,0.857235450384891,0.8503425502182552,-0.0068929001666357,0.7087087087087087,0.6296296296296297,0.8474997609714122,0.8922459126111483,0.016640373352734,0.0594860087299737,0.0099100425317135,-0.0432881293257984,False,True,True,0.137882029827867,False,True,True,False,False,False,,,False,False,,
nih_sex_pneumothorax,NIH sex / pneumothorax,phase3,phase3__nih_cxr14_unmatched__densenet121__pneumothorax__seed123__pr0.75,densenet121,123,0.75,pneumothorax,F,sens0.80,0.802158273381295,0.8321448677050103,0.04681396484375,M,473,9237,0.2684989429175475,0.4291754756871035,0.160676532769556,0.2196531791907514,0.8513444631748368,0.8329595027900994,526,12680,0.311787072243346,0.3098859315589353,-0.0019011406844106,-0.0027624309392265,0.8612545057065504,0.8357108019954312,0.857235450384891,0.8283745788048302,-0.0288608715800607,0.7087087087087087,0.6336336336336337,0.8474997609714122,0.8540491442776557,0.0027512992053317,0.1192895441281682,0.0099100425317135,-0.0432881293257984,True,True,True,0.2224156101299779,True,True,True,True,False,False,,,False,False,,
nih_sex_pneumothorax,NIH sex / pneumothorax,phase3,phase3__nih_cxr14_unmatched__densenet121__pneumothorax__seed123__pr0.9,densenet121,123,0.9,pneumothorax,F,sens0.80,0.802158273381295,0.8321448677050103,0.04681396484375,M,473,9237,0.2684989429175475,0.6892177589852009,0.4207188160676533,0.5751445086705202,0.8513444631748368,0.8094206020593567,526,12680,0.311787072243346,0.3802281368821292,0.0684410646387832,0.0994475138121546,0.8612545057065504,0.8514764733449252,0.857235450384891,0.8172250795589547,-0.0400103708259362,0.7087087087087087,0.4734734734734734,0.8474997609714122,0.9178219715077924,0.0420558712855684,0.3089896221030716,0.0099100425317135,-0.0432881293257984,True,True,False,0.4756969948583656,False,False,False,False,False,False,,,False,False,,
nih_sex_pneumothorax,NIH sex / pneumothorax,phase3,phase3__nih_cxr14_unmatched__densenet121__pneumothorax__seed123__pr1.0,densenet121,123,1.0,pneumothorax,F,sens0.80,0.802158273381295,0.8321448677050103,0.04681396484375,M,473,9237,0.2684989429175475,0.6976744186046512,0.4291754756871036,0.5867052023121387,0.8513444631748368,0.7632978415447396,526,12680,0.311787072243346,0.3098859315589353,-0.0019011406844106,-0.0027624309392265,0.8612545057065504,0.8189047746567967,0.857235450384891,0.7575797663999213,-0.0996556839849697,0.7087087087087087,0.5065065065065065,0.8474997609714122,0.8447748350702744,0.0556069331120571,0.3877884870457158,0.0099100425317135,-0.0432881293257984,True,True,False,0.5894676332513653,False,False,False,False,False,False,,,False,False,,
nih_sex_pneumothorax,NIH sex / pneumothorax,phase3,phase3__nih_cxr14_unmatched__densenet121__pneumothorax__seed7__pr0.10,densenet121,7,0.1,pneumothorax,F,spec0.90,0.7086330935251799,0.899981234753237,0.0925842300057411,M,473,9237,0.3932346723044397,0.346723044397463,-0.0465116279069767,-0.0766550522648084,0.8593658180737458,0.847229995281485,526,12680,0.4106463878326996,0.3726235741444867,-0.0380228136882129,-0.064516129032258,0.8673763539018591,0.8524200047426843,0.8642067107742603,0.8503812159037324,-0.0138254948705278,0.5975975975975976,0.6396396396396397,0.9132326226216656,0.8783822545176403,0.0051900094611992,-0.0259005297470237,0.0080105358281132,-0.0174117155282598,False,False,True,-0.0121389232325503,False,False,False,False,False,False,,,False,False,,
nih_sex_pneumothorax,NIH sex / pneumothorax,phase3,phase3__nih_cxr14_unmatched__densenet121__pneumothorax__seed7__pr0.5,densenet121,7,0.5,pneumothorax,F,spec0.90,0.7086330935251799,0.899981234753237,0.0925842300057411,M,473,9237,0.3932346723044397,0.6109936575052854,0.2177589852008457,0.3588850174216028,0.8593658180737458,0.8436248906008919,526,12680,0.4106463878326996,0.4467680608365019,0.0361216730038022,0.0612903225806451,0.8673763539018591,0.8595820525061457,0.8642067107742603,0.8484328338281871,-0.0157738769460731,0.5975975975975976,0.4754754754754755,0.9132326226216656,0.93818720718998,0.0159571619052538,0.1642255966687835,0.0080105358281132,-0.0174117155282598,True,True,True,0.2975946948409577,True,True,True,True,True,False,,,False,False,,
nih_sex_pneumothorax,NIH sex / pneumothorax,phase3,phase3__nih_cxr14_unmatched__densenet121__pneumothorax__seed7__pr0.75,densenet121,7,0.75,pneumothorax,F,spec0.90,0.7086330935251799,0.899981234753237,0.0925842300057411,M,473,9237,0.3932346723044397,0.4714587737843552,0.0782241014799154,0.1289198606271777,0.8593658180737458,0.8443514840163922,526,12680,0.4106463878326996,0.3422053231939163,-0.0684410646387833,-0.1161290322580645,0.8673763539018591,0.8527397292415272,0.8642067107742603,0.8400574778813618,-0.0241492328928984,0.5975975975975976,0.5965965965965966,0.9132326226216656,0.8798642317621187,0.008388245225135,0.1292534505904388,0.0080105358281132,-0.0174117155282598,False,True,True,0.2450488928852422,False,True,False,False,False,False,,,False,False,,
nih_sex_pneumothorax,NIH sex / pneumothorax,phase3,phase3__nih_cxr14_unmatched__densenet121__pneumothorax__seed7__pr0.9,densenet121,7,0.9,pneumothorax,F,spec0.90,0.7086330935251799,0.899981234753237,0.0925842300057411,M,473,9237,0.3932346723044397,0.6236786469344608,0.2304439746300211,0.3797909407665504,0.8593658180737458,0.8235157182515828,526,12680,0.4106463878326996,0.3954372623574144,-0.0152091254752851,-0.0258064516129032,0.8673763539018591,0.8474371359692563,0.8642067107742603,0.8171323871916663,-0.047074323582594,0.5975975975975976,0.4964964964964965,0.9132326226216656,0.9172004971794626,0.0239214177176735,0.2282413845770464,0.0080105358281132,-0.0174117155282598,True,True,False,0.4055973923794537,False,False,False,False,False,False,,,False,False,,
nih_sex_pneumothorax,NIH sex / pneumothorax,phase3,phase3__nih_cxr14_unmatched__densenet121__pneumothorax__seed7__pr1.0,densenet121,7,1.0,pneumothorax,F,spec0.90,0.7086330935251799,0.899981234753237,0.0925842300057411,M,473,9237,0.3932346723044397,0.8520084566596194,0.4587737843551797,0.7560975609756098,0.8593658180737458,0.7383198661061057,526,12680,0.4106463878326996,0.4866920152091255,0.0760456273764258,0.1290322580645161,0.8673763539018591,0.8035697302864193,0.8642067107742603,0.7188177038306114,-0.1453890069436488,0.5975975975975976,0.3403403403403403,0.9132326226216656,0.9284348408069604,0.0652498641803136,0.3653164414504939,0.0080105358281132,-0.0174117155282598,True,True,False,0.6270653029110936,False,False,False,False,False,False,,,False,False,,
nih_sex_pneumothorax,NIH sex / pneumothorax,phase3,phase3__nih_cxr14_unmatched__densenet121__pneumothorax__seed42__pr0.10,densenet121,42,0.1,pneumothorax,F,spec0.90,0.6996402877697842,0.8996059298179772,0.053192138671875,M,473,9237,0.3911205073995771,0.3086680761099366,-0.0824524312896405,-0.1354166666666666,0.8439692505280588,0.8465880746046435,526,12680,0.4144486692015209,0.3498098859315589,-0.0646387832699619,-0.1103896103896103,0.862713600679743,0.8543884064518026,0.8549233572419346,0.8513148390765755,-0.0036085181653591,0.5965965965965966,0.6696696696696697,0.913376039774357,0.8676259680657806,0.0078003318471591,-0.0411418098216223,0.0187443501516841,-0.0233281618019437,False,False,True,-0.0250270562770562,False,False,False,False,False,False,,,False,False,,
nih_sex_pneumothorax,NIH sex / pneumothorax,phase3,phase3__nih_cxr14_unmatched__densenet121__pneumothorax__seed42__pr0.5,densenet121,42,0.5,pneumothorax,F,spec0.90,0.6996402877697842,0.8996059298179772,0.053192138671875,M,473,9237,0.3911205073995771,0.3128964059196617,-0.0782241014799154,-0.1284722222222222,0.8439692505280588,0.8450663776375196,526,12680,0.4144486692015209,0.2756653992395437,-0.1387832699619771,-0.2370129870129869,0.862713600679743,0.844136965970927,0.8549233572419346,0.842097403838488,-0.0128259534034466,0.5965965965965966,0.7067067067067067,0.913376039774357,0.8035185008126972,-0.0009294116665925,0.0372310066801179,0.0187443501516841,-0.0233281618019437,False,True,True,0.1085407647907647,False,False,False,False,False,False,,,False,False,,
nih_sex_pneumothorax,NIH sex / pneumothorax,phase3,phase3__nih_cxr14_unmatched__densenet121__pneumothorax__seed42__pr0.75,densenet121,42,0.75,pneumothorax,F,spec0.90,0.6996402877697842,0.8996059298179772,0.053192138671875,M,473,9237,0.3911205073995771,0.6004228329809725,0.2093023255813954,0.34375,0.8439692505280588,0.8091148393919774,526,12680,0.4144486692015209,0.4486692015209125,0.0342205323193916,0.0584415584415584,0.862713600679743,0.8405649362959886,0.8549233572419346,0.8227566413339432,-0.0321667159079913,0.5965965965965966,0.4794794794794795,0.913376039774357,0.9346495840902572,0.0314500969040112,0.15175363146006,0.0187443501516841,-0.0233281618019437,True,True,False,0.2853084415584416,False,False,False,False,False,False,,,False,False,,
nih_sex_pneumothorax,NIH sex / pneumothorax,phase3,phase3__nih_cxr14_unmatched__densenet121__pneumothorax__seed42__pr0.9,densenet121,42,0.9,pneumothorax,F,spec0.90,0.6996402877697842,0.8996059298179772,0.053192138671875,M,473,9237,0.3911205073995771,0.7547568710359408,0.3636363636363636,0.5972222222222222,0.8439692505280588,0.8057783475162179,526,12680,0.4144486692015209,0.4904942965779467,0.0760456273764258,0.1298701298701298,0.862713600679743,0.8377466993607386,0.8549233572419346,0.8026211027932034,-0.0523022544487311,0.5965965965965966,0.3843843843843844,0.913376039774357,0.9420594703126494,0.0319683518445207,0.264262574457994,0.0187443501516841,-0.0233281618019437,True,True,False,0.4673520923520924,False,False,False,False,False,False,,,False,False,,
nih_sex_pneumothorax,NIH sex / pneumothorax,phase3,phase3__nih_cxr14_unmatched__densenet121__pneumothorax__seed42__pr1.0,densenet121,42,1.0,pneumothorax,F,spec0.90,0.6996402877697842,0.8996059298179772,0.053192138671875,M,473,9237,0.3911205073995771,0.8118393234672304,0.4207188160676532,0.6909722222222222,0.8439692505280588,0.7883969158859567,526,12680,0.4144486692015209,0.5209125475285171,0.1064638783269962,0.1818181818181818,0.862713600679743,0.7861635156180099,0.8549233572419346,0.7570475389817583,-0.0978758182601763,0.5965965965965966,0.3413413413413413,0.913376039774357,0.9181088058131752,-0.0022334002679468,0.2909267759387133,0.0187443501516841,-0.0233281618019437,True,True,False,0.5091540404040403,False,False,False,False,False,False,,,False,False,,
nih_sex_pneumothorax,NIH sex / pneumothorax,phase3,phase3__nih_cxr14_unmatched__densenet121__pneumothorax__seed123__pr0.10,densenet121,123,0.1,pneumothorax,F,spec0.90,0.6996402877697842,0.899793582285607,0.087890625,M,473,9237,0.3784355179704017,0.3932346723044397,0.014799154334038,0.0238095238095238,0.8513444631748368,0.8619406171508854,526,12680,0.4106463878326996,0.4448669201520912,0.0342205323193915,0.0580645161290321,0.8612545057065504,0.8652095321698533,0.857235450384891,0.8644771073779584,0.0072416569930673,0.6046046046046046,0.5795795795795796,0.911511616789368,0.919495171622526,0.0032689150189678,-0.0516322478476514,0.0099100425317135,-0.0322108698622979,False,False,True,-0.0342549923195083,False,False,False,False,False,False,,,False,False,,
nih_sex_pneumothorax,NIH sex / pneumothorax,phase3,phase3__nih_cxr14_unmatched__densenet121__pneumothorax__seed123__pr0.5,densenet121,123,0.5,pneumothorax,F,spec0.90,0.6996402877697842,0.899793582285607,0.087890625,M,473,9237,0.3784355179704017,0.5200845665961945,0.1416490486257928,0.227891156462585,0.8513444631748368,0.8417298857617603,526,12680,0.4106463878326996,0.4486692015209125,0.0380228136882129,0.064516129032258,0.8612545057065504,0.8583702591144944,0.857235450384891,0.8503425502182552,-0.0068929001666357,0.6046046046046046,0.5175175175175175,0.911511616789368,0.9355578927239698,0.016640373352734,0.0714153650752819,0.0099100425317135,-0.0322108698622979,True,True,True,0.163375027430327,True,True,True,True,False,False,,,False,False,,
nih_sex_pneumothorax,NIH sex / pneumothorax,phase3,phase3__nih_cxr14_unmatched__densenet121__pneumothorax__seed123__pr0.75,densenet121,123,0.75,pneumothorax,F,spec0.90,0.6996402877697842,0.899793582285607,0.087890625,M,473,9237,0.3784355179704017,0.572938689217759,0.1945031712473573,0.3129251700680273,0.8513444631748368,0.8329595027900994,526,12680,0.4106463878326996,0.4771863117870722,0.0665399239543726,0.1129032258064516,0.8612545057065504,0.8357108019954312,0.857235450384891,0.8283745788048302,-0.0288608715800607,0.6046046046046046,0.4774774774774775,0.911511616789368,0.9164356056984416,0.0027512992053317,0.0957523774306867,0.0099100425317135,-0.0322108698622979,True,True,True,0.2000219442615756,True,True,True,True,True,False,,,False,False,,
nih_sex_pneumothorax,NIH sex / pneumothorax,phase3,phase3__nih_cxr14_unmatched__densenet121__pneumothorax__seed123__pr0.9,densenet121,123,0.9,pneumothorax,F,spec0.90,0.6996402877697842,0.899793582285607,0.087890625,M,473,9237,0.3784355179704017,0.7906976744186046,0.4122621564482029,0.6632653061224489,0.8513444631748368,0.8094206020593567,526,12680,0.4106463878326996,0.4448669201520912,0.0342205323193915,0.0580645161290321,0.8612545057065504,0.8514764733449252,0.857235450384891,0.8172250795589547,-0.0400103708259362,0.6046046046046046,0.3913913913913914,0.911511616789368,0.9477005449851802,0.0420558712855684,0.3458307542665134,0.0099100425317135,-0.0322108698622979,True,True,False,0.6052007899934168,False,False,False,False,False,False,,,False,False,,
nih_sex_pneumothorax,NIH sex / pneumothorax,phase3,phase3__nih_cxr14_unmatched__densenet121__pneumothorax__seed123__pr1.0,densenet121,123,1.0,pneumothorax,F,spec0.90,0.6996402877697842,0.899793582285607,0.087890625,M,473,9237,0.3784355179704017,0.8054968287526427,0.427061310782241,0.6870748299319729,0.8513444631748368,0.7632978415447396,526,12680,0.4106463878326996,0.4638783269961977,0.0532319391634981,0.0903225806451613,0.8612545057065504,0.8189047746567967,0.857235450384891,0.7575797663999213,-0.0996556839849697,0.6046046046046046,0.3743743743743744,0.911511616789368,0.9063964050100392,0.0556069331120571,0.341618501756445,0.0099100425317135,-0.0322108698622979,True,True,False,0.5967522492868116,False,False,False,False,False,False,,,False,False,,
nih_sex_pneumothorax,NIH sex / pneumothorax,phase3,phase3__nih_cxr14_unmatched__densenet121__pneumothorax__seed7__pr0.10,densenet121,7,0.1,pneumothorax,F,t0.5,0.1510791366906475,0.9943704259711016,0.5,M,473,9237,0.8731501057082452,0.7885835095137421,-0.0845665961945031,-0.6666666666666664,0.8593658180737458,0.847229995281485,526,12680,0.8954372623574145,0.8174904942965779,-0.0779467680608365,-0.7454545454545464,0.8673763539018591,0.8524200047426843,0.8642067107742603,0.8503812159037324,-0.0138254948705278,0.1151151151151151,0.1961961961961962,0.9953628453963094,0.9900086050291614,0.0051900094611992,-0.0289069847828358,0.0080105358281132,-0.0222871566491692,False,True,True,0.0787878787878799,False,False,False,False,False,False,,,False,False,,
nih_sex_pneumothorax,NIH sex / pneumothorax,phase3,phase3__nih_cxr14_unmatched__densenet121__pneumothorax__seed7__pr0.5,densenet121,7,0.5,pneumothorax,F,t0.5,0.1510791366906475,0.9943704259711016,0.5,M,473,9237,0.8731501057082452,0.9788583509513742,0.1057082452431289,0.8333333333333331,0.8593658180737458,0.8436248906008919,526,12680,0.8954372623574145,0.9315589353612168,0.0361216730038022,0.3454545454545448,0.8673763539018591,0.8595820525061457,0.8642067107742603,0.8484328338281871,-0.0157738769460731,0.1151151151151151,0.046046046046046,0.9953628453963094,0.9986136341906492,0.0159571619052538,0.0472994155901574,0.0080105358281132,-0.0222871566491692,True,True,True,0.4878787878787883,True,True,True,True,True,False,,,False,False,,
nih_sex_pneumothorax,NIH sex / pneumothorax,phase3,phase3__nih_cxr14_unmatched__densenet121__pneumothorax__seed7__pr0.75,densenet121,7,0.75,pneumothorax,F,t0.5,0.1510791366906475,0.9943704259711016,0.5,M,473,9237,0.8731501057082452,0.9513742071881608,0.0782241014799154,0.6166666666666667,0.8593658180737458,0.8443514840163922,526,12680,0.8954372623574145,0.7870722433460076,-0.1083650190114069,-1.0363636363636377,0.8673763539018591,0.8527397292415272,0.8642067107742603,0.8400574778813618,-0.0241492328928984,0.1151151151151151,0.1351351351351351,0.9953628453963094,0.992781336647863,0.008388245225135,0.1643019638421531,0.0080105358281132,-0.0222871566491692,True,True,True,1.6530303030303044,True,True,True,True,True,False,,,False,False,,
nih_sex_pneumothorax,NIH sex / pneumothorax,phase3,phase3__nih_cxr14_unmatched__densenet121__pneumothorax__seed7__pr0.9,densenet121,7,0.9,pneumothorax,F,t0.5,0.1510791366906475,0.9943704259711016,0.5,M,473,9237,0.8731501057082452,0.9682875264270612,0.095137420718816,0.7499999999999998,0.8593658180737458,0.8235157182515828,526,12680,0.8954372623574145,0.8155893536121673,-0.0798479087452471,-0.7636363636363641,0.8673763539018591,0.8474371359692563,0.8642067107742603,0.8171323871916663,-0.047074323582594,0.1151151151151151,0.1121121121121121,0.9953628453963094,0.993355005258629,0.0239214177176735,0.1526981728148939,0.0080105358281132,-0.0222871566491692,True,True,False,1.513636363636364,False,False,False,False,False,False,,,False,False,,
nih_sex_pneumothorax,NIH sex / pneumothorax,phase3,phase3__nih_cxr14_unmatched__densenet121__pneumothorax__seed7__pr1.0,densenet121,7,1.0,pneumothorax,F,t0.5,0.1510791366906475,0.9943704259711016,0.5,M,473,9237,0.8731501057082452,0.9915433403805496,0.1183932346723044,0.9333333333333336,0.8593658180737458,0.7383198661061057,526,12680,0.8954372623574145,0.8745247148288974,-0.0209125475285171,-0.2000000000000002,0.8673763539018591,0.8035697302864193,0.8642067107742603,0.7188177038306114,-0.1453890069436488,0.1151151151151151,0.07007007007007,0.9953628453963094,0.9964623769002772,0.0652498641803136,0.1170186255516523,0.0080105358281132,-0.0222871566491692,True,True,False,1.1333333333333335,False,False,False,False,False,False,,,False,False,,
nih_sex_pneumothorax,NIH sex / pneumothorax,phase3,phase3__nih_cxr14_unmatched__densenet121__pneumothorax__seed42__pr0.10,densenet121,42,0.1,pneumothorax,F,t0.5,0.1348920863309352,0.9951210358416214,0.5,M,473,9237,0.9154334038054968,0.8224101479915433,-0.0930232558139535,-1.1000000000000012,0.8439692505280588,0.8465880746046435,526,12680,0.9277566539923956,0.8555133079847909,-0.0722433460076046,-1.0000000000000016,0.862713600679743,0.8543884064518026,0.8549233572419346,0.8513148390765755,-0.0036085181653591,0.078078078078078,0.1601601601601601,0.9969404340759156,0.9945023424801608,0.0078003318471591,-0.0331031599932475,0.0187443501516841,-0.0123232501868986,False,False,True,-0.0999999999999996,False,False,False,False,False,False,,,False,False,,
nih_sex_pneumothorax,NIH sex / pneumothorax,phase3,phase3__nih_cxr14_unmatched__densenet121__pneumothorax__seed42__pr0.5,densenet121,42,0.5,pneumothorax,F,t0.5,0.1348920863309352,0.9951210358416214,0.5,M,473,9237,0.9154334038054968,0.8731501057082452,-0.0422832980972516,-0.5000000000000007,0.8439692505280588,0.8450663776375196,526,12680,0.9277566539923956,0.7870722433460076,-0.1406844106463879,-1.947368421052634,0.862713600679743,0.844136965970927,0.8549233572419346,0.842097403838488,-0.0128259534034466,0.078078078078078,0.1721721721721721,0.9969404340759156,0.9921120566019695,-0.0009294116665925,0.0860778623622376,0.0187443501516841,-0.0123232501868986,False,True,True,1.4473684210526334,False,False,False,False,False,False,,,False,False,,
nih_sex_pneumothorax,NIH sex / pneumothorax,phase3,phase3__nih_cxr14_unmatched__densenet121__pneumothorax__seed42__pr0.75,densenet121,42,0.75,pneumothorax,F,t0.5,0.1348920863309352,0.9951210358416214,0.5,M,473,9237,0.9154334038054968,0.9429175475687104,0.0274841437632135,0.3249999999999999,0.8439692505280588,0.8091148393919774,526,12680,0.9277566539923956,0.8136882129277566,-0.1140684410646388,-1.5789473684210549,0.862713600679743,0.8405649362959886,0.8549233572419346,0.8227566413339432,-0.0321667159079913,0.078078078078078,0.1251251251251251,0.9969404340759156,0.9931637823883736,0.0314500969040112,0.1292293346409537,0.0187443501516841,-0.0123232501868986,True,True,False,1.9039473684210548,False,False,False,False,False,False,,,False,False,,
nih_sex_pneumothorax,NIH sex / pneumothorax,phase3,phase3__nih_cxr14_unmatched__densenet121__pneumothorax__seed42__pr0.9,densenet121,42,0.9,pneumothorax,F,t0.5,0.1348920863309352,0.9951210358416214,0.5,M,473,9237,0.9154334038054968,0.9957716701902748,0.0803382663847779,0.9499999999999994,0.8439692505280588,0.8057783475162179,526,12680,0.9277566539923956,0.9638783269961976,0.0361216730038022,0.4999999999999992,0.862713600679743,0.8377466993607386,0.8549233572419346,0.8026211027932034,-0.0523022544487311,0.078078078078078,0.021021021021021,0.9969404340759156,0.9990916913662874,0.0319683518445207,0.0318933431940771,0.0187443501516841,-0.0123232501868986,True,True,False,0.4500000000000002,False,False,False,False,False,False,,,False,False,,
nih_sex_pneumothorax,NIH sex / pneumothorax,phase3,phase3__nih_cxr14_unmatched__densenet121__pneumothorax__seed42__pr1.0,densenet121,42,1.0,pneumothorax,F,t0.5,0.1348920863309352,0.9951210358416214,0.5,M,473,9237,0.9154334038054968,0.9915433403805496,0.0761099365750528,0.9000000000000001,0.8439692505280588,0.7883969158859567,526,12680,0.9277566539923956,0.9657794676806084,0.0380228136882129,0.5263157894736844,0.862713600679743,0.7861635156180099,0.8549233572419346,0.7570475389817583,-0.0978758182601763,0.078078078078078,0.022022022022022,0.9969404340759156,0.9992829142365428,-0.0022334002679468,0.0257638726999412,0.0187443501516841,-0.0123232501868986,True,True,False,0.3736842105263157,False,False,False,False,False,False,,,False,False,,
nih_sex_pneumothorax,NIH sex / pneumothorax,phase3,phase3__nih_cxr14_unmatched__densenet121__pneumothorax__seed123__pr0.10,densenet121,123,0.1,pneumothorax,F,t0.5,0.2086330935251798,0.9887408519422032,0.5,M,473,9237,0.813953488372093,0.7780126849894292,-0.0359408033826638,-0.1931818181818179,0.8513444631748368,0.8619406171508854,526,12680,0.8688212927756654,0.7946768060836502,-0.0741444866920152,-0.5652173913043482,0.8612545057065504,0.8652095321698533,0.857235450384891,0.8644771073779584,0.0072416569930673,0.1571571571571571,0.2132132132132132,0.992542308060044,0.9893871307008318,0.0032689150189678,-0.0166641210942209,0.0099100425317135,-0.0548678044035724,False,True,True,0.3720355731225302,False,False,False,False,False,False,,,False,False,,
nih_sex_pneumothorax,NIH sex / pneumothorax,phase3,phase3__nih_cxr14_unmatched__densenet121__pneumothorax__seed123__pr0.5,densenet121,123,0.5,pneumothorax,F,t0.5,0.2086330935251798,0.9887408519422032,0.5,M,473,9237,0.813953488372093,0.919661733615222,0.1057082452431289,0.568181818181818,0.8513444631748368,0.8417298857617603,526,12680,0.8688212927756654,0.8079847908745247,-0.0608365019011407,-0.4637681159420297,0.8612545057065504,0.8583702591144944,0.857235450384891,0.8503425502182552,-0.0068929001666357,0.1571571571571571,0.1391391391391391,0.992542308060044,0.9942155081747776,0.016640373352734,0.1116769427406972,0.0099100425317135,-0.0548678044035724,True,True,True,1.0319499341238476,True,True,True,True,True,False,,,False,False,,
nih_sex_pneumothorax,NIH sex / pneumothorax,phase3,phase3__nih_cxr14_unmatched__densenet121__pneumothorax__seed123__pr0.75,densenet121,123,0.75,pneumothorax,F,t0.5,0.2086330935251798,0.9887408519422032,0.5,M,473,9237,0.813953488372093,0.959830866807611,0.1458773784355179,0.7840909090909091,0.8513444631748368,0.8329595027900994,526,12680,0.8688212927756654,0.9239543726235742,0.0551330798479087,0.4202898550724637,0.8612545057065504,0.8357108019954312,0.857235450384891,0.8283745788048302,-0.0288608715800607,0.1571571571571571,0.059059059059059,0.992542308060044,0.9963189597475858,0.0027512992053317,0.0358764941840368,0.0099100425317135,-0.0548678044035724,True,True,True,0.3638010540184453,True,True,True,True,True,False,,,False,False,,
nih_sex_pneumothorax,NIH sex / pneumothorax,phase3,phase3__nih_cxr14_unmatched__densenet121__pneumothorax__seed123__pr0.9,densenet121,123,0.9,pneumothorax,F,t0.5,0.2086330935251798,0.9887408519422032,0.5,M,473,9237,0.813953488372093,0.9767441860465116,0.1627906976744185,0.8749999999999998,0.8513444631748368,0.8094206020593567,526,12680,0.8688212927756654,0.8155893536121673,-0.0532319391634981,-0.4057971014492756,0.8612545057065504,0.8514764733449252,0.857235450384891,0.8172250795589547,-0.0400103708259362,0.1571571571571571,0.1081081081081081,0.992542308060044,0.9939764795869586,0.0420558712855684,0.1611548324343442,0.0099100425317135,-0.0548678044035724,True,True,False,1.2807971014492754,False,False,False,False,False,False,,,False,False,,
nih_sex_pneumothorax,NIH sex / pneumothorax,phase3,phase3__nih_cxr14_unmatched__densenet121__pneumothorax__seed123__pr1.0,densenet121,123,1.0,pneumothorax,F,t0.5,0.2086330935251798,0.9887408519422032,0.5,M,473,9237,0.813953488372093,0.9978858350951374,0.1839323467230443,0.9886363636363636,0.8513444631748368,0.7632978415447396,526,12680,0.8688212927756654,0.908745247148289,0.0399239543726235,0.3043478260869562,0.8612545057065504,0.8189047746567967,0.857235450384891,0.7575797663999213,-0.0996556839849697,0.1571571571571571,0.049049049049049,0.992542308060044,0.9965579883354048,0.0556069331120571,0.0891405879468484,0.0099100425317135,-0.0548678044035724,True,True,False,0.6842885375494072,False,False,False,False,False,False,,,False,False,,
nih_sex_pneumothorax,NIH sex / pneumothorax,phase3,phase3__nih_cxr14_unmatched__densenet121__pneumothorax__seed7__pr0.10,densenet121,7,0.1,pneumothorax,F,youden_j,0.8111510791366906,0.8356164383561644,0.04931640625,M,473,9237,0.2854122621564482,0.2452431289640592,-0.040169133192389,-0.0562130177514793,0.8593658180737458,0.847229995281485,526,12680,0.2927756653992395,0.2775665399239543,-0.0152091254752851,-0.021505376344086,0.8673763539018591,0.8524200047426843,0.8642067107742603,0.8503812159037324,-0.0138254948705278,0.7107107107107107,0.7377377377377378,0.8478344009943589,0.7968735060713261,0.0051900094611992,-0.0323234109598951,0.0080105358281132,-0.0073634032427913,False,False,True,-0.0347076414073932,False,False,False,False,False,False,,,False,False,,
nih_sex_pneumothorax,NIH sex / pneumothorax,phase3,phase3__nih_cxr14_unmatched__densenet121__pneumothorax__seed7__pr0.5,densenet121,7,0.5,pneumothorax,F,youden_j,0.8111510791366906,0.8356164383561644,0.04931640625,M,473,9237,0.2854122621564482,0.4482029598308668,0.1627906976744186,0.227810650887574,0.8593658180737458,0.8436248906008919,526,12680,0.2927756653992395,0.3460076045627376,0.0532319391634981,0.075268817204301,0.8673763539018591,0.8595820525061457,0.8642067107742603,0.8484328338281871,-0.0157738769460731,0.7107107107107107,0.6056056056056056,0.8478344009943589,0.887799980877713,0.0159571619052538,0.1021953552681291,0.0080105358281132,-0.0073634032427913,True,True,True,0.1525418336832729,True,True,True,True,False,False,,,False,False,,
nih_sex_pneumothorax,NIH sex / pneumothorax,phase3,phase3__nih_cxr14_unmatched__densenet121__pneumothorax__seed7__pr0.75,densenet121,7,0.75,pneumothorax,F,youden_j,0.8111510791366906,0.8356164383561644,0.04931640625,M,473,9237,0.2854122621564482,0.3361522198731501,0.0507399577167018,0.0710059171597632,0.8593658180737458,0.8443514840163922,526,12680,0.2927756653992395,0.2243346007604562,-0.0684410646387832,-0.0967741935483871,0.8673763539018591,0.8527397292415272,0.8642067107742603,0.8400574778813618,-0.0241492328928984,0.7107107107107107,0.7227227227227228,0.8478344009943589,0.7928578257959652,0.008388245225135,0.1118176191126938,0.0080105358281132,-0.0073634032427913,False,True,True,0.1677801107081503,False,False,False,False,False,False,,,False,False,,
nih_sex_pneumothorax,NIH sex / pneumothorax,phase3,phase3__nih_cxr14_unmatched__densenet121__pneumothorax__seed7__pr0.9,densenet121,7,0.9,pneumothorax,F,youden_j,0.8111510791366906,0.8356164383561644,0.04931640625,M,473,9237,0.2854122621564482,0.5095137420718816,0.2241014799154334,0.3136094674556213,0.8593658180737458,0.8235157182515828,526,12680,0.2927756653992395,0.2737642585551331,-0.0190114068441064,-0.0268817204301075,0.8673763539018591,0.8474371359692563,0.8642067107742603,0.8171323871916663,-0.047074323582594,0.7107107107107107,0.6146146146146146,0.8478344009943589,0.8546228128884215,0.0239214177176735,0.2357494835167485,0.0080105358281132,-0.0073634032427913,True,True,False,0.3404911878857288,False,False,False,False,False,False,,,False,False,,
nih_sex_pneumothorax,NIH sex / pneumothorax,phase3,phase3__nih_cxr14_unmatched__densenet121__pneumothorax__seed7__pr1.0,densenet121,7,1.0,pneumothorax,F,youden_j,0.8111510791366906,0.8356164383561644,0.04931640625,M,473,9237,0.2854122621564482,0.7674418604651163,0.4820295983086681,0.6745562130177515,0.8593658180737458,0.7383198661061057,526,12680,0.2927756653992395,0.3574144486692015,0.0646387832699619,0.0913978494623655,0.8673763539018591,0.8035697302864193,0.8642067107742603,0.7188177038306114,-0.1453890069436488,0.7107107107107107,0.4484484484484484,0.8478344009943589,0.8688211110048761,0.0652498641803136,0.4100274117959148,0.0080105358281132,-0.0073634032427913,True,True,False,0.5831583635553859,False,False,False,False,False,False,,,False,False,,
nih_sex_pneumothorax,NIH sex / pneumothorax,phase3,phase3__nih_cxr14_unmatched__densenet121__pneumothorax__seed42__pr0.10,densenet121,42,0.1,pneumothorax,F,youden_j,0.7859712230215827,0.852036029273785,0.03326416015625,M,473,9237,0.3002114164904862,0.241014799154334,-0.0591966173361522,-0.0845921450151057,0.8439692505280588,0.8465880746046435,526,12680,0.3212927756653992,0.2813688212927757,-0.0399239543726235,-0.0588235294117647,0.862713600679743,0.8543884064518026,0.8549233572419346,0.8513148390765755,-0.0036085181653591,0.6886886886886887,0.7377377377377378,0.8616502533703031,0.8012716320871976,0.0078003318471591,-0.0403540221384416,0.0187443501516841,-0.0210813591749129,False,False,True,-0.025768615603341,False,False,False,False,False,False,,,False,False,,
nih_sex_pneumothorax,NIH sex / pneumothorax,phase3,phase3__nih_cxr14_unmatched__densenet121__pneumothorax__seed42__pr0.5,densenet121,42,0.5,pneumothorax,F,youden_j,0.7859712230215827,0.852036029273785,0.03326416015625,M,473,9237,0.3002114164904862,0.2325581395348837,-0.0676532769556025,-0.0966767371601208,0.8439692505280588,0.8450663776375196,526,12680,0.3212927756653992,0.2015209125475285,-0.1197718631178707,-0.1764705882352941,0.862713600679743,0.844136965970927,0.8549233572419346,0.842097403838488,-0.0128259534034466,0.6886886886886887,0.7837837837837838,0.8616502533703031,0.7276508270389138,-0.0009294116665925,0.0310372269873552,0.0187443501516841,-0.0210813591749129,False,True,True,0.0797938510751732,False,False,False,False,False,False,,,False,False,,
nih_sex_pneumothorax,NIH sex / pneumothorax,phase3,phase3__nih_cxr14_unmatched__densenet121__pneumothorax__seed42__pr0.75,densenet121,42,0.75,pneumothorax,F,youden_j,0.7859712230215827,0.852036029273785,0.03326416015625,M,473,9237,0.3002114164904862,0.5560253699788583,0.255813953488372,0.3655589123867069,0.8439692505280588,0.8091148393919774,526,12680,0.3212927756653992,0.3992395437262357,0.0779467680608365,0.1148459383753501,0.862713600679743,0.8405649362959886,0.8549233572419346,0.8227566413339432,-0.0321667159079913,0.6886886886886887,0.5265265265265265,0.8616502533703031,0.9095515823692514,0.0314500969040112,0.1567858262526225,0.0187443501516841,-0.0210813591749129,True,True,False,0.2507129740113567,False,False,False,False,False,False,,,False,False,,
nih_sex_pneumothorax,NIH sex / pneumothorax,phase3,phase3__nih_cxr14_unmatched__densenet121__pneumothorax__seed42__pr0.9,densenet121,42,0.9,pneumothorax,F,youden_j,0.7859712230215827,0.852036029273785,0.03326416015625,M,473,9237,0.3002114164904862,0.653276955602537,0.3530655391120507,0.5045317220543807,0.8439692505280588,0.8057783475162179,526,12680,0.3212927756653992,0.3859315589353612,0.0646387832699619,0.0952380952380952,0.862713600679743,0.8377466993607386,0.8549233572419346,0.8026211027932034,-0.0523022544487311,0.6886886886886887,0.4874874874874875,0.8616502533703031,0.9014246103834018,0.0319683518445207,0.2673453966671757,0.0187443501516841,-0.0210813591749129,True,True,False,0.4092936268162854,False,False,False,False,False,False,,,False,False,,
nih_sex_pneumothorax,NIH sex / pneumothorax,phase3,phase3__nih_cxr14_unmatched__densenet121__pneumothorax__seed42__pr1.0,densenet121,42,1.0,pneumothorax,F,youden_j,0.7859712230215827,0.852036029273785,0.03326416015625,M,473,9237,0.3002114164904862,0.6765327695560254,0.3763213530655391,0.5377643504531723,0.8439692505280588,0.7883969158859567,526,12680,0.3212927756653992,0.376425855513308,0.0551330798479087,0.0812324929971988,0.862713600679743,0.7861635156180099,0.8549233572419346,0.7570475389817583,-0.0978758182601763,0.6886886886886887,0.4814814814814814,0.8616502533703031,0.8649488478822067,-0.0022334002679468,0.3001069140427174,0.0187443501516841,-0.0210813591749129,True,True,False,0.4565318574559734,False,False,False,False,False,False,,,False,False,,
nih_sex_pneumothorax,NIH sex / pneumothorax,phase3,phase3__nih_cxr14_unmatched__densenet121__pneumothorax__seed123__pr0.10,densenet121,123,0.1,pneumothorax,F,youden_j,0.8129496402877698,0.8273597297804466,0.04534912109375,M,473,9237,0.2642706131078224,0.2875264270613107,0.0232558139534883,0.0316091954022988,0.8513444631748368,0.8619406171508854,526,12680,0.3098859315589353,0.344106463878327,0.0342205323193916,0.0495867768595041,0.8612545057065504,0.8652095321698533,0.857235450384891,0.8644771073779584,0.0072416569930673,0.7117117117117117,0.6826826826826827,0.8433406635433598,0.8708767568601204,0.0032689150189678,-0.0565800368170162,0.0099100425317135,-0.0456153184511129,False,False,True,-0.0179775814572053,False,False,False,False,False,False,,,False,False,,
nih_sex_pneumothorax,NIH sex / pneumothorax,phase3,phase3__nih_cxr14_unmatched__densenet121__pneumothorax__seed123__pr0.5,densenet121,123,0.5,pneumothorax,F,youden_j,0.8129496402877698,0.8273597297804466,0.04534912109375,M,473,9237,0.2642706131078224,0.3932346723044397,0.1289640591966173,0.1752873563218391,0.8513444631748368,0.8417298857617603,526,12680,0.3098859315589353,0.3403041825095057,0.0304182509505703,0.0440771349862259,0.8612545057065504,0.8583702591144944,0.857235450384891,0.8503425502182552,-0.0068929001666357,0.7117117117117117,0.6346346346346347,0.8433406635433598,0.8894253752748829,0.016640373352734,0.052930489794934,0.0099100425317135,-0.0456153184511129,False,True,True,0.1312102213356131,False,True,True,False,False,False,,,False,False,,
nih_sex_pneumothorax,NIH sex / pneumothorax,phase3,phase3__nih_cxr14_unmatched__densenet121__pneumothorax__seed123__pr0.75,densenet121,123,0.75,pneumothorax,F,youden_j,0.8129496402877698,0.8273597297804466,0.04534912109375,M,473,9237,0.2642706131078224,0.427061310782241,0.1627906976744186,0.2212643678160919,0.8513444631748368,0.8329595027900994,526,12680,0.3098859315589353,0.3041825095057034,-0.0057034220532319,-0.0082644628099173,0.8612545057065504,0.8357108019954312,0.857235450384891,0.8283745788048302,-0.0288608715800607,0.7117117117117117,0.6376376376376376,0.8433406635433598,0.8499856582847308,0.0027512992053317,0.1228788012765376,0.0099100425317135,-0.0456153184511129,True,True,True,0.2295288306260093,True,True,True,True,False,False,,,False,False,,
nih_sex_pneumothorax,NIH sex / pneumothorax,phase3,phase3__nih_cxr14_unmatched__densenet121__pneumothorax__seed123__pr0.9,densenet121,123,0.9,pneumothorax,F,youden_j,0.8129496402877698,0.8273597297804466,0.04534912109375,M,473,9237,0.2642706131078224,0.6871035940803383,0.4228329809725158,0.5747126436781609,0.8513444631748368,0.8094206020593567,526,12680,0.3098859315589353,0.3783269961977186,0.0684410646387833,0.0991735537190083,0.8612545057065504,0.8514764733449252,0.857235450384891,0.8172250795589547,-0.0400103708259362,0.7117117117117117,0.4754754754754755,0.8433406635433598,0.9154316856296012,0.0420558712855684,0.3087765978826196,0.0099100425317135,-0.0456153184511129,True,True,False,0.4755390899591526,False,False,False,False,False,False,,,False,False,,
nih_sex_pneumothorax,NIH sex / pneumothorax,phase3,phase3__nih_cxr14_unmatched__densenet121__pneumothorax__seed123__pr1.0,densenet121,123,1.0,pneumothorax,F,youden_j,0.8129496402877698,0.8273597297804466,0.04534912109375,M,473,9237,0.2642706131078224,0.6913319238900634,0.4270613107822409,0.5804597701149424,0.8513444631748368,0.7632978415447396,526,12680,0.3098859315589353,0.3003802281368821,-0.0095057034220532,-0.0137741046831955,0.8612545057065504,0.8189047746567967,0.857235450384891,0.7575797663999213,-0.0996556839849697,0.7117117117117117,0.5145145145145145,0.8433406635433598,0.8415240462759346,0.0556069331120571,0.3909516957531812,0.0099100425317135,-0.0456153184511129,True,True,False,0.5942338747981379,False,False,False,False,False,False,,,False,False,,
pcam_site,PCam site,phase5_pcam,phase5_pcam__unmatched__densenet121__seed7__pr0.0,densenet121,7,0.0,tumor_patch,UMCU,sens0.80,0.8000331071014732,0.9601353892440768,0.38427734375,RUMC,4935,7907,0.1063829787234042,0.1063829787234042,0.0,0.0,0.9810638229691236,0.9810638229691236,5482,10843,0.1915359357898577,0.1915359357898577,0.0,0.0,0.9473672328172288,0.9473672328172288,0.9638503654766524,0.9638503654766524,0.0,0.8488048382451762,0.8488048382451762,0.9643585743429736,0.9643585743429736,-0.0336965901518947,-0.0851529570664534,-0.0336965901518947,-0.0851529570664534,False,False,True,0.0,False,False,False,False,False,True,0.0006346473652737439,0.04483079314954474,False,False,False,False
pcam_site,PCam site,phase5_pcam,phase5_pcam__unmatched__densenet121__seed7__pr0.5,densenet121,7,0.5,tumor_patch,UMCU,sens0.80,0.8000331071014732,0.9601353892440768,0.38427734375,RUMC,4935,7907,0.1063829787234042,0.2050658561296859,0.0986828774062816,0.1104308390022675,0.9810638229691236,0.9834762409302084,5482,10843,0.1915359357898577,0.1304268515140459,-0.0611090842758117,-0.075586642599278,0.9473672328172288,0.9666416028689916,0.9638503654766524,0.9663430887816294,0.0024927233049771,0.8488048382451762,0.8342133051742344,0.9643585743429736,0.9710788431537262,-0.0168346380612166,0.0746390046156399,-0.0336965901518947,-0.0851529570664534,False,True,True,0.1860174816015455,False,True,False,False,False,False,0.0006346473652737439,0.04483079314954474,False,True,,
pcam_site,PCam site,phase5_pcam,phase5_pcam__unmatched__densenet121__seed7__pr0.75,densenet121,7,0.75,tumor_patch,UMCU,sens0.80,0.8000331071014732,0.9601353892440768,0.38427734375,RUMC,4935,7907,0.1063829787234042,1.0,0.8936170212765957,1.0,0.9810638229691236,0.976292100128044,5482,10843,0.1915359357898577,0.2216344399854067,0.030098504195549,0.0372292418772562,0.9473672328172288,0.950344605100915,0.9638503654766524,0.9534480966451868,-0.0104022688314654,0.8488048382451762,0.4096188921954497,0.9643585743429736,0.9803192127685108,-0.025947495027129,0.7783655600145932,-0.0336965901518947,-0.0851529570664534,True,True,True,0.9627707581227436,True,True,True,True,True,False,0.0006346473652737439,0.04483079314954474,False,True,,
pcam_site,PCam site,phase5_pcam,phase5_pcam__unmatched__densenet121__seed7__pr1.0,densenet121,7,1.0,tumor_patch,UMCU,sens0.80,0.8000331071014732,0.9601353892440768,0.38427734375,RUMC,4935,7907,0.1063829787234042,1.0,0.8936170212765957,1.0,0.9810638229691236,0.602296407810282,5482,10843,0.1915359357898577,0.2641371762130609,0.0726012404232032,0.0898014440433213,0.9473672328172288,0.9459422269595952,0.9638503654766524,0.6421032342877665,-0.3217471311888857,0.8488048382451762,0.3872516079485456,0.9643585743429736,0.9825993039721588,0.3436458191493132,0.7358628237869391,-0.0336965901518947,-0.0851529570664534,True,True,False,0.9101985559566788,False,False,False,False,False,False,0.0006346473652737439,0.04483079314954474,True,True,,
pcam_site,PCam site,phase5_pcam,phase5_pcam__unmatched__densenet121__seed42__pr0.0,densenet121,42,0.0,tumor_patch,UMCU,sens0.80,0.8000331071014732,0.9557477748527016,0.323486328125,RUMC,4935,7907,0.0729483282674772,0.0729483282674772,0.0,0.0,0.980238558869612,0.980238558869612,5482,10843,0.1692812842028457,0.1692812842028457,0.0,0.0,0.945378495669911,0.945378495669911,0.9621218159660436,0.9621218159660436,0.0,0.8763559566093885,0.8763559566093885,0.9513980559222368,0.9513980559222368,-0.0348600631997009,-0.0963329559353684,-0.0348600631997009,-0.0963329559353684,False,False,True,0.0,False,False,False,False,False,True,0.0006346473652737439,0.04483079314954474,False,False,False,False
pcam_site,PCam site,phase5_pcam,phase5_pcam__unmatched__densenet121__seed42__pr0.5,densenet121,42,0.5,tumor_patch,UMCU,sens0.80,0.8000331071014732,0.9557477748527016,0.323486328125,RUMC,4935,7907,0.0729483282674772,0.2571428571428571,0.1841945288753799,0.1986885245901639,0.980238558869612,0.9778747540366622,5482,10843,0.1692812842028457,0.2559284932506384,0.0866472090477927,0.1043039086517347,0.945378495669911,0.92108755513372,0.9621218159660436,0.942036085974494,-0.0200857299915495,0.8763559566093885,0.7434962081213401,0.9513980559222368,0.9636385455418216,-0.0567871989029423,0.0012143638922186,-0.0348600631997009,-0.0963329559353684,False,True,True,0.0943846159384291,False,True,True,False,False,False,0.0006346473652737439,0.04483079314954474,False,False,,
pcam_site,PCam site,phase5_pcam,phase5_pcam__unmatched__densenet121__seed42__pr0.75,densenet121,42,0.75,tumor_patch,UMCU,sens0.80,0.8000331071014732,0.9557477748527016,0.323486328125,RUMC,4935,7907,0.0729483282674772,0.994934143870314,0.9219858156028368,0.994535519125683,0.980238558869612,0.9786003032695566,5482,10843,0.1692812842028457,0.1873403867201751,0.0180591025173294,0.0217391304347825,0.945378495669911,0.9354097155119456,0.9621218159660436,0.93253815013885,-0.0295836658271937,0.8763559566093885,0.4300662378803878,0.9513980559222368,0.9511580463218527,-0.0431905877576109,0.807593757150139,-0.0348600631997009,-0.0963329559353684,True,True,True,0.9727963886909003,True,True,True,True,True,False,0.0006346473652737439,0.04483079314954474,False,True,,
pcam_site,PCam site,phase5_pcam,phase5_pcam__unmatched__densenet121__seed42__pr1.0,densenet121,42,1.0,tumor_patch,UMCU,sens0.80,0.8000331071014732,0.9557477748527016,0.323486328125,RUMC,4935,7907,0.0729483282674772,1.0,0.9270516717325228,1.0,0.980238558869612,0.6825930228911244,5482,10843,0.1692812842028457,0.1993797883983947,0.030098504195549,0.0362318840579709,0.945378495669911,0.9532431383685638,0.9621218159660436,0.6655921780693825,-0.2965296378966611,0.8763559566093885,0.4213305174234424,0.9513980559222368,0.9807992319692788,0.2706501154774393,0.8006202116016052,-0.0348600631997009,-0.0963329559353684,True,True,False,0.963768115942029,False,False,False,False,False,False,0.0006346473652737439,0.04483079314954474,True,True,,
pcam_site,PCam site,phase5_pcam,phase5_pcam__unmatched__densenet121__seed123__pr0.0,densenet121,123,0.0,tumor_patch,UMCU,sens0.80,0.8000331071014732,0.957878901842798,0.291015625,RUMC,4935,7907,0.0980749746707193,0.0980749746707193,0.0,0.0,0.9710087803627508,0.9710087803627508,5482,10843,0.1408245165997811,0.1408245165997811,0.0,0.0,0.9645519095884916,0.9645519095884916,0.9670325374981016,0.9670325374981016,0.0,0.8794278583085341,0.8794278583085341,0.953318132725309,0.953318132725309,-0.006456870774259,-0.0427495419290617,-0.006456870774259,-0.0427495419290617,False,False,True,0.0,False,False,False,False,False,True,0.0006346473652737439,0.04483079314954474,False,False,False,False
pcam_site,PCam site,phase5_pcam,phase5_pcam__unmatched__densenet121__seed123__pr0.5,densenet121,123,0.5,tumor_patch,UMCU,sens0.80,0.8000331071014732,0.957878901842798,0.291015625,RUMC,4935,7907,0.0980749746707193,0.1219858156028368,0.0239108409321175,0.026510896427769,0.9710087803627508,0.979867653656348,5482,10843,0.1408245165997811,0.1866107260124042,0.0457862094126231,0.0532908704883227,0.9645519095884916,0.9535169993183163,0.9670325374981016,0.9617700038710966,-0.0052625336270051,0.8794278583085341,0.8440049918402611,0.953318132725309,0.96711868474739,-0.0263506543380317,-0.0646249104095673,-0.006456870774259,-0.0427495419290617,False,False,True,-0.0267799740605536,False,False,False,False,False,False,0.0006346473652737439,0.04483079314954474,False,False,,
pcam_site,PCam site,phase5_pcam,phase5_pcam__unmatched__densenet121__seed123__pr0.75,densenet121,123,0.75,tumor_patch,UMCU,sens0.80,0.8000331071014732,0.957878901842798,0.291015625,RUMC,4935,7907,0.0980749746707193,0.9691995947315096,0.8711246200607903,0.9658503707032128,0.9710087803627508,0.9734011871694068,5482,10843,0.1408245165997811,0.2593943816125502,0.118569865012769,0.1380042462845011,0.9645519095884916,0.9138031975362756,0.9670325374981016,0.927125158347987,-0.0399073791501146,0.8794278583085341,0.4043390611500432,0.953318132725309,0.9595583823352934,-0.0595979896331311,0.7098052131189594,-0.006456870774259,-0.0427495419290617,True,True,False,0.8278461244187116,False,False,False,False,False,False,0.0006346473652737439,0.04483079314954474,False,True,,
pcam_site,PCam site,phase5_pcam,phase5_pcam__unmatched__densenet121__seed123__pr1.0,densenet121,123,1.0,tumor_patch,UMCU,sens0.80,0.8000331071014732,0.957878901842798,0.291015625,RUMC,4935,7907,0.0980749746707193,1.0,0.9019250253292806,1.0,0.9710087803627508,0.6338437370882033,5482,10843,0.1408245165997811,0.2823786939073331,0.141554177307552,0.164755838641189,0.9645519095884916,0.9108521446219916,0.9670325374981016,0.6410171372776001,-0.3260154002205015,0.8794278583085341,0.3776519151387155,0.953318132725309,0.9648385935437418,0.2770084075337883,0.7176213060926668,-0.006456870774259,-0.0427495419290617,True,True,False,0.835244161358811,False,False,False,False,False,False,0.0006346473652737439,0.04483079314954474,True,True,,
pcam_site,PCam site,phase5_pcam,phase5_pcam__unmatched__vit_base_patch16_224__seed7__pr0.0,vit_base_patch16_224,7,0.0,tumor_patch,UMCU,sens0.80,0.8000331071014732,0.963018678701266,0.4052734375,RUMC,4935,7907,0.1116514690982776,0.1116514690982776,0.0,0.0,0.981954029571509,0.981954029571509,5482,10843,0.1643560744253921,0.1643560744253921,0.0,0.0,0.9614941671037348,0.9614941671037348,0.9714460115315432,0.9714460115315432,0.0,0.8606124604012672,0.8606124604012672,0.9661586463458538,0.9661586463458538,-0.020459862467774,-0.0527046053271145,-0.020459862467774,-0.0527046053271145,False,False,True,0.0,False,False,False,False,False,True,0.0006346473652737439,0.04483079314954474,False,False,False,False
pcam_site,PCam site,phase5_pcam,phase5_pcam__unmatched__vit_base_patch16_224__seed7__pr0.5,vit_base_patch16_224,7,0.5,tumor_patch,UMCU,sens0.80,0.8000331071014732,0.963018678701266,0.4052734375,RUMC,4935,7907,0.1116514690982776,0.1730496453900709,0.0613981762917933,0.0691149635036496,0.981954029571509,0.9811618333081062,5482,10843,0.1643560744253921,0.1178402043049981,-0.046515870120394,-0.0556647020301244,0.9614941671037348,0.964360120156513,0.9714460115315432,0.9579789143375276,-0.0134670971940153,0.8606124604012672,0.8560046078525487,0.9661586463458538,0.9522380895235808,-0.0168017131515932,0.0552094410850727,-0.020459862467774,-0.0527046053271145,False,True,True,0.124779665533774,False,False,False,False,False,False,0.0006346473652737439,0.04483079314954474,False,True,,
pcam_site,PCam site,phase5_pcam,phase5_pcam__unmatched__vit_base_patch16_224__seed7__pr0.75,vit_base_patch16_224,7,0.75,tumor_patch,UMCU,sens0.80,0.8000331071014732,0.963018678701266,0.4052734375,RUMC,4935,7907,0.1116514690982776,1.0,0.8883485309017224,1.0,0.981954029571509,0.9836126031409672,5482,10843,0.1643560744253921,0.1919007661437431,0.0275446917183509,0.0329622353197991,0.9614941671037348,0.942042724009478,0.9714460115315432,0.9447327897915764,-0.0267132217399668,0.8606124604012672,0.4252663914754728,0.9661586463458538,0.970238809552382,-0.0415698791314892,0.8080992338562568,-0.020459862467774,-0.0527046053271145,True,True,True,0.9670377646802008,True,True,True,True,True,False,0.0006346473652737439,0.04483079314954474,False,True,,
pcam_site,PCam site,phase5_pcam,phase5_pcam__unmatched__vit_base_patch16_224__seed7__pr1.0,vit_base_patch16_224,7,1.0,tumor_patch,UMCU,sens0.80,0.8000331071014732,0.963018678701266,0.4052734375,RUMC,4935,7907,0.1116514690982776,1.0,0.8883485309017224,1.0,0.981954029571509,0.2994639942400602,5482,10843,0.1643560744253921,0.1694636993797884,0.0051076249543962,0.0061122025758568,0.9614941671037348,0.9526920989014872,0.9714460115315432,0.560674511073752,-0.4107715004577911,0.8606124604012672,0.4370740136315638,0.9661586463458538,0.9726389055562222,0.6532281046614269,0.8305363006202116,-0.020459862467774,-0.0527046053271145,True,True,False,0.9938877974241432,False,False,False,False,False,False,0.0006346473652737439,0.04483079314954474,True,True,,
pcam_site,PCam site,phase5_pcam,phase5_pcam__unmatched__vit_base_patch16_224__seed42__pr0.0,vit_base_patch16_224,42,0.0,tumor_patch,UMCU,sens0.80,0.8000331071014732,0.9783126488654884,0.91259765625,RUMC,4935,7907,0.2216818642350557,0.2216818642350557,0.0,0.0,0.979731223264484,0.979731223264484,5482,10843,0.1625319226559649,0.1625319226559649,0.0,0.0,0.9670961266394824,0.9670961266394824,0.970062736463572,0.970062736463572,0.0,0.8094460977248729,0.8094460977248729,0.983919356774271,0.983919356774271,-0.0126350966250018,0.0591499415790907,-0.0126350966250018,0.0591499415790907,False,False,True,0.0,False,False,False,False,False,True,0.0006346473652737439,0.04483079314954474,False,True,False,True
pcam_site,PCam site,phase5_pcam,phase5_pcam__unmatched__vit_base_patch16_224__seed42__pr0.5,vit_base_patch16_224,42,0.5,tumor_patch,UMCU,sens0.80,0.8000331071014732,0.9783126488654884,0.91259765625,RUMC,4935,7907,0.2216818642350557,1.0,0.7783181357649442,1.0,0.979731223264484,0.97294024880649,5482,10843,0.1625319226559649,0.3380153228748632,0.1754834002188982,0.2095404051404922,0.9670961266394824,0.9601889169288566,0.970062736463572,0.9610376831315932,-0.0090250533319787,0.8094460977248729,0.3483728520687338,0.983919356774271,0.9971198847953918,-0.0127513318776333,0.6619846771251368,-0.0126350966250018,0.0591499415790907,True,True,True,0.7904595948595077,True,True,True,True,True,False,0.0006346473652737439,0.04483079314954474,False,True,,
pcam_site,PCam site,phase5_pcam,phase5_pcam__unmatched__vit_base_patch16_224__seed42__pr0.75,vit_base_patch16_224,42,0.75,tumor_patch,UMCU,sens0.80,0.8000331071014732,0.9783126488654884,0.91259765625,RUMC,4935,7907,0.2216818642350557,1.0,0.7783181357649442,1.0,0.979731223264484,0.981674452948901,5482,10843,0.1625319226559649,0.2595767967894928,0.0970448741335278,0.1158788934872576,0.9670961266394824,0.9603071074002444,0.970062736463572,0.9566393004189016,-0.0134234360446703,0.8094460977248729,0.3896515311510031,0.983919356774271,0.9935197407896316,-0.0213673455486566,0.7404232032105071,-0.0126350966250018,0.0591499415790907,True,True,True,0.8841211065127423,True,True,True,True,True,False,0.0006346473652737439,0.04483079314954474,False,True,,
pcam_site,PCam site,phase5_pcam,phase5_pcam__unmatched__vit_base_patch16_224__seed42__pr1.0,vit_base_patch16_224,42,1.0,tumor_patch,UMCU,sens0.80,0.8000331071014732,0.9783126488654884,0.91259765625,RUMC,4935,7907,0.2216818642350557,1.0,0.7783181357649442,1.0,0.979731223264484,0.4590504281091607,5482,10843,0.1625319226559649,0.3378329076979204,0.1753009850419555,0.2093225876715312,0.9670961266394824,0.959859644094073,0.970062736463572,0.5901087440252915,-0.3799539924382805,0.8094460977248729,0.3484688489968321,0.983919356774271,0.9965198607944318,0.5008092159849122,0.6621670923020795,-0.0126350966250018,0.0591499415790907,True,True,False,0.7906774123284688,False,False,False,False,False,False,0.0006346473652737439,0.04483079314954474,True,True,,
pcam_site,PCam site,phase5_pcam,phase5_pcam__unmatched__vit_base_patch16_224__seed123__pr0.0,vit_base_patch16_224,123,0.0,tumor_patch,UMCU,sens0.80,0.8000331071014732,0.9529898458066942,0.245849609375,RUMC,4935,7907,0.1003039513677811,0.1003039513677811,0.0,0.0,0.9769762634299732,0.9769762634299732,5482,10843,0.1612550164173659,0.1612550164173659,0.0,0.0,0.9675127110474864,0.9675127110474864,0.9716550608842056,0.9716550608842056,0.0,0.8676202361524431,0.8676202361524431,0.9593183727349094,0.9593183727349094,-0.0094635523824868,-0.0609510650495847,-0.0094635523824868,-0.0609510650495847,False,False,True,0.0,False,False,False,False,False,True,0.0006346473652737439,0.04483079314954474,False,False,False,False
pcam_site,PCam site,phase5_pcam,phase5_pcam__unmatched__vit_base_patch16_224__seed123__pr0.5,vit_base_patch16_224,123,0.5,tumor_patch,UMCU,sens0.80,0.8000331071014732,0.9529898458066942,0.245849609375,RUMC,4935,7907,0.1003039513677811,0.0978723404255319,-0.0024316109422492,-0.0027027027027027,0.9769762634299732,0.983831328127024,5482,10843,0.1612550164173659,0.1784020430499817,0.0171470266326158,0.0204436711613745,0.9675127110474864,0.9510113000774916,0.9716550608842056,0.9632676158539094,-0.0083874450302962,0.8676202361524431,0.8597484880483824,0.9593183727349094,0.9596783871354854,-0.0328200280495325,-0.0805297026244498,-0.0094635523824868,-0.0609510650495847,False,False,True,-0.0231463738640772,False,False,False,False,False,False,0.0006346473652737439,0.04483079314954474,False,False,,
pcam_site,PCam site,phase5_pcam,phase5_pcam__unmatched__vit_base_patch16_224__seed123__pr0.75,vit_base_patch16_224,123,0.75,tumor_patch,UMCU,sens0.80,0.8000331071014732,0.9529898458066942,0.245849609375,RUMC,4935,7907,0.1003039513677811,0.5562310030395137,0.4559270516717325,0.5067567567567568,0.9769762634299732,0.982123425527824,5482,10843,0.1612550164173659,0.1196643560744254,-0.0415906603429405,-0.0495867768595041,0.9675127110474864,0.9628238311733076,0.9716550608842056,0.9512295284938018,-0.0204255323904037,0.8676202361524431,0.6735144475376788,0.9593183727349094,0.9541581663266532,-0.0192995943545164,0.4365666469650883,-0.0094635523824868,-0.0609510650495847,True,True,True,0.5563435336162609,True,True,True,True,True,False,0.0006346473652737439,0.04483079314954474,False,True,,
pcam_site,PCam site,phase5_pcam,phase5_pcam__unmatched__vit_base_patch16_224__seed123__pr1.0,vit_base_patch16_224,123,1.0,tumor_patch,UMCU,sens0.80,0.8000331071014732,0.9529898458066942,0.245849609375,RUMC,4935,7907,0.1003039513677811,1.0,0.8996960486322189,1.0,0.9769762634299732,0.3847962953114581,5482,10843,0.1612550164173659,0.1422838380153228,-0.018971178402043,-0.0226185297955632,0.9675127110474864,0.9659610251481148,0.9716550608842056,0.5796533675688968,-0.3920016933153087,0.8676202361524431,0.4513775559182106,0.9593183727349094,0.967358694347774,0.5811647298366567,0.8577161619846772,-0.0094635523824868,-0.0609510650495847,True,True,False,1.0226185297955632,False,False,False,False,False,False,0.0006346473652737439,0.04483079314954474,True,True,,
pcam_site,PCam site,phase5_pcam,phase5_pcam__unmatched__densenet121__seed7__pr0.0,densenet121,7,0.0,tumor_patch,UMCU,spec0.90,0.8541632180102632,0.8999623918766454,0.1360107362270355,RUMC,4935,7907,0.0522796352583586,0.0522796352583586,0.0,0.0,0.9810638229691236,0.9810638229691236,5482,10843,0.1229478292593943,0.1229478292593943,0.0,0.0,0.9473672328172288,0.9473672328172288,0.9638503654766524,0.9638503654766524,0.0,0.9105308630123836,0.9105308630123836,0.904716188647546,0.904716188647546,-0.0336965901518947,-0.0706681940010357,-0.0336965901518947,-0.0706681940010357,False,False,True,0.0,False,False,False,False,False,True,0.0006346473652737439,0.017274867052719738,False,False,False,False
pcam_site,PCam site,phase5_pcam,phase5_pcam__unmatched__densenet121__seed7__pr0.5,densenet121,7,0.5,tumor_patch,UMCU,spec0.90,0.8541632180102632,0.8999623918766454,0.1360107362270355,RUMC,4935,7907,0.0522796352583586,0.0816616008105369,0.0293819655521783,0.0310027795595467,0.9810638229691236,0.9834762409302084,5482,10843,0.1229478292593943,0.0893834367019336,-0.0335643925574607,-0.038269550748752,0.9473672328172288,0.9666416028689916,0.9638503654766524,0.9663430887816294,0.0024927233049771,0.9105308630123836,0.9142747432082172,0.904716188647546,0.9255970238809552,-0.0168346380612166,-0.0077218358913966,-0.0336965901518947,-0.0706681940010357,False,True,True,0.0692723303082987,False,False,False,False,False,False,0.0006346473652737439,0.017274867052719738,False,False,,
pcam_site,PCam site,phase5_pcam,phase5_pcam__unmatched__densenet121__seed7__pr0.75,densenet121,7,0.75,tumor_patch,UMCU,spec0.90,0.8541632180102632,0.8999623918766454,0.1360107362270355,RUMC,4935,7907,0.0522796352583586,0.1349544072948328,0.0826747720364741,0.0872354073123797,0.9810638229691236,0.976292100128044,5482,10843,0.1229478292593943,0.1581539584093396,0.0352061291499452,0.0401414309484193,0.9473672328172288,0.950344605100915,0.9638503654766524,0.9534480966451868,-0.0104022688314654,0.9105308630123836,0.8528367092253047,0.904716188647546,0.9469578783151326,-0.025947495027129,-0.0231995511145068,-0.0336965901518947,-0.0706681940010357,False,False,True,0.0470939763639604,False,False,False,False,False,False,0.0006346473652737439,0.017274867052719738,False,False,,
pcam_site,PCam site,phase5_pcam,phase5_pcam__unmatched__densenet121__seed7__pr1.0,densenet121,7,1.0,tumor_patch,UMCU,spec0.90,0.8541632180102632,0.8999623918766454,0.1360107362270355,RUMC,4935,7907,0.0522796352583586,1.0,0.9477203647416412,1.0,0.9810638229691236,0.602296407810282,5482,10843,0.1229478292593943,0.1869755563662896,0.0640277271068953,0.0730033277870216,0.9473672328172288,0.9459422269595952,0.9638503654766524,0.6421032342877665,-0.3217471311888857,0.9105308630123836,0.4278583085341269,0.904716188647546,0.9648385935437418,0.3436458191493132,0.8130244436337103,-0.0336965901518947,-0.0706681940010357,True,True,False,0.9269966722129784,False,False,False,False,False,False,0.0006346473652737439,0.017274867052719738,True,True,,
pcam_site,PCam site,phase5_pcam,phase5_pcam__unmatched__densenet121__seed42__pr0.0,densenet121,42,0.0,tumor_patch,UMCU,spec0.90,0.850024830326105,0.8998370314654632,0.11102294921875,RUMC,4935,7907,0.044579533941236,0.044579533941236,0.0,0.0,0.980238558869612,0.980238558869612,5482,10843,0.1147391462969719,0.1147391462969719,0.0,0.0,0.945378495669911,0.945378495669911,0.9621218159660436,0.9621218159660436,0.0,0.9184986080445424,0.9184986080445424,0.8858754350174007,0.8858754350174007,-0.0348600631997009,-0.0701596123557358,-0.0348600631997009,-0.0701596123557358,False,False,True,0.0,False,False,False,False,False,True,0.0006346473652737439,0.017274867052719738,False,False,False,False
pcam_site,PCam site,phase5_pcam,phase5_pcam__unmatched__densenet121__seed42__pr0.5,densenet121,42,0.5,tumor_patch,UMCU,spec0.90,0.850024830326105,0.8998370314654632,0.11102294921875,RUMC,4935,7907,0.044579533941236,0.0810536980749746,0.0364741641337386,0.0381760339342523,0.980238558869612,0.9778747540366622,5482,10843,0.1147391462969719,0.1740240788033564,0.0592849325063845,0.0669688852256336,0.945378495669911,0.92108755513372,0.9621218159660436,0.942036085974494,-0.0200857299915495,0.9184986080445424,0.8700201593549006,0.8858754350174007,0.890675627025081,-0.0567871989029423,-0.0929703807283817,-0.0348600631997009,-0.0701596123557358,False,False,True,-0.0287928512913812,False,False,False,False,False,False,0.0006346473652737439,0.017274867052719738,False,False,,
pcam_site,PCam site,phase5_pcam,phase5_pcam__unmatched__densenet121__seed42__pr0.75,densenet121,42,0.75,tumor_patch,UMCU,spec0.90,0.850024830326105,0.8998370314654632,0.11102294921875,RUMC,4935,7907,0.044579533941236,0.0577507598784194,0.0131712259371833,0.0137857900318133,0.980238558869612,0.9786003032695566,5482,10843,0.1147391462969719,0.1388179496534111,0.0240788033564392,0.0271996703070265,0.945378495669911,0.9354097155119456,0.9621218159660436,0.93253815013885,-0.0295836658271937,0.9184986080445424,0.8995872132091773,0.8858754350174007,0.8714748589943597,-0.0431905877576109,-0.0810671897749917,-0.0348600631997009,-0.0701596123557358,False,False,True,-0.0134138802752132,False,False,False,False,False,False,0.0006346473652737439,0.017274867052719738,False,False,,
pcam_site,PCam site,phase5_pcam,phase5_pcam__unmatched__densenet121__seed42__pr1.0,densenet121,42,1.0,tumor_patch,UMCU,spec0.90,0.850024830326105,0.8998370314654632,0.11102294921875,RUMC,4935,7907,0.044579533941236,1.0,0.955420466058764,1.0,0.980238558869612,0.6825930228911244,5482,10843,0.1147391462969719,0.1563298066399124,0.0415906603429405,0.0469812487121368,0.945378495669911,0.9532431383685638,0.9621218159660436,0.6655921780693825,-0.2965296378966611,0.9184986080445424,0.4439857924546414,0.8858754350174007,0.9645985839433576,0.2706501154774393,0.8436701933600875,-0.0348600631997009,-0.0701596123557358,True,True,False,0.9530187512878632,False,False,False,False,False,False,0.0006346473652737439,0.017274867052719738,True,True,,
pcam_site,PCam site,phase5_pcam,phase5_pcam__unmatched__densenet121__seed123__pr0.0,densenet121,123,0.0,tumor_patch,UMCU,spec0.90,0.8477073332229763,0.8999623918766454,0.0793945342302322,RUMC,4935,7907,0.0674772036474164,0.0674772036474164,0.0,0.0,0.9710087803627508,0.9710087803627508,5482,10843,0.0760671287851149,0.0760671287851149,0.0,0.0,0.9645519095884916,0.9645519095884916,0.9670325374981016,0.9670325374981016,0.0,0.9280023039262744,0.9280023039262744,0.8849153966158646,0.8849153966158646,-0.006456870774259,-0.0085899251376985,-0.006456870774259,-0.0085899251376985,False,False,True,0.0,False,False,False,False,False,True,0.0006346473652737439,0.017274867052719738,False,False,False,False
pcam_site,PCam site,phase5_pcam,phase5_pcam__unmatched__densenet121__seed123__pr0.5,densenet121,123,0.5,tumor_patch,UMCU,spec0.90,0.8477073332229763,0.8999623918766454,0.0793945342302322,RUMC,4935,7907,0.0674772036474164,0.0470111448834853,-0.0204660587639311,-0.0219469795740982,0.9710087803627508,0.979867653656348,5482,10843,0.0760671287851149,0.114009485589201,0.0379423568040861,0.04106614017769,0.9645519095884916,0.9535169993183163,0.9670325374981016,0.9617700038710966,-0.0052625336270051,0.9280023039262744,0.9177306326197562,0.8849153966158646,0.8957158286331454,-0.0263506543380317,-0.0669983407057157,-0.006456870774259,-0.0085899251376985,False,False,True,-0.0630131197517882,False,False,False,False,False,False,0.0006346473652737439,0.017274867052719738,False,False,,
pcam_site,PCam site,phase5_pcam,phase5_pcam__unmatched__densenet121__seed123__pr0.75,densenet121,123,0.75,tumor_patch,UMCU,spec0.90,0.8477073332229763,0.8999623918766454,0.0793945342302322,RUMC,4935,7907,0.0674772036474164,0.1031408308004052,0.0356636271529888,0.0382442416340721,0.9710087803627508,0.9734011871694068,5482,10843,0.0760671287851149,0.1886172929587741,0.1125501641736592,0.1218163869693978,0.9645519095884916,0.9138031975362756,0.9670325374981016,0.927125158347987,-0.0399073791501146,0.9280023039262744,0.8518767399443218,0.8849153966158646,0.8947557902316092,-0.0595979896331311,-0.0854764621583688,-0.006456870774259,-0.0085899251376985,False,False,False,-0.0835721453353256,False,False,False,False,False,False,0.0006346473652737439,0.017274867052719738,False,False,,
pcam_site,PCam site,phase5_pcam,phase5_pcam__unmatched__densenet121__seed123__pr1.0,densenet121,123,1.0,tumor_patch,UMCU,spec0.90,0.8477073332229763,0.8999623918766454,0.0793945342302322,RUMC,4935,7907,0.0674772036474164,1.0,0.9325227963525836,1.0,0.9710087803627508,0.6338437370882033,5482,10843,0.0760671287851149,0.2081357168916454,0.1320685881065305,0.1429417571569595,0.9645519095884916,0.9108521446219916,0.9670325374981016,0.6410171372776001,-0.3260154002205015,0.9280023039262744,0.416722664874724,0.8849153966158646,0.9338773550942038,0.2770084075337883,0.7918642831083547,-0.006456870774259,-0.0085899251376985,True,True,False,0.8570582428430404,False,False,False,False,False,False,0.0006346473652737439,0.017274867052719738,True,True,,
pcam_site,PCam site,phase5_pcam,phase5_pcam__unmatched__vit_base_patch16_224__seed7__pr0.0,vit_base_patch16_224,7,0.0,tumor_patch,UMCU,spec0.90,0.8859460354245986,0.8999623918766454,0.0839355438947677,RUMC,4935,7907,0.0522796352583586,0.0522796352583586,0.0,0.0,0.981954029571509,0.981954029571509,5482,10843,0.094308646479387,0.094308646479387,0.0,0.0,0.9614941671037348,0.9614941671037348,0.9714460115315432,0.9714460115315432,0.0,0.9256023807238168,0.9256023807238168,0.8981159246369855,0.8981159246369855,-0.020459862467774,-0.0420290112210284,-0.020459862467774,-0.0420290112210284,False,False,True,0.0,False,False,False,False,False,True,0.0006346473652737439,0.017274867052719738,False,False,False,False
pcam_site,PCam site,phase5_pcam,phase5_pcam__unmatched__vit_base_patch16_224__seed7__pr0.5,vit_base_patch16_224,7,0.5,tumor_patch,UMCU,spec0.90,0.8859460354245986,0.8999623918766454,0.0839355438947677,RUMC,4935,7907,0.0522796352583586,0.0484295845997973,-0.0038500506585613,-0.0040624331836647,0.981954029571509,0.9811618333081062,5482,10843,0.094308646479387,0.0580080262677854,-0.0363006202116016,-0.0400805639476334,0.9614941671037348,0.964360120156513,0.9714460115315432,0.9579789143375276,-0.0134670971940153,0.9256023807238168,0.9465297110492464,0.8981159246369855,0.8323532941317653,-0.0168017131515932,-0.0095784416679881,-0.020459862467774,-0.0420290112210284,False,False,True,0.0360181307639686,False,False,False,False,False,False,0.0006346473652737439,0.017274867052719738,False,False,,
pcam_site,PCam site,phase5_pcam,phase5_pcam__unmatched__vit_base_patch16_224__seed7__pr0.75,vit_base_patch16_224,7,0.75,tumor_patch,UMCU,spec0.90,0.8859460354245986,0.8999623918766454,0.0839355438947677,RUMC,4935,7907,0.0522796352583586,0.0322188449848024,-0.0200607902735562,-0.0211674150096215,0.981954029571509,0.9836126031409672,5482,10843,0.094308646479387,0.0952207223641006,0.0009120758847136,0.0010070493454179,0.9614941671037348,0.942042724009478,0.9714460115315432,0.9447327897915764,-0.0267132217399668,0.9256023807238168,0.9346260919650572,0.8981159246369855,0.8313932557302293,-0.0415698791314892,-0.0630018773792982,-0.020459862467774,-0.0420290112210284,False,False,True,-0.0221744643550394,False,False,False,False,False,False,0.0006346473652737439,0.017274867052719738,False,False,,
pcam_site,PCam site,phase5_pcam,phase5_pcam__unmatched__vit_base_patch16_224__seed7__pr1.0,vit_base_patch16_224,7,1.0,tumor_patch,UMCU,spec0.90,0.8859460354245986,0.8999623918766454,0.0839355438947677,RUMC,4935,7907,0.0522796352583586,1.0,0.9477203647416412,1.0,0.981954029571509,0.2994639942400602,5482,10843,0.094308646479387,0.0955855527179861,0.001276906238599,0.001409869083585,0.9614941671037348,0.9526920989014872,0.9714460115315432,0.560674511073752,-0.4107715004577911,0.9256023807238168,0.4759527695113756,0.8981159246369855,0.9134765390615625,0.6532281046614269,0.904414447282014,-0.020459862467774,-0.0420290112210284,True,True,False,0.9985901309164148,False,False,False,False,False,False,0.0006346473652737439,0.017274867052719738,True,True,,
pcam_site,PCam site,phase5_pcam,phase5_pcam__unmatched__vit_base_patch16_224__seed42__pr0.0,vit_base_patch16_224,42,0.0,tumor_patch,UMCU,spec0.90,0.9263366992219833,0.8999623918766454,0.3177734315395355,RUMC,4935,7907,0.0885511651469098,0.0885511651469098,0.0,0.0,0.979731223264484,0.979731223264484,5482,10843,0.0793506019700839,0.0793506019700839,0.0,0.0,0.9670961266394824,0.9670961266394824,0.970062736463572,0.970062736463572,0.0,0.9162906786982816,0.9162906786982816,0.9121564862594504,0.9121564862594504,-0.0126350966250018,0.0092005631768259,-0.0126350966250018,0.0092005631768259,False,False,True,0.0,False,False,False,False,False,True,0.0006346473652737439,0.017274867052719738,False,False,False,True
pcam_site,PCam site,phase5_pcam,phase5_pcam__unmatched__vit_base_patch16_224__seed42__pr0.5,vit_base_patch16_224,42,0.5,tumor_patch,UMCU,spec0.90,0.9263366992219833,0.8999623918766454,0.3177734315395355,RUMC,4935,7907,0.0885511651469098,0.1762917933130699,0.08774062816616,0.0962650066696309,0.979731223264484,0.97294024880649,5482,10843,0.0793506019700839,0.1981028821597956,0.1187522801897117,0.1289875173370319,0.9670961266394824,0.9601889169288566,0.970062736463572,0.9610376831315932,-0.0090250533319787,0.9162906786982816,0.8122300086397235,0.9121564862594504,0.9807992319692788,-0.0127513318776333,-0.0218110888467257,-0.0126350966250018,0.0092005631768259,False,False,True,-0.0327225106674009,False,False,False,False,False,False,0.0006346473652737439,0.017274867052719738,False,False,,
pcam_site,PCam site,phase5_pcam,phase5_pcam__unmatched__vit_base_patch16_224__seed42__pr0.75,vit_base_patch16_224,42,0.75,tumor_patch,UMCU,spec0.90,0.9263366992219833,0.8999623918766454,0.3177734315395355,RUMC,4935,7907,0.0885511651469098,0.998176291793313,0.9096251266464032,0.9979991107158735,0.979731223264484,0.981674452948901,5482,10843,0.0793506019700839,0.1441079897847501,0.0647573878146661,0.0703388151377055,0.9670961266394824,0.9603071074002444,0.970062736463572,0.9566393004189016,-0.0134234360446703,0.9162906786982816,0.4512815589901123,0.9121564862594504,0.969278771150846,-0.0213673455486566,0.8540683020085629,-0.0126350966250018,0.0092005631768259,True,True,True,0.927660295578168,True,True,True,True,True,False,0.0006346473652737439,0.017274867052719738,False,True,,
pcam_site,PCam site,phase5_pcam,phase5_pcam__unmatched__vit_base_patch16_224__seed42__pr1.0,vit_base_patch16_224,42,1.0,tumor_patch,UMCU,spec0.90,0.9263366992219833,0.8999623918766454,0.3177734315395355,RUMC,4935,7907,0.0885511651469098,1.0,0.91144883485309,1.0,0.979731223264484,0.4590504281091607,5482,10843,0.0793506019700839,0.1917183509668004,0.1123677489967165,0.1220527045769764,0.9670961266394824,0.959859644094073,0.970062736463572,0.5901087440252915,-0.3799539924382805,0.9162906786982816,0.4253623884035711,0.9121564862594504,0.9830793231729268,0.5008092159849122,0.8082816490331995,-0.0126350966250018,0.0092005631768259,True,True,False,0.8779472954230236,False,False,False,False,False,False,0.0006346473652737439,0.017274867052719738,True,True,,
pcam_site,PCam site,phase5_pcam,phase5_pcam__unmatched__vit_base_patch16_224__seed123__pr0.0,vit_base_patch16_224,123,0.0,tumor_patch,UMCU,spec0.90,0.8664128455553717,0.8999623918766454,0.0887329131364822,RUMC,4935,7907,0.0672745694022289,0.0672745694022289,0.0,0.0,0.9769762634299732,0.9769762634299732,5482,10843,0.0999635169646114,0.0999635169646114,0.0,0.0,0.9675127110474864,0.9675127110474864,0.9716550608842056,0.9716550608842056,0.0,0.9155227032734952,0.9155227032734952,0.9126365054602184,0.9126365054602184,-0.0094635523824868,-0.0326889475623824,-0.0094635523824868,-0.0326889475623824,False,False,True,0.0,False,False,False,False,False,True,0.0006346473652737439,0.017274867052719738,False,False,False,False
pcam_site,PCam site,phase5_pcam,phase5_pcam__unmatched__vit_base_patch16_224__seed123__pr0.5,vit_base_patch16_224,123,0.5,tumor_patch,UMCU,spec0.90,0.8664128455553717,0.8999623918766454,0.0887329131364822,RUMC,4935,7907,0.0672745694022289,0.0561296859169199,-0.011144883485309,-0.011948729089724,0.9769762634299732,0.983831328127024,5482,10843,0.0999635169646114,0.1227654140824516,0.0228018971178401,0.0253344142683421,0.9675127110474864,0.9510113000774916,0.9716550608842056,0.9632676158539094,-0.0083874450302962,0.9155227032734952,0.9088029183066142,0.9126365054602184,0.906876275051002,-0.0328200280495325,-0.0666357281655317,-0.0094635523824868,-0.0326889475623824,False,False,True,-0.0372831433580662,False,False,False,False,False,False,0.0006346473652737439,0.017274867052719738,False,False,,
pcam_site,PCam site,phase5_pcam,phase5_pcam__unmatched__vit_base_patch16_224__seed123__pr0.75,vit_base_patch16_224,123,0.75,tumor_patch,UMCU,spec0.90,0.8664128455553717,0.8999623918766454,0.0887329131364822,RUMC,4935,7907,0.0672745694022289,0.0934143870314083,0.0261398176291793,0.0280252009558983,0.9769762634299732,0.982123425527824,5482,10843,0.0999635169646114,0.0804450930317402,-0.0195184239328712,-0.0216862586137008,0.9675127110474864,0.9628238311733076,0.9716550608842056,0.9512295284938018,-0.0204255323904037,0.9155227032734952,0.9134107708553326,0.9126365054602184,0.8953558142325693,-0.0192995943545164,0.012969293999668,-0.0094635523824868,-0.0326889475623824,False,False,True,0.0497114595695991,False,False,False,False,False,False,0.0006346473652737439,0.017274867052719738,False,False,,
pcam_site,PCam site,phase5_pcam,phase5_pcam__unmatched__vit_base_patch16_224__seed123__pr1.0,vit_base_patch16_224,123,1.0,tumor_patch,UMCU,spec0.90,0.8664128455553717,0.8999623918766454,0.0887329131364822,RUMC,4935,7907,0.0672745694022289,1.0,0.932725430597771,1.0,0.9769762634299732,0.3847962953114581,5482,10843,0.0999635169646114,0.0888361911711054,-0.011127325793506,-0.0123631941629509,0.9675127110474864,0.9659610251481148,0.9716550608842056,0.5796533675688968,-0.3920016933153087,0.9155227032734952,0.4795046558510127,0.9126365054602184,0.9319572782911316,0.5811647298366567,0.9111638088288946,-0.0094635523824868,-0.0326889475623824,True,True,False,1.012363194162951,False,False,False,False,False,False,0.0006346473652737439,0.017274867052719738,True,True,,
pcam_site,PCam site,phase5_pcam,phase5_pcam__unmatched__densenet121__seed7__pr0.0,densenet121,7,0.0,tumor_patch,UMCU,t0.5,0.7732163549081278,0.969537420082738,0.5,RUMC,4935,7907,0.1325227963525836,0.1325227963525836,0.0,0.0,0.9810638229691236,0.9810638229691236,5482,10843,0.214885078438526,0.214885078438526,0.0,0.0,0.9473672328172288,0.9473672328172288,0.9638503654766524,0.9638503654766524,0.0,0.8241336277239129,0.8241336277239129,0.9764790591623664,0.9764790591623664,-0.0336965901518947,-0.0823622820859424,-0.0336965901518947,-0.0823622820859424,False,False,True,0.0,False,False,False,False,False,True,0.0006346473652737439,0.005538469027608087,False,False,False,False
pcam_site,PCam site,phase5_pcam,phase5_pcam__unmatched__densenet121__seed7__pr0.5,densenet121,7,0.5,tumor_patch,UMCU,t0.5,0.7732163549081278,0.969537420082738,0.5,RUMC,4935,7907,0.1325227963525836,0.7396149949341438,0.6070921985815603,0.699836486802149,0.9810638229691236,0.9834762409302084,5482,10843,0.214885078438526,0.1479387085005472,-0.0669463699379788,-0.0852695167286245,0.9473672328172288,0.9666416028689916,0.9638503654766524,0.9663430887816294,0.0024927233049771,0.8241336277239129,0.5717577037534799,0.9764790591623664,0.9795991839673588,-0.0168346380612166,0.5916762864335966,-0.0336965901518947,-0.0823622820859424,True,True,True,0.7851060035307735,True,True,True,True,True,False,0.0006346473652737439,0.005538469027608087,False,True,,
pcam_site,PCam site,phase5_pcam,phase5_pcam__unmatched__densenet121__seed7__pr0.75,densenet121,7,0.75,tumor_patch,UMCU,t0.5,0.7732163549081278,0.969537420082738,0.5,RUMC,4935,7907,0.1325227963525836,1.0,0.8674772036474164,1.0,0.9810638229691236,0.976292100128044,5482,10843,0.214885078438526,0.2413352790952207,0.0264502006566946,0.0336895910780669,0.9473672328172288,0.950344605100915,0.9638503654766524,0.9534480966451868,-0.0104022688314654,0.8241336277239129,0.3992512239608332,0.9764790591623664,0.984879395175807,-0.025947495027129,0.7586647209047792,-0.0336965901518947,-0.0823622820859424,True,True,True,0.9663104089219332,True,True,True,True,True,False,0.0006346473652737439,0.005538469027608087,False,True,,
pcam_site,PCam site,phase5_pcam,phase5_pcam__unmatched__densenet121__seed7__pr1.0,densenet121,7,1.0,tumor_patch,UMCU,t0.5,0.7732163549081278,0.969537420082738,0.5,RUMC,4935,7907,0.1325227963525836,1.0,0.8674772036474164,1.0,0.9810638229691236,0.602296407810282,5482,10843,0.214885078438526,0.2840204304998175,0.0691353520612914,0.0880576208178438,0.9473672328172288,0.9459422269595952,0.9638503654766524,0.6421032342877665,-0.3217471311888857,0.8241336277239129,0.3767879427858308,0.9764790591623664,0.9854794191767672,0.3436458191493132,0.7159795695001825,-0.0336965901518947,-0.0823622820859424,True,True,False,0.911942379182156,False,False,False,False,False,False,0.0006346473652737439,0.005538469027608087,True,True,,
pcam_site,PCam site,phase5_pcam,phase5_pcam__unmatched__densenet121__seed42__pr0.0,densenet121,42,0.0,tumor_patch,UMCU,t0.5,0.7674226121503063,0.9720446283063808,0.5,RUMC,4935,7907,0.0903748733535967,0.0903748733535967,0.0,0.0,0.980238558869612,0.980238558869612,5482,10843,0.2085005472455308,0.2085005472455308,0.0,0.0,0.945378495669911,0.945378495669911,0.9621218159660436,0.9621218159660436,0.0,0.8474608812518,0.8474608812518,0.967838713548542,0.967838713548542,-0.0348600631997009,-0.118125673891934,-0.0348600631997009,-0.118125673891934,False,False,True,0.0,False,False,False,False,False,True,0.0006346473652737439,0.005538469027608087,False,False,False,False
pcam_site,PCam site,phase5_pcam,phase5_pcam__unmatched__densenet121__seed42__pr0.5,densenet121,42,0.5,tumor_patch,UMCU,t0.5,0.7674226121503063,0.9720446283063808,0.5,RUMC,4935,7907,0.0903748733535967,0.8162107396149949,0.7258358662613982,0.7979505457785698,0.980238558869612,0.9778747540366622,5482,10843,0.2085005472455308,0.3068223276176577,0.0983217803721269,0.1242221710071444,0.945378495669911,0.92108755513372,0.9621218159660436,0.942036085974494,-0.0200857299915495,0.8474608812518,0.4518575405587021,0.967838713548542,0.9816392655706228,-0.0567871989029423,0.5093884119973371,-0.0348600631997009,-0.118125673891934,True,True,True,0.6737283747714253,True,True,True,True,True,False,0.0006346473652737439,0.005538469027608087,False,True,,
pcam_site,PCam site,phase5_pcam,phase5_pcam__unmatched__densenet121__seed42__pr0.75,densenet121,42,0.75,tumor_patch,UMCU,t0.5,0.7674226121503063,0.9720446283063808,0.5,RUMC,4935,7907,0.0903748733535967,1.0,0.9096251266464032,1.0,0.980238558869612,0.9786003032695566,5482,10843,0.2085005472455308,0.2221816855162349,0.0136811382707041,0.0172850887301221,0.945378495669911,0.9354097155119456,0.9621218159660436,0.93253815013885,-0.0295836658271937,0.8474608812518,0.4093309014111548,0.967838713548542,0.967838713548542,-0.0431905877576109,0.777818314483765,-0.0348600631997009,-0.118125673891934,True,True,True,0.982714911269878,True,True,True,True,True,False,0.0006346473652737439,0.005538469027608087,False,True,,
pcam_site,PCam site,phase5_pcam,phase5_pcam__unmatched__densenet121__seed42__pr1.0,densenet121,42,1.0,tumor_patch,UMCU,t0.5,0.7674226121503063,0.9720446283063808,0.5,RUMC,4935,7907,0.0903748733535967,1.0,0.9096251266464032,1.0,0.980238558869612,0.6825930228911244,5482,10843,0.2085005472455308,0.23257935060197,0.0240788033564392,0.0304217561650149,0.945378495669911,0.9532431383685638,0.9621218159660436,0.6655921780693825,-0.2965296378966611,0.8474608812518,0.4038590765095517,0.967838713548542,0.9861994479779193,0.2706501154774393,0.7674206493980299,-0.0348600631997009,-0.118125673891934,True,True,False,0.969578243834985,False,False,False,False,False,False,0.0006346473652737439,0.005538469027608087,True,True,,
pcam_site,PCam site,phase5_pcam,phase5_pcam__unmatched__densenet121__seed123__pr0.0,densenet121,123,0.0,tumor_patch,UMCU,t0.5,0.7660983280913756,0.9737996740629308,0.5,RUMC,4935,7907,0.1254305977710233,0.1254305977710233,0.0,0.0,0.9710087803627508,0.9710087803627508,5482,10843,0.1798613644655235,0.1798613644655235,0.0,0.0,0.9645519095884916,0.9645519095884916,0.9670325374981016,0.9670325374981016,0.0,0.8459249304022272,0.8459249304022272,0.9735989439577584,0.9735989439577584,-0.006456870774259,-0.0544307666945002,-0.006456870774259,-0.0544307666945002,False,False,True,0.0,False,False,False,False,False,True,0.0006346473652737439,0.005538469027608087,False,False,False,False
pcam_site,PCam site,phase5_pcam,phase5_pcam__unmatched__densenet121__seed123__pr0.5,densenet121,123,0.5,tumor_patch,UMCU,t0.5,0.7660983280913756,0.9737996740629308,0.5,RUMC,4935,7907,0.1254305977710233,0.8066869300911854,0.6812563323201621,0.7789620018535681,0.9710087803627508,0.979867653656348,5482,10843,0.1798613644655235,0.2438890915724188,0.0640277271068953,0.0780693950177936,0.9645519095884916,0.9535169993183163,0.9670325374981016,0.9617700038710966,-0.0052625336270051,0.8459249304022272,0.4894883363732361,0.9735989439577584,0.9872794911796472,-0.0263506543380317,0.5627978385187666,-0.006456870774259,-0.0544307666945002,True,True,True,0.7008926068357745,True,True,True,True,True,False,0.0006346473652737439,0.005538469027608087,False,True,,
pcam_site,PCam site,phase5_pcam,phase5_pcam__unmatched__densenet121__seed123__pr0.75,densenet121,123,0.75,tumor_patch,UMCU,t0.5,0.7660983280913756,0.9737996740629308,0.5,RUMC,4935,7907,0.1254305977710233,0.9997973657548126,0.8743667679837893,0.9997683039851716,0.9710087803627508,0.9734011871694068,5482,10843,0.1798613644655235,0.3090113097409704,0.1291499452754469,0.1574733096085409,0.9645519095884916,0.9138031975362756,0.9670325374981016,0.927125158347987,-0.0399073791501146,0.8459249304022272,0.3637323605644619,0.9735989439577584,0.9729989199567984,-0.0595979896331311,0.6907860560138421,-0.006456870774259,-0.0544307666945002,True,True,False,0.8422949943766305,False,False,False,False,False,False,0.0006346473652737439,0.005538469027608087,False,True,,
pcam_site,PCam site,phase5_pcam,phase5_pcam__unmatched__densenet121__seed123__pr1.0,densenet121,123,1.0,tumor_patch,UMCU,t0.5,0.7660983280913756,0.9737996740629308,0.5,RUMC,4935,7907,0.1254305977710233,1.0,0.8745694022289767,1.0,0.9710087803627508,0.6338437370882033,5482,10843,0.1798613644655235,0.3411163808828895,0.1612550164173659,0.1966192170818505,0.9645519095884916,0.9108521446219916,0.9670325374981016,0.6410171372776001,-0.3260154002205015,0.8459249304022272,0.3467409042910627,0.9735989439577584,0.9777991119644786,0.2770084075337883,0.6588836191171106,-0.006456870774259,-0.0544307666945002,True,True,False,0.8033807829181494,False,False,False,False,False,False,0.0006346473652737439,0.005538469027608087,True,True,,
pcam_site,PCam site,phase5_pcam,phase5_pcam__unmatched__vit_base_patch16_224__seed7__pr0.0,vit_base_patch16_224,7,0.0,tumor_patch,UMCU,t0.5,0.777851349114385,0.9685345367932808,0.5,RUMC,4935,7907,0.1223910840932117,0.1223910840932117,0.0,0.0,0.981954029571509,0.981954029571509,5482,10843,0.1822327617657789,0.1822327617657789,0.0,0.0,0.9614941671037348,0.9614941671037348,0.9714460115315432,0.9714460115315432,0.0,0.8461169242584238,0.8461169242584238,0.9727589103564144,0.9727589103564144,-0.020459862467774,-0.0598416776725671,-0.020459862467774,-0.0598416776725671,False,False,True,0.0,False,False,False,False,False,True,0.0006346473652737439,0.005538469027608087,False,False,False,False
pcam_site,PCam site,phase5_pcam,phase5_pcam__unmatched__vit_base_patch16_224__seed7__pr0.5,vit_base_patch16_224,7,0.5,tumor_patch,UMCU,t0.5,0.777851349114385,0.9685345367932808,0.5,RUMC,4935,7907,0.1223910840932117,0.5868287740628166,0.4644376899696049,0.5292080350958208,0.981954029571509,0.9811618333081062,5482,10843,0.1822327617657789,0.1342575702298431,-0.0479751915359357,-0.0586660718269016,0.9614941671037348,0.964360120156513,0.9714460115315432,0.9579789143375276,-0.0134670971940153,0.8461169242584238,0.6513391571469713,0.9727589103564144,0.96651866074643,-0.0168017131515932,0.4525712038329735,-0.020459862467774,-0.0598416776725671,True,True,True,0.5878741069227225,True,True,True,True,True,False,0.0006346473652737439,0.005538469027608087,False,True,,
pcam_site,PCam site,phase5_pcam,phase5_pcam__unmatched__vit_base_patch16_224__seed7__pr0.75,vit_base_patch16_224,7,0.75,tumor_patch,UMCU,t0.5,0.777851349114385,0.9685345367932808,0.5,RUMC,4935,7907,0.1223910840932117,1.0,0.8776089159067882,1.0,0.981954029571509,0.9836126031409672,5482,10843,0.1822327617657789,0.2121488507843852,0.0299160890186063,0.036582645549855,0.9614941671037348,0.942042724009478,0.9714460115315432,0.9447327897915764,-0.0267132217399668,0.8461169242584238,0.4146107324565614,0.9727589103564144,0.9777991119644786,-0.0415698791314892,0.7878511492156147,-0.020459862467774,-0.0598416776725671,True,True,True,0.963417354450145,True,True,True,True,True,False,0.0006346473652737439,0.005538469027608087,False,True,,
pcam_site,PCam site,phase5_pcam,phase5_pcam__unmatched__vit_base_patch16_224__seed7__pr1.0,vit_base_patch16_224,7,1.0,tumor_patch,UMCU,t0.5,0.777851349114385,0.9685345367932808,0.5,RUMC,4935,7907,0.1223910840932117,1.0,0.8776089159067882,1.0,0.981954029571509,0.2994639942400602,5482,10843,0.1822327617657789,0.181503101058008,-0.0007296607077708,-0.0008922596475574,0.9614941671037348,0.9526920989014872,0.9714460115315432,0.560674511073752,-0.4107715004577911,0.8461169242584238,0.4307382163770759,0.9727589103564144,0.9785191407656306,0.6532281046614269,0.818496898941992,-0.020459862467774,-0.0598416776725671,True,True,False,1.0008922596475571,False,False,False,False,False,False,0.0006346473652737439,0.005538469027608087,True,True,,
pcam_site,PCam site,phase5_pcam,phase5_pcam__unmatched__vit_base_patch16_224__seed42__pr0.0,vit_base_patch16_224,42,0.0,tumor_patch,UMCU,t0.5,0.9043204767422612,0.9314278550833648,0.5,RUMC,4935,7907,0.1116514690982776,0.1116514690982776,0.0,0.0,0.979731223264484,0.979731223264484,5482,10843,0.1032469901495804,0.1032469901495804,0.0,0.0,0.9670961266394824,0.9670961266394824,0.970062736463572,0.970062736463572,0.0,0.8927714313141979,0.8927714313141979,0.9420376815072604,0.9420376815072604,-0.0126350966250018,0.0084044789486971,-0.0126350966250018,0.0084044789486971,False,False,True,0.0,False,False,False,False,False,True,0.0006346473652737439,0.005538469027608087,False,True,False,True
pcam_site,PCam site,phase5_pcam,phase5_pcam__unmatched__vit_base_patch16_224__seed42__pr0.5,vit_base_patch16_224,42,0.5,tumor_patch,UMCU,t0.5,0.9043204767422612,0.9314278550833648,0.5,RUMC,4935,7907,0.1116514690982776,0.8316109422492401,0.7199594731509625,0.8104470802919709,0.979731223264484,0.97294024880649,5482,10843,0.1032469901495804,0.2336738416636264,0.1304268515140459,0.1454434499593165,0.9670961266394824,0.9601889169288566,0.970062736463572,0.9610376831315932,-0.0090250533319787,0.8927714313141979,0.4830565421906499,0.9420376815072604,0.9879995199807992,-0.0127513318776333,0.5979371005856138,-0.0126350966250018,0.0084044789486971,True,True,True,0.6650036303326543,True,True,True,True,True,False,0.0006346473652737439,0.005538469027608087,False,True,,
pcam_site,PCam site,phase5_pcam,phase5_pcam__unmatched__vit_base_patch16_224__seed42__pr0.75,vit_base_patch16_224,42,0.75,tumor_patch,UMCU,t0.5,0.9043204767422612,0.9314278550833648,0.5,RUMC,4935,7907,0.1116514690982776,1.0,0.8883485309017224,1.0,0.979731223264484,0.981674452948901,5482,10843,0.1032469901495804,0.1680043779642466,0.0647573878146662,0.072213181448332,0.9670961266394824,0.9603071074002444,0.970062736463572,0.9566393004189016,-0.0134234360446703,0.8927714313141979,0.4378419890563502,0.9420376815072604,0.9793591743669748,-0.0213673455486566,0.8319956220357534,-0.0126350966250018,0.0084044789486971,True,True,True,0.927786818551668,True,True,True,True,True,False,0.0006346473652737439,0.005538469027608087,False,True,,
pcam_site,PCam site,phase5_pcam,phase5_pcam__unmatched__vit_base_patch16_224__seed42__pr1.0,vit_base_patch16_224,42,1.0,tumor_patch,UMCU,t0.5,0.9043204767422612,0.9314278550833648,0.5,RUMC,4935,7907,0.1116514690982776,1.0,0.8883485309017224,1.0,0.979731223264484,0.4590504281091607,5482,10843,0.1032469901495804,0.2274717256475738,0.1242247354979934,0.138527257933279,0.9670961266394824,0.959859644094073,0.970062736463572,0.5901087440252915,-0.3799539924382805,0.8927714313141979,0.4065469904963041,0.9420376815072604,0.9894395775831032,0.5008092159849122,0.7725282743524261,-0.0126350966250018,0.0084044789486971,True,True,False,0.861472742066721,False,False,False,False,False,False,0.0006346473652737439,0.005538469027608087,True,True,,
pcam_site,PCam site,phase5_pcam,phase5_pcam__unmatched__vit_base_patch16_224__seed123__pr0.0,vit_base_patch16_224,123,0.0,tumor_patch,UMCU,t0.5,0.7425922860453568,0.978187288454306,0.5,RUMC,4935,7907,0.1363728470111448,0.1363728470111448,0.0,0.0,0.9769762634299732,0.9769762634299732,5482,10843,0.2075884713608172,0.2075884713608172,0.0,0.0,0.9675127110474864,0.9675127110474864,0.9716550608842056,0.9716550608842056,0.0,0.8261495632139771,0.8261495632139771,0.9803192127685108,0.9803192127685108,-0.0094635523824868,-0.0712156243496723,-0.0094635523824868,-0.0712156243496723,False,False,True,0.0,False,False,False,False,False,True,0.0006346473652737439,0.005538469027608087,False,False,False,False
pcam_site,PCam site,phase5_pcam,phase5_pcam__unmatched__vit_base_patch16_224__seed123__pr0.5,vit_base_patch16_224,123,0.5,tumor_patch,UMCU,t0.5,0.7425922860453568,0.978187288454306,0.5,RUMC,4935,7907,0.1363728470111448,0.3843971631205674,0.2480243161094225,0.2871891130924449,0.9769762634299732,0.983831328127024,5482,10843,0.2075884713608172,0.2458956585187887,0.0383071871579715,0.048342541436464,0.9675127110474864,0.9510113000774916,0.9716550608842056,0.9632676158539094,-0.0083874450302962,0.8261495632139771,0.6884899683210137,0.9803192127685108,0.9872794911796472,-0.0328200280495325,0.1385015046017786,-0.0094635523824868,-0.0712156243496723,True,True,True,0.2388465716559808,True,True,True,True,False,False,0.0006346473652737439,0.005538469027608087,False,True,,
pcam_site,PCam site,phase5_pcam,phase5_pcam__unmatched__vit_base_patch16_224__seed123__pr0.75,vit_base_patch16_224,123,0.75,tumor_patch,UMCU,t0.5,0.7425922860453568,0.978187288454306,0.5,RUMC,4935,7907,0.1363728470111448,1.0,0.8636271529888551,1.0,0.9769762634299732,0.982123425527824,5482,10843,0.2075884713608172,0.1590660342940532,-0.0485224370667639,-0.0612338858195211,0.9675127110474864,0.9628238311733076,0.9716550608842056,0.9512295284938018,-0.0204255323904037,0.8261495632139771,0.4425458385331669,0.9803192127685108,0.9777991119644786,-0.0192995943545164,0.8409339657059467,-0.0094635523824868,-0.0712156243496723,True,True,True,1.0612338858195212,True,True,True,True,True,False,0.0006346473652737439,0.005538469027608087,False,True,,
pcam_site,PCam site,phase5_pcam,phase5_pcam__unmatched__vit_base_patch16_224__seed123__pr1.0,vit_base_patch16_224,123,1.0,tumor_patch,UMCU,t0.5,0.7425922860453568,0.978187288454306,0.5,RUMC,4935,7907,0.1363728470111448,1.0,0.8636271529888551,1.0,0.9769762634299732,0.3847962953114581,5482,10843,0.2075884713608172,0.1948194089748267,-0.0127690623859905,-0.0161141804788213,0.9675127110474864,0.9659610251481148,0.9716550608842056,0.5796533675688968,-0.3920016933153087,0.8261495632139771,0.4237304406259,0.9803192127685108,0.984159366374655,0.5811647298366567,0.8051805910251733,-0.0094635523824868,-0.0712156243496723,True,True,False,1.0161141804788214,False,False,False,False,False,False,0.0006346473652737439,0.005538469027608087,True,True,,
pcam_site,PCam site,phase5_pcam,phase5_pcam__unmatched__densenet121__seed7__pr0.0,densenet121,7,0.0,tumor_patch,UMCU,youden_j,0.8051647078298295,0.95624921649743,0.35302734375,RUMC,4935,7907,0.1003039513677811,0.1003039513677811,0.0,0.0,0.9810638229691236,0.9810638229691236,5482,10843,0.1816855162349507,0.1816855162349507,0.0,0.0,0.9473672328172288,0.9473672328172288,0.9638503654766524,0.9638503654766524,0.0,0.8568685802054334,0.8568685802054334,0.9612384495379817,0.9612384495379817,-0.0336965901518947,-0.0813815648671695,-0.0336965901518947,-0.0813815648671695,False,False,True,0.0,False,False,False,False,False,True,0.0006346473652737439,0.016158253237805016,False,False,False,False
pcam_site,PCam site,phase5_pcam,phase5_pcam__unmatched__densenet121__seed7__pr0.5,densenet121,7,0.5,tumor_patch,UMCU,youden_j,0.8051647078298295,0.95624921649743,0.35302734375,RUMC,4935,7907,0.1003039513677811,0.1811550151975683,0.0808510638297872,0.0898648648648648,0.9810638229691236,0.9834762409302084,5482,10843,0.1816855162349507,0.1262313024443633,-0.0554542137905873,-0.067766384306732,0.9473672328172288,0.9666416028689916,0.9638503654766524,0.9663430887816294,0.0024927233049771,0.8568685802054334,0.8477488720360948,0.9612384495379817,0.968798751950078,-0.0168346380612166,0.054923712753205,-0.0336965901518947,-0.0813815648671695,False,True,True,0.1576312491715969,False,False,False,False,False,False,0.0006346473652737439,0.016158253237805016,False,True,,
pcam_site,PCam site,phase5_pcam,phase5_pcam__unmatched__densenet121__seed7__pr0.75,densenet121,7,0.75,tumor_patch,UMCU,youden_j,0.8051647078298295,0.95624921649743,0.35302734375,RUMC,4935,7907,0.1003039513677811,1.0,0.8996960486322189,1.0,0.9810638229691236,0.976292100128044,5482,10843,0.1816855162349507,0.218168551623495,0.0364830353885443,0.0445831475702184,0.9473672328172288,0.950344605100915,0.9638503654766524,0.9534480966451868,-0.0104022688314654,0.8568685802054334,0.4114428338293174,0.9612384495379817,0.9789991599663986,-0.025947495027129,0.781831448376505,-0.0336965901518947,-0.0813815648671695,True,True,True,0.9554168524297816,True,True,True,True,True,False,0.0006346473652737439,0.016158253237805016,False,True,,
pcam_site,PCam site,phase5_pcam,phase5_pcam__unmatched__densenet121__seed7__pr1.0,densenet121,7,1.0,tumor_patch,UMCU,youden_j,0.8051647078298295,0.95624921649743,0.35302734375,RUMC,4935,7907,0.1003039513677811,1.0,0.8996960486322189,1.0,0.9810638229691236,0.602296407810282,5482,10843,0.1816855162349507,0.2575702298431229,0.0758847136081722,0.0927329469460544,0.9473672328172288,0.9459422269595952,0.9638503654766524,0.6421032342877665,-0.3217471311888857,0.8568685802054334,0.3907074973600845,0.9612384495379817,0.9816392655706228,0.3436458191493132,0.7424297701568771,-0.0336965901518947,-0.0813815648671695,True,True,False,0.9072670530539456,False,False,False,False,False,False,0.0006346473652737439,0.016158253237805016,True,True,,
pcam_site,PCam site,phase5_pcam,phase5_pcam__unmatched__densenet121__seed42__pr0.0,densenet121,42,0.0,tumor_patch,UMCU,youden_j,0.8091375600066214,0.9491036730600476,0.26806640625,RUMC,4935,7907,0.0670719351570415,0.0670719351570415,0.0,0.0,0.980238558869612,0.980238558869612,5482,10843,0.1579715432323969,0.1579715432323969,0.0,0.0,0.945378495669911,0.945378495669911,0.9621218159660436,0.9621218159660436,0.0,0.8850916770663338,0.8850916770663338,0.9407176287051482,0.9407176287051482,-0.0348600631997009,-0.0908996080753553,-0.0348600631997009,-0.0908996080753553,False,False,True,0.0,False,False,False,False,False,True,0.0006346473652737439,0.016158253237805016,False,False,False,False
pcam_site,PCam site,phase5_pcam,phase5_pcam__unmatched__densenet121__seed42__pr0.5,densenet121,42,0.5,tumor_patch,UMCU,youden_j,0.8091375600066214,0.9491036730600476,0.26806640625,RUMC,4935,7907,0.0670719351570415,0.2008105369807497,0.1337386018237082,0.1433536055603822,0.980238558869612,0.9778747540366622,5482,10843,0.1579715432323969,0.2340386720175118,0.0760671287851149,0.0903379549393414,0.945378495669911,0.92108755513372,0.9621218159660436,0.942036085974494,-0.0200857299915495,0.8850916770663338,0.7817029855044638,0.9407176287051482,0.953318132725309,-0.0567871989029423,-0.0332281350367621,-0.0348600631997009,-0.0908996080753553,False,True,True,0.0530156506210408,False,True,False,False,False,False,0.0006346473652737439,0.016158253237805016,False,False,,
pcam_site,PCam site,phase5_pcam,phase5_pcam__unmatched__densenet121__seed42__pr0.75,densenet121,42,0.75,tumor_patch,UMCU,youden_j,0.8091375600066214,0.9491036730600476,0.26806640625,RUMC,4935,7907,0.0670719351570415,0.9663627152988856,0.8992907801418439,0.9639443961772372,0.980238558869612,0.9786003032695566,5482,10843,0.1579715432323969,0.1784020430499817,0.0204304998175848,0.024263431542461,0.945378495669911,0.9354097155119456,0.9621218159660436,0.93253815013885,-0.0295836658271937,0.8850916770663338,0.448305654219065,0.9407176287051482,0.9429977199087964,-0.0431905877576109,0.7879606722489038,-0.0348600631997009,-0.0908996080753553,True,True,True,0.939680964634776,True,True,True,True,True,False,0.0006346473652737439,0.016158253237805016,False,True,,
pcam_site,PCam site,phase5_pcam,phase5_pcam__unmatched__densenet121__seed42__pr1.0,densenet121,42,1.0,tumor_patch,UMCU,youden_j,0.8091375600066214,0.9491036730600476,0.26806640625,RUMC,4935,7907,0.0670719351570415,1.0,0.9329280648429584,1.0,0.980238558869612,0.6825930228911244,5482,10843,0.1579715432323969,0.1909886902590295,0.0330171470266326,0.03921143847487,0.945378495669911,0.9532431383685638,0.9621218159660436,0.6655921780693825,-0.2965296378966611,0.8850916770663338,0.4257463761159643,0.9407176287051482,0.9776791071642864,0.2706501154774393,0.8090113097409705,-0.0348600631997009,-0.0908996080753553,True,True,False,0.96078856152513,False,False,False,False,False,False,0.0006346473652737439,0.016158253237805016,True,True,,
pcam_site,PCam site,phase5_pcam,phase5_pcam__unmatched__densenet121__seed123__pr0.0,densenet121,123,0.0,tumor_patch,UMCU,youden_j,0.8235391491474922,0.9422088504450294,0.1864013671875,RUMC,4935,7907,0.084498480243161,0.084498480243161,0.0,0.0,0.9710087803627508,0.9710087803627508,5482,10843,0.1123677489967165,0.1123677489967165,0.0,0.0,0.9645519095884916,0.9645519095884916,0.9670325374981016,0.9670325374981016,0.0,0.9008351732744552,0.9008351732744552,0.9347173886955478,0.9347173886955478,-0.006456870774259,-0.0278692687535554,-0.006456870774259,-0.0278692687535554,False,False,True,0.0,False,False,False,False,False,True,0.0006346473652737439,0.016158253237805016,False,False,False,False
pcam_site,PCam site,phase5_pcam,phase5_pcam__unmatched__densenet121__seed123__pr0.5,densenet121,123,0.5,tumor_patch,UMCU,youden_j,0.8235391491474922,0.9422088504450294,0.1864013671875,RUMC,4935,7907,0.084498480243161,0.0808510638297872,-0.0036474164133738,-0.0039840637450199,0.9710087803627508,0.979867653656348,5482,10843,0.1123677489967165,0.1574242977015687,0.0450565487048522,0.0507603781339909,0.9645519095884916,0.9535169993183163,0.9670325374981016,0.9617700038710966,-0.0052625336270051,0.9008351732744552,0.8788518767399444,0.9347173886955478,0.9443177727109084,-0.0263506543380317,-0.0765732338717815,-0.006456870774259,-0.0278692687535554,False,False,True,-0.0547444418790108,False,False,False,False,False,False,0.0006346473652737439,0.016158253237805016,False,False,,
pcam_site,PCam site,phase5_pcam,phase5_pcam__unmatched__densenet121__seed123__pr0.75,densenet121,123,0.75,tumor_patch,UMCU,youden_j,0.8235391491474922,0.9422088504450294,0.1864013671875,RUMC,4935,7907,0.084498480243161,0.2577507598784194,0.1732522796352583,0.1892430278884462,0.9710087803627508,0.9734011871694068,5482,10843,0.1123677489967165,0.235862823786939,0.1234950747902225,0.1391286477599671,0.9645519095884916,0.9138031975362756,0.9670325374981016,0.927125158347987,-0.0399073791501146,0.9008351732744552,0.7537678794278583,0.9347173886955478,0.9441977679107164,-0.0595979896331311,0.0218879360914803,-0.006456870774259,-0.0278692687535554,False,True,False,0.0501143801284791,False,False,False,False,False,False,0.0006346473652737439,0.016158253237805016,False,True,,
pcam_site,PCam site,phase5_pcam,phase5_pcam__unmatched__densenet121__seed123__pr1.0,densenet121,123,1.0,tumor_patch,UMCU,youden_j,0.8235391491474922,0.9422088504450294,0.1864013671875,RUMC,4935,7907,0.084498480243161,1.0,0.9155015197568388,1.0,0.9710087803627508,0.6338437370882033,5482,10843,0.1123677489967165,0.2559284932506384,0.1435607442539219,0.1617344841759145,0.9645519095884916,0.9108521446219916,0.9670325374981016,0.6410171372776001,-0.3260154002205015,0.9008351732744552,0.3915714697129692,0.9347173886955478,0.9570382815312612,0.2770084075337883,0.7440715067493615,-0.006456870774259,-0.0278692687535554,True,True,False,0.8382655158240855,False,False,False,False,False,False,0.0006346473652737439,0.016158253237805016,True,True,,
pcam_site,PCam site,phase5_pcam,phase5_pcam__unmatched__vit_base_patch16_224__seed7__pr0.0,vit_base_patch16_224,7,0.0,tumor_patch,UMCU,youden_j,0.8917397781824201,0.8968283815970917,0.0792236328125,RUMC,4935,7907,0.0514690982776089,0.0514690982776089,0.0,0.0,0.981954029571509,0.981954029571509,5482,10843,0.0926669098869025,0.0926669098869025,0.0,0.0,0.9614941671037348,0.9614941671037348,0.9714460115315432,0.9714460115315432,0.0,0.9268503407890948,0.9268503407890948,0.8942757710308412,0.8942757710308412,-0.020459862467774,-0.0411978116092936,-0.020459862467774,-0.0411978116092936,False,False,True,0.0,False,False,False,False,False,True,0.0006346473652737439,0.016158253237805016,False,False,False,False
pcam_site,PCam site,phase5_pcam,phase5_pcam__unmatched__vit_base_patch16_224__seed7__pr0.5,vit_base_patch16_224,7,0.5,tumor_patch,UMCU,youden_j,0.8917397781824201,0.8968283815970917,0.0792236328125,RUMC,4935,7907,0.0514690982776089,0.0459979736575481,-0.0054711246200607,-0.0057679982909634,0.981954029571509,0.9811618333081062,5482,10843,0.0926669098869025,0.0569135352061291,-0.0357533746807734,-0.0394049055086449,0.9614941671037348,0.964360120156513,0.9714460115315432,0.9579789143375276,-0.0134670971940153,0.9268503407890948,0.948257655755016,0.8942757710308412,0.8269530781231249,-0.0168017131515932,-0.010915561548581,-0.020459862467774,-0.0411978116092936,False,False,True,0.0336369072176814,False,False,False,False,False,False,0.0006346473652737439,0.016158253237805016,False,False,,
pcam_site,PCam site,phase5_pcam,phase5_pcam__unmatched__vit_base_patch16_224__seed7__pr0.75,vit_base_patch16_224,7,0.75,tumor_patch,UMCU,youden_j,0.8917397781824201,0.8968283815970917,0.0792236328125,RUMC,4935,7907,0.0514690982776089,0.0308004052684903,-0.0206686930091185,-0.0217902157658619,0.981954029571509,0.9836126031409672,5482,10843,0.0926669098869025,0.0921196643560744,-0.0005472455308281,-0.0006031363088057,0.9614941671037348,0.942042724009478,0.9714460115315432,0.9447327897915764,-0.0267132217399668,0.9268503407890948,0.9369300182394164,0.8942757710308412,0.8250330013200528,-0.0415698791314892,-0.061319259087584,-0.020459862467774,-0.0411978116092936,False,False,True,-0.0211870794570562,False,False,False,False,False,False,0.0006346473652737439,0.016158253237805016,False,False,,
pcam_site,PCam site,phase5_pcam,phase5_pcam__unmatched__vit_base_patch16_224__seed7__pr1.0,vit_base_patch16_224,7,1.0,tumor_patch,UMCU,youden_j,0.8917397781824201,0.8968283815970917,0.0792236328125,RUMC,4935,7907,0.0514690982776089,1.0,0.9485309017223912,1.0,0.981954029571509,0.2994639942400602,5482,10843,0.0926669098869025,0.0919372491791317,-0.0007296607077708,-0.0008041817450743,0.9614941671037348,0.9526920989014872,0.9714460115315432,0.560674511073752,-0.4107715004577911,0.9268503407890948,0.4778727080733416,0.8942757710308412,0.9101164046561864,0.6532281046614269,0.9080627508208684,-0.020459862467774,-0.0411978116092936,True,True,False,1.0008041817450744,False,False,False,False,False,False,0.0006346473652737439,0.016158253237805016,True,True,,
pcam_site,PCam site,phase5_pcam,phase5_pcam__unmatched__vit_base_patch16_224__seed42__pr0.0,vit_base_patch16_224,42,0.0,tumor_patch,UMCU,youden_j,0.9079622579043204,0.9301742509715432,0.486572265625,RUMC,4935,7907,0.1094224924012158,0.1094224924012158,0.0,0.0,0.979731223264484,0.979731223264484,5482,10843,0.0999635169646114,0.0999635169646114,0.0,0.0,0.9670961266394824,0.9670961266394824,0.970062736463572,0.970062736463572,0.0,0.8955553422290486,0.8955553422290486,0.939997599903996,0.939997599903996,-0.0126350966250018,0.0094589754366043,-0.0126350966250018,0.0094589754366043,False,False,True,0.0,False,False,False,False,False,True,0.0006346473652737439,0.016158253237805016,False,False,False,True
pcam_site,PCam site,phase5_pcam,phase5_pcam__unmatched__vit_base_patch16_224__seed42__pr0.5,vit_base_patch16_224,42,0.5,tumor_patch,UMCU,youden_j,0.9079622579043204,0.9301742509715432,0.486572265625,RUMC,4935,7907,0.1094224924012158,0.5785207700101317,0.4690982776089158,0.5267349260523322,0.979731223264484,0.97294024880649,5482,10843,0.0999635169646114,0.2302079533017147,0.1302444363371032,0.1447101743007701,0.9670961266394824,0.9601889169288566,0.970062736463572,0.9610376831315932,-0.0090250533319787,0.8955553422290486,0.6047806470192953,0.939997599903996,0.9875195007800311,-0.0127513318776333,0.3483128167084169,-0.0126350966250018,0.0094589754366043,True,True,True,0.382024751751562,True,True,True,True,True,False,0.0006346473652737439,0.016158253237805016,False,True,,
pcam_site,PCam site,phase5_pcam,phase5_pcam__unmatched__vit_base_patch16_224__seed42__pr0.75,vit_base_patch16_224,42,0.75,tumor_patch,UMCU,youden_j,0.9079622579043204,0.9301742509715432,0.486572265625,RUMC,4935,7907,0.1094224924012158,1.0,0.8905775075987842,1.0,0.979731223264484,0.981674452948901,5482,10843,0.0999635169646114,0.1669098869025903,0.0669463699379788,0.0743818402918524,0.9670961266394824,0.9603071074002444,0.970062736463572,0.9566393004189016,-0.0134234360446703,0.8955553422290486,0.43841797062494,0.939997599903996,0.9788791551662066,-0.0213673455486566,0.8330901130974098,-0.0126350966250018,0.0094589754366043,True,True,True,0.9256181597081476,True,True,True,True,True,False,0.0006346473652737439,0.016158253237805016,False,True,,
pcam_site,PCam site,phase5_pcam,phase5_pcam__unmatched__vit_base_patch16_224__seed42__pr1.0,vit_base_patch16_224,42,1.0,tumor_patch,UMCU,youden_j,0.9079622579043204,0.9301742509715432,0.486572265625,RUMC,4935,7907,0.1094224924012158,1.0,0.8905775075987842,1.0,0.979731223264484,0.4590504281091607,5482,10843,0.0999635169646114,0.224735497993433,0.1247719810288216,0.138629914876368,0.9670961266394824,0.959859644094073,0.970062736463572,0.5901087440252915,-0.3799539924382805,0.8955553422290486,0.4079869444177786,0.939997599903996,0.9890795631825272,0.5008092159849122,0.7752645020065669,-0.0126350966250018,0.0094589754366043,True,True,False,0.8613700851236319,False,False,False,False,False,False,0.0006346473652737439,0.016158253237805016,True,True,,
pcam_site,PCam site,phase5_pcam,phase5_pcam__unmatched__vit_base_patch16_224__seed123__pr0.0,vit_base_patch16_224,123,0.0,tumor_patch,UMCU,youden_j,0.8652540970038073,0.9033471229785632,0.09283447265625,RUMC,4935,7907,0.0684903748733535,0.0684903748733535,0.0,0.0,0.9769762634299732,0.9769762634299732,5482,10843,0.1036118205034658,0.1036118205034658,0.0,0.0,0.9675127110474864,0.9675127110474864,0.9716550608842056,0.9716550608842056,0.0,0.9130267831429394,0.9130267831429394,0.9161166446657868,0.9161166446657868,-0.0094635523824868,-0.0351214456301123,-0.0094635523824868,-0.0351214456301123,False,False,True,0.0,False,False,False,False,False,True,0.0006346473652737439,0.016158253237805016,False,False,False,False
pcam_site,PCam site,phase5_pcam,phase5_pcam__unmatched__vit_base_patch16_224__seed123__pr0.5,vit_base_patch16_224,123,0.5,tumor_patch,UMCU,youden_j,0.8652540970038073,0.9033471229785632,0.09283447265625,RUMC,4935,7907,0.0684903748733535,0.0573454913880445,-0.011144883485309,-0.0119643245594953,0.9769762634299732,0.983831328127024,5482,10843,0.1036118205034658,0.1247719810288216,0.0211601605253557,0.0236060236060236,0.9675127110474864,0.9510113000774916,0.9716550608842056,0.9632676158539094,-0.0083874450302962,0.9130267831429394,0.907170970528943,0.9161166446657868,0.9099963998559942,-0.0328200280495325,-0.067426489640777,-0.0094635523824868,-0.0351214456301123,False,False,True,-0.0355703481655189,False,False,False,False,False,False,0.0006346473652737439,0.016158253237805016,False,False,,
pcam_site,PCam site,phase5_pcam,phase5_pcam__unmatched__vit_base_patch16_224__seed123__pr0.75,vit_base_patch16_224,123,0.75,tumor_patch,UMCU,youden_j,0.8652540970038073,0.9033471229785632,0.09283447265625,RUMC,4935,7907,0.0684903748733535,0.0986828774062816,0.030192502532928,0.0324124428975418,0.9769762634299732,0.982123425527824,5482,10843,0.1036118205034658,0.0813571689164538,-0.022254651587012,-0.0248270248270248,0.9675127110474864,0.9628238311733076,0.9716550608842056,0.9512295284938018,-0.0204255323904037,0.9130267831429394,0.9104348660842853,0.9161166446657868,0.8984759390375615,-0.0192995943545164,0.0173257084898278,-0.0094635523824868,-0.0351214456301123,False,True,True,0.0572394677245667,False,False,False,False,False,False,0.0006346473652737439,0.016158253237805016,False,True,,
pcam_site,PCam site,phase5_pcam,phase5_pcam__unmatched__vit_base_patch16_224__seed123__pr1.0,vit_base_patch16_224,123,1.0,tumor_patch,UMCU,youden_j,0.8652540970038073,0.9033471229785632,0.09283447265625,RUMC,4935,7907,0.0684903748733535,1.0,0.9315096251266464,1.0,0.9769762634299732,0.3847962953114581,5482,10843,0.1036118205034658,0.0901130974097044,-0.0134987230937614,-0.015059015059015,0.9675127110474864,0.9659610251481148,0.9716550608842056,0.5796533675688968,-0.3920016933153087,0.9130267831429394,0.4788326773543246,0.9161166446657868,0.9341173646945878,0.5811647298366567,0.9098869025902956,-0.0094635523824868,-0.0351214456301123,True,True,False,1.015059015059015,False,False,False,False,False,False,0.0006346473652737439,0.016158253237805016,True,True,,
ptbxl_sex,PTB-XL sex,phase5_ptbxl,phase5_ptbxl__unmatched__resnet1d__seed7__pr0.0,resnet1d,7,0.0,is_mi,male,sens0.80,0.7985436893203883,0.9915074309978767,0.886425793170929,female,226,737,0.2300884955752212,0.2300884955752212,0.0,0.0,0.9853272258109208,0.9853272258109208,189,632,0.2645502645502645,0.2645502645502645,0.0,0.0,0.9680807863652108,0.9680807863652108,0.9777424162057032,0.9777424162057032,0.0,0.7542168674698795,0.7542168674698795,0.9947589098532494,0.9947589098532494,-0.0172464394457101,-0.0344617689750433,-0.0172464394457101,-0.0344617689750433,False,False,True,0.0,False,False,False,False,False,True,-0.004185330531855951,-0.022022000774842558,False,False,False,False
ptbxl_sex,PTB-XL sex,phase5_ptbxl,phase5_ptbxl__unmatched__resnet1d__seed7__pr0.5,resnet1d,7,0.5,is_mi,male,sens0.80,0.7985436893203883,0.9915074309978767,0.886425793170929,female,226,737,0.2300884955752212,0.9646017699115044,0.7345132743362831,0.9540229885057472,0.9853272258109208,0.98469078503022,189,632,0.2645502645502645,0.873015873015873,0.6084656084656085,0.8273381294964028,0.9680807863652108,0.9638049852496804,0.9777424162057032,0.9750006314566442,-0.0027417847490591,0.7542168674698795,0.0771084337349397,0.9947589098532494,1.0,-0.0208857997805395,0.0915858968956313,-0.0172464394457101,-0.0344617689750433,True,True,True,0.1266848590093442,True,True,True,True,True,False,-0.004185330531855951,-0.022022000774842558,False,True,,
ptbxl_sex,PTB-XL sex,phase5_ptbxl,phase5_ptbxl__unmatched__resnet1d__seed7__pr0.75,resnet1d,7,0.75,is_mi,male,sens0.80,0.7985436893203883,0.9915074309978767,0.886425793170929,female,226,737,0.2300884955752212,0.9646017699115044,0.7345132743362831,0.9540229885057472,0.9853272258109208,0.97619624889597,189,632,0.2645502645502645,0.873015873015873,0.6084656084656085,0.8273381294964028,0.9680807863652108,0.9558087594204976,0.9777424162057032,0.9647533530347806,-0.0129890631709227,0.7542168674698795,0.0771084337349397,0.9947589098532494,1.0,-0.0203874894754726,0.0915858968956313,-0.0172464394457101,-0.0344617689750433,True,True,True,0.1266848590093442,True,True,True,True,True,False,-0.004185330531855951,-0.022022000774842558,False,True,,
ptbxl_sex,PTB-XL sex,phase5_ptbxl,phase5_ptbxl__unmatched__resnet1d__seed7__pr1.0,resnet1d,7,1.0,is_mi,male,sens0.80,0.7985436893203883,0.9915074309978767,0.886425793170929,female,226,737,0.2300884955752212,0.9601769911504424,0.7300884955752213,0.9482758620689656,0.9853272258109208,0.9535484820670904,189,632,0.2645502645502645,0.8201058201058201,0.5555555555555556,0.7553956834532374,0.9680807863652108,0.9409031734088168,0.9777424162057032,0.9378937132176504,-0.0398487029880529,0.7542168674698795,0.1036144578313253,0.9947589098532494,0.99895178197065,-0.0126453086582736,0.1400711710446224,-0.0172464394457101,-0.0344617689750433,True,True,False,0.1928801786157281,False,False,False,False,False,False,-0.004185330531855951,-0.022022000774842558,False,True,,
ptbxl_sex,PTB-XL sex,phase5_ptbxl,phase5_ptbxl__unmatched__resnet1d__seed42__pr0.0,resnet1d,42,0.0,is_mi,male,sens0.80,0.7985436893203883,0.9936305732484076,0.846972644329071,female,226,737,0.2256637168141592,0.2256637168141592,0.0,0.0,0.9833356424155308,0.9833356424155308,189,632,0.2698412698412698,0.2698412698412698,0.0,0.0,0.9681823067827584,0.9681823067827584,0.976646207471395,0.976646207471395,0.0,0.7542168674698795,0.7542168674698795,0.9905660377358492,0.9905660377358492,-0.0151533356327725,-0.0441775530271105,-0.0151533356327725,-0.0441775530271105,False,False,True,0.0,False,False,False,False,False,True,-0.004185330531855951,-0.022022000774842558,False,False,False,False
ptbxl_sex,PTB-XL sex,phase5_ptbxl,phase5_ptbxl__unmatched__resnet1d__seed42__pr0.5,resnet1d,42,0.5,is_mi,male,sens0.80,0.7985436893203883,0.9936305732484076,0.846972644329071,female,226,737,0.2256637168141592,0.9336283185840708,0.7079646017699115,0.9142857142857144,0.9833356424155308,0.9767850648563462,189,632,0.2698412698412698,0.8994708994708994,0.6296296296296295,0.86231884057971,0.9681823067827584,0.9539933354831774,0.976646207471395,0.9667512818569876,-0.0098949256144073,0.7542168674698795,0.0819277108433735,0.9905660377358492,1.0,-0.0227917293731687,0.0341574191131713,-0.0151533356327725,-0.0441775530271105,True,True,True,0.0519668737060042,True,True,True,True,True,False,-0.004185330531855951,-0.022022000774842558,False,True,,
ptbxl_sex,PTB-XL sex,phase5_ptbxl,phase5_ptbxl__unmatched__resnet1d__seed42__pr0.75,resnet1d,42,0.75,is_mi,male,sens0.80,0.7985436893203883,0.9936305732484076,0.846972644329071,female,226,737,0.2256637168141592,0.9247787610619468,0.6991150442477876,0.9028571428571428,0.9833356424155308,0.965792390419618,189,632,0.2698412698412698,0.8095238095238095,0.5396825396825398,0.7391304347826088,0.9681823067827584,0.9534618462383698,0.976646207471395,0.9595400469803744,-0.0171061604910206,0.7542168674698795,0.1277108433734939,0.9905660377358492,1.0,-0.0123305441812481,0.1152549515381373,-0.0151533356327725,-0.0441775530271105,True,True,True,0.163726708074534,True,True,True,True,True,False,-0.004185330531855951,-0.022022000774842558,False,True,,
ptbxl_sex,PTB-XL sex,phase5_ptbxl,phase5_ptbxl__unmatched__resnet1d__seed42__pr1.0,resnet1d,42,1.0,is_mi,male,sens0.80,0.7985436893203883,0.9936305732484076,0.846972644329071,female,226,737,0.2256637168141592,1.0,0.7743362831858407,1.0,0.9833356424155308,0.9561288814228566,189,632,0.2698412698412698,1.0,0.7301587301587302,1.0,0.9681823067827584,0.9390996930500316,0.976646207471395,0.946836402212624,-0.0298098052587708,0.7542168674698795,0.0,0.9905660377358492,1.0,-0.017029188372825,0.0,-0.0151533356327725,-0.0441775530271105,True,False,True,0.0,False,False,False,False,False,False,-0.004185330531855951,-0.022022000774842558,False,True,,
ptbxl_sex,PTB-XL sex,phase5_ptbxl,phase5_ptbxl__unmatched__resnet1d__seed123__pr0.0,resnet1d,123,0.0,is_mi,male,sens0.80,0.7985436893203883,0.994692144373673,0.8749023675918579,female,226,737,0.2256637168141592,0.2256637168141592,0.0,0.0,0.989271426839617,0.989271426839617,189,632,0.291005291005291,0.291005291005291,0.0,0.0,0.9823055884003964,0.9823055884003964,0.9862910762547044,0.9862910762547044,0.0,0.744578313253012,0.744578313253012,0.9958071278825996,0.9958071278825996,-0.0069658384392204,-0.0653415741911317,-0.0069658384392204,-0.0653415741911317,False,False,True,0.0,False,False,False,False,False,True,-0.004185330531855951,-0.022022000774842558,False,False,True,False
ptbxl_sex,PTB-XL sex,phase5_ptbxl,phase5_ptbxl__unmatched__resnet1d__seed123__pr0.5,resnet1d,123,0.5,is_mi,male,sens0.80,0.7985436893203883,0.994692144373673,0.8749023675918579,female,226,737,0.2256637168141592,0.9513274336283186,0.7256637168141593,0.9371428571428572,0.989271426839617,0.9768370192057912,189,632,0.291005291005291,0.8306878306878307,0.5396825396825398,0.7611940298507464,0.9823055884003964,0.9652143275168106,0.9862910762547044,0.9714834179485236,-0.0148076583061808,0.744578313253012,0.1036144578313253,0.9958071278825996,1.0,-0.0116226916889805,0.1206396029404879,-0.0069658384392204,-0.0653415741911317,True,True,True,0.1759488272921108,True,True,True,True,True,False,-0.004185330531855951,-0.022022000774842558,False,True,,
ptbxl_sex,PTB-XL sex,phase5_ptbxl,phase5_ptbxl__unmatched__resnet1d__seed123__pr0.75,resnet1d,123,0.75,is_mi,male,sens0.80,0.7985436893203883,0.994692144373673,0.8749023675918579,female,226,737,0.2256637168141592,0.995575221238938,0.7699115044247787,0.9942857142857144,0.989271426839617,0.9754905356493428,189,632,0.291005291005291,0.9682539682539684,0.6772486772486772,0.9552238805970148,0.9823055884003964,0.9526198239516523,0.9862910762547044,0.9646283246192316,-0.0216627516354727,0.744578313253012,0.016867469879518,0.9958071278825996,1.0,-0.0228707116976903,0.0273212529849697,-0.0069658384392204,-0.0653415741911317,True,False,True,0.0390618336886995,False,False,False,False,False,False,-0.004185330531855951,-0.022022000774842558,False,True,,
ptbxl_sex,PTB-XL sex,phase5_ptbxl,phase5_ptbxl__unmatched__resnet1d__seed123__pr1.0,resnet1d,123,1.0,is_mi,male,sens0.80,0.7985436893203883,0.994692144373673,0.8749023675918579,female,226,737,0.2256637168141592,0.995575221238938,0.7699115044247787,0.9942857142857144,0.989271426839617,0.9533753009022738,189,632,0.291005291005291,0.9682539682539684,0.6772486772486772,0.9552238805970148,0.9823055884003964,0.937672435415099,0.9862910762547044,0.941650880250562,-0.0446401960041423,0.744578313253012,0.016867469879518,0.9958071278825996,1.0,-0.0157028654871748,0.0273212529849697,-0.0069658384392204,-0.0653415741911317,True,False,False,0.0390618336886995,False,False,False,False,False,False,-0.004185330531855951,-0.022022000774842558,False,True,,
ptbxl_sex,PTB-XL sex,phase5_ptbxl,phase5_ptbxl__unmatched__resnet1d__seed7__pr0.0,resnet1d,7,0.0,is_mi,male,spec0.90,0.9757281553398058,0.8991507430997877,0.064544677734375,female,226,737,0.0442477876106194,0.0442477876106194,0.0,0.0,0.9853272258109208,0.9853272258109208,189,632,0.074074074074074,0.074074074074074,0.0,0.0,0.9680807863652108,0.9680807863652108,0.9777424162057032,0.9777424162057032,0.0,0.9421686746987952,0.9421686746987952,0.9025157232704404,0.9025157232704404,-0.0172464394457101,-0.0298262864634546,-0.0172464394457101,-0.0298262864634546,False,False,True,0.0,False,False,False,False,False,True,-0.004185330531855951,-0.001509494717337096,False,False,False,False
ptbxl_sex,PTB-XL sex,phase5_ptbxl,phase5_ptbxl__unmatched__resnet1d__seed7__pr0.5,resnet1d,7,0.5,is_mi,male,spec0.90,0.9757281553398058,0.8991507430997877,0.064544677734375,female,226,737,0.0442477876106194,0.1238938053097345,0.079646017699115,0.0833333333333333,0.9853272258109208,0.98469078503022,189,632,0.074074074074074,0.1269841269841269,0.0529100529100529,0.0571428571428571,0.9680807863652108,0.9638049852496804,0.9777424162057032,0.9750006314566442,-0.0027417847490591,0.9421686746987952,0.8746987951807229,0.9025157232704404,0.9654088050314464,-0.0208857997805395,-0.0030903216743924,-0.0172464394457101,-0.0298262864634546,False,False,True,0.0261904761904761,False,False,False,False,False,False,-0.004185330531855951,-0.001509494717337096,False,False,,
ptbxl_sex,PTB-XL sex,phase5_ptbxl,phase5_ptbxl__unmatched__resnet1d__seed7__pr0.75,resnet1d,7,0.75,is_mi,male,spec0.90,0.9757281553398058,0.8991507430997877,0.064544677734375,female,226,737,0.0442477876106194,0.1194690265486725,0.0752212389380531,0.0787037037037037,0.9853272258109208,0.97619624889597,189,632,0.074074074074074,0.1058201058201058,0.0317460317460317,0.0342857142857142,0.9680807863652108,0.9558087594204976,0.9777424162057032,0.9647533530347806,-0.0129890631709227,0.9421686746987952,0.8867469879518072,0.9025157232704404,0.9287211740041929,-0.0203874894754726,0.0136489207285667,-0.0172464394457101,-0.0298262864634546,False,False,True,0.0444179894179894,False,False,False,False,False,False,-0.004185330531855951,-0.001509494717337096,False,True,,
ptbxl_sex,PTB-XL sex,phase5_ptbxl,phase5_ptbxl__unmatched__resnet1d__seed7__pr1.0,resnet1d,7,1.0,is_mi,male,spec0.90,0.9757281553398058,0.8991507430997877,0.064544677734375,female,226,737,0.0442477876106194,0.2389380530973451,0.1946902654867257,0.2037037037037037,0.9853272258109208,0.9535484820670904,189,632,0.074074074074074,0.1005291005291005,0.0264550264550264,0.0285714285714285,0.9680807863652108,0.9409031734088168,0.9777424162057032,0.9378937132176504,-0.0398487029880529,0.9421686746987952,0.8240963855421687,0.9025157232704404,0.9025157232704404,-0.0126453086582736,0.1384089525682446,-0.0172464394457101,-0.0298262864634546,True,True,False,0.1751322751322751,False,False,False,False,False,False,-0.004185330531855951,-0.001509494717337096,False,True,,
ptbxl_sex,PTB-XL sex,phase5_ptbxl,phase5_ptbxl__unmatched__resnet1d__seed42__pr0.0,resnet1d,42,0.0,is_mi,male,spec0.90,0.9635922330097088,0.8991507430997877,0.0950134247541427,female,226,737,0.0442477876106194,0.0442477876106194,0.0,0.0,0.9833356424155308,0.9833356424155308,189,632,0.0793650793650793,0.0793650793650793,0.0,0.0,0.9681823067827584,0.9681823067827584,0.976646207471395,0.976646207471395,0.0,0.9397590361445785,0.9397590361445785,0.8972746331236897,0.8972746331236897,-0.0151533356327725,-0.0351172917544598,-0.0151533356327725,-0.0351172917544598,False,False,True,0.0,False,False,False,False,False,True,-0.004185330531855951,-0.001509494717337096,False,False,False,False
ptbxl_sex,PTB-XL sex,phase5_ptbxl,phase5_ptbxl__unmatched__resnet1d__seed42__pr0.5,resnet1d,42,0.5,is_mi,male,spec0.90,0.9635922330097088,0.8991507430997877,0.0950134247541427,female,226,737,0.0442477876106194,0.1150442477876106,0.0707964601769911,0.074074074074074,0.9833356424155308,0.9767850648563462,189,632,0.0793650793650793,0.1269841269841269,0.0476190476190476,0.0517241379310344,0.9681823067827584,0.9539933354831774,0.976646207471395,0.9667512818569876,-0.0098949256144073,0.9397590361445785,0.8795180722891566,0.8972746331236897,0.9622641509433962,-0.0227917293731687,-0.0119398791965163,-0.0151533356327725,-0.0351172917544598,False,False,True,0.0223499361430395,False,False,False,False,False,False,-0.004185330531855951,-0.001509494717337096,False,False,,
ptbxl_sex,PTB-XL sex,phase5_ptbxl,phase5_ptbxl__unmatched__resnet1d__seed42__pr0.75,resnet1d,42,0.75,is_mi,male,spec0.90,0.9635922330097088,0.8991507430997877,0.0950134247541427,female,226,737,0.0442477876106194,0.1548672566371681,0.1106194690265486,0.1157407407407407,0.9833356424155308,0.965792390419618,189,632,0.0793650793650793,0.1375661375661375,0.0582010582010582,0.0632183908045977,0.9681823067827584,0.9534618462383698,0.976646207471395,0.9595400469803744,-0.0171061604910206,0.9397590361445785,0.8530120481927711,0.8972746331236897,0.9444444444444444,-0.0123305441812481,0.0173011190710305,-0.0151533356327725,-0.0351172917544598,False,True,True,0.052522349936143,False,True,False,False,False,False,-0.004185330531855951,-0.001509494717337096,False,True,,
ptbxl_sex,PTB-XL sex,phase5_ptbxl,phase5_ptbxl__unmatched__resnet1d__seed42__pr1.0,resnet1d,42,1.0,is_mi,male,spec0.90,0.9635922330097088,0.8991507430997877,0.0950134247541427,female,226,737,0.0442477876106194,0.4380530973451327,0.3938053097345133,0.412037037037037,0.9833356424155308,0.9561288814228566,189,632,0.0793650793650793,0.3386243386243386,0.2592592592592592,0.2816091954022988,0.9681823067827584,0.9390996930500316,0.976646207471395,0.946836402212624,-0.0298098052587708,0.9397590361445785,0.6072289156626506,0.8972746331236897,0.9916142557651992,-0.017029188372825,0.0994287587207941,-0.0151533356327725,-0.0351172917544598,True,True,True,0.1304278416347382,True,True,True,True,True,False,-0.004185330531855951,-0.001509494717337096,False,True,,
ptbxl_sex,PTB-XL sex,phase5_ptbxl,phase5_ptbxl__unmatched__resnet1d__seed123__pr0.0,resnet1d,123,0.0,is_mi,male,spec0.90,0.9684466019417476,0.8991507430997877,0.0605834946036338,female,226,737,0.0442477876106194,0.0442477876106194,0.0,0.0,0.989271426839617,0.989271426839617,189,632,0.0529100529100529,0.0529100529100529,0.0,0.0,0.9823055884003964,0.9823055884003964,0.9862910762547044,0.9862910762547044,0.0,0.9518072289156626,0.9518072289156626,0.9182389937106918,0.9182389937106918,-0.0069658384392204,-0.0086622652994334,-0.0069658384392204,-0.0086622652994334,False,False,True,0.0,False,False,False,False,False,True,-0.004185330531855951,-0.001509494717337096,False,False,True,True
ptbxl_sex,PTB-XL sex,phase5_ptbxl,phase5_ptbxl__unmatched__resnet1d__seed123__pr0.5,resnet1d,123,0.5,is_mi,male,spec0.90,0.9684466019417476,0.8991507430997877,0.0605834946036338,female,226,737,0.0442477876106194,0.1371681415929203,0.0929203539823008,0.0972222222222222,0.989271426839617,0.9768370192057912,189,632,0.0529100529100529,0.1164021164021164,0.0634920634920634,0.0670391061452514,0.9823055884003964,0.9652143275168106,0.9862910762547044,0.9714834179485236,-0.0148076583061808,0.9518072289156626,0.8722891566265061,0.9182389937106918,0.9486373165618448,-0.0116226916889805,0.0207660251908039,-0.0069658384392204,-0.0086622652994334,False,False,True,0.0301831160769708,False,False,False,False,False,False,-0.004185330531855951,-0.001509494717337096,False,True,,
ptbxl_sex,PTB-XL sex,phase5_ptbxl,phase5_ptbxl__unmatched__resnet1d__seed123__pr0.75,resnet1d,123,0.75,is_mi,male,spec0.90,0.9684466019417476,0.8991507430997877,0.0605834946036338,female,226,737,0.0442477876106194,0.1017699115044247,0.0575221238938053,0.0601851851851851,0.989271426839617,0.9754905356493428,189,632,0.0529100529100529,0.1058201058201058,0.0529100529100529,0.0558659217877094,0.9823055884003964,0.9526198239516523,0.9862910762547044,0.9646283246192316,-0.0216627516354727,0.9518072289156626,0.8963855421686747,0.9182389937106918,0.9046121593291404,-0.0228707116976903,-0.004050194315681,-0.0069658384392204,-0.0086622652994334,False,False,True,0.0043192633974756,False,False,False,False,False,False,-0.004185330531855951,-0.001509494717337096,False,False,,
ptbxl_sex,PTB-XL sex,phase5_ptbxl,phase5_ptbxl__unmatched__resnet1d__seed123__pr1.0,resnet1d,123,1.0,is_mi,male,spec0.90,0.9684466019417476,0.8991507430997877,0.0605834946036338,female,226,737,0.0442477876106194,0.1548672566371681,0.1106194690265486,0.1157407407407407,0.989271426839617,0.9533753009022738,189,632,0.0529100529100529,0.0952380952380952,0.0423280423280423,0.0446927374301675,0.9823055884003964,0.937672435415099,0.9862910762547044,0.941650880250562,-0.0446401960041423,0.9518072289156626,0.8722891566265061,0.9182389937106918,0.8637316561844863,-0.0157028654871748,0.0596291613990729,-0.0069658384392204,-0.0086622652994334,False,True,False,0.0710480033105731,False,False,False,False,False,False,-0.004185330531855951,-0.001509494717337096,False,True,,
ptbxl_sex,PTB-XL sex,phase5_ptbxl,phase5_ptbxl__unmatched__resnet1d__seed7__pr0.0,resnet1d,7,0.0,is_mi,male,t0.5,0.8713592233009708,0.978768577494692,0.5,female,226,737,0.1548672566371681,0.1548672566371681,0.0,0.0,0.9853272258109208,0.9853272258109208,189,632,0.1746031746031746,0.1746031746031746,0.0,0.0,0.9680807863652108,0.9680807863652108,0.9777424162057032,0.9777424162057032,0.0,0.8361445783132531,0.8361445783132531,0.9758909853249476,0.9758909853249476,-0.0172464394457101,-0.0197359179660064,-0.0172464394457101,-0.0197359179660064,False,False,True,0.0,False,False,False,False,False,True,-0.004185330531855951,-0.0009450560947961949,False,False,False,False
ptbxl_sex,PTB-XL sex,phase5_ptbxl,phase5_ptbxl__unmatched__resnet1d__seed7__pr0.5,resnet1d,7,0.5,is_mi,male,t0.5,0.8713592233009708,0.978768577494692,0.5,female,226,737,0.1548672566371681,0.3097345132743362,0.1548672566371681,0.1832460732984293,0.9853272258109208,0.98469078503022,189,632,0.1746031746031746,0.328042328042328,0.1534391534391534,0.1858974358974359,0.9680807863652108,0.9638049852496804,0.9777424162057032,0.9750006314566442,-0.0027417847490591,0.8361445783132531,0.6819277108433734,0.9758909853249476,0.9947589098532494,-0.0208857997805395,-0.0183078147679917,-0.0172464394457101,-0.0197359179660064,False,False,True,-0.0026513625990065,False,False,False,False,False,False,-0.004185330531855951,-0.0009450560947961949,False,False,,
ptbxl_sex,PTB-XL sex,phase5_ptbxl,phase5_ptbxl__unmatched__resnet1d__seed7__pr0.75,resnet1d,7,0.75,is_mi,male,t0.5,0.8713592233009708,0.978768577494692,0.5,female,226,737,0.1548672566371681,0.7699115044247787,0.6150442477876106,0.7277486910994764,0.9853272258109208,0.97619624889597,189,632,0.1746031746031746,0.4973544973544973,0.3227513227513227,0.391025641025641,0.9680807863652108,0.9558087594204976,0.9777424162057032,0.9647533530347806,-0.0129890631709227,0.8361445783132531,0.3542168674698795,0.9758909853249476,0.9958071278825996,-0.0203874894754726,0.2725570070702814,-0.0172464394457101,-0.0197359179660064,True,True,True,0.3367230500738353,True,True,True,True,True,False,-0.004185330531855951,-0.0009450560947961949,False,True,,
ptbxl_sex,PTB-XL sex,phase5_ptbxl,phase5_ptbxl__unmatched__resnet1d__seed7__pr1.0,resnet1d,7,1.0,is_mi,male,t0.5,0.8713592233009708,0.978768577494692,0.5,female,226,737,0.1548672566371681,0.6504424778761062,0.495575221238938,0.5863874345549738,0.9853272258109208,0.9535484820670904,189,632,0.1746031746031746,0.3544973544973545,0.1798941798941798,0.2179487179487179,0.9680807863652108,0.9409031734088168,0.9777424162057032,0.9378937132176504,-0.0398487029880529,0.8361445783132531,0.4843373493975904,0.9758909853249476,0.9863731656184488,-0.0126453086582736,0.2959451233787517,-0.0172464394457101,-0.0197359179660064,True,True,False,0.3684387166062558,False,False,False,False,False,False,-0.004185330531855951,-0.0009450560947961949,False,True,,
ptbxl_sex,PTB-XL sex,phase5_ptbxl,phase5_ptbxl__unmatched__resnet1d__seed42__pr0.0,resnet1d,42,0.0,is_mi,male,t0.5,0.866504854368932,0.9745222929936306,0.5,female,226,737,0.163716814159292,0.163716814159292,0.0,0.0,0.9833356424155308,0.9833356424155308,189,632,0.1851851851851851,0.1851851851851851,0.0,0.0,0.9681823067827584,0.9681823067827584,0.976646207471395,0.976646207471395,0.0,0.8265060240963855,0.8265060240963855,0.979035639412998,0.979035639412998,-0.0151533356327725,-0.0214683710258931,-0.0151533356327725,-0.0214683710258931,False,False,True,0.0,False,False,False,False,False,True,-0.004185330531855951,-0.0009450560947961949,False,False,False,False
ptbxl_sex,PTB-XL sex,phase5_ptbxl,phase5_ptbxl__unmatched__resnet1d__seed42__pr0.5,resnet1d,42,0.5,is_mi,male,t0.5,0.866504854368932,0.9745222929936306,0.5,female,226,737,0.163716814159292,0.2831858407079646,0.1194690265486725,0.1428571428571428,0.9833356424155308,0.9767850648563462,189,632,0.1851851851851851,0.2857142857142857,0.1005291005291005,0.1233766233766233,0.9681823067827584,0.9539933354831774,0.976646207471395,0.9667512818569876,-0.0098949256144073,0.8265060240963855,0.7156626506024096,0.979035639412998,0.9926624737945492,-0.0227917293731687,-0.0025284450063211,-0.0151533356327725,-0.0214683710258931,False,False,True,0.0194805194805194,False,False,False,False,False,False,-0.004185330531855951,-0.0009450560947961949,False,False,,
ptbxl_sex,PTB-XL sex,phase5_ptbxl,phase5_ptbxl__unmatched__resnet1d__seed42__pr0.75,resnet1d,42,0.75,is_mi,male,t0.5,0.866504854368932,0.9745222929936306,0.5,female,226,737,0.163716814159292,0.5929203539823009,0.4292035398230088,0.5132275132275133,0.9833356424155308,0.965792390419618,189,632,0.1851851851851851,0.4232804232804232,0.238095238095238,0.2922077922077922,0.9681823067827584,0.9534618462383698,0.976646207471395,0.9595400469803744,-0.0171061604910206,0.8265060240963855,0.4843373493975904,0.979035639412998,0.9958071278825996,-0.0123305441812481,0.1696399307018776,-0.0151533356327725,-0.0214683710258931,True,True,True,0.221019721019721,True,True,True,True,True,False,-0.004185330531855951,-0.0009450560947961949,False,True,,
ptbxl_sex,PTB-XL sex,phase5_ptbxl,phase5_ptbxl__unmatched__resnet1d__seed42__pr1.0,resnet1d,42,1.0,is_mi,male,t0.5,0.866504854368932,0.9745222929936306,0.5,female,226,737,0.163716814159292,0.8849557522123894,0.7212389380530974,0.8624338624338624,0.9833356424155308,0.9561288814228566,189,632,0.1851851851851851,0.746031746031746,0.5608465608465609,0.6883116883116883,0.9681823067827584,0.9390996930500316,0.976646207471395,0.946836402212624,-0.0298098052587708,0.8265060240963855,0.1783132530120482,0.979035639412998,1.0,-0.017029188372825,0.1389240061806433,-0.0151533356327725,-0.0214683710258931,True,True,True,0.1741221741221741,True,True,True,True,True,False,-0.004185330531855951,-0.0009450560947961949,False,True,,
ptbxl_sex,PTB-XL sex,phase5_ptbxl,phase5_ptbxl__unmatched__resnet1d__seed123__pr0.0,resnet1d,123,0.0,is_mi,male,t0.5,0.8689320388349514,0.9830148619957536,0.5,female,226,737,0.1327433628318584,0.1327433628318584,0.0,0.0,0.989271426839617,0.989271426839617,189,632,0.1851851851851851,0.1851851851851851,0.0,0.0,0.9823055884003964,0.9823055884003964,0.9862910762547044,0.9862910762547044,0.0,0.8433734939759037,0.8433734939759037,0.9769392033542976,0.9769392033542976,-0.0069658384392204,-0.0524418223533267,-0.0069658384392204,-0.0524418223533267,False,False,True,0.0,False,False,False,False,False,True,-0.004185330531855951,-0.0009450560947961949,False,False,True,False
ptbxl_sex,PTB-XL sex,phase5_ptbxl,phase5_ptbxl__unmatched__resnet1d__seed123__pr0.5,resnet1d,123,0.5,is_mi,male,t0.5,0.8689320388349514,0.9830148619957536,0.5,female,226,737,0.1327433628318584,0.3097345132743362,0.1769911504424778,0.2040816326530611,0.989271426839617,0.9768370192057912,189,632,0.1851851851851851,0.3386243386243386,0.1534391534391534,0.1883116883116883,0.9823055884003964,0.9652143275168106,0.9862910762547044,0.9714834179485236,-0.0148076583061808,0.8433734939759037,0.6771084337349398,0.9769392033542976,0.9916142557651992,-0.0116226916889805,-0.0288898253500023,-0.0069658384392204,-0.0524418223533267,True,False,True,0.0157699443413728,False,False,False,False,False,False,-0.004185330531855951,-0.0009450560947961949,False,False,,
ptbxl_sex,PTB-XL sex,phase5_ptbxl,phase5_ptbxl__unmatched__resnet1d__seed123__pr0.75,resnet1d,123,0.75,is_mi,male,t0.5,0.8689320388349514,0.9830148619957536,0.5,female,226,737,0.1327433628318584,0.495575221238938,0.3628318584070796,0.4183673469387755,0.989271426839617,0.9754905356493428,189,632,0.1851851851851851,0.4126984126984127,0.2275132275132275,0.2792207792207792,0.9823055884003964,0.9526198239516523,0.9862910762547044,0.9646283246192316,-0.0216627516354727,0.8433734939759037,0.5421686746987951,0.9769392033542976,0.9968553459119496,-0.0228707116976903,0.0828768085405253,-0.0069658384392204,-0.0524418223533267,True,True,True,0.1391465677179963,True,True,True,True,True,False,-0.004185330531855951,-0.0009450560947961949,False,True,,
ptbxl_sex,PTB-XL sex,phase5_ptbxl,phase5_ptbxl__unmatched__resnet1d__seed123__pr1.0,resnet1d,123,1.0,is_mi,male,t0.5,0.8689320388349514,0.9830148619957536,0.5,female,226,737,0.1327433628318584,0.7787610619469026,0.6460176991150443,0.7448979591836734,0.989271426839617,0.9533753009022738,189,632,0.1851851851851851,0.544973544973545,0.3597883597883598,0.4415584415584415,0.9823055884003964,0.937672435415099,0.9862910762547044,0.941650880250562,-0.0446401960041423,0.8433734939759037,0.327710843373494,0.9769392033542976,0.9958071278825996,-0.0157028654871748,0.2337875169733576,-0.0069658384392204,-0.0524418223533267,True,True,False,0.3033395176252318,False,False,False,False,False,False,-0.004185330531855951,-0.0009450560947961949,False,True,,
ptbxl_sex,PTB-XL sex,phase5_ptbxl,phase5_ptbxl__unmatched__resnet1d__seed7__pr0.0,resnet1d,7,0.0,is_mi,male,youden_j,0.9514563106796116,0.9384288747346072,0.1419677734375,female,226,737,0.0929203539823008,0.0929203539823008,0.0,0.0,0.9853272258109208,0.9853272258109208,189,632,0.0952380952380952,0.0952380952380952,0.0,0.0,0.9680807863652108,0.9680807863652108,0.9777424162057032,0.9777424162057032,0.0,0.9060240963855422,0.9060240963855422,0.9371069182389936,0.9371069182389936,-0.0172464394457101,-0.0023177412557943,-0.0172464394457101,-0.0023177412557943,False,False,True,0.0,False,False,False,False,False,True,-0.004185330531855951,0.004132254349960297,False,False,False,True
ptbxl_sex,PTB-XL sex,phase5_ptbxl,phase5_ptbxl__unmatched__resnet1d__seed7__pr0.5,resnet1d,7,0.5,is_mi,male,youden_j,0.9514563106796116,0.9384288747346072,0.1419677734375,female,226,737,0.0929203539823008,0.168141592920354,0.0752212389380531,0.0829268292682926,0.9853272258109208,0.98469078503022,189,632,0.0952380952380952,0.1693121693121693,0.074074074074074,0.0818713450292397,0.9680807863652108,0.9638049852496804,0.9777424162057032,0.9750006314566442,-0.0027417847490591,0.9060240963855422,0.8313253012048193,0.9371069182389936,0.979035639412998,-0.0208857997805395,-0.0011705763918153,-0.0172464394457101,-0.0023177412557943,False,False,True,0.0010554842390529,False,False,False,False,False,False,-0.004185330531855951,0.004132254349960297,False,False,,
ptbxl_sex,PTB-XL sex,phase5_ptbxl,phase5_ptbxl__unmatched__resnet1d__seed7__pr0.75,resnet1d,7,0.75,is_mi,male,youden_j,0.9514563106796116,0.9384288747346072,0.1419677734375,female,226,737,0.0929203539823008,0.1991150442477876,0.1061946902654867,0.1170731707317073,0.9853272258109208,0.97619624889597,189,632,0.0952380952380952,0.1534391534391534,0.0582010582010582,0.0643274853801169,0.9680807863652108,0.9558087594204976,0.9777424162057032,0.9647533530347806,-0.0129890631709227,0.9060240963855422,0.8216867469879519,0.9371069182389936,0.9622641509433962,-0.0203874894754726,0.0456758908086341,-0.0172464394457101,-0.0023177412557943,False,True,True,0.0527456853515903,False,True,False,False,False,False,-0.004185330531855951,0.004132254349960297,False,True,,
ptbxl_sex,PTB-XL sex,phase5_ptbxl,phase5_ptbxl__unmatched__resnet1d__seed7__pr1.0,resnet1d,7,1.0,is_mi,male,youden_j,0.9514563106796116,0.9384288747346072,0.1419677734375,female,226,737,0.0929203539823008,0.331858407079646,0.2389380530973451,0.2634146341463415,0.9853272258109208,0.9535484820670904,189,632,0.0952380952380952,0.1164021164021164,0.0211640211640211,0.023391812865497,0.9680807863652108,0.9409031734088168,0.9777424162057032,0.9378937132176504,-0.0398487029880529,0.9060240963855422,0.7662650602409639,0.9371069182389936,0.939203354297694,-0.0126453086582736,0.2154562906775296,-0.0172464394457101,-0.0023177412557943,True,True,False,0.2400228212808444,False,False,False,False,False,False,-0.004185330531855951,0.004132254349960297,False,True,,
ptbxl_sex,PTB-XL sex,phase5_ptbxl,phase5_ptbxl__unmatched__resnet1d__seed42__pr0.0,resnet1d,42,0.0,is_mi,male,youden_j,0.9368932038834952,0.945859872611465,0.2037353515625,female,226,737,0.0929203539823008,0.0929203539823008,0.0,0.0,0.9833356424155308,0.9833356424155308,189,632,0.1058201058201058,0.1058201058201058,0.0,0.0,0.9681823067827584,0.9681823067827584,0.976646207471395,0.976646207471395,0.0,0.9012048192771084,0.9012048192771084,0.9433962264150944,0.9433962264150944,-0.0151533356327725,-0.0128997518378049,-0.0151533356327725,-0.0128997518378049,False,False,True,0.0,False,False,False,False,False,True,-0.004185330531855951,0.004132254349960297,False,False,False,False
ptbxl_sex,PTB-XL sex,phase5_ptbxl,phase5_ptbxl__unmatched__resnet1d__seed42__pr0.5,resnet1d,42,0.5,is_mi,male,youden_j,0.9368932038834952,0.945859872611465,0.2037353515625,female,226,737,0.0929203539823008,0.1327433628318584,0.0398230088495575,0.0439024390243902,0.9833356424155308,0.9767850648563462,189,632,0.1058201058201058,0.1693121693121693,0.0634920634920634,0.0710059171597633,0.9681823067827584,0.9539933354831774,0.976646207471395,0.9667512818569876,-0.0098949256144073,0.9012048192771084,0.8506024096385543,0.9433962264150944,0.9769392033542976,-0.0227917293731687,-0.0365688064803108,-0.0151533356327725,-0.0128997518378049,False,False,True,-0.027103478135373,False,False,False,False,False,False,-0.004185330531855951,0.004132254349960297,False,False,,
ptbxl_sex,PTB-XL sex,phase5_ptbxl,phase5_ptbxl__unmatched__resnet1d__seed42__pr0.75,resnet1d,42,0.75,is_mi,male,youden_j,0.9368932038834952,0.945859872611465,0.2037353515625,female,226,737,0.0929203539823008,0.2212389380530973,0.1283185840707964,0.1414634146341463,0.9833356424155308,0.965792390419618,189,632,0.1058201058201058,0.1957671957671957,0.0899470899470899,0.1005917159763313,0.9681823067827584,0.9534618462383698,0.976646207471395,0.9595400469803744,-0.0171061604910206,0.9012048192771084,0.7903614457831325,0.9433962264150944,0.9706498951781972,-0.0123305441812481,0.0254717422859016,-0.0151533356327725,-0.0128997518378049,False,False,True,0.0408716986578149,False,False,False,False,False,False,-0.004185330531855951,0.004132254349960297,False,True,,
ptbxl_sex,PTB-XL sex,phase5_ptbxl,phase5_ptbxl__unmatched__resnet1d__seed42__pr1.0,resnet1d,42,1.0,is_mi,male,youden_j,0.9368932038834952,0.945859872611465,0.2037353515625,female,226,737,0.0929203539823008,0.6283185840707964,0.5353982300884955,0.5902439024390244,0.9833356424155308,0.9561288814228566,189,632,0.1058201058201058,0.492063492063492,0.3862433862433862,0.4319526627218935,0.9681823067827584,0.9390996930500316,0.976646207471395,0.946836402212624,-0.0298098052587708,0.9012048192771084,0.4337349397590361,0.9433962264150944,0.9958071278825996,-0.017029188372825,0.1362550920073044,-0.0151533356327725,-0.0128997518378049,True,True,True,0.1582912397171308,True,True,True,True,True,False,-0.004185330531855951,0.004132254349960297,False,True,,
ptbxl_sex,PTB-XL sex,phase5_ptbxl,phase5_ptbxl__unmatched__resnet1d__seed123__pr0.0,resnet1d,123,0.0,is_mi,male,youden_j,0.9611650485436892,0.9256900212314224,0.105224609375,female,226,737,0.0619469026548672,0.0619469026548672,0.0,0.0,0.989271426839617,0.989271426839617,189,632,0.0846560846560846,0.0846560846560846,0.0,0.0,0.9823055884003964,0.9823055884003964,0.9862910762547044,0.9862910762547044,0.0,0.927710843373494,0.927710843373494,0.9423480083857444,0.9423480083857444,-0.0069658384392204,-0.0227091820012173,-0.0069658384392204,-0.0227091820012173,False,False,True,0.0,False,False,False,False,False,True,-0.004185330531855951,0.004132254349960297,False,False,True,False
ptbxl_sex,PTB-XL sex,phase5_ptbxl,phase5_ptbxl__unmatched__resnet1d__seed123__pr0.5,resnet1d,123,0.5,is_mi,male,youden_j,0.9611650485436892,0.9256900212314224,0.105224609375,female,226,737,0.0619469026548672,0.163716814159292,0.1017699115044247,0.1084905660377358,0.989271426839617,0.9768370192057912,189,632,0.0846560846560846,0.1375661375661375,0.0529100529100529,0.0578034682080924,0.9823055884003964,0.9652143275168106,0.9862910762547044,0.9714834179485236,-0.0148076583061808,0.927710843373494,0.8481927710843373,0.9423480083857444,0.9633123689727464,-0.0116226916889805,0.0261506765931544,-0.0069658384392204,-0.0227091820012173,False,True,True,0.0506870978296433,False,True,False,False,False,False,-0.004185330531855951,0.004132254349960297,False,True,,
ptbxl_sex,PTB-XL sex,phase5_ptbxl,phase5_ptbxl__unmatched__resnet1d__seed123__pr0.75,resnet1d,123,0.75,is_mi,male,youden_j,0.9611650485436892,0.9256900212314224,0.105224609375,female,226,737,0.0619469026548672,0.1371681415929203,0.075221238938053,0.080188679245283,0.989271426839617,0.9754905356493428,189,632,0.0846560846560846,0.1322751322751322,0.0476190476190476,0.0520231213872832,0.9823055884003964,0.9526198239516523,0.9862910762547044,0.9646283246192316,-0.0216627516354727,0.927710843373494,0.8650602409638555,0.9423480083857444,0.9423480083857444,-0.0228707116976903,0.004893009317788,-0.0069658384392204,-0.0227091820012173,False,False,True,0.0281655578579997,False,False,False,False,False,False,-0.004185330531855951,0.004132254349960297,False,True,,
ptbxl_sex,PTB-XL sex,phase5_ptbxl,phase5_ptbxl__unmatched__resnet1d__seed123__pr1.0,resnet1d,123,1.0,is_mi,male,youden_j,0.9611650485436892,0.9256900212314224,0.105224609375,female,226,737,0.0619469026548672,0.2389380530973451,0.1769911504424778,0.1886792452830188,0.989271426839617,0.9533753009022738,189,632,0.0846560846560846,0.1481481481481481,0.0634920634920634,0.0693641618497109,0.9823055884003964,0.937672435415099,0.9862910762547044,0.941650880250562,-0.0446401960041423,0.927710843373494,0.8024096385542169,0.9423480083857444,0.9245283018867924,-0.0157028654871748,0.090789904949197,-0.0069658384392204,-0.0227091820012173,False,True,False,0.1193150834333078,False,False,False,False,False,False,-0.004185330531855951,0.004132254349960297,False,True,,
