cohort_id,arch,seed,rate,threshold_name,threshold_value,clean_sensitivity_target,raw_fnr_shift,inflation_factor,asr_rel_target
exp1_cs0.25,densenet121,7,0.5,t0.5,0.5,0.4725868725868726,0.21389961389961387,2.116013071895425,0.4526143790849672
exp1_cs0.25,densenet121,7,0.5,youden_j,0.262451171875,0.7127413127413128,0.1953667953667954,1.4030335861321777,0.2741061755146262
exp1_cs0.25,densenet121,7,0.5,sens0.80,0.326904296875,0.6501930501930502,0.21389961389961387,1.5380047505938244,0.3289786223277909
exp1_cs0.25,densenet121,7,0.5,spec0.90,0.460742175579071,0.5057915057915058,0.21312741312741312,1.9770992366412214,0.4213740458015267
exp1_cs0.25,densenet121,7,0.75,t0.5,0.5,0.4725868725868726,0.17374517374517373,2.116013071895425,0.3676470588235294
exp1_cs0.25,densenet121,7,0.75,youden_j,0.262451171875,0.7127413127413128,0.16911196911196918,1.4030335861321777,0.2372697724810401
exp1_cs0.25,densenet121,7,0.75,sens0.80,0.326904296875,0.6501930501930502,0.18764478764478765,1.5380047505938244,0.2885985748218527
exp1_cs0.25,densenet121,7,0.75,spec0.90,0.460742175579071,0.5057915057915058,0.16911196911196913,1.9770992366412214,0.334351145038168
exp1_cs0.25,densenet121,7,1.0,t0.5,0.5,0.4725868725868726,0.257915057915058,2.116013071895425,0.5457516339869283
exp1_cs0.25,densenet121,7,1.0,youden_j,0.262451171875,0.7127413127413128,0.2532818532818534,1.4030335861321777,0.3553629469122427
exp1_cs0.25,densenet121,7,1.0,sens0.80,0.326904296875,0.6501930501930502,0.2617760617760617,1.5380047505938244,0.4026128266033253
exp1_cs0.25,densenet121,7,1.0,spec0.90,0.460742175579071,0.5057915057915058,0.254054054054054,1.9770992366412214,0.5022900763358777
exp1_cs0.25,densenet121,42,0.5,t0.5,0.5,0.31814671814671813,-0.10810810810810811,3.1432038834951457,-0.3398058252427184
exp1_cs0.25,densenet121,42,0.5,youden_j,0.1590576171875,0.7034749034749035,-0.08262548262548261,1.4215148188803512,-0.1174533479692645
exp1_cs0.25,densenet121,42,0.5,sens0.80,0.1865234375,0.6694980694980694,-0.0918918918918919,1.4936562860438294,-0.1372549019607843
exp1_cs0.25,densenet121,42,0.5,spec0.90,0.311572253704071,0.518918918918919,-0.11351351351351352,1.9270833333333333,-0.21875
exp1_cs0.25,densenet121,42,0.75,t0.5,0.5,0.31814671814671813,-0.020849420849420874,3.1432038834951457,-0.0655339805825243
exp1_cs0.25,densenet121,42,0.75,youden_j,0.1590576171875,0.7034749034749035,-0.00617760617760621,1.4215148188803512,-0.0087815587266739
exp1_cs0.25,densenet121,42,0.75,sens0.80,0.1865234375,0.6694980694980694,-0.007722007722007707,1.4936562860438294,-0.0115340253748558
exp1_cs0.25,densenet121,42,0.75,spec0.90,0.311572253704071,0.518918918918919,-0.016216216216216217,1.9270833333333333,-0.03125
exp1_cs0.25,densenet121,42,1.0,t0.5,0.5,0.31814671814671813,0.03552123552123554,3.1432038834951457,0.1116504854368932
exp1_cs0.25,densenet121,42,1.0,youden_j,0.1590576171875,0.7034749034749035,0.0471042471042471,1.4215148188803512,0.0669593852908891
exp1_cs0.25,densenet121,42,1.0,sens0.80,0.1865234375,0.6694980694980694,0.0517374517374517,1.4936562860438294,0.077277970011534
exp1_cs0.25,densenet121,42,1.0,spec0.90,0.311572253704071,0.518918918918919,0.040154440154440085,1.9270833333333333,0.0773809523809522
exp1_cs0.25,densenet121,123,0.5,t0.5,0.5,0.44787644787644787,0.04633204633204635,2.2327586206896552,0.103448275862069
exp1_cs0.25,densenet121,123,0.5,youden_j,0.2374267578125,0.7281853281853282,0.06177606177606182,1.3732767762460232,0.0848356309650053
exp1_cs0.25,densenet121,123,0.5,sens0.80,0.307861328125,0.6501930501930502,0.05637065637065636,1.5380047505938244,0.0866983372921615
exp1_cs0.25,densenet121,123,0.5,spec0.90,0.4532714784145355,0.49189189189189186,0.0471042471042471,2.0329670329670333,0.0957613814756671
exp1_cs0.25,densenet121,123,0.75,t0.5,0.5,0.44787644787644787,0.10579150579150576,2.2327586206896552,0.236206896551724
exp1_cs0.25,densenet121,123,0.75,youden_j,0.2374267578125,0.7281853281853282,0.10965250965250961,1.3732767762460232,0.1505832449628843
exp1_cs0.25,densenet121,123,0.75,sens0.80,0.307861328125,0.6501930501930502,0.10270270270270271,1.5380047505938244,0.1579572446555819
exp1_cs0.25,densenet121,123,0.75,spec0.90,0.4532714784145355,0.49189189189189186,0.1019305019305019,2.0329670329670333,0.2072213500784929
exp1_cs0.25,densenet121,123,1.0,t0.5,0.5,0.44787644787644787,0.054826254826254806,2.2327586206896552,0.1224137931034482
exp1_cs0.25,densenet121,123,1.0,youden_j,0.2374267578125,0.7281853281853282,0.07181467181467183,1.3732767762460232,0.0986214209968186
exp1_cs0.25,densenet121,123,1.0,sens0.80,0.307861328125,0.6501930501930502,0.057142857142857106,1.5380047505938244,0.0878859857482184
exp1_cs0.25,densenet121,123,1.0,spec0.90,0.4532714784145355,0.49189189189189186,0.060231660231660156,2.0329670329670333,0.1224489795918366
exp1_cs0.50,densenet121,7,0.5,t0.5,0.5,0.40077220077220077,0.06718146718146722,2.495183044315992,0.1676300578034683
exp1_cs0.50,densenet121,7,0.5,youden_j,0.2191162109375,0.7166023166023165,0.07181467181467183,1.3954741379310347,0.1002155172413793
exp1_cs0.50,densenet121,7,0.5,sens0.80,0.270751953125,0.6486486486486487,0.07413127413127418,1.5416666666666665,0.1142857142857142
exp1_cs0.50,densenet121,7,0.5,spec0.90,0.3788574337959289,0.5127413127413127,0.06563706563706567,1.9503012048192772,0.128012048192771
exp1_cs0.50,densenet121,7,0.75,t0.5,0.5,0.40077220077220077,0.019305019305019266,2.495183044315992,0.0481695568400769
exp1_cs0.50,densenet121,7,0.75,youden_j,0.2191162109375,0.7166023166023165,0.0563706563706563,1.3954741379310347,0.0786637931034482
exp1_cs0.50,densenet121,7,0.75,sens0.80,0.270751953125,0.6486486486486487,0.03706563706563709,1.5416666666666665,0.057142857142857
exp1_cs0.50,densenet121,7,0.75,spec0.90,0.3788574337959289,0.5127413127413127,0.009266409266409315,1.9503012048192772,0.0180722891566264
exp1_cs0.50,densenet121,7,1.0,t0.5,0.5,0.40077220077220077,0.12355212355212353,2.495183044315992,0.3082851637764932
exp1_cs0.50,densenet121,7,1.0,youden_j,0.2191162109375,0.7166023166023165,0.1467181467181467,1.3954741379310347,0.2047413793103448
exp1_cs0.50,densenet121,7,1.0,sens0.80,0.270751953125,0.6486486486486487,0.1343629343629344,1.5416666666666665,0.2071428571428571
exp1_cs0.50,densenet121,7,1.0,spec0.90,0.3788574337959289,0.5127413127413127,0.11583011583011588,1.9503012048192772,0.2259036144578313
exp1_cs0.50,densenet121,42,0.5,t0.5,0.5,0.3768339768339768,0.09266409266409259,2.653688524590164,0.2459016393442621
exp1_cs0.50,densenet121,42,0.5,youden_j,0.1873779296875,0.7536679536679537,0.07104247104247108,1.326844262295082,0.0942622950819672
exp1_cs0.50,densenet121,42,0.5,sens0.80,0.24365234375,0.6818532818532819,0.08030888030888034,1.466591166477916,0.1177802944507361
exp1_cs0.50,densenet121,42,0.5,spec0.90,0.364794909954071,0.5335907335907336,0.10347490347490351,1.874095513748191,0.1939218523878437
exp1_cs0.50,densenet121,42,0.75,t0.5,0.5,0.3768339768339768,0.10115830115830116,2.653688524590164,0.2684426229508197
exp1_cs0.50,densenet121,42,0.75,youden_j,0.1873779296875,0.7536679536679537,0.061003861003861015,1.326844262295082,0.0809426229508196
exp1_cs0.50,densenet121,42,0.75,sens0.80,0.24365234375,0.6818532818532819,0.07258687258687263,1.466591166477916,0.1064552661381653
exp1_cs0.50,densenet121,42,0.75,spec0.90,0.364794909954071,0.5335907335907336,0.09498069498069506,1.874095513748191,0.1780028943560059
exp1_cs0.50,densenet121,42,1.0,t0.5,0.5,0.3768339768339768,-0.037837837837837895,2.653688524590164,-0.1004098360655739
exp1_cs0.50,densenet121,42,1.0,youden_j,0.1873779296875,0.7536679536679537,0.03243243243243238,1.326844262295082,0.0430327868852458
exp1_cs0.50,densenet121,42,1.0,sens0.80,0.24365234375,0.6818532818532819,0.02548262548262553,1.466591166477916,0.0373725934314835
exp1_cs0.50,densenet121,42,1.0,spec0.90,0.364794909954071,0.5335907335907336,-0.02239382239382237,1.874095513748191,-0.0419681620839362
exp1_cs0.50,densenet121,123,0.5,t0.5,0.5,0.47335907335907335,0.08416988416988413,2.1125611745513866,0.1778140293637846
exp1_cs0.50,densenet121,123,0.5,youden_j,0.23193359375,0.7312741312741313,0.05637065637065641,1.3674762407602956,0.0770855332629355
exp1_cs0.50,densenet121,123,0.5,sens0.80,0.28515625,0.6903474903474903,0.07258687258687252,1.4485458612975393,0.105145413870246
exp1_cs0.50,densenet121,123,0.5,spec0.90,0.431689441204071,0.5528957528957529,0.08803088803088799,1.808659217877095,0.1592178770949719
exp1_cs0.50,densenet121,123,0.75,t0.5,0.5,0.47335907335907335,0.14054054054054055,2.1125611745513866,0.2969004893964111
exp1_cs0.50,densenet121,123,0.75,youden_j,0.23193359375,0.7312741312741313,0.12123552123552123,1.3674762407602956,0.1657866948257655
exp1_cs0.50,densenet121,123,0.75,sens0.80,0.28515625,0.6903474903474903,0.13822393822393814,1.4485458612975393,0.2002237136465324
exp1_cs0.50,densenet121,123,0.75,spec0.90,0.431689441204071,0.5528957528957529,0.149034749034749,1.808659217877095,0.2695530726256983
exp1_cs0.50,densenet121,123,1.0,t0.5,0.5,0.47335907335907335,0.031660231660231686,2.1125611745513866,0.066884176182708
exp1_cs0.50,densenet121,123,1.0,youden_j,0.23193359375,0.7312741312741313,0.028571428571428636,1.3674762407602956,0.0390707497360084
exp1_cs0.50,densenet121,123,1.0,sens0.80,0.28515625,0.6903474903474903,0.037065637065637036,1.4485458612975393,0.0536912751677851
exp1_cs0.50,densenet121,123,1.0,spec0.90,0.431689441204071,0.5528957528957529,0.04324324324324319,1.808659217877095,0.0782122905027933
exp1_cs1.00,densenet121,7,0.5,t0.5,0.5,0.4988416988416988,0.12741312741312738,2.0046439628482973,0.2554179566563467
exp1_cs1.00,densenet121,7,0.5,youden_j,0.249755859375,0.7745173745173746,0.0934362934362934,1.2911266201395812,0.1206380857427717
exp1_cs1.00,densenet121,7,0.5,sens0.80,0.279541015625,0.7482625482625482,0.10270270270270271,1.3364293085655314,0.1372549019607843
exp1_cs1.00,densenet121,7,0.5,spec0.90,0.410937488079071,0.5961389961389961,0.11505791505791507,1.677461139896373,0.1930051813471502
exp1_cs1.00,densenet121,7,0.75,t0.5,0.5,0.4988416988416988,0.1567567567567567,2.0046439628482973,0.3142414860681113
exp1_cs1.00,densenet121,7,0.75,youden_j,0.249755859375,0.7745173745173746,0.12277992277992272,1.2911266201395812,0.1585244267198404
exp1_cs1.00,densenet121,7,0.75,sens0.80,0.279541015625,0.7482625482625482,0.1266409266409267,1.3364293085655314,0.1692466460268318
exp1_cs1.00,densenet121,7,0.75,spec0.90,0.410937488079071,0.5961389961389961,0.13899613899613894,1.677461139896373,0.2331606217616579
exp1_cs1.00,densenet121,7,1.0,t0.5,0.5,0.4988416988416988,0.26100386100386097,2.0046439628482973,0.523219814241486
exp1_cs1.00,densenet121,7,1.0,youden_j,0.249755859375,0.7745173745173746,0.2988416988416988,1.2911266201395812,0.3858424725822532
exp1_cs1.00,densenet121,7,1.0,sens0.80,0.279541015625,0.7482625482625482,0.30115830115830117,1.3364293085655314,0.4024767801857585
exp1_cs1.00,densenet121,7,1.0,spec0.90,0.410937488079071,0.5961389961389961,0.2872586872586872,1.677461139896373,0.4818652849740931
exp1_cs1.00,densenet121,42,0.5,t0.5,0.5,0.4455598455598455,0.0532818532818532,2.244367417677643,0.1195840554592719
exp1_cs1.00,densenet121,42,0.5,youden_j,0.2001953125,0.7667953667953669,0.035521235521235484,1.3041289023162135,0.0463242698892245
exp1_cs1.00,densenet121,42,0.5,sens0.80,0.2294921875,0.7305019305019305,0.030888030888030826,1.3689217758985202,0.0422832980972515
exp1_cs1.00,densenet121,42,0.5,spec0.90,0.3662109375,0.576833976833977,0.03243243243243249,1.7336010709504681,0.0562248995983935
exp1_cs1.00,densenet121,42,0.75,t0.5,0.5,0.4455598455598455,0.15907335907335907,2.244367417677643,0.3570190641247834
exp1_cs1.00,densenet121,42,0.75,youden_j,0.2001953125,0.7667953667953669,0.183011583011583,1.3041289023162135,0.2386706948640483
exp1_cs1.00,densenet121,42,0.75,sens0.80,0.2294921875,0.7305019305019305,0.18532818532818535,1.3689217758985202,0.2536997885835095
exp1_cs1.00,densenet121,42,0.75,spec0.90,0.3662109375,0.576833976833977,0.1876447876447877,1.7336010709504681,0.3253012048192771
exp1_cs1.00,densenet121,42,1.0,t0.5,0.5,0.4455598455598455,0.02779922779922772,2.244367417677643,0.0623916811091852
exp1_cs1.00,densenet121,42,1.0,youden_j,0.2001953125,0.7667953667953669,0.0934362934362934,1.3041289023162135,0.1218529707955689
exp1_cs1.00,densenet121,42,1.0,sens0.80,0.2294921875,0.7305019305019305,0.094980694980695,1.3689217758985202,0.1300211416490486
exp1_cs1.00,densenet121,42,1.0,spec0.90,0.3662109375,0.576833976833977,0.061003861003861015,1.7336010709504681,0.1057563587684069
exp1_cs1.00,densenet121,123,0.5,t0.5,0.5,0.46718146718146714,0.1536679536679536,2.1404958677685952,0.3289256198347106
exp1_cs1.00,densenet121,123,0.5,youden_j,0.2210693359375,0.8023166023166024,0.1366795366795367,1.2463907603464868,0.1703561116458132
exp1_cs1.00,densenet121,123,0.5,sens0.80,0.287841796875,0.7235521235521236,0.1528957528957529,1.3820704375667021,0.2113127001067236
exp1_cs1.00,densenet121,123,0.5,spec0.90,0.416259765625,0.566023166023166,0.15984555984555987,1.766712141882674,0.2824010914051841
exp1_cs1.00,densenet121,123,0.75,t0.5,0.5,0.46718146718146714,0.1444015444015444,2.1404958677685952,0.3090909090909091
exp1_cs1.00,densenet121,123,0.75,youden_j,0.2210693359375,0.8023166023166024,0.0957528957528958,1.2463907603464868,0.1193455245428296
exp1_cs1.00,densenet121,123,0.75,sens0.80,0.287841796875,0.7235521235521236,0.11042471042471041,1.3820704375667021,0.1526147278548558
exp1_cs1.00,densenet121,123,0.75,spec0.90,0.416259765625,0.566023166023166,0.1281853281853283,1.766712141882674,0.2264665757162347
exp1_cs1.00,densenet121,123,1.0,t0.5,0.5,0.46718146718146714,0.237065637065637,2.1404958677685952,0.5074380165289255
exp1_cs1.00,densenet121,123,1.0,youden_j,0.2210693359375,0.8023166023166024,0.2787644787644788,1.2463907603464868,0.3474494706448508
exp1_cs1.00,densenet121,123,1.0,sens0.80,0.287841796875,0.7235521235521236,0.2733590733590734,1.3820704375667021,0.3778014941302027
exp1_cs1.00,densenet121,123,1.0,spec0.90,0.416259765625,0.566023166023166,0.2563706563706564,1.766712141882674,0.4529331514324692
isic_source,densenet121,7,0.5,t0.5,0.5,0.750778816199377,0.42367601246105924,1.3319502074688796,0.5643153526970953
isic_source,densenet121,7,0.5,youden_j,0.294189453125,0.8598130841121496,0.19314641744548292,1.1630434782608694,0.2246376811594203
isic_source,densenet121,7,0.5,sens0.80,0.34326171875,0.8380062305295951,0.24922118380062314,1.1933085501858736,0.2973977695167286
isic_source,densenet121,7,0.5,spec0.90,0.4676269590854645,0.7632398753894081,0.38629283489096566,1.310204081632653,0.5061224489795918
isic_source,densenet121,7,0.75,t0.5,0.5,0.750778816199377,0.7102803738317758,1.3319502074688796,0.946058091286307
isic_source,densenet121,7,0.75,youden_j,0.294189453125,0.8598130841121496,0.707165109034268,1.1630434782608694,0.822463768115942
isic_source,densenet121,7,0.75,sens0.80,0.34326171875,0.8380062305295951,0.7445482866043615,1.1933085501858736,0.8884758364312267
isic_source,densenet121,7,0.75,spec0.90,0.4676269590854645,0.7632398753894081,0.7165109034267912,1.310204081632653,0.9387755102040816
isic_source,densenet121,7,1.0,t0.5,0.5,0.750778816199377,0.7445482866043615,1.3319502074688796,0.991701244813278
isic_source,densenet121,7,1.0,youden_j,0.294189453125,0.8598130841121496,0.8442367601246108,1.1630434782608694,0.9818840579710144
isic_source,densenet121,7,1.0,sens0.80,0.34326171875,0.8380062305295951,0.825545171339564,1.1933085501858736,0.9851301115241636
isic_source,densenet121,7,1.0,spec0.90,0.4676269590854645,0.7632398753894081,0.7570093457943925,1.310204081632653,0.9918367346938776
isic_source,densenet121,42,0.5,t0.5,0.5,0.8037383177570094,0.44236760124610597,1.2441860465116277,0.5503875968992248
isic_source,densenet121,42,0.5,youden_j,0.140869140625,0.8660436137071652,-0.02803738317757,1.1546762589928057,-0.0323741007194244
isic_source,densenet121,42,0.5,sens0.80,0.286181628704071,0.8473520249221184,0.11526479750778809,1.1801470588235294,0.1360294117647058
isic_source,densenet121,42,0.5,spec0.90,0.522656261920929,0.794392523364486,0.49844236760124605,1.2588235294117647,0.6274509803921569
isic_source,densenet121,42,0.75,t0.5,0.5,0.8037383177570094,0.7383177570093459,1.2441860465116277,0.9186046511627908
isic_source,densenet121,42,0.75,youden_j,0.140869140625,0.8660436137071652,0.3800623052959502,1.1546762589928057,0.4388489208633093
isic_source,densenet121,42,0.75,sens0.80,0.286181628704071,0.8473520249221184,0.6573208722741433,1.1801470588235294,0.7757352941176471
isic_source,densenet121,42,0.75,spec0.90,0.522656261920929,0.794392523364486,0.7414330218068536,1.2588235294117647,0.9333333333333332
isic_source,densenet121,42,1.0,t0.5,0.5,0.8037383177570094,0.7881619937694706,1.2441860465116277,0.9806201550387597
isic_source,densenet121,42,1.0,youden_j,0.140869140625,0.8660436137071652,0.8380062305295952,1.1546762589928057,0.9676258992805756
isic_source,densenet121,42,1.0,sens0.80,0.286181628704071,0.8473520249221184,0.825545171339564,1.1801470588235294,0.9742647058823528
isic_source,densenet121,42,1.0,spec0.90,0.522656261920929,0.794392523364486,0.7788161993769471,1.2588235294117647,0.9803921568627452
isic_source,densenet121,123,0.5,t0.5,0.5,0.8286604361370717,0.2990654205607477,1.206766917293233,0.3609022556390978
isic_source,densenet121,123,0.5,youden_j,0.370849609375,0.8566978193146418,0.1806853582554517,1.1672727272727272,0.2109090909090909
isic_source,densenet121,123,0.5,sens0.80,0.480273425579071,0.8348909657320873,0.2772585669781932,1.1977611940298507,0.332089552238806
isic_source,densenet121,123,0.5,spec0.90,0.640820324420929,0.7819314641744549,0.4610591900311527,1.2788844621513942,0.5896414342629481
isic_source,densenet121,123,0.75,t0.5,0.5,0.8286604361370717,0.7570093457943925,1.206766917293233,0.9135338345864662
isic_source,densenet121,123,0.75,youden_j,0.370849609375,0.8566978193146418,0.6542056074766356,1.1672727272727272,0.7636363636363636
isic_source,densenet121,123,0.75,sens0.80,0.480273425579071,0.8348909657320873,0.7507788161993769,1.1977611940298507,0.8992537313432836
isic_source,densenet121,123,0.75,spec0.90,0.640820324420929,0.7819314641744549,0.7414330218068537,1.2788844621513942,0.9482071713147412
isic_source,densenet121,123,1.0,t0.5,0.5,0.8286604361370717,0.8193146417445483,1.206766917293233,0.9887218045112782
isic_source,densenet121,123,1.0,youden_j,0.370849609375,0.8566978193146418,0.841121495327103,1.1672727272727272,0.9818181818181818
isic_source,densenet121,123,1.0,sens0.80,0.480273425579071,0.8348909657320873,0.8224299065420562,1.1977611940298507,0.9850746268656716
isic_source,densenet121,123,1.0,spec0.90,0.640820324420929,0.7819314641744549,0.7757009345794393,1.2788844621513942,0.9920318725099602
isic_source,vit_base_patch16_224,7,0.5,t0.5,0.5,0.7601246105919003,0.6292834890965732,1.3155737704918034,0.8278688524590163
isic_source,vit_base_patch16_224,7,0.5,youden_j,0.3623046875,0.8348909657320873,0.5482866043613708,1.1977611940298507,0.6567164179104478
isic_source,vit_base_patch16_224,7,0.5,sens0.80,0.3323730528354645,0.8753894080996885,0.5545171339563862,1.1423487544483986,0.6334519572953736
isic_source,vit_base_patch16_224,7,0.5,spec0.90,0.44970703125,0.7850467289719627,0.6199376947040499,1.2738095238095237,0.7896825396825397
isic_source,vit_base_patch16_224,7,0.75,t0.5,0.5,0.7601246105919003,0.7414330218068534,1.3155737704918034,0.9754098360655736
isic_source,vit_base_patch16_224,7,0.75,youden_j,0.3623046875,0.8348909657320873,0.7507788161993769,1.1977611940298507,0.8992537313432836
isic_source,vit_base_patch16_224,7,0.75,sens0.80,0.3323730528354645,0.8753894080996885,0.7570093457943925,1.1423487544483986,0.8647686832740213
isic_source,vit_base_patch16_224,7,0.75,spec0.90,0.44970703125,0.7850467289719627,0.7538940809968847,1.2738095238095237,0.9603174603174603
isic_source,vit_base_patch16_224,7,1.0,t0.5,0.5,0.7601246105919003,0.7009345794392523,1.3155737704918034,0.9221311475409836
isic_source,vit_base_patch16_224,7,1.0,youden_j,0.3623046875,0.8348909657320873,0.7040498442367602,1.1977611940298507,0.8432835820895522
isic_source,vit_base_patch16_224,7,1.0,sens0.80,0.3323730528354645,0.8753894080996885,0.7383177570093458,1.1423487544483986,0.8434163701067615
isic_source,vit_base_patch16_224,7,1.0,spec0.90,0.44970703125,0.7850467289719627,0.7102803738317759,1.2738095238095237,0.9047619047619048
isic_source,vit_base_patch16_224,42,0.5,t0.5,0.5,0.8068535825545172,0.4579439252336449,1.2393822393822393,0.5675675675675675
isic_source,vit_base_patch16_224,42,0.5,youden_j,0.306884765625,0.8598130841121496,0.13707165109034272,1.1630434782608694,0.1594202898550724
isic_source,vit_base_patch16_224,42,0.5,sens0.80,0.3294433653354645,0.8566978193146418,0.1557632398753894,1.1672727272727272,0.1818181818181818
isic_source,vit_base_patch16_224,42,0.5,spec0.90,0.548046886920929,0.794392523364486,0.5763239875389408,1.2588235294117647,0.7254901960784313
isic_source,vit_base_patch16_224,42,0.75,t0.5,0.5,0.8068535825545172,0.7320872274143304,1.2393822393822393,0.9073359073359072
isic_source,vit_base_patch16_224,42,0.75,youden_j,0.306884765625,0.8598130841121496,0.5669781931464175,1.1630434782608694,0.6594202898550724
isic_source,vit_base_patch16_224,42,0.75,sens0.80,0.3294433653354645,0.8566978193146418,0.6168224299065421,1.1672727272727272,0.72
isic_source,vit_base_patch16_224,42,0.75,spec0.90,0.548046886920929,0.794392523364486,0.735202492211838,1.2588235294117647,0.9254901960784314
isic_source,vit_base_patch16_224,42,1.0,t0.5,0.5,0.8068535825545172,0.7975077881619939,1.2393822393822393,0.9884169884169884
isic_source,vit_base_patch16_224,42,1.0,youden_j,0.306884765625,0.8598130841121496,0.8286604361370716,1.1630434782608694,0.9637681159420288
isic_source,vit_base_patch16_224,42,1.0,sens0.80,0.3294433653354645,0.8566978193146418,0.8255451713395638,1.1672727272727272,0.9636363636363636
isic_source,vit_base_patch16_224,42,1.0,spec0.90,0.548046886920929,0.794392523364486,0.7881619937694704,1.2588235294117647,0.992156862745098
isic_source,vit_base_patch16_224,123,0.5,t0.5,0.5,0.7663551401869159,0.23052959501557627,1.3048780487804879,0.3008130081300813
isic_source,vit_base_patch16_224,123,0.5,youden_j,0.48486328125,0.7819314641744549,0.2118380062305296,1.2788844621513942,0.2709163346613545
isic_source,vit_base_patch16_224,123,0.5,sens0.80,0.4101074337959289,0.8161993769470405,0.1526479750778816,1.2251908396946565,0.1870229007633587
isic_source,vit_base_patch16_224,123,0.5,spec0.90,0.5625976324081421,0.750778816199377,0.33644859813084116,1.3319502074688796,0.4481327800829874
isic_source,vit_base_patch16_224,123,0.75,t0.5,0.5,0.7663551401869159,0.719626168224299,1.3048780487804879,0.9390243902439024
isic_source,vit_base_patch16_224,123,0.75,youden_j,0.48486328125,0.7819314641744549,0.7320872274143303,1.2788844621513942,0.9362549800796812
isic_source,vit_base_patch16_224,123,0.75,sens0.80,0.4101074337959289,0.8161993769470405,0.7414330218068537,1.2251908396946565,0.9083969465648856
isic_source,vit_base_patch16_224,123,0.75,spec0.90,0.5625976324081421,0.750778816199377,0.7102803738317758,1.3319502074688796,0.946058091286307
isic_source,vit_base_patch16_224,123,1.0,t0.5,0.5,0.7663551401869159,0.747663551401869,1.3048780487804879,0.975609756097561
isic_source,vit_base_patch16_224,123,1.0,youden_j,0.48486328125,0.7819314641744549,0.7601246105919005,1.2788844621513942,0.9721115537848606
isic_source,vit_base_patch16_224,123,1.0,sens0.80,0.4101074337959289,0.8161993769470405,0.7757009345794392,1.2251908396946565,0.950381679389313
isic_source,vit_base_patch16_224,123,1.0,spec0.90,0.5625976324081421,0.750778816199377,0.7383177570093459,1.3319502074688796,0.983402489626556
mimic_race_matched,densenet121,7,0.005,t0.5,0.5,0.43243243243243246,-0.032432432432432434,2.3125,-0.075
mimic_race_matched,densenet121,7,0.005,youden_j,0.194091796875,0.7737451737451738,-0.02084942084942082,1.2924151696606785,-0.0269461077844311
mimic_race_matched,densenet121,7,0.005,sens0.80,0.2209228575229644,0.7382239382239382,-0.03011583011583016,1.354602510460251,-0.0407949790794978
mimic_race_matched,densenet121,7,0.005,spec0.90,0.335375964641571,0.6200772200772201,-0.019305019305019322,1.6127023661270237,-0.0311332503113324
mimic_race_matched,densenet121,7,0.01,t0.5,0.5,0.43243243243243246,0.037837837837837895,2.3125,0.0875000000000001
mimic_race_matched,densenet121,7,0.01,youden_j,0.194091796875,0.7737451737451738,0.023938223938224007,1.2924151696606785,0.030938123752495
mimic_race_matched,densenet121,7,0.01,sens0.80,0.2209228575229644,0.7382239382239382,0.02548262548262542,1.354602510460251,0.0345188284518828
mimic_race_matched,densenet121,7,0.01,spec0.90,0.335375964641571,0.6200772200772201,0.029343629343629385,1.6127023661270237,0.0473225404732254
mimic_race_matched,densenet121,7,0.02,t0.5,0.5,0.43243243243243246,0.010038610038610063,2.3125,0.0232142857142857
mimic_race_matched,densenet121,7,0.02,youden_j,0.194091796875,0.7737451737451738,-0.002316602316602301,1.2924151696606785,-0.0029940119760479
mimic_race_matched,densenet121,7,0.02,sens0.80,0.2209228575229644,0.7382239382239382,-0.009266409266409259,1.354602510460251,-0.0125523012552301
mimic_race_matched,densenet121,7,0.02,spec0.90,0.335375964641571,0.6200772200772201,0.004633204633204602,1.6127023661270237,0.0074719800747198
mimic_race_matched,densenet121,7,0.05,t0.5,0.5,0.43243243243243246,0.009266409266409315,2.3125,0.0214285714285715
mimic_race_matched,densenet121,7,0.05,youden_j,0.194091796875,0.7737451737451738,-0.002316602316602301,1.2924151696606785,-0.0029940119760479
mimic_race_matched,densenet121,7,0.05,sens0.80,0.2209228575229644,0.7382239382239382,-0.01158301158301156,1.354602510460251,-0.0156903765690376
mimic_race_matched,densenet121,7,0.05,spec0.90,0.335375964641571,0.6200772200772201,0.004633204633204602,1.6127023661270237,0.0074719800747198
mimic_race_matched,densenet121,7,0.1,t0.5,0.5,0.43243243243243246,0.037065637065637036,2.3125,0.0857142857142856
mimic_race_matched,densenet121,7,0.1,youden_j,0.194091796875,0.7737451737451738,0.03088803088803091,1.2924151696606785,0.0399201596806386
mimic_race_matched,densenet121,7,0.1,sens0.80,0.2209228575229644,0.7382239382239382,0.022393822393822316,1.354602510460251,0.0303347280334727
mimic_race_matched,densenet121,7,0.1,spec0.90,0.335375964641571,0.6200772200772201,0.037837837837837784,1.6127023661270237,0.0610211706102117
mimic_race_matched,densenet121,7,0.5,t0.5,0.5,0.43243243243243246,0.2447876447876448,2.3125,0.5660714285714286
mimic_race_matched,densenet121,7,0.5,youden_j,0.194091796875,0.7737451737451738,0.13513513513513517,1.2924151696606785,0.1746506986027944
mimic_race_matched,densenet121,7,0.5,sens0.80,0.2209228575229644,0.7382239382239382,0.1420849420849421,1.354602510460251,0.1924686192468619
mimic_race_matched,densenet121,7,0.5,spec0.90,0.335375964641571,0.6200772200772201,0.20077220077220082,1.6127023661270237,0.3237858032378581
mimic_race_matched,densenet121,7,0.75,t0.5,0.5,0.43243243243243246,0.3104247104247104,2.3125,0.7178571428571429
mimic_race_matched,densenet121,7,0.75,youden_j,0.194091796875,0.7737451737451738,0.2200772200772201,1.2924151696606785,0.2844311377245508
mimic_race_matched,densenet121,7,0.75,sens0.80,0.2209228575229644,0.7382239382239382,0.24015444015444015,1.354602510460251,0.3253138075313808
mimic_race_matched,densenet121,7,0.75,spec0.90,0.335375964641571,0.6200772200772201,0.3158301158301159,1.6127023661270237,0.5093399750933998
mimic_race_matched,densenet121,7,1.0,t0.5,0.5,0.43243243243243246,0.10888030888030886,2.3125,0.2517857142857142
mimic_race_matched,densenet121,7,1.0,youden_j,0.194091796875,0.7737451737451738,0.1181467181467182,1.2924151696606785,0.1526946107784431
mimic_race_matched,densenet121,7,1.0,sens0.80,0.2209228575229644,0.7382239382239382,0.11196911196911191,1.354602510460251,0.151673640167364
mimic_race_matched,densenet121,7,1.0,spec0.90,0.335375964641571,0.6200772200772201,0.12509652509652514,1.6127023661270237,0.2017434620174346
mimic_race_matched,densenet121,42,0.005,t0.5,0.5,0.5343629343629344,0.02316602316602323,1.8713872832369942,0.0433526011560693
mimic_race_matched,densenet121,42,0.005,youden_j,0.2156982421875,0.8355212355212356,0.0478764478764479,1.1968576709796672,0.0573012939001848
mimic_race_matched,densenet121,42,0.005,sens0.80,0.2958496212959289,0.7598455598455599,0.040926640926641,1.3160569105691056,0.0538617886178862
mimic_race_matched,densenet121,42,0.005,spec0.90,0.423510730266571,0.6231660231660232,0.03706563706563709,1.604708798017348,0.0594795539033456
mimic_race_matched,densenet121,42,0.01,t0.5,0.5,0.5343629343629344,0.03243243243243249,1.8713872832369942,0.0606936416184971
mimic_race_matched,densenet121,42,0.01,youden_j,0.2156982421875,0.8355212355212356,0.05637065637065641,1.1968576709796672,0.0674676524953789
mimic_race_matched,densenet121,42,0.01,sens0.80,0.2958496212959289,0.7598455598455599,0.05714285714285722,1.3160569105691056,0.0752032520325203
mimic_race_matched,densenet121,42,0.01,spec0.90,0.423510730266571,0.6231660231660232,0.03474903474903479,1.604708798017348,0.0557620817843865
mimic_race_matched,densenet121,42,0.02,t0.5,0.5,0.5343629343629344,0.06486486486486492,1.8713872832369942,0.1213872832369942
mimic_race_matched,densenet121,42,0.02,youden_j,0.2156982421875,0.8355212355212356,0.09034749034749043,1.1968576709796672,0.1081330868761552
mimic_race_matched,densenet121,42,0.02,sens0.80,0.2958496212959289,0.7598455598455599,0.08416988416988419,1.3160569105691056,0.1107723577235772
mimic_race_matched,densenet121,42,0.02,spec0.90,0.423510730266571,0.6231660231660232,0.07258687258687263,1.604708798017348,0.1164807930607186
mimic_race_matched,densenet121,42,0.05,t0.5,0.5,0.5343629343629344,0.023938223938223924,1.8713872832369942,0.0447976878612716
mimic_race_matched,densenet121,42,0.05,youden_j,0.2156982421875,0.8355212355212356,0.04942084942084951,1.1968576709796672,0.0591497227356746
mimic_race_matched,densenet121,42,0.05,sens0.80,0.2958496212959289,0.7598455598455599,0.02625482625482628,1.3160569105691056,0.0345528455284553
mimic_race_matched,densenet121,42,0.05,spec0.90,0.423510730266571,0.6231660231660232,0.031660231660231686,1.604708798017348,0.050805452292441
mimic_race_matched,densenet121,42,0.1,t0.5,0.5,0.5343629343629344,0.030888030888030937,1.8713872832369942,0.0578034682080924
mimic_race_matched,densenet121,42,0.1,youden_j,0.2156982421875,0.8355212355212356,0.05096525096525101,1.1968576709796672,0.0609981515711645
mimic_race_matched,densenet121,42,0.1,sens0.80,0.2958496212959289,0.7598455598455599,0.03706563706563709,1.3160569105691056,0.048780487804878
mimic_race_matched,densenet121,42,0.1,spec0.90,0.423510730266571,0.6231660231660232,0.015444015444015413,1.604708798017348,0.0247831474597273
mimic_race_matched,densenet121,42,0.5,t0.5,0.5,0.5343629343629344,0.20540540540540547,1.8713872832369942,0.384393063583815
mimic_race_matched,densenet121,42,0.5,youden_j,0.2156982421875,0.8355212355212356,0.1204633204633205,1.1968576709796672,0.144177449168207
mimic_race_matched,densenet121,42,0.5,sens0.80,0.2958496212959289,0.7598455598455599,0.1436293436293437,1.3160569105691056,0.1890243902439025
mimic_race_matched,densenet121,42,0.5,spec0.90,0.423510730266571,0.6231660231660232,0.1915057915057915,1.604708798017348,0.3073110285006195
mimic_race_matched,densenet121,42,0.75,t0.5,0.5,0.5343629343629344,0.2803088803088804,1.8713872832369942,0.5245664739884394
mimic_race_matched,densenet121,42,0.75,youden_j,0.2156982421875,0.8355212355212356,0.27104247104247114,1.1968576709796672,0.3243992606284657
mimic_race_matched,densenet121,42,0.75,sens0.80,0.2958496212959289,0.7598455598455599,0.2857142857142858,1.3160569105691056,0.3760162601626017
mimic_race_matched,densenet121,42,0.75,spec0.90,0.423510730266571,0.6231660231660232,0.2903474903474904,1.604708798017348,0.4659231722428748
mimic_race_matched,densenet121,42,1.0,t0.5,0.5,0.5343629343629344,0.3552123552123552,1.8713872832369942,0.6647398843930635
mimic_race_matched,densenet121,42,1.0,youden_j,0.2156982421875,0.8355212355212356,0.4177606177606178,1.1968576709796672,0.4999999999999999
mimic_race_matched,densenet121,42,1.0,sens0.80,0.2958496212959289,0.7598455598455599,0.41853281853281854,1.3160569105691056,0.5508130081300813
mimic_race_matched,densenet121,42,1.0,spec0.90,0.423510730266571,0.6231660231660232,0.3876447876447877,1.604708798017348,0.6220570012391573
mimic_race_matched,densenet121,123,0.005,t0.5,0.5,0.4648648648648649,0.054826254826254806,2.1511627906976742,0.1179401993355481
mimic_race_matched,densenet121,123,0.005,youden_j,0.1607666015625,0.762934362934363,-0.001544401544401497,1.310728744939271,-0.0020242914979757
mimic_race_matched,densenet121,123,0.005,sens0.80,0.1846435517072677,0.7428571428571429,0.013127413127413168,1.346153846153846,0.0176715176715177
mimic_race_matched,densenet121,123,0.005,spec0.90,0.312255859375,0.6223938223938223,0.03474903474903468,1.6066997518610422,0.0558312655086848
mimic_race_matched,densenet121,123,0.01,t0.5,0.5,0.4648648648648649,0.020077220077220126,2.1511627906976742,0.0431893687707642
mimic_race_matched,densenet121,123,0.01,youden_j,0.1607666015625,0.762934362934363,-0.0687258687258687,1.310728744939271,-0.090080971659919
mimic_race_matched,densenet121,123,0.01,sens0.80,0.1846435517072677,0.7428571428571429,-0.06949806949806953,1.346153846153846,-0.0935550935550935
mimic_race_matched,densenet121,123,0.01,spec0.90,0.312255859375,0.6223938223938223,-0.03320463320463318,1.6066997518610422,-0.053349875930521
mimic_race_matched,densenet121,123,0.02,t0.5,0.5,0.4648648648648649,0.037837837837837895,2.1511627906976742,0.0813953488372094
mimic_race_matched,densenet121,123,0.02,youden_j,0.1607666015625,0.762934362934363,-0.0664092664092664,1.310728744939271,-0.0870445344129554
mimic_race_matched,densenet121,123,0.02,sens0.80,0.1846435517072677,0.7428571428571429,-0.05637065637065641,1.346153846153846,-0.0758835758835758
mimic_race_matched,densenet121,123,0.02,spec0.90,0.312255859375,0.6223938223938223,-0.03320463320463318,1.6066997518610422,-0.053349875930521
mimic_race_matched,densenet121,123,0.05,t0.5,0.5,0.4648648648648649,0.027027027027027084,2.1511627906976742,0.058139534883721
mimic_race_matched,densenet121,123,0.05,youden_j,0.1607666015625,0.762934362934363,-0.015444015444015385,1.310728744939271,-0.020242914979757
mimic_race_matched,densenet121,123,0.05,sens0.80,0.1846435517072677,0.7428571428571429,-0.00617760617760621,1.346153846153846,-0.0083160083160082
mimic_race_matched,densenet121,123,0.05,spec0.90,0.312255859375,0.6223938223938223,0.001544401544401497,1.6066997518610422,0.0024813895781637
mimic_race_matched,densenet121,123,0.1,t0.5,0.5,0.4648648648648649,0.07567567567567568,2.1511627906976742,0.1627906976744186
mimic_race_matched,densenet121,123,0.1,youden_j,0.1607666015625,0.762934362934363,-0.01853281853281849,1.310728744939271,-0.0242914979757085
mimic_race_matched,densenet121,123,0.1,sens0.80,0.1846435517072677,0.7428571428571429,-0.015444015444015413,1.346153846153846,-0.0207900207900207
mimic_race_matched,densenet121,123,0.1,spec0.90,0.312255859375,0.6223938223938223,0.00617760617760621,1.6066997518610422,0.0099255583126551
mimic_race_matched,densenet121,123,0.5,t0.5,0.5,0.4648648648648649,0.14054054054054055,2.1511627906976742,0.3023255813953488
mimic_race_matched,densenet121,123,0.5,youden_j,0.1607666015625,0.762934362934363,-0.023938223938223896,1.310728744939271,-0.0313765182186235
mimic_race_matched,densenet121,123,0.5,sens0.80,0.1846435517072677,0.7428571428571429,-0.015444015444015413,1.346153846153846,-0.0207900207900207
mimic_race_matched,densenet121,123,0.5,spec0.90,0.312255859375,0.6223938223938223,0.03397683397683399,1.6066997518610422,0.054590570719603
mimic_race_matched,densenet121,123,0.75,t0.5,0.5,0.4648648648648649,0.3057915057915058,2.1511627906976742,0.6578073089700996
mimic_race_matched,densenet121,123,0.75,youden_j,0.1607666015625,0.762934362934363,0.1861003861003861,1.310728744939271,0.2439271255060728
mimic_race_matched,densenet121,123,0.75,sens0.80,0.1846435517072677,0.7428571428571429,0.19691119691119696,1.346153846153846,0.2650727650727651
mimic_race_matched,densenet121,123,0.75,spec0.90,0.312255859375,0.6223938223938223,0.2664092664092664,1.6066997518610422,0.4280397022332506
mimic_race_matched,densenet121,123,1.0,t0.5,0.5,0.4648648648648649,0.3204633204633205,2.1511627906976742,0.6893687707641196
mimic_race_matched,densenet121,123,1.0,youden_j,0.1607666015625,0.762934362934363,0.31351351351351364,1.310728744939271,0.4109311740890689
mimic_race_matched,densenet121,123,1.0,sens0.80,0.1846435517072677,0.7428571428571429,0.32123552123552124,1.346153846153846,0.4324324324324324
mimic_race_matched,densenet121,123,1.0,spec0.90,0.312255859375,0.6223938223938223,0.34208494208494206,1.6066997518610422,0.5496277915632755
mimic_race_matched,densenet121,2024,0.005,t0.5,0.5,0.4571428571428572,0.061003861003861015,2.1875,0.1334459459459459
mimic_race_matched,densenet121,2024,0.005,youden_j,0.16845703125,0.7907335907335908,0.036293436293436315,1.2646484374999998,0.0458984374999999
mimic_race_matched,densenet121,2024,0.005,sens0.80,0.2191162109375,0.738996138996139,0.042471042471042386,1.3531870428422152,0.057471264367816
mimic_race_matched,densenet121,2024,0.005,spec0.90,0.3268554806709289,0.6362934362934363,0.032432432432432434,1.5716019417475728,0.0509708737864077
mimic_race_matched,densenet121,2024,0.01,t0.5,0.5,0.4571428571428572,0.03629343629343629,2.1875,0.0793918918918918
mimic_race_matched,densenet121,2024,0.01,youden_j,0.16845703125,0.7907335907335908,-0.002316602316602273,1.2646484374999998,-0.0029296875
mimic_race_matched,densenet121,2024,0.01,sens0.80,0.2191162109375,0.738996138996139,0.0,1.3531870428422152,0.0
mimic_race_matched,densenet121,2024,0.01,spec0.90,0.3268554806709289,0.6362934362934363,0.010810810810810811,1.5716019417475728,0.0169902912621359
mimic_race_matched,densenet121,2024,0.02,t0.5,0.5,0.4571428571428572,-0.07490347490347493,2.1875,-0.1638513513513513
mimic_race_matched,densenet121,2024,0.02,youden_j,0.16845703125,0.7907335907335908,-0.03320463320463318,1.2646484374999998,-0.0419921875
mimic_race_matched,densenet121,2024,0.02,sens0.80,0.2191162109375,0.738996138996139,-0.044787644787644826,1.3531870428422152,-0.0606060606060606
mimic_race_matched,densenet121,2024,0.02,spec0.90,0.3268554806709289,0.6362934362934363,-0.06718146718146717,1.5716019417475728,-0.1055825242718446
mimic_race_matched,densenet121,2024,0.05,t0.5,0.5,0.4571428571428572,-0.018532818532818518,2.1875,-0.0405405405405405
mimic_race_matched,densenet121,2024,0.05,youden_j,0.16845703125,0.7907335907335908,-0.021621621621621595,1.2646484374999998,-0.02734375
mimic_race_matched,densenet121,2024,0.05,sens0.80,0.2191162109375,0.738996138996139,-0.026254826254826336,1.3531870428422152,-0.0355276907001045
mimic_race_matched,densenet121,2024,0.05,spec0.90,0.3268554806709289,0.6362934362934363,-0.031660231660231686,1.5716019417475728,-0.049757281553398
mimic_race_matched,densenet121,2024,0.1,t0.5,0.5,0.4571428571428572,0.010038610038610063,2.1875,0.0219594594594595
mimic_race_matched,densenet121,2024,0.1,youden_j,0.16845703125,0.7907335907335908,-0.050193050193050176,1.2646484374999998,-0.0634765625
mimic_race_matched,densenet121,2024,0.1,sens0.80,0.2191162109375,0.738996138996139,-0.042471042471042525,1.3531870428422152,-0.0574712643678161
mimic_race_matched,densenet121,2024,0.1,spec0.90,0.3268554806709289,0.6362934362934363,-0.029343629343629385,1.5716019417475728,-0.0461165048543689
mimic_race_matched,densenet121,31337,0.005,t0.5,0.5,0.38223938223938225,-0.007722007722007707,2.616161616161616,-0.0202020202020201
mimic_race_matched,densenet121,31337,0.005,youden_j,0.156005859375,0.7822393822393823,-0.05945945945945941,1.278381046396841,-0.0760118460019743
mimic_race_matched,densenet121,31337,0.005,sens0.80,0.1778808534145355,0.7606177606177607,-0.05714285714285708,1.314720812182741,-0.0751269035532994
mimic_race_matched,densenet121,31337,0.005,spec0.90,0.287353515625,0.6478764478764478,-0.040926640926640945,1.5435041716328963,-0.0631704410011919
mimic_race_matched,densenet121,31337,0.01,t0.5,0.5,0.38223938223938225,0.027027027027027084,2.616161616161616,0.0707070707070708
mimic_race_matched,densenet121,31337,0.01,youden_j,0.156005859375,0.7822393822393823,-0.015444015444015385,1.278381046396841,-0.0197433366238894
mimic_race_matched,densenet121,31337,0.01,sens0.80,0.1778808534145355,0.7606177606177607,-0.017760617760617686,1.314720812182741,-0.0233502538071065
mimic_race_matched,densenet121,31337,0.01,spec0.90,0.287353515625,0.6478764478764478,0.0,1.5435041716328963,0.0
mimic_race_matched,densenet121,31337,0.02,t0.5,0.5,0.38223938223938225,0.004633204633204602,2.616161616161616,0.012121212121212
mimic_race_matched,densenet121,31337,0.02,youden_j,0.156005859375,0.7822393822393823,-0.009266409266409203,1.278381046396841,-0.0118460019743336
mimic_race_matched,densenet121,31337,0.02,sens0.80,0.1778808534145355,0.7606177606177607,-0.01003861003860998,1.314720812182741,-0.0131979695431472
mimic_race_matched,densenet121,31337,0.02,spec0.90,0.287353515625,0.6478764478764478,-0.004633204633204602,1.5435041716328963,-0.0071513706793801
mimic_race_matched,densenet121,31337,0.05,t0.5,0.5,0.38223938223938225,-0.014671814671814665,2.616161616161616,-0.0383838383838383
mimic_race_matched,densenet121,31337,0.05,youden_j,0.156005859375,0.7822393822393823,-0.04169884169884169,1.278381046396841,-0.0533070088845014
mimic_race_matched,densenet121,31337,0.05,sens0.80,0.1778808534145355,0.7606177606177607,-0.04169884169884169,1.314720812182741,-0.0548223350253807
mimic_race_matched,densenet121,31337,0.05,spec0.90,0.287353515625,0.6478764478764478,-0.046332046332046406,1.5435041716328963,-0.0715137067938021
mimic_race_matched,densenet121,31337,0.1,t0.5,0.5,0.38223938223938225,0.07104247104247108,2.616161616161616,0.1858585858585859
mimic_race_matched,densenet121,31337,0.1,youden_j,0.156005859375,0.7822393822393823,0.004633204633204602,1.278381046396841,0.0059230009871668
mimic_race_matched,densenet121,31337,0.1,sens0.80,0.1778808534145355,0.7606177606177607,0.010810810810810922,1.314720812182741,0.0142131979695431
mimic_race_matched,densenet121,31337,0.1,spec0.90,0.287353515625,0.6478764478764478,0.035521235521235484,1.5435041716328963,0.0548271752085816
mimic_race_unmatched,convnext_tiny,7,0.5,t0.5,0.5,0.5173745173745175,0.07953667953667959,1.932835820895522,0.1537313432835821
mimic_race_unmatched,convnext_tiny,7,0.5,youden_j,0.261474609375,0.7652509652509654,0.06409266409266412,1.3067608476286576,0.0837537840565086
mimic_race_unmatched,convnext_tiny,7,0.5,sens0.80,0.314208984375,0.7104247104247106,0.06409266409266412,1.4076086956521736,0.0902173913043478
mimic_race_unmatched,convnext_tiny,7,0.5,spec0.90,0.4380859434604645,0.5945945945945946,0.0926640926640927,1.6818181818181817,0.1558441558441558
mimic_race_unmatched,convnext_tiny,7,0.75,t0.5,0.5,0.5173745173745175,0.1907335907335908,1.932835820895522,0.3686567164179105
mimic_race_unmatched,convnext_tiny,7,0.75,youden_j,0.261474609375,0.7652509652509654,0.12277992277992283,1.3067608476286576,0.160443995963673
mimic_race_unmatched,convnext_tiny,7,0.75,sens0.80,0.314208984375,0.7104247104247106,0.1382239382239383,1.4076086956521736,0.1945652173913043
mimic_race_unmatched,convnext_tiny,7,0.75,spec0.90,0.4380859434604645,0.5945945945945946,0.1930501930501931,1.6818181818181817,0.3246753246753247
mimic_race_unmatched,convnext_tiny,7,1.0,t0.5,0.5,0.5173745173745175,0.2756756756756757,1.932835820895522,0.5328358208955224
mimic_race_unmatched,convnext_tiny,7,1.0,youden_j,0.261474609375,0.7652509652509654,0.16447876447876453,1.3067608476286576,0.2149344096871846
mimic_race_unmatched,convnext_tiny,7,1.0,sens0.80,0.314208984375,0.7104247104247106,0.1922779922779923,1.4076086956521736,0.2706521739130435
mimic_race_unmatched,convnext_tiny,7,1.0,spec0.90,0.4380859434604645,0.5945945945945946,0.26486486486486494,1.6818181818181817,0.4454545454545455
mimic_race_unmatched,convnext_tiny,42,0.5,t0.5,0.5,0.45250965250965247,-0.03552123552123554,2.209897610921502,-0.0784982935153584
mimic_race_unmatched,convnext_tiny,42,0.5,youden_j,0.229736328125,0.7405405405405405,-0.01776061776061777,1.3503649635036497,-0.0239833159541188
mimic_race_unmatched,convnext_tiny,42,0.5,sens0.80,0.2493896484375,0.7142857142857143,-0.026254826254826225,1.4,-0.0367567567567567
mimic_race_unmatched,convnext_tiny,42,0.5,spec0.90,0.384082019329071,0.572972972972973,-0.03629343629343629,1.7452830188679245,-0.0633423180592992
mimic_race_unmatched,convnext_tiny,42,0.75,t0.5,0.5,0.45250965250965247,0.10888030888030886,2.209897610921502,0.2406143344709897
mimic_race_unmatched,convnext_tiny,42,0.75,youden_j,0.229736328125,0.7405405405405405,0.12664092664092663,1.3503649635036497,0.1710114702815432
mimic_race_unmatched,convnext_tiny,42,0.75,sens0.80,0.2493896484375,0.7142857142857143,0.12046332046332048,1.4,0.1686486486486486
mimic_race_unmatched,convnext_tiny,42,0.75,spec0.90,0.384082019329071,0.572972972972973,0.11351351351351358,1.7452830188679245,0.1981132075471698
mimic_race_unmatched,convnext_tiny,42,1.0,t0.5,0.5,0.45250965250965247,0.14054054054054055,2.209897610921502,0.310580204778157
mimic_race_unmatched,convnext_tiny,42,1.0,youden_j,0.229736328125,0.7405405405405405,0.10965250965250961,1.3503649635036497,0.1480709071949947
mimic_race_unmatched,convnext_tiny,42,1.0,sens0.80,0.2493896484375,0.7142857142857143,0.11583011583011582,1.4,0.1621621621621621
mimic_race_unmatched,convnext_tiny,42,1.0,spec0.90,0.384082019329071,0.572972972972973,0.12277992277992278,1.7452830188679245,0.2142857142857142
mimic_race_unmatched,convnext_tiny,123,0.5,t0.5,0.5,0.49343629343629347,0.23783783783783785,2.0266040688575897,0.4820031298904538
mimic_race_unmatched,convnext_tiny,123,0.5,youden_j,0.25439453125,0.7791505791505792,0.10115830115830118,1.2834489593657086,0.1298315163528245
mimic_race_unmatched,convnext_tiny,123,0.5,sens0.80,0.306396484375,0.7243243243243243,0.12741312741312733,1.3805970149253732,0.1759061833688699
mimic_race_unmatched,convnext_tiny,123,0.5,spec0.90,0.436328113079071,0.583011583011583,0.21312741312741318,1.7152317880794703,0.3655629139072849
mimic_race_unmatched,convnext_tiny,123,0.75,t0.5,0.5,0.49343629343629347,0.08108108108108114,2.0266040688575897,0.1643192488262912
mimic_race_unmatched,convnext_tiny,123,0.75,youden_j,0.25439453125,0.7791505791505792,0.0694980694980695,1.2834489593657086,0.0891972249752229
mimic_race_unmatched,convnext_tiny,123,0.75,sens0.80,0.306396484375,0.7243243243243243,0.08108108108108109,1.3805970149253732,0.1119402985074627
mimic_race_unmatched,convnext_tiny,123,0.75,spec0.90,0.436328113079071,0.583011583011583,0.08957528957528954,1.7152317880794703,0.1536423841059602
mimic_race_unmatched,convnext_tiny,123,1.0,t0.5,0.5,0.49343629343629347,0.14208494208494216,2.0266040688575897,0.2879499217527387
mimic_race_unmatched,convnext_tiny,123,1.0,youden_j,0.25439453125,0.7791505791505792,0.17374517374517381,1.2834489593657086,0.2229930624380575
mimic_race_unmatched,convnext_tiny,123,1.0,sens0.80,0.306396484375,0.7243243243243243,0.1783783783783784,1.3805970149253732,0.2462686567164179
mimic_race_unmatched,convnext_tiny,123,1.0,spec0.90,0.436328113079071,0.583011583011583,0.16138996138996137,1.7152317880794703,0.2768211920529801
mimic_race_unmatched,densenet121,7,0.005,t0.5,0.5,0.5359073359073359,0.011583011583011615,1.8659942363112394,0.021613832853026
mimic_race_unmatched,densenet121,7,0.005,youden_j,0.2447509765625,0.7482625482625482,-0.01235521235521242,1.3364293085655314,-0.0165118679050567
mimic_race_unmatched,densenet121,7,0.005,sens0.80,0.286865234375,0.7212355212355213,-0.002316602316602301,1.386509635974304,-0.0032119914346894
mimic_race_unmatched,densenet121,7,0.005,spec0.90,0.439746081829071,0.5876447876447877,0.009266409266409315,1.7017082785808146,0.0157687253613667
mimic_race_unmatched,densenet121,7,0.01,t0.5,0.5,0.5359073359073359,0.015444015444015413,1.8659942363112394,0.0288184438040346
mimic_race_unmatched,densenet121,7,0.01,youden_j,0.2447509765625,0.7482625482625482,0.003861003861003909,1.3364293085655314,0.0051599587203303
mimic_race_unmatched,densenet121,7,0.01,sens0.80,0.286865234375,0.7212355212355213,0.01853281853281863,1.386509635974304,0.0256959314775161
mimic_race_unmatched,densenet121,7,0.01,spec0.90,0.439746081829071,0.5876447876447877,0.010810810810810811,1.7017082785808146,0.0183968462549277
mimic_race_unmatched,densenet121,7,0.02,t0.5,0.5,0.5359073359073359,0.019305019305019322,1.8659942363112394,0.0360230547550432
mimic_race_unmatched,densenet121,7,0.02,youden_j,0.2447509765625,0.7482625482625482,0.007722007722007762,1.3364293085655314,0.0103199174406605
mimic_race_unmatched,densenet121,7,0.02,sens0.80,0.286865234375,0.7212355212355213,0.013899613899613916,1.386509635974304,0.019271948608137
mimic_race_unmatched,densenet121,7,0.02,spec0.90,0.439746081829071,0.5876447876447877,0.013899613899613916,1.7017082785808146,0.0236530880420499
mimic_race_unmatched,densenet121,7,0.05,t0.5,0.5,0.5359073359073359,0.02316602316602312,1.8659942363112394,0.0432276657060518
mimic_race_unmatched,densenet121,7,0.05,youden_j,0.2447509765625,0.7482625482625482,0.00617760617760621,1.3364293085655314,0.0082559339525284
mimic_race_unmatched,densenet121,7,0.05,sens0.80,0.286865234375,0.7212355212355213,0.006949806949807014,1.386509635974304,0.0096359743040685
mimic_race_unmatched,densenet121,7,0.05,spec0.90,0.439746081829071,0.5876447876447877,0.020077220077220126,1.7017082785808146,0.0341655716162944
mimic_race_unmatched,densenet121,7,0.1,t0.5,0.5,0.5359073359073359,0.046332046332046295,1.8659942363112394,0.0864553314121036
mimic_race_unmatched,densenet121,7,0.1,youden_j,0.2447509765625,0.7482625482625482,0.01776061776061777,1.3364293085655314,0.0237358101135191
mimic_race_unmatched,densenet121,7,0.1,sens0.80,0.286865234375,0.7212355212355213,0.033204633204633294,1.386509635974304,0.0460385438972163
mimic_race_unmatched,densenet121,7,0.1,spec0.90,0.439746081829071,0.5876447876447877,0.03938223938223945,1.7017082785808146,0.0670170827858081
mimic_race_unmatched,densenet121,7,0.25,t0.5,0.5,0.5359073359073359,0.05945945945945946,1.8659942363112394,0.1109510086455331
mimic_race_unmatched,densenet121,7,0.25,youden_j,0.2447509765625,0.7482625482625482,0.009266409266409315,1.3364293085655314,0.0123839009287926
mimic_race_unmatched,densenet121,7,0.25,sens0.80,0.286865234375,0.7212355212355213,0.03397683397683404,1.386509635974304,0.0471092077087794
mimic_race_unmatched,densenet121,7,0.25,spec0.90,0.439746081829071,0.5876447876447877,0.05405405405405411,1.7017082785808146,0.0919842312746386
mimic_race_unmatched,densenet121,7,0.5,t0.5,0.5,0.5359073359073359,0.14440154440154446,1.8659942363112394,0.2694524495677234
mimic_race_unmatched,densenet121,7,0.5,youden_j,0.2447509765625,0.7482625482625482,0.06332046332046337,1.3364293085655314,0.0846233230134159
mimic_race_unmatched,densenet121,7,0.5,sens0.80,0.286865234375,0.7212355212355213,0.0872586872586873,1.386509635974304,0.1209850107066381
mimic_race_unmatched,densenet121,7,0.5,spec0.90,0.439746081829071,0.5876447876447877,0.1266409266409267,1.7017082785808146,0.2155059132720105
mimic_race_unmatched,densenet121,7,0.6,t0.5,0.5,0.5359073359073359,0.12123552123552123,1.8659942363112394,0.2262247838616714
mimic_race_unmatched,densenet121,7,0.6,youden_j,0.2447509765625,0.7482625482625482,0.08185328185328189,1.3364293085655314,0.109391124871001
mimic_race_unmatched,densenet121,7,0.6,sens0.80,0.286865234375,0.7212355212355213,0.0980694980694981,1.386509635974304,0.1359743040685225
mimic_race_unmatched,densenet121,7,0.6,spec0.90,0.439746081829071,0.5876447876447877,0.12355212355212358,1.7017082785808146,0.2102496714848882
mimic_race_unmatched,densenet121,7,0.65,t0.5,0.5,0.5359073359073359,0.27335907335907333,1.8659942363112394,0.5100864553314121
mimic_race_unmatched,densenet121,7,0.65,youden_j,0.2447509765625,0.7482625482625482,0.1891891891891892,1.3364293085655314,0.2528379772961817
mimic_race_unmatched,densenet121,7,0.65,sens0.80,0.286865234375,0.7212355212355213,0.21853281853281864,1.386509635974304,0.3029978586723769
mimic_race_unmatched,densenet121,7,0.65,spec0.90,0.439746081829071,0.5876447876447877,0.2555984555984557,1.7017082785808146,0.4349540078843627
mimic_race_unmatched,densenet121,7,0.75,t0.5,0.5,0.5359073359073359,0.21389961389961393,1.8659942363112394,0.399135446685879
mimic_race_unmatched,densenet121,7,0.75,youden_j,0.2447509765625,0.7482625482625482,0.1783783783783784,1.3364293085655314,0.238390092879257
mimic_race_unmatched,densenet121,7,0.75,sens0.80,0.286865234375,0.7212355212355213,0.19691119691119702,1.386509635974304,0.2730192719486082
mimic_race_unmatched,densenet121,7,0.75,spec0.90,0.439746081829071,0.5876447876447877,0.21389961389961393,1.7017082785808146,0.3639947437582128
mimic_race_unmatched,densenet121,7,0.85,t0.5,0.5,0.5359073359073359,0.2316602316602317,1.8659942363112394,0.4322766570605188
mimic_race_unmatched,densenet121,7,0.85,youden_j,0.2447509765625,0.7482625482625482,0.18996138996139,1.3364293085655314,0.2538699690402477
mimic_race_unmatched,densenet121,7,0.85,sens0.80,0.286865234375,0.7212355212355213,0.20772200772200783,1.386509635974304,0.2880085653104925
mimic_race_unmatched,densenet121,7,0.85,spec0.90,0.439746081829071,0.5876447876447877,0.22162162162162174,1.7017082785808146,0.3771353482260185
mimic_race_unmatched,densenet121,7,0.9,t0.5,0.5,0.5359073359073359,0.24942084942084947,1.8659942363112394,0.4654178674351586
mimic_race_unmatched,densenet121,7,0.9,youden_j,0.2447509765625,0.7482625482625482,0.21467181467181468,1.3364293085655314,0.2868937048503612
mimic_race_unmatched,densenet121,7,0.9,sens0.80,0.286865234375,0.7212355212355213,0.240926640926641,1.386509635974304,0.3340471092077088
mimic_race_unmatched,densenet121,7,0.9,spec0.90,0.439746081829071,0.5876447876447877,0.2532818532818533,1.7017082785808146,0.431011826544021
mimic_race_unmatched,densenet121,7,1.0,t0.5,0.5,0.5359073359073359,0.23552123552123555,1.8659942363112394,0.4394812680115275
mimic_race_unmatched,densenet121,7,1.0,youden_j,0.2447509765625,0.7482625482625482,0.233976833976834,1.3364293085655314,0.3126934984520124
mimic_race_unmatched,densenet121,7,1.0,sens0.80,0.286865234375,0.7212355212355213,0.2532818532818533,1.386509635974304,0.3511777301927195
mimic_race_unmatched,densenet121,7,1.0,spec0.90,0.439746081829071,0.5876447876447877,0.23397683397683405,1.7017082785808146,0.3981603153745072
mimic_race_unmatched,densenet121,42,0.005,t0.5,0.5,0.518918918918919,0.04864864864864865,1.9270833333333333,0.09375
mimic_race_unmatched,densenet121,42,0.005,youden_j,0.279296875,0.7683397683397684,0.020849420849420902,1.3015075376884422,0.0271356783919597
mimic_race_unmatched,densenet121,42,0.005,sens0.80,0.3330078125,0.7027027027027026,0.009266409266409259,1.4230769230769231,0.0131868131868131
mimic_race_unmatched,densenet121,42,0.005,spec0.90,0.445068359375,0.5861003861003862,0.04324324324324319,1.7061923583662713,0.0737812911725955
mimic_race_unmatched,densenet121,42,0.01,t0.5,0.5,0.518918918918919,0.006949806949806903,1.9270833333333333,0.013392857142857
mimic_race_unmatched,densenet121,42,0.01,youden_j,0.279296875,0.7683397683397684,0.029343629343629413,1.3015075376884422,0.0381909547738693
mimic_race_unmatched,densenet121,42,0.01,sens0.80,0.3330078125,0.7027027027027026,0.027799227799227777,1.4230769230769231,0.0395604395604395
mimic_race_unmatched,densenet121,42,0.01,spec0.90,0.445068359375,0.5861003861003862,0.02548262548262542,1.7061923583662713,0.0434782608695652
mimic_race_unmatched,densenet121,42,0.02,t0.5,0.5,0.518918918918919,-0.020077220077220126,1.9270833333333333,-0.0386904761904762
mimic_race_unmatched,densenet121,42,0.02,youden_j,0.279296875,0.7683397683397684,0.01003861003861009,1.3015075376884422,0.0130653266331658
mimic_race_unmatched,densenet121,42,0.02,sens0.80,0.3330078125,0.7027027027027026,-0.006949806949807014,1.4230769230769231,-0.0098901098901099
mimic_race_unmatched,densenet121,42,0.02,spec0.90,0.445068359375,0.5861003861003862,-0.02239382239382237,1.7061923583662713,-0.0382081686429512
mimic_race_unmatched,densenet121,42,0.05,t0.5,0.5,0.518918918918919,0.06409266409266406,1.9270833333333333,0.1235119047619047
mimic_race_unmatched,densenet121,42,0.05,youden_j,0.279296875,0.7683397683397684,0.04633204633204638,1.3015075376884422,0.0603015075376884
mimic_race_unmatched,densenet121,42,0.05,sens0.80,0.3330078125,0.7027027027027026,0.04324324324324319,1.4230769230769231,0.0615384615384615
mimic_race_unmatched,densenet121,42,0.05,spec0.90,0.445068359375,0.5861003861003862,0.05945945945945941,1.7061923583662713,0.1014492753623188
mimic_race_unmatched,densenet121,42,0.1,t0.5,0.5,0.518918918918919,0.03243243243243238,1.9270833333333333,0.0624999999999998
mimic_race_unmatched,densenet121,42,0.1,youden_j,0.279296875,0.7683397683397684,0.025482625482625504,1.3015075376884422,0.0331658291457286
mimic_race_unmatched,densenet121,42,0.1,sens0.80,0.3330078125,0.7027027027027026,0.020849420849420763,1.4230769230769231,0.0296703296703296
mimic_race_unmatched,densenet121,42,0.1,spec0.90,0.445068359375,0.5861003861003862,0.03166023166023163,1.7061923583662713,0.0540184453227931
mimic_race_unmatched,densenet121,42,0.25,t0.5,0.5,0.518918918918919,0.0494208494208494,1.9270833333333333,0.0952380952380951
mimic_race_unmatched,densenet121,42,0.25,youden_j,0.279296875,0.7683397683397684,0.047876447876447875,1.3015075376884422,0.0623115577889447
mimic_race_unmatched,densenet121,42,0.25,sens0.80,0.3330078125,0.7027027027027026,0.031660231660231575,1.4230769230769231,0.045054945054945
mimic_race_unmatched,densenet121,42,0.25,spec0.90,0.445068359375,0.5861003861003862,0.054826254826254806,1.7061923583662713,0.0935441370223979
mimic_race_unmatched,densenet121,42,0.5,t0.5,0.5,0.518918918918919,0.0509652509652509,1.9270833333333333,0.0982142857142855
mimic_race_unmatched,densenet121,42,0.5,youden_j,0.279296875,0.7683397683397684,0.04633204633204638,1.3015075376884422,0.0603015075376884
mimic_race_unmatched,densenet121,42,0.5,sens0.80,0.3330078125,0.7027027027027026,0.03706563706563698,1.4230769230769231,0.0527472527472527
mimic_race_unmatched,densenet121,42,0.5,spec0.90,0.445068359375,0.5861003861003862,0.054054054054054,1.7061923583662713,0.0922266139657444
mimic_race_unmatched,densenet121,42,0.6,t0.5,0.5,0.518918918918919,0.11042471042471041,1.9270833333333333,0.212797619047619
mimic_race_unmatched,densenet121,42,0.6,youden_j,0.279296875,0.7683397683397684,0.07876447876447881,1.3015075376884422,0.1025125628140703
mimic_race_unmatched,densenet121,42,0.6,sens0.80,0.3330078125,0.7027027027027026,0.08648648648648649,1.4230769230769231,0.1230769230769231
mimic_race_unmatched,densenet121,42,0.6,spec0.90,0.445068359375,0.5861003861003862,0.11042471042471041,1.7061923583662713,0.1884057971014492
mimic_race_unmatched,densenet121,42,0.65,t0.5,0.5,0.518918918918919,0.1374517374517374,1.9270833333333333,0.2648809523809522
mimic_race_unmatched,densenet121,42,0.65,youden_j,0.279296875,0.7683397683397684,0.1189189189189189,1.3015075376884422,0.1547738693467336
mimic_race_unmatched,densenet121,42,0.65,sens0.80,0.3330078125,0.7027027027027026,0.11891891891891887,1.4230769230769231,0.1692307692307692
mimic_race_unmatched,densenet121,42,0.65,spec0.90,0.445068359375,0.5861003861003862,0.12895752895752893,1.7061923583662713,0.220026350461133
mimic_race_unmatched,densenet121,42,0.75,t0.5,0.5,0.518918918918919,0.16911196911196907,1.9270833333333333,0.325892857142857
mimic_race_unmatched,densenet121,42,0.75,youden_j,0.279296875,0.7683397683397684,0.1683397683397684,1.3015075376884422,0.2190954773869347
mimic_race_unmatched,densenet121,42,0.75,sens0.80,0.3330078125,0.7027027027027026,0.15752895752895751,1.4230769230769231,0.2241758241758241
mimic_race_unmatched,densenet121,42,0.75,spec0.90,0.445068359375,0.5861003861003862,0.17220077220077218,1.7061923583662713,0.2938076416337285
mimic_race_unmatched,densenet121,42,0.85,t0.5,0.5,0.518918918918919,0.244015444015444,1.9270833333333333,0.4702380952380952
mimic_race_unmatched,densenet121,42,0.85,youden_j,0.279296875,0.7683397683397684,0.2486486486486487,1.3015075376884422,0.3236180904522612
mimic_race_unmatched,densenet121,42,0.85,sens0.80,0.3330078125,0.7027027027027026,0.24478764478764475,1.4230769230769231,0.3483516483516483
mimic_race_unmatched,densenet121,42,0.85,spec0.90,0.445068359375,0.5861003861003862,0.2471042471042471,1.7061923583662713,0.4216073781291172
mimic_race_unmatched,densenet121,42,0.9,t0.5,0.5,0.518918918918919,0.2625482625482625,1.9270833333333333,0.5059523809523809
mimic_race_unmatched,densenet121,42,0.9,youden_j,0.279296875,0.7683397683397684,0.2857142857142857,1.3015075376884422,0.371859296482412
mimic_race_unmatched,densenet121,42,0.9,sens0.80,0.3330078125,0.7027027027027026,0.28262548262548265,1.4230769230769231,0.4021978021978022
mimic_race_unmatched,densenet121,42,0.9,spec0.90,0.445068359375,0.5861003861003862,0.2787644787644788,1.7061923583662713,0.4756258234519104
mimic_race_unmatched,densenet121,42,1.0,t0.5,0.5,0.518918918918919,0.29806949806949806,1.9270833333333333,0.5744047619047619
mimic_race_unmatched,densenet121,42,1.0,youden_j,0.279296875,0.7683397683397684,0.31351351351351353,1.3015075376884422,0.4080402010050251
mimic_race_unmatched,densenet121,42,1.0,sens0.80,0.3330078125,0.7027027027027026,0.3088803088803089,1.4230769230769231,0.4395604395604396
mimic_race_unmatched,densenet121,42,1.0,spec0.90,0.445068359375,0.5861003861003862,0.3034749034749035,1.7061923583662713,0.5177865612648221
mimic_race_unmatched,densenet121,123,0.005,t0.5,0.5,0.5397683397683398,0.01235521235521242,1.8526466380543631,0.0228898426323319
mimic_race_unmatched,densenet121,123,0.005,youden_j,0.288330078125,0.7590733590733592,0.01467181467181472,1.3173957273652084,0.0193285859613428
mimic_race_unmatched,densenet121,123,0.005,sens0.80,0.32861328125,0.7096525096525097,0.01235521235521242,1.4091403699673557,0.0174102285092491
mimic_race_unmatched,densenet121,123,0.005,spec0.90,0.462890625,0.5845559845559847,0.01698841698841702,1.7107001321003958,0.0290620871862616
mimic_race_unmatched,densenet121,123,0.01,t0.5,0.5,0.5397683397683398,0.027799227799227832,1.8526466380543631,0.0515021459227467
mimic_race_unmatched,densenet121,123,0.01,youden_j,0.288330078125,0.7590733590733592,0.01698841698841702,1.3173957273652084,0.022380467955239
mimic_race_unmatched,densenet121,123,0.01,sens0.80,0.32861328125,0.7096525096525097,0.006949806949807014,1.4091403699673557,0.0097932535364526
mimic_race_unmatched,densenet121,123,0.01,spec0.90,0.462890625,0.5845559845559847,0.03397683397683404,1.7107001321003958,0.0581241743725231
mimic_race_unmatched,densenet121,123,0.02,t0.5,0.5,0.5397683397683398,0.001544401544401608,1.8526466380543631,0.0028612303290415
mimic_race_unmatched,densenet121,123,0.02,youden_j,0.288330078125,0.7590733590733592,0.006949806949806986,1.3173957273652084,0.0091556459816887
mimic_race_unmatched,densenet121,123,0.02,sens0.80,0.32861328125,0.7096525096525097,0.003861003861003909,1.4091403699673557,0.0054406964091403
mimic_race_unmatched,densenet121,123,0.02,spec0.90,0.462890625,0.5845559845559847,0.009266409266409315,1.7107001321003958,0.0158520475561426
mimic_race_unmatched,densenet121,123,0.05,t0.5,0.5,0.5397683397683398,0.030888030888030937,1.8526466380543631,0.0572246065808297
mimic_race_unmatched,densenet121,123,0.05,youden_j,0.288330078125,0.7590733590733592,0.020849420849420874,1.3173957273652084,0.0274669379450661
mimic_race_unmatched,densenet121,123,0.05,sens0.80,0.32861328125,0.7096525096525097,0.011583011583011615,1.4091403699673557,0.016322089227421
mimic_race_unmatched,densenet121,123,0.05,spec0.90,0.462890625,0.5845559845559847,0.037837837837837895,1.7107001321003958,0.0647291941875825
mimic_race_unmatched,densenet121,123,0.1,t0.5,0.5,0.5397683397683398,0.035521235521235595,1.8526466380543631,0.0658082975679542
mimic_race_unmatched,densenet121,123,0.1,youden_j,0.288330078125,0.7590733590733592,0.016216216216216217,1.3173957273652084,0.0213631739572736
mimic_race_unmatched,densenet121,123,0.1,sens0.80,0.32861328125,0.7096525096525097,0.007722007722007707,1.4091403699673557,0.0108813928182807
mimic_race_unmatched,densenet121,123,0.1,spec0.90,0.462890625,0.5845559845559847,0.026254826254826336,1.7107001321003958,0.0449141347424042
mimic_race_unmatched,densenet121,123,0.25,t0.5,0.5,0.5397683397683398,0.03320463320463324,1.8526466380543631,0.0615164520743919
mimic_race_unmatched,densenet121,123,0.25,youden_j,0.288330078125,0.7590733590733592,0.02393822393822398,1.3173957273652084,0.0315361139369277
mimic_race_unmatched,densenet121,123,0.25,sens0.80,0.32861328125,0.7096525096525097,0.018532818532818573,1.4091403699673557,0.0261153427638737
mimic_race_unmatched,densenet121,123,0.25,spec0.90,0.462890625,0.5845559845559847,0.040154440154440196,1.7107001321003958,0.0686922060766182
mimic_race_unmatched,densenet121,123,0.5,t0.5,0.5,0.5397683397683398,0.2702702702702703,1.8526466380543631,0.5007153075822603
mimic_race_unmatched,densenet121,123,0.5,youden_j,0.288330078125,0.7590733590733592,0.1984555984555984,1.3173957273652084,0.2614445574771109
mimic_race_unmatched,densenet121,123,0.5,sens0.80,0.32861328125,0.7096525096525097,0.20849420849420852,1.4091403699673557,0.2937976060935799
mimic_race_unmatched,densenet121,123,0.5,spec0.90,0.462890625,0.5845559845559847,0.26872586872586884,1.7107001321003958,0.4597093791281375
mimic_race_unmatched,densenet121,123,0.6,t0.5,0.5,0.5397683397683398,0.16833976833976838,1.8526466380543631,0.3118741058655221
mimic_race_unmatched,densenet121,123,0.6,youden_j,0.288330078125,0.7590733590733592,0.15984555984555981,1.3173957273652084,0.2105798575788403
mimic_race_unmatched,densenet121,123,0.6,sens0.80,0.32861328125,0.7096525096525097,0.15135135135135142,1.4091403699673557,0.2132752992383025
mimic_race_unmatched,densenet121,123,0.6,spec0.90,0.462890625,0.5845559845559847,0.17606177606177614,1.7107001321003958,0.3011889035667107
mimic_race_unmatched,densenet121,123,0.65,t0.5,0.5,0.5397683397683398,0.22084942084942094,1.8526466380543631,0.4091559370529328
mimic_race_unmatched,densenet121,123,0.65,youden_j,0.288330078125,0.7590733590733592,0.1567567567567567,1.3173957273652084,0.2065106815869786
mimic_race_unmatched,densenet121,123,0.65,sens0.80,0.32861328125,0.7096525096525097,0.1737451737451738,1.4091403699673557,0.2448313384113166
mimic_race_unmatched,densenet121,123,0.65,spec0.90,0.462890625,0.5845559845559847,0.22084942084942089,1.7107001321003958,0.3778071334214002
mimic_race_unmatched,densenet121,123,0.75,t0.5,0.5,0.5397683397683398,0.1474903474903475,1.8526466380543631,0.273247496423462
mimic_race_unmatched,densenet121,123,0.75,youden_j,0.288330078125,0.7590733590733592,0.15598455598455602,1.3173957273652084,0.2054933875890132
mimic_race_unmatched,densenet121,123,0.75,sens0.80,0.32861328125,0.7096525096525097,0.1413127413127413,1.4091403699673557,0.1991294885745375
mimic_race_unmatched,densenet121,123,0.75,spec0.90,0.462890625,0.5845559845559847,0.1482625482625483,1.7107001321003958,0.2536327608982827
mimic_race_unmatched,densenet121,123,0.85,t0.5,0.5,0.5397683397683398,0.3250965250965252,1.8526466380543631,0.6022889842632333
mimic_race_unmatched,densenet121,123,0.85,youden_j,0.288330078125,0.7590733590733592,0.27799227799227805,1.3173957273652084,0.3662258392675483
mimic_race_unmatched,densenet121,123,0.85,sens0.80,0.32861328125,0.7096525096525097,0.2888030888030888,1.4091403699673557,0.4069640914036995
mimic_race_unmatched,densenet121,123,0.85,spec0.90,0.462890625,0.5845559845559847,0.33590733590733596,1.7107001321003958,0.5746367239101717
mimic_race_unmatched,densenet121,123,0.9,t0.5,0.5,0.5397683397683398,0.32895752895752906,1.8526466380543631,0.609442060085837
mimic_race_unmatched,densenet121,123,0.9,youden_j,0.288330078125,0.7590733590733592,0.3027027027027028,1.3173957273652084,0.3987792472024415
mimic_race_unmatched,densenet121,123,0.9,sens0.80,0.32861328125,0.7096525096525097,0.2980694980694981,1.4091403699673557,0.4200217627856365
mimic_race_unmatched,densenet121,123,0.9,spec0.90,0.462890625,0.5845559845559847,0.33281853281853285,1.7107001321003958,0.5693527080581241
mimic_race_unmatched,densenet121,123,1.0,t0.5,0.5,0.5397683397683398,0.2586872586872587,1.8526466380543631,0.4792560801144492
mimic_race_unmatched,densenet121,123,1.0,youden_j,0.288330078125,0.7590733590733592,0.27490347490347494,1.3173957273652084,0.3621566632756867
mimic_race_unmatched,densenet121,123,1.0,sens0.80,0.32861328125,0.7096525096525097,0.2656370656370657,1.4091403699673557,0.3743199129488574
mimic_race_unmatched,densenet121,123,1.0,spec0.90,0.462890625,0.5845559845559847,0.26563706563706574,1.7107001321003958,0.4544253632760899
mimic_race_unmatched,efficientnet_b4,7,0.5,t0.5,0.5,0.47799227799227795,0.16293436293436292,2.0920840064620356,0.3408723747980614
mimic_race_unmatched,efficientnet_b4,7,0.5,youden_j,0.235595703125,0.7405405405405405,0.08030888030888023,1.3503649635036497,0.10844629822732
mimic_race_unmatched,efficientnet_b4,7,0.5,sens0.80,0.265625,0.7204633204633205,0.0996138996138996,1.387995712754555,0.1382636655948553
mimic_race_unmatched,efficientnet_b4,7,0.5,spec0.90,0.414306640625,0.5760617760617761,0.14980694980694986,1.7359249329758712,0.260053619302949
mimic_race_unmatched,efficientnet_b4,7,0.75,t0.5,0.5,0.47799227799227795,0.2339768339768339,2.0920840064620356,0.4894991922455572
mimic_race_unmatched,efficientnet_b4,7,0.75,youden_j,0.235595703125,0.7405405405405405,0.13899613899613894,1.3503649635036497,0.1876955161626694
mimic_race_unmatched,efficientnet_b4,7,0.75,sens0.80,0.265625,0.7204633204633205,0.1544401544401544,1.387995712754555,0.2143622722400857
mimic_race_unmatched,efficientnet_b4,7,0.75,spec0.90,0.414306640625,0.5760617760617761,0.21544401544401548,1.7359249329758712,0.373994638069705
mimic_race_unmatched,efficientnet_b4,7,1.0,t0.5,0.5,0.47799227799227795,0.16988416988416988,2.0920840064620356,0.3554119547657512
mimic_race_unmatched,efficientnet_b4,7,1.0,youden_j,0.235595703125,0.7405405405405405,0.11737451737451732,1.3503649635036497,0.1584984358706986
mimic_race_unmatched,efficientnet_b4,7,1.0,sens0.80,0.265625,0.7204633204633205,0.1335907335907336,1.387995712754555,0.1854233654876741
mimic_race_unmatched,efficientnet_b4,7,1.0,spec0.90,0.414306640625,0.5760617760617761,0.16602316602316602,1.7359249329758712,0.2882037533512063
mimic_race_unmatched,efficientnet_b4,42,0.5,t0.5,0.5,0.49498069498069497,0.11274131274131272,2.0202808112324493,0.2277691107644305
mimic_race_unmatched,efficientnet_b4,42,0.5,youden_j,0.25244140625,0.742084942084942,0.08030888030888028,1.3475546305931323,0.1082206035379812
mimic_race_unmatched,efficientnet_b4,42,0.5,sens0.80,0.276611328125,0.7127413127413128,0.07799227799227798,1.4030335861321777,0.1094257854821235
mimic_race_unmatched,efficientnet_b4,42,0.5,spec0.90,0.424121081829071,0.5737451737451738,0.10424710424710432,1.7429340511440108,0.1816958277254374
mimic_race_unmatched,efficientnet_b4,42,0.75,t0.5,0.5,0.49498069498069497,0.19845559845559846,2.0202808112324493,0.4009360374414977
mimic_race_unmatched,efficientnet_b4,42,0.75,youden_j,0.25244140625,0.742084942084942,0.1366795366795367,1.3475546305931323,0.1841831425598335
mimic_race_unmatched,efficientnet_b4,42,0.75,sens0.80,0.276611328125,0.7127413127413128,0.1359073359073359,1.4030335861321777,0.1906825568797399
mimic_race_unmatched,efficientnet_b4,42,0.75,spec0.90,0.424121081829071,0.5737451737451738,0.1907335907335908,1.7429340511440108,0.332436069986541
mimic_race_unmatched,efficientnet_b4,42,1.0,t0.5,0.5,0.49498069498069497,0.23783783783783785,2.0202808112324493,0.4804992199687988
mimic_race_unmatched,efficientnet_b4,42,1.0,youden_j,0.25244140625,0.742084942084942,0.2332046332046332,1.3475546305931323,0.3142559833506764
mimic_race_unmatched,efficientnet_b4,42,1.0,sens0.80,0.276611328125,0.7127413127413128,0.22239382239382244,1.4030335861321777,0.3120260021668472
mimic_race_unmatched,efficientnet_b4,42,1.0,spec0.90,0.424121081829071,0.5737451737451738,0.240926640926641,1.7429340511440108,0.4199192462987887
mimic_race_unmatched,efficientnet_b4,123,0.75,t0.5,0.5,0.47644787644787645,0.21698841698841698,2.098865478119935,0.4554294975688817
mimic_race_unmatched,efficientnet_b4,123,0.75,youden_j,0.2274169921875,0.7505791505791506,0.10347490347490351,1.3323045267489713,0.1378600823045268
mimic_race_unmatched,efficientnet_b4,123,0.75,sens0.80,0.2587890625,0.7227799227799228,0.1343629343629344,1.3835470085470085,0.1858974358974358
mimic_race_unmatched,efficientnet_b4,123,0.75,spec0.90,0.419677734375,0.5706563706563708,0.21312741312741318,1.7523680649526383,0.3734776725304465
mimic_race_unmatched,efficientnet_b4,123,1.0,t0.5,0.5,0.47644787644787645,0.2918918918918919,2.098865478119935,0.6126418152350082
mimic_race_unmatched,efficientnet_b4,123,1.0,youden_j,0.2274169921875,0.7505791505791506,0.21312741312741307,1.3323045267489713,0.2839506172839506
mimic_race_unmatched,efficientnet_b4,123,1.0,sens0.80,0.2587890625,0.7227799227799228,0.2316602316602317,1.3835470085470085,0.3205128205128205
mimic_race_unmatched,efficientnet_b4,123,1.0,spec0.90,0.419677734375,0.5706563706563708,0.305019305019305,1.7523680649526383,0.5345060893098781
mimic_race_unmatched,resnet50,7,0.5,t0.5,0.5,0.4818532818532818,0.0942084942084942,2.075320512820513,0.1955128205128205
mimic_race_unmatched,resnet50,7,0.5,youden_j,0.189208984375,0.7822393822393823,0.04942084942084948,1.278381046396841,0.0631786771964462
mimic_race_unmatched,resnet50,7,0.5,sens0.80,0.257568359375,0.7142857142857143,0.05791505791505791,1.4,0.081081081081081
mimic_race_unmatched,resnet50,7,0.5,spec0.90,0.408007800579071,0.5698841698841699,0.08725868725868724,1.7547425474254743,0.1531165311653116
mimic_race_unmatched,resnet50,7,0.75,t0.5,0.5,0.4818532818532818,0.16061776061776056,2.075320512820513,0.3333333333333332
mimic_race_unmatched,resnet50,7,0.75,youden_j,0.189208984375,0.7822393822393823,0.07953667953667962,1.278381046396841,0.1016781836130306
mimic_race_unmatched,resnet50,7,0.75,sens0.80,0.257568359375,0.7142857142857143,0.1042471042471042,1.4,0.1459459459459459
mimic_race_unmatched,resnet50,7,0.75,spec0.90,0.408007800579071,0.5698841698841699,0.13899613899613905,1.7547425474254743,0.2439024390243903
mimic_race_unmatched,resnet50,7,1.0,t0.5,0.5,0.4818532818532818,0.23629343629343624,2.075320512820513,0.4903846153846153
mimic_race_unmatched,resnet50,7,1.0,youden_j,0.189208984375,0.7822393822393823,0.1984555984555985,1.278381046396841,0.2537018756169793
mimic_race_unmatched,resnet50,7,1.0,sens0.80,0.257568359375,0.7142857142857143,0.2069498069498069,1.4,0.2897297297297297
mimic_race_unmatched,resnet50,7,1.0,spec0.90,0.408007800579071,0.5698841698841699,0.2216216216216217,1.7547425474254743,0.388888888888889
mimic_race_unmatched,resnet50,42,0.5,t0.5,0.5,0.4555984555984556,0.06872586872586872,2.194915254237288,0.1508474576271186
mimic_race_unmatched,resnet50,42,0.5,youden_j,0.1798095703125,0.7637065637065636,0.040154440154440085,1.3094034378159758,0.0525783619817997
mimic_race_unmatched,resnet50,42,0.5,sens0.80,0.2310791015625,0.7166023166023165,0.04324324324324319,1.3954741379310347,0.0603448275862069
mimic_race_unmatched,resnet50,42,0.5,spec0.90,0.380615234375,0.569111969111969,0.0517374517374517,1.7571234735413843,0.0909090909090908
mimic_race_unmatched,resnet50,42,0.75,t0.5,0.5,0.4555984555984556,0.16833976833976827,2.194915254237288,0.3694915254237286
mimic_race_unmatched,resnet50,42,0.75,youden_j,0.1798095703125,0.7637065637065636,0.08880308880308879,1.3094034378159758,0.1162790697674418
mimic_race_unmatched,resnet50,42,0.75,sens0.80,0.2310791015625,0.7166023166023165,0.10965250965250961,1.3954741379310347,0.1530172413793104
mimic_race_unmatched,resnet50,42,0.75,spec0.90,0.380615234375,0.569111969111969,0.14594594594594595,1.7571234735413843,0.2564450474898236
mimic_race_unmatched,resnet50,42,1.0,t0.5,0.5,0.4555984555984556,0.18455598455598454,2.194915254237288,0.4050847457627118
mimic_race_unmatched,resnet50,42,1.0,youden_j,0.1798095703125,0.7637065637065636,0.16525096525096522,1.3094034378159758,0.2163801820020222
mimic_race_unmatched,resnet50,42,1.0,sens0.80,0.2310791015625,0.7166023166023165,0.1783783783783784,1.3954741379310347,0.2489224137931034
mimic_race_unmatched,resnet50,42,1.0,spec0.90,0.380615234375,0.569111969111969,0.1876447876447876,1.7571234735413843,0.3297150610583446
mimic_race_unmatched,resnet50,123,0.5,t0.5,0.5,0.4988416988416988,0.0972972972972973,2.0046439628482973,0.195046439628483
mimic_race_unmatched,resnet50,123,0.5,youden_j,0.2069091796875,0.7783783783783784,0.05482625482625478,1.284722222222222,0.0704365079365079
mimic_race_unmatched,resnet50,123,0.5,sens0.80,0.26611328125,0.722007722007722,0.061003861003861015,1.3850267379679144,0.0844919786096256
mimic_race_unmatched,resnet50,123,0.5,spec0.90,0.4248046875,0.5806949806949807,0.09498069498069495,1.7220744680851063,0.1635638297872339
mimic_race_unmatched,resnet50,123,0.75,t0.5,0.5,0.4988416988416988,0.12586872586872588,2.0046439628482973,0.2523219814241486
mimic_race_unmatched,resnet50,123,0.75,youden_j,0.2069091796875,0.7783783783783784,0.08648648648648652,1.284722222222222,0.1111111111111111
mimic_race_unmatched,resnet50,123,0.75,sens0.80,0.26611328125,0.722007722007722,0.08030888030888028,1.3850267379679144,0.1112299465240641
mimic_race_unmatched,resnet50,123,0.75,spec0.90,0.4248046875,0.5806949806949807,0.11891891891891893,1.7220744680851063,0.2047872340425532
mimic_race_unmatched,resnet50,123,1.0,t0.5,0.5,0.4988416988416988,0.21235521235521237,2.0046439628482973,0.4256965944272446
mimic_race_unmatched,resnet50,123,1.0,youden_j,0.2069091796875,0.7783783783783784,0.2030888030888031,1.284722222222222,0.2609126984126984
mimic_race_unmatched,resnet50,123,1.0,sens0.80,0.26611328125,0.722007722007722,0.21389961389961393,1.3850267379679144,0.2962566844919787
mimic_race_unmatched,resnet50,123,1.0,spec0.90,0.4248046875,0.5806949806949807,0.23320463320463325,1.7220744680851063,0.4015957446808511
mimic_race_unmatched,swin_tiny_patch4_window7_224,7,0.5,t0.5,0.5,0.5312741312741314,0.12509652509652508,1.8822674418604648,0.2354651162790696
mimic_race_unmatched,swin_tiny_patch4_window7_224,7,0.5,youden_j,0.286376953125,0.7606177606177607,0.11969111969111978,1.314720812182741,0.1573604060913705
mimic_race_unmatched,swin_tiny_patch4_window7_224,7,0.5,sens0.80,0.333740234375,0.715057915057915,0.1328185328185328,1.398488120950324,0.1857451403887688
mimic_race_unmatched,swin_tiny_patch4_window7_224,7,0.5,spec0.90,0.460009753704071,0.5644787644787645,0.11505791505791513,1.7715458276333786,0.2038303693570452
mimic_race_unmatched,swin_tiny_patch4_window7_224,7,0.75,t0.5,0.5,0.5312741312741314,0.3034749034749035,1.8822674418604648,0.5712209302325582
mimic_race_unmatched,swin_tiny_patch4_window7_224,7,0.75,youden_j,0.286376953125,0.7606177606177607,0.26409266409266413,1.314720812182741,0.3472081218274111
mimic_race_unmatched,swin_tiny_patch4_window7_224,7,0.75,sens0.80,0.333740234375,0.715057915057915,0.2880308880308881,1.398488120950324,0.4028077753779698
mimic_race_unmatched,swin_tiny_patch4_window7_224,7,0.75,spec0.90,0.460009753704071,0.5644787644787645,0.2926640926640927,1.7715458276333786,0.518467852257182
mimic_race_unmatched,swin_tiny_patch4_window7_224,7,1.0,t0.5,0.5,0.5312741312741314,0.16756756756756758,1.8822674418604648,0.315406976744186
mimic_race_unmatched,swin_tiny_patch4_window7_224,7,1.0,youden_j,0.286376953125,0.7606177606177607,0.1922779922779923,1.314720812182741,0.2527918781725888
mimic_race_unmatched,swin_tiny_patch4_window7_224,7,1.0,sens0.80,0.333740234375,0.715057915057915,0.1868725868725869,1.398488120950324,0.2613390928725702
mimic_race_unmatched,swin_tiny_patch4_window7_224,7,1.0,spec0.90,0.460009753704071,0.5644787644787645,0.16138996138996137,1.7715458276333786,0.2859097127222981
mimic_race_unmatched,swin_tiny_patch4_window7_224,42,0.5,t0.5,0.5,0.5057915057915058,0.20849420849420852,1.9770992366412214,0.4122137404580153
mimic_race_unmatched,swin_tiny_patch4_window7_224,42,0.5,youden_j,0.2327880859375,0.7606177606177607,0.12046332046332053,1.314720812182741,0.1583756345177664
mimic_race_unmatched,swin_tiny_patch4_window7_224,42,0.5,sens0.80,0.278564453125,0.7212355212355213,0.1482625482625483,1.386509635974304,0.2055674518201285
mimic_race_unmatched,swin_tiny_patch4_window7_224,42,0.5,spec0.90,0.420654296875,0.5822393822393823,0.18996138996139,1.7175066312997345,0.326259946949602
mimic_race_unmatched,swin_tiny_patch4_window7_224,42,0.75,t0.5,0.5,0.5057915057915058,0.2640926640926641,1.9770992366412214,0.5221374045801527
mimic_race_unmatched,swin_tiny_patch4_window7_224,42,0.75,youden_j,0.2327880859375,0.7606177606177607,0.20772200772200783,1.314720812182741,0.2730964467005076
mimic_race_unmatched,swin_tiny_patch4_window7_224,42,0.75,sens0.80,0.278564453125,0.7212355212355213,0.23397683397683405,1.386509635974304,0.3244111349036402
mimic_race_unmatched,swin_tiny_patch4_window7_224,42,0.75,spec0.90,0.420654296875,0.5822393822393823,0.2640926640926642,1.7175066312997345,0.4535809018567639
mimic_race_unmatched,swin_tiny_patch4_window7_224,42,1.0,t0.5,0.5,0.5057915057915058,0.2841698841698842,1.9770992366412214,0.5618320610687023
mimic_race_unmatched,swin_tiny_patch4_window7_224,42,1.0,youden_j,0.2327880859375,0.7606177606177607,0.2540540540540541,1.314720812182741,0.3340101522842639
mimic_race_unmatched,swin_tiny_patch4_window7_224,42,1.0,sens0.80,0.278564453125,0.7212355212355213,0.2772200772200773,1.386509635974304,0.3843683083511777
mimic_race_unmatched,swin_tiny_patch4_window7_224,42,1.0,spec0.90,0.420654296875,0.5822393822393823,0.2841698841698842,1.7175066312997345,0.4880636604774535
mimic_race_unmatched,swin_tiny_patch4_window7_224,123,0.5,t0.5,0.5,0.48571428571428577,0.13899613899613905,2.0588235294117645,0.2861685214626392
mimic_race_unmatched,swin_tiny_patch4_window7_224,123,0.5,youden_j,0.17724609375,0.7961389961389962,0.07490347490347488,1.256062075654704,0.0940834141610086
mimic_race_unmatched,swin_tiny_patch4_window7_224,123,0.5,sens0.80,0.255615234375,0.7158301158301159,0.0872586872586873,1.39697950377562,0.121898597626753
mimic_race_unmatched,swin_tiny_patch4_window7_224,123,0.5,spec0.90,0.398242175579071,0.5814671814671815,0.12741312741312744,1.7197875166002656,0.2191235059760955
mimic_race_unmatched,swin_tiny_patch4_window7_224,123,0.75,t0.5,0.5,0.48571428571428577,0.17220077220077223,2.0588235294117645,0.3545310015898251
mimic_race_unmatched,swin_tiny_patch4_window7_224,123,0.75,youden_j,0.17724609375,0.7961389961389962,0.10424710424710432,1.256062075654704,0.1309408341416101
mimic_race_unmatched,swin_tiny_patch4_window7_224,123,0.75,sens0.80,0.255615234375,0.7158301158301159,0.1382239382239383,1.39697950377562,0.1930960086299892
mimic_race_unmatched,swin_tiny_patch4_window7_224,123,0.75,spec0.90,0.398242175579071,0.5814671814671815,0.17065637065637068,1.7197875166002656,0.2934926958831341
mimic_race_unmatched,swin_tiny_patch4_window7_224,123,1.0,t0.5,0.5,0.48571428571428577,0.2810810810810811,2.0588235294117645,0.5786963434022258
mimic_race_unmatched,swin_tiny_patch4_window7_224,123,1.0,youden_j,0.17724609375,0.7961389961389962,0.12355212355212358,1.256062075654704,0.1551891367604267
mimic_race_unmatched,swin_tiny_patch4_window7_224,123,1.0,sens0.80,0.255615234375,0.7158301158301159,0.1768339768339769,1.39697950377562,0.2470334412081984
mimic_race_unmatched,swin_tiny_patch4_window7_224,123,1.0,spec0.90,0.398242175579071,0.5814671814671815,0.2571428571428572,1.7197875166002656,0.4422310756972111
mimic_race_unmatched,vit_base_patch16_224,7,0.5,t0.5,0.5,0.49961389961389957,0.1853281853281853,2.001545595054096,0.3709428129829984
mimic_race_unmatched,vit_base_patch16_224,7,0.5,youden_j,0.2490234375,0.7698841698841699,0.12741312741312744,1.2988966900702106,0.1654964894684052
mimic_race_unmatched,vit_base_patch16_224,7,0.5,sens0.80,0.28759765625,0.7328185328185328,0.1366795366795367,1.3645943097997892,0.1865121180189673
mimic_race_unmatched,vit_base_patch16_224,7,0.5,spec0.90,0.451708972454071,0.5567567567567568,0.18378378378378385,1.7961165048543686,0.3300970873786408
mimic_race_unmatched,vit_base_patch16_224,7,0.75,t0.5,0.5,0.49961389961389957,0.25173745173745166,2.001545595054096,0.5038639876352394
mimic_race_unmatched,vit_base_patch16_224,7,0.75,youden_j,0.2490234375,0.7698841698841699,0.21081081081081082,1.2988966900702106,0.2738214643931795
mimic_race_unmatched,vit_base_patch16_224,7,0.75,sens0.80,0.28759765625,0.7328185328185328,0.22007722007722003,1.3645943097997892,0.3003161222339304
mimic_race_unmatched,vit_base_patch16_224,7,0.75,spec0.90,0.451708972454071,0.5567567567567568,0.25945945945945953,1.7961165048543686,0.4660194174757282
mimic_race_unmatched,vit_base_patch16_224,7,1.0,t0.5,0.5,0.49961389961389957,0.1868725868725868,2.001545595054096,0.3740340030911899
mimic_race_unmatched,vit_base_patch16_224,7,1.0,youden_j,0.2490234375,0.7698841698841699,0.1335907335907336,1.2988966900702106,0.1735205616850551
mimic_race_unmatched,vit_base_patch16_224,7,1.0,sens0.80,0.28759765625,0.7328185328185328,0.1567567567567567,1.3645943097997892,0.2139093782929399
mimic_race_unmatched,vit_base_patch16_224,7,1.0,spec0.90,0.451708972454071,0.5567567567567568,0.18069498069498074,1.7961165048543686,0.3245492371705964
mimic_race_unmatched,vit_base_patch16_224,42,0.5,t0.5,0.5,0.5250965250965252,0.14594594594594595,1.904411764705882,0.2779411764705882
mimic_race_unmatched,vit_base_patch16_224,42,0.5,youden_j,0.2281494140625,0.7976833976833977,0.06872586872586867,1.2536302032913844,0.0861568247821878
mimic_race_unmatched,vit_base_patch16_224,42,0.5,sens0.80,0.305908203125,0.7312741312741313,0.0972972972972973,1.3674762407602956,0.133051742344245
mimic_race_unmatched,vit_base_patch16_224,42,0.5,spec0.90,0.4717773497104645,0.5521235521235521,0.1343629343629344,1.8111888111888113,0.2433566433566433
mimic_race_unmatched,vit_base_patch16_224,42,0.75,t0.5,0.5,0.5250965250965252,0.1953667953667954,1.904411764705882,0.3720588235294118
mimic_race_unmatched,vit_base_patch16_224,42,0.75,youden_j,0.2281494140625,0.7976833976833977,0.1420849420849421,1.2536302032913844,0.1781219748305905
mimic_race_unmatched,vit_base_patch16_224,42,0.75,sens0.80,0.305908203125,0.7312741312741313,0.17606177606177603,1.3674762407602956,0.2407602956705385
mimic_race_unmatched,vit_base_patch16_224,42,0.75,spec0.90,0.4717773497104645,0.5521235521235521,0.20154440154440162,1.8111888111888113,0.3650349650349651
mimic_race_unmatched,vit_base_patch16_224,42,1.0,t0.5,0.5,0.5250965250965252,0.26409266409266413,1.904411764705882,0.5029411764705882
mimic_race_unmatched,vit_base_patch16_224,42,1.0,youden_j,0.2281494140625,0.7976833976833977,0.15598455598455596,1.2536302032913844,0.1955469506292352
mimic_race_unmatched,vit_base_patch16_224,42,1.0,sens0.80,0.305908203125,0.7312741312741313,0.20540540540540542,1.3674762407602956,0.2808870116156283
mimic_race_unmatched,vit_base_patch16_224,42,1.0,spec0.90,0.4717773497104645,0.5521235521235521,0.2548262548262549,1.8111888111888113,0.4615384615384616
mimic_race_unmatched,vit_base_patch16_224,123,0.5,t0.5,0.5,0.5752895752895753,0.17992277992277989,1.738255033557047,0.312751677852349
mimic_race_unmatched,vit_base_patch16_224,123,0.5,youden_j,0.28466796875,0.7907335907335908,0.1474903474903476,1.2646484374999998,0.1865234375
mimic_race_unmatched,vit_base_patch16_224,123,0.5,sens0.80,0.353515625,0.728957528957529,0.17374517374517373,1.3718220338983051,0.2383474576271186
mimic_race_unmatched,vit_base_patch16_224,123,0.5,spec0.90,0.5126953125,0.5621621621621622,0.1853281853281854,1.7788461538461537,0.3296703296703296
mimic_race_unmatched,vit_base_patch16_224,123,0.75,t0.5,0.5,0.5752895752895753,0.27027027027027034,1.738255033557047,0.4697986577181209
mimic_race_unmatched,vit_base_patch16_224,123,0.75,youden_j,0.28466796875,0.7907335907335908,0.23243243243243253,1.2646484374999998,0.2939453125
mimic_race_unmatched,vit_base_patch16_224,123,0.75,sens0.80,0.353515625,0.728957528957529,0.2633204633204634,1.3718220338983051,0.361228813559322
mimic_race_unmatched,vit_base_patch16_224,123,0.75,spec0.90,0.5126953125,0.5621621621621622,0.27258687258687264,1.7788461538461537,0.4848901098901099
mimic_race_unmatched,vit_base_patch16_224,123,1.0,t0.5,0.5,0.5752895752895753,0.1891891891891892,1.738255033557047,0.3288590604026846
mimic_race_unmatched,vit_base_patch16_224,123,1.0,youden_j,0.28466796875,0.7907335907335908,0.18687258687258693,1.2646484374999998,0.2363281249999999
mimic_race_unmatched,vit_base_patch16_224,123,1.0,sens0.80,0.353515625,0.728957528957529,0.1861003861003861,1.3718220338983051,0.2552966101694915
mimic_race_unmatched,vit_base_patch16_224,123,1.0,spec0.90,0.5126953125,0.5621621621621622,0.18996138996139,1.7788461538461537,0.3379120879120879
nih_sex_effusion,densenet121,7,0.1,t0.5,0.5,0.40473840078973344,0.11648568608094767,2.470731707317073,0.2878048780487804
nih_sex_effusion,densenet121,7,0.1,youden_j,0.1300048828125,0.7462981243830208,0.04244817374136228,1.3399470899470898,0.0568783068783068
nih_sex_effusion,densenet121,7,0.1,sens0.80,0.1516357362270355,0.7226061204343535,0.05528134254689038,1.3838797814207648,0.0765027322404371
nih_sex_effusion,densenet121,7,0.1,spec0.90,0.306640625,0.558736426456071,0.0730503455083909,1.7897526501766785,0.1307420494699646
nih_sex_effusion,densenet121,7,0.5,t0.5,0.5,0.40473840078973344,0.21421520236920033,2.470731707317073,0.5292682926829267
nih_sex_effusion,densenet121,7,0.5,youden_j,0.1300048828125,0.7462981243830208,0.09674234945705829,1.3399470899470898,0.1296296296296296
nih_sex_effusion,densenet121,7,0.5,sens0.80,0.1516357362270355,0.7226061204343535,0.10562685093780849,1.3838797814207648,0.1461748633879781
nih_sex_effusion,densenet121,7,0.5,spec0.90,0.306640625,0.558736426456071,0.15399802566633763,1.7897526501766785,0.2756183745583039
nih_sex_effusion,densenet121,7,0.75,t0.5,0.5,0.40473840078973344,0.349457058242843,2.470731707317073,0.8634146341463415
nih_sex_effusion,densenet121,7,0.75,youden_j,0.1300048828125,0.7462981243830208,0.2537018756169793,1.3399470899470898,0.3399470899470899
nih_sex_effusion,densenet121,7,0.75,sens0.80,0.1516357362270355,0.7226061204343535,0.2724580454096743,1.3838797814207648,0.3770491803278689
nih_sex_effusion,densenet121,7,0.75,spec0.90,0.306640625,0.558736426456071,0.3593287265547878,1.7897526501766785,0.6431095406360425
nih_sex_effusion,densenet121,7,0.9,t0.5,0.5,0.40473840078973344,0.3692003948667326,2.470731707317073,0.9121951219512195
nih_sex_effusion,densenet121,7,0.9,youden_j,0.1300048828125,0.7462981243830208,0.3573543928923989,1.3399470899470898,0.4788359788359789
nih_sex_effusion,densenet121,7,0.9,sens0.80,0.1516357362270355,0.7226061204343535,0.38104639684106617,1.3838797814207648,0.5273224043715847
nih_sex_effusion,densenet121,7,0.9,spec0.90,0.306640625,0.558736426456071,0.4185587364264561,1.7897526501766785,0.7491166077738517
nih_sex_effusion,densenet121,7,1.0,t0.5,0.5,0.40473840078973344,0.3810463968410662,2.470731707317073,0.9414634146341464
nih_sex_effusion,densenet121,7,1.0,youden_j,0.1300048828125,0.7462981243830208,0.5419545903257651,1.3399470899470898,0.7261904761904762
nih_sex_effusion,densenet121,7,1.0,sens0.80,0.1516357362270355,0.7226061204343535,0.543928923988154,1.3838797814207648,0.7527322404371584
nih_sex_effusion,densenet121,7,1.0,spec0.90,0.306640625,0.558736426456071,0.47186574531095743,1.7897526501766785,0.8445229681978799
nih_sex_effusion,densenet121,42,0.1,t0.5,0.5,0.3879565646594274,0.09476801579466931,2.577608142493639,0.2442748091603054
nih_sex_effusion,densenet121,42,0.1,youden_j,0.1259765625,0.7630799605133268,0.025666337611056272,1.3104786545924967,0.0336351875808538
nih_sex_effusion,densenet121,42,0.1,sens0.80,0.138671875,0.7413622902270485,0.014807502467917122,1.3488681757656455,0.0199733688415445
nih_sex_effusion,densenet121,42,0.1,spec0.90,0.3061767518520355,0.5844027640671273,0.053307008884501406,1.7111486486486487,0.0912162162162161
nih_sex_effusion,densenet121,42,0.5,t0.5,0.5,0.3879565646594274,0.27048371174728525,2.577608142493639,0.6972010178117048
nih_sex_effusion,densenet121,42,0.5,youden_j,0.1259765625,0.7630799605133268,0.0937808489634748,1.3104786545924967,0.1228978007761966
nih_sex_effusion,densenet121,42,0.5,sens0.80,0.138671875,0.7413622902270485,0.0957551826258638,1.3488681757656455,0.129161118508655
nih_sex_effusion,densenet121,42,0.5,spec0.90,0.3061767518520355,0.5844027640671273,0.20236920039486672,1.7111486486486487,0.3462837837837837
nih_sex_effusion,densenet121,42,0.75,t0.5,0.5,0.3879565646594274,0.37216189536031585,2.577608142493639,0.9592875318066156
nih_sex_effusion,densenet121,42,0.75,youden_j,0.1259765625,0.7630799605133268,0.29713721618953615,1.3104786545924967,0.389391979301423
nih_sex_effusion,densenet121,42,0.75,sens0.80,0.138671875,0.7413622902270485,0.3079960513326752,1.3488681757656455,0.4154460719041277
nih_sex_effusion,densenet121,42,0.75,spec0.90,0.3061767518520355,0.5844027640671273,0.4659427443237907,1.7111486486486487,0.7972972972972973
nih_sex_effusion,densenet121,42,0.9,t0.5,0.5,0.3879565646594274,0.3761105626850938,2.577608142493639,0.969465648854962
nih_sex_effusion,densenet121,42,0.9,youden_j,0.1259765625,0.7630799605133268,0.4787759131293189,1.3104786545924967,0.6274256144890038
nih_sex_effusion,densenet121,42,0.9,sens0.80,0.138671875,0.7413622902270485,0.48371174728529126,1.3488681757656455,0.6524633821571239
nih_sex_effusion,densenet121,42,0.9,spec0.90,0.3061767518520355,0.5844027640671273,0.5133267522211253,1.7111486486486487,0.8783783783783784
nih_sex_effusion,densenet121,42,1.0,t0.5,0.5,0.3879565646594274,0.37216189536031585,2.577608142493639,0.9592875318066156
nih_sex_effusion,densenet121,42,1.0,youden_j,0.1259765625,0.7630799605133268,0.5686080947680159,1.3104786545924967,0.7451487710219923
nih_sex_effusion,densenet121,42,1.0,sens0.80,0.138671875,0.7413622902270485,0.5577492596248768,1.3488681757656455,0.7523302263648469
nih_sex_effusion,densenet121,42,1.0,spec0.90,0.3061767518520355,0.5844027640671273,0.5172754195459033,1.7111486486486487,0.8851351351351352
nih_sex_effusion,densenet121,123,0.1,t0.5,0.5,0.4136229022704837,0.0700888450148075,2.4176610978520285,0.1694510739856801
nih_sex_effusion,densenet121,123,0.1,youden_j,0.11737060546875,0.8153998025666338,0.038499506416584395,1.2263922518159807,0.0472154963680387
nih_sex_effusion,densenet121,123,0.1,sens0.80,0.1468505859375,0.7808489634748272,0.0414610069101678,1.2806573957016436,0.0530973451327433
nih_sex_effusion,densenet121,123,0.1,spec0.90,0.2793212831020355,0.6298124383020731,0.05330700888450152,1.5877742946708462,0.0846394984326019
nih_sex_effusion,densenet121,123,0.5,t0.5,0.5,0.4136229022704837,0.2675222112537019,2.4176610978520285,0.6467780429594273
nih_sex_effusion,densenet121,123,0.5,youden_j,0.11737060546875,0.8153998025666338,0.1303060217176703,1.2263922518159807,0.1598062953995157
nih_sex_effusion,densenet121,123,0.5,sens0.80,0.1468505859375,0.7808489634748272,0.14511352418558737,1.2806573957016436,0.1858407079646017
nih_sex_effusion,densenet121,123,0.5,spec0.90,0.2793212831020355,0.6298124383020731,0.1974333662388944,1.5877742946708462,0.3134796238244513
nih_sex_effusion,densenet121,123,0.75,t0.5,0.5,0.4136229022704837,0.35439289239881533,2.4176610978520285,0.856801909307876
nih_sex_effusion,densenet121,123,0.75,youden_j,0.11737060546875,0.8153998025666338,0.28825271470878583,1.2263922518159807,0.3535108958837772
nih_sex_effusion,densenet121,123,0.75,sens0.80,0.1468505859375,0.7808489634748272,0.3287265547877592,1.2806573957016436,0.4209860935524652
nih_sex_effusion,densenet121,123,0.75,spec0.90,0.2793212831020355,0.6298124383020731,0.4067127344521225,1.5877742946708462,0.64576802507837
nih_sex_effusion,densenet121,123,0.9,t0.5,0.5,0.4136229022704837,0.3889437314906219,2.4176610978520285,0.9403341288782816
nih_sex_effusion,densenet121,123,0.9,youden_j,0.11737060546875,0.8153998025666338,0.5004935834155972,1.2263922518159807,0.6138014527845036
nih_sex_effusion,densenet121,123,0.9,sens0.80,0.1468505859375,0.7808489634748272,0.5192497532082923,1.2806573957016436,0.6649810366624526
nih_sex_effusion,densenet121,123,0.9,spec0.90,0.2793212831020355,0.6298124383020731,0.5182625863770978,1.5877742946708462,0.822884012539185
nih_sex_effusion,densenet121,123,1.0,t0.5,0.5,0.4136229022704837,0.3692003948667325,2.4176610978520285,0.892601431980907
nih_sex_effusion,densenet121,123,1.0,youden_j,0.11737060546875,0.8153998025666338,0.6515301085883515,1.2263922518159807,0.7990314769975787
nih_sex_effusion,densenet121,123,1.0,sens0.80,0.1468505859375,0.7808489634748272,0.6347482724580455,1.2806573957016436,0.8128950695322377
nih_sex_effusion,densenet121,123,1.0,spec0.90,0.2793212831020355,0.6298124383020731,0.5399802566633761,1.5877742946708462,0.8573667711598744
nih_sex_pneumothorax,densenet121,7,0.1,t0.5,0.5,0.12684989429175475,-0.08456659619450313,7.883333333333334,-0.6666666666666664
nih_sex_pneumothorax,densenet121,7,0.1,youden_j,0.04931640625,0.7145877378435518,-0.04016913319238902,1.3994082840236686,-0.0562130177514793
nih_sex_pneumothorax,densenet121,7,0.1,sens0.80,0.05224609375,0.7040169133192389,-0.04016913319238902,1.4204204204204205,-0.057057057057057
nih_sex_pneumothorax,densenet121,7,0.1,spec0.90,0.0925842300057411,0.6067653276955602,-0.046511627906976716,1.6480836236933798,-0.0766550522648084
nih_sex_pneumothorax,densenet121,7,0.5,t0.5,0.5,0.12684989429175475,0.10570824524312894,7.883333333333334,0.8333333333333331
nih_sex_pneumothorax,densenet121,7,0.5,youden_j,0.04931640625,0.7145877378435518,0.16279069767441856,1.3994082840236686,0.227810650887574
nih_sex_pneumothorax,densenet121,7,0.5,sens0.80,0.05224609375,0.7040169133192389,0.15433403805496826,1.4204204204204205,0.2192192192192192
nih_sex_pneumothorax,densenet121,7,0.5,spec0.90,0.0925842300057411,0.6067653276955602,0.21775898520084574,1.6480836236933798,0.3588850174216028
nih_sex_pneumothorax,densenet121,7,0.75,t0.5,0.5,0.12684989429175475,0.07822410147991554,7.883333333333334,0.6166666666666667
nih_sex_pneumothorax,densenet121,7,0.75,youden_j,0.04931640625,0.7145877378435518,0.05073995771670187,1.3994082840236686,0.0710059171597632
nih_sex_pneumothorax,densenet121,7,0.75,sens0.80,0.05224609375,0.7040169133192389,0.05073995771670187,1.4204204204204205,0.072072072072072
nih_sex_pneumothorax,densenet121,7,0.75,spec0.90,0.0925842300057411,0.6067653276955602,0.07822410147991549,1.6480836236933798,0.1289198606271777
nih_sex_pneumothorax,densenet121,7,0.9,t0.5,0.5,0.12684989429175475,0.09513742071881592,7.883333333333334,0.7499999999999998
nih_sex_pneumothorax,densenet121,7,0.9,youden_j,0.04931640625,0.7145877378435518,0.2241014799154334,1.3994082840236686,0.3136094674556213
nih_sex_pneumothorax,densenet121,7,0.9,sens0.80,0.05224609375,0.7040169133192389,0.226215644820296,1.4204204204204205,0.3213213213213213
nih_sex_pneumothorax,densenet121,7,0.9,spec0.90,0.0925842300057411,0.6067653276955602,0.23044397463002114,1.6480836236933798,0.3797909407665504
nih_sex_pneumothorax,densenet121,7,1.0,t0.5,0.5,0.12684989429175475,0.11839323467230434,7.883333333333334,0.9333333333333336
nih_sex_pneumothorax,densenet121,7,1.0,youden_j,0.04931640625,0.7145877378435518,0.4820295983086681,1.3994082840236686,0.6745562130177515
nih_sex_pneumothorax,densenet121,7,1.0,sens0.80,0.05224609375,0.7040169133192389,0.4756871035940803,1.4204204204204205,0.6756756756756757
nih_sex_pneumothorax,densenet121,7,1.0,spec0.90,0.0925842300057411,0.6067653276955602,0.45877378435517974,1.6480836236933798,0.7560975609756098
nih_sex_pneumothorax,densenet121,42,0.1,t0.5,0.5,0.08456659619450324,-0.09302325581395343,11.82499999999999,-1.1000000000000012
nih_sex_pneumothorax,densenet121,42,0.1,youden_j,0.03326416015625,0.6997885835095138,-0.059196617336152224,1.4290030211480362,-0.0845921450151057
nih_sex_pneumothorax,densenet121,42,0.1,sens0.80,0.0287017822265625,0.7251585623678647,-0.05073995771670192,1.379008746355685,-0.0699708454810495
nih_sex_pneumothorax,densenet121,42,0.1,spec0.90,0.053192138671875,0.6088794926004228,-0.08245243128964053,1.6423611111111112,-0.1354166666666666
nih_sex_pneumothorax,densenet121,42,0.5,t0.5,0.5,0.08456659619450324,-0.04228329809725151,11.82499999999999,-0.5000000000000007
nih_sex_pneumothorax,densenet121,42,0.5,youden_j,0.03326416015625,0.6997885835095138,-0.06765327695560253,1.4290030211480362,-0.0966767371601208
nih_sex_pneumothorax,densenet121,42,0.5,sens0.80,0.0287017822265625,0.7251585623678647,-0.06765327695560261,1.379008746355685,-0.0932944606413994
nih_sex_pneumothorax,densenet121,42,0.5,spec0.90,0.053192138671875,0.6088794926004228,-0.07822410147991538,1.6423611111111112,-0.1284722222222222
nih_sex_pneumothorax,densenet121,42,0.75,t0.5,0.5,0.08456659619450324,0.02748414376321362,11.82499999999999,0.3249999999999999
nih_sex_pneumothorax,densenet121,42,0.75,youden_j,0.03326416015625,0.6997885835095138,0.2558139534883721,1.4290030211480362,0.3655589123867069
nih_sex_pneumothorax,densenet121,42,0.75,sens0.80,0.0287017822265625,0.7251585623678647,0.2600422832980972,1.379008746355685,0.3586005830903789
nih_sex_pneumothorax,densenet121,42,0.75,spec0.90,0.053192138671875,0.6088794926004228,0.20930232558139544,1.6423611111111112,0.34375
nih_sex_pneumothorax,densenet121,42,0.9,t0.5,0.5,0.08456659619450324,0.08033826638477803,11.82499999999999,0.9499999999999994
nih_sex_pneumothorax,densenet121,42,0.9,youden_j,0.03326416015625,0.6997885835095138,0.35306553911205074,1.4290030211480362,0.5045317220543807
nih_sex_pneumothorax,densenet121,42,0.9,sens0.80,0.0287017822265625,0.7251585623678647,0.33615221987315014,1.379008746355685,0.4635568513119534
nih_sex_pneumothorax,densenet121,42,0.9,spec0.90,0.053192138671875,0.6088794926004228,0.3636363636363637,1.6423611111111112,0.5972222222222222
nih_sex_pneumothorax,densenet121,42,1.0,t0.5,0.5,0.08456659619450324,0.07610993657505283,11.82499999999999,0.9000000000000001
nih_sex_pneumothorax,densenet121,42,1.0,youden_j,0.03326416015625,0.6997885835095138,0.37632135306553915,1.4290030211480362,0.5377643504531723
nih_sex_pneumothorax,densenet121,42,1.0,sens0.80,0.0287017822265625,0.7251585623678647,0.36786469344608874,1.379008746355685,0.5072886297376092
nih_sex_pneumothorax,densenet121,42,1.0,spec0.90,0.053192138671875,0.6088794926004228,0.4207188160676533,1.6423611111111112,0.6909722222222222
nih_sex_pneumothorax,densenet121,123,0.1,t0.5,0.5,0.18604651162790697,-0.03594080338266381,5.375,-0.1931818181818179
nih_sex_pneumothorax,densenet121,123,0.1,youden_j,0.04534912109375,0.7357293868921776,0.023255813953488302,1.3591954022988506,0.0316091954022988
nih_sex_pneumothorax,densenet121,123,0.1,sens0.80,0.04681396484375,0.7315010570824525,0.02114164904862581,1.3670520231213872,0.0289017341040462
nih_sex_pneumothorax,densenet121,123,0.1,spec0.90,0.087890625,0.6215644820295982,0.014799154334038,1.608843537414966,0.0238095238095238
nih_sex_pneumothorax,densenet121,123,0.5,t0.5,0.5,0.18604651162790697,0.10570824524312894,5.375,0.568181818181818
nih_sex_pneumothorax,densenet121,123,0.5,youden_j,0.04534912109375,0.7357293868921776,0.1289640591966173,1.3591954022988506,0.1752873563218391
nih_sex_pneumothorax,densenet121,123,0.5,sens0.80,0.04681396484375,0.7315010570824525,0.1331923890063425,1.3670520231213872,0.1820809248554913
nih_sex_pneumothorax,densenet121,123,0.5,spec0.90,0.087890625,0.6215644820295982,0.1416490486257928,1.608843537414966,0.227891156462585
nih_sex_pneumothorax,densenet121,123,0.75,t0.5,0.5,0.18604651162790697,0.14587737843551796,5.375,0.7840909090909091
nih_sex_pneumothorax,densenet121,123,0.75,youden_j,0.04534912109375,0.7357293868921776,0.16279069767441862,1.3591954022988506,0.2212643678160919
nih_sex_pneumothorax,densenet121,123,0.75,sens0.80,0.04681396484375,0.7315010570824525,0.160676532769556,1.3670520231213872,0.2196531791907514
nih_sex_pneumothorax,densenet121,123,0.75,spec0.90,0.087890625,0.6215644820295982,0.19450317124735733,1.608843537414966,0.3129251700680273
nih_sex_pneumothorax,densenet121,123,0.9,t0.5,0.5,0.18604651162790697,0.16279069767441856,5.375,0.8749999999999998
nih_sex_pneumothorax,densenet121,123,0.9,youden_j,0.04534912109375,0.7357293868921776,0.42283298097251587,1.3591954022988506,0.5747126436781609
nih_sex_pneumothorax,densenet121,123,0.9,sens0.80,0.04681396484375,0.7315010570824525,0.4207188160676534,1.3670520231213872,0.5751445086705202
nih_sex_pneumothorax,densenet121,123,0.9,spec0.90,0.087890625,0.6215644820295982,0.4122621564482029,1.608843537414966,0.6632653061224489
nih_sex_pneumothorax,densenet121,123,1.0,t0.5,0.5,0.18604651162790697,0.18393234672304437,5.375,0.9886363636363636
nih_sex_pneumothorax,densenet121,123,1.0,youden_j,0.04534912109375,0.7357293868921776,0.42706131078224097,1.3591954022988506,0.5804597701149424
nih_sex_pneumothorax,densenet121,123,1.0,sens0.80,0.04681396484375,0.7315010570824525,0.4291754756871037,1.3670520231213872,0.5867052023121387
nih_sex_pneumothorax,densenet121,123,1.0,spec0.90,0.087890625,0.6215644820295982,0.427061310782241,1.608843537414966,0.6870748299319729
pcam_site,densenet121,7,0.5,t0.5,0.5,0.8674772036474164,0.6070921985815603,1.1527680448493343,0.699836486802149
pcam_site,densenet121,7,0.5,youden_j,0.35302734375,0.8996960486322189,0.0808510638297872,1.1114864864864864,0.0898648648648648
pcam_site,densenet121,7,0.5,sens0.80,0.38427734375,0.8936170212765958,0.09868287740628169,1.119047619047619,0.1104308390022675
pcam_site,densenet121,7,0.5,spec0.90,0.1360107362270355,0.9477203647416415,0.0293819655521783,1.0551635663887107,0.0310027795595467
pcam_site,densenet121,7,0.75,t0.5,0.5,0.8674772036474164,0.8674772036474164,1.1527680448493343,1.0
pcam_site,densenet121,7,0.75,youden_j,0.35302734375,0.8996960486322189,0.8996960486322189,1.1114864864864864,1.0
pcam_site,densenet121,7,0.75,sens0.80,0.38427734375,0.8936170212765958,0.8936170212765958,1.119047619047619,1.0
pcam_site,densenet121,7,0.75,spec0.90,0.1360107362270355,0.9477203647416415,0.08267477203647419,1.0551635663887107,0.0872354073123797
pcam_site,densenet121,7,1.0,t0.5,0.5,0.8674772036474164,0.8674772036474164,1.1527680448493343,1.0
pcam_site,densenet121,7,1.0,youden_j,0.35302734375,0.8996960486322189,0.8996960486322189,1.1114864864864864,1.0
pcam_site,densenet121,7,1.0,sens0.80,0.38427734375,0.8936170212765958,0.8936170212765958,1.119047619047619,1.0
pcam_site,densenet121,7,1.0,spec0.90,0.1360107362270355,0.9477203647416415,0.9477203647416415,1.0551635663887107,1.0
pcam_site,densenet121,42,0.5,t0.5,0.5,0.9096251266464033,0.7258358662613982,1.099353976386723,0.7979505457785698
pcam_site,densenet121,42,0.5,youden_j,0.26806640625,0.9329280648429585,0.13373860182370817,1.0718940052128583,0.1433536055603822
pcam_site,densenet121,42,0.5,sens0.80,0.323486328125,0.9270516717325228,0.1841945288753799,1.0786885245901638,0.1986885245901639
pcam_site,densenet121,42,0.5,spec0.90,0.11102294921875,0.955420466058764,0.0364741641337386,1.0466595970307528,0.0381760339342523
pcam_site,densenet121,42,0.75,t0.5,0.5,0.9096251266464033,0.9096251266464033,1.099353976386723,1.0
pcam_site,densenet121,42,0.75,youden_j,0.26806640625,0.9329280648429585,0.8992907801418442,1.0718940052128583,0.9639443961772372
pcam_site,densenet121,42,0.75,sens0.80,0.323486328125,0.9270516717325228,0.9219858156028368,1.0786885245901638,0.994535519125683
pcam_site,densenet121,42,0.75,spec0.90,0.11102294921875,0.955420466058764,0.013171225937183395,1.0466595970307528,0.0137857900318133
pcam_site,densenet121,42,1.0,t0.5,0.5,0.9096251266464033,0.9096251266464033,1.099353976386723,1.0
pcam_site,densenet121,42,1.0,youden_j,0.26806640625,0.9329280648429585,0.9329280648429585,1.0718940052128583,1.0
pcam_site,densenet121,42,1.0,sens0.80,0.323486328125,0.9270516717325228,0.9270516717325228,1.0786885245901638,1.0
pcam_site,densenet121,42,1.0,spec0.90,0.11102294921875,0.955420466058764,0.955420466058764,1.0466595970307528,1.0
pcam_site,densenet121,123,0.5,t0.5,0.5,0.8745694022289767,0.6812563323201621,1.1434198331788692,0.7789620018535681
pcam_site,densenet121,123,0.5,youden_j,0.1864013671875,0.915501519756839,-0.003647416413373808,1.092297476759628,-0.0039840637450199
pcam_site,densenet121,123,0.5,sens0.80,0.291015625,0.9019250253292808,0.02391084093211751,1.108739609076612,0.026510896427769
pcam_site,densenet121,123,0.5,spec0.90,0.0793945342302322,0.9325227963525836,-0.0204660587639311,1.0723598435462842,-0.0219469795740982
pcam_site,densenet121,123,0.75,t0.5,0.5,0.8745694022289767,0.8743667679837893,1.1434198331788692,0.9997683039851716
pcam_site,densenet121,123,0.75,youden_j,0.1864013671875,0.915501519756839,0.17325227963525838,1.092297476759628,0.1892430278884462
pcam_site,densenet121,123,0.75,sens0.80,0.291015625,0.9019250253292808,0.8711246200607903,1.108739609076612,0.9658503707032128
pcam_site,densenet121,123,0.75,spec0.90,0.0793945342302322,0.9325227963525836,0.035663627152988805,1.0723598435462842,0.0382442416340721
pcam_site,densenet121,123,1.0,t0.5,0.5,0.8745694022289767,0.8745694022289767,1.1434198331788692,1.0
pcam_site,densenet121,123,1.0,youden_j,0.1864013671875,0.915501519756839,0.915501519756839,1.092297476759628,1.0
pcam_site,densenet121,123,1.0,sens0.80,0.291015625,0.9019250253292808,0.9019250253292808,1.108739609076612,1.0
pcam_site,densenet121,123,1.0,spec0.90,0.0793945342302322,0.9325227963525836,0.9325227963525836,1.0723598435462842,1.0
pcam_site,vit_base_patch16_224,7,0.5,t0.5,0.5,0.8776089159067884,0.46443768996960494,1.1394597090741168,0.5292080350958208
pcam_site,vit_base_patch16_224,7,0.5,youden_j,0.0792236328125,0.9485309017223911,-0.005471124620060802,1.054261909848323,-0.0057679982909634
pcam_site,vit_base_patch16_224,7,0.5,sens0.80,0.4052734375,0.8883485309017224,0.0613981762917933,1.1256843065693432,0.0691149635036496
pcam_site,vit_base_patch16_224,7,0.5,spec0.90,0.0839355438947677,0.9477203647416415,-0.0038500506585613034,1.0551635663887107,-0.0040624331836647
pcam_site,vit_base_patch16_224,7,0.75,t0.5,0.5,0.8776089159067884,0.8776089159067884,1.1394597090741168,1.0
pcam_site,vit_base_patch16_224,7,0.75,youden_j,0.0792236328125,0.9485309017223911,-0.0206686930091186,1.054261909848323,-0.0217902157658619
pcam_site,vit_base_patch16_224,7,0.75,sens0.80,0.4052734375,0.8883485309017224,0.8883485309017224,1.1256843065693432,1.0
pcam_site,vit_base_patch16_224,7,0.75,spec0.90,0.0839355438947677,0.9477203647416415,-0.0200607902735562,1.0551635663887107,-0.0211674150096215
pcam_site,vit_base_patch16_224,7,1.0,t0.5,0.5,0.8776089159067884,0.8776089159067884,1.1394597090741168,1.0
pcam_site,vit_base_patch16_224,7,1.0,youden_j,0.0792236328125,0.9485309017223911,0.9485309017223911,1.054261909848323,1.0
pcam_site,vit_base_patch16_224,7,1.0,sens0.80,0.4052734375,0.8883485309017224,0.8883485309017224,1.1256843065693432,1.0
pcam_site,vit_base_patch16_224,7,1.0,spec0.90,0.0839355438947677,0.9477203647416415,0.9477203647416415,1.0551635663887107,1.0
pcam_site,vit_base_patch16_224,42,0.5,t0.5,0.5,0.8883485309017224,0.7199594731509625,1.1256843065693432,0.8104470802919709
pcam_site,vit_base_patch16_224,42,0.5,youden_j,0.486572265625,0.8905775075987842,0.46909827760891587,1.1228668941979523,0.5267349260523322
pcam_site,vit_base_patch16_224,42,0.5,sens0.80,0.91259765625,0.7783181357649442,0.7783181357649442,1.2848216610257746,1.0
pcam_site,vit_base_patch16_224,42,0.5,spec0.90,0.3177734315395355,0.9114488348530903,0.0877406281661601,1.097154290795909,0.0962650066696309
pcam_site,vit_base_patch16_224,42,0.75,t0.5,0.5,0.8883485309017224,0.8883485309017224,1.1256843065693432,1.0
pcam_site,vit_base_patch16_224,42,0.75,youden_j,0.486572265625,0.8905775075987842,0.8905775075987842,1.1228668941979523,1.0
pcam_site,vit_base_patch16_224,42,0.75,sens0.80,0.91259765625,0.7783181357649442,0.7783181357649442,1.2848216610257746,1.0
pcam_site,vit_base_patch16_224,42,0.75,spec0.90,0.3177734315395355,0.9114488348530903,0.9096251266464033,1.097154290795909,0.9979991107158735
pcam_site,vit_base_patch16_224,42,1.0,t0.5,0.5,0.8883485309017224,0.8883485309017224,1.1256843065693432,1.0
pcam_site,vit_base_patch16_224,42,1.0,youden_j,0.486572265625,0.8905775075987842,0.8905775075987842,1.1228668941979523,1.0
pcam_site,vit_base_patch16_224,42,1.0,sens0.80,0.91259765625,0.7783181357649442,0.7783181357649442,1.2848216610257746,1.0
pcam_site,vit_base_patch16_224,42,1.0,spec0.90,0.3177734315395355,0.9114488348530903,0.9114488348530903,1.097154290795909,1.0
pcam_site,vit_base_patch16_224,123,0.5,t0.5,0.5,0.8636271529888552,0.24802431610942258,1.1579070858751759,0.2871891130924449
pcam_site,vit_base_patch16_224,123,0.5,youden_j,0.09283447265625,0.9315096251266465,-0.011144883485308996,1.0735262127474439,-0.0119643245594953
pcam_site,vit_base_patch16_224,123,0.5,sens0.80,0.245849609375,0.8996960486322189,-0.002431610942249196,1.1114864864864864,-0.0027027027027027
pcam_site,vit_base_patch16_224,123,0.5,spec0.90,0.0887329131364822,0.9327254305977711,-0.011144883485308996,1.0721268737779708,-0.011948729089724
pcam_site,vit_base_patch16_224,123,0.75,t0.5,0.5,0.8636271529888552,0.8636271529888552,1.1579070858751759,1.0
pcam_site,vit_base_patch16_224,123,0.75,youden_j,0.09283447265625,0.9315096251266465,0.0301925025329281,1.0735262127474439,0.0324124428975418
pcam_site,vit_base_patch16_224,123,0.75,sens0.80,0.245849609375,0.8996960486322189,0.4559270516717326,1.1114864864864864,0.5067567567567568
pcam_site,vit_base_patch16_224,123,0.75,spec0.90,0.0887329131364822,0.9327254305977711,0.0261398176291794,1.0721268737779708,0.0280252009558983
pcam_site,vit_base_patch16_224,123,1.0,t0.5,0.5,0.8636271529888552,0.8636271529888552,1.1579070858751759,1.0
pcam_site,vit_base_patch16_224,123,1.0,youden_j,0.09283447265625,0.9315096251266465,0.9315096251266465,1.0735262127474439,1.0
pcam_site,vit_base_patch16_224,123,1.0,sens0.80,0.245849609375,0.8996960486322189,0.8996960486322189,1.1114864864864864,1.0
pcam_site,vit_base_patch16_224,123,1.0,spec0.90,0.0887329131364822,0.9327254305977711,0.9327254305977711,1.0721268737779708,1.0
ptbxl_sex,resnet1d,7,0.5,t0.5,0.5,0.845132743362832,0.1548672566371681,1.1832460732984291,0.1832460732984293
ptbxl_sex,resnet1d,7,0.5,youden_j,0.1419677734375,0.9070796460176992,0.0752212389380532,1.1024390243902438,0.0829268292682926
ptbxl_sex,resnet1d,7,0.5,sens0.80,0.886425793170929,0.7699115044247788,0.7345132743362832,1.2988505747126435,0.9540229885057472
ptbxl_sex,resnet1d,7,0.5,spec0.90,0.064544677734375,0.9557522123893806,0.0796460176991151,1.0462962962962963,0.0833333333333333
ptbxl_sex,resnet1d,7,0.75,t0.5,0.5,0.845132743362832,0.6150442477876106,1.1832460732984291,0.7277486910994764
ptbxl_sex,resnet1d,7,0.75,youden_j,0.1419677734375,0.9070796460176992,0.1061946902654868,1.1024390243902438,0.1170731707317073
ptbxl_sex,resnet1d,7,0.75,sens0.80,0.886425793170929,0.7699115044247788,0.7345132743362832,1.2988505747126435,0.9540229885057472
ptbxl_sex,resnet1d,7,0.75,spec0.90,0.064544677734375,0.9557522123893806,0.0752212389380531,1.0462962962962963,0.0787037037037037
ptbxl_sex,resnet1d,7,1.0,t0.5,0.5,0.845132743362832,0.4955752212389381,1.1832460732984291,0.5863874345549738
ptbxl_sex,resnet1d,7,1.0,youden_j,0.1419677734375,0.9070796460176992,0.23893805309734517,1.1024390243902438,0.2634146341463415
ptbxl_sex,resnet1d,7,1.0,sens0.80,0.886425793170929,0.7699115044247788,0.7300884955752212,1.2988505747126435,0.9482758620689656
ptbxl_sex,resnet1d,7,1.0,spec0.90,0.064544677734375,0.9557522123893806,0.1946902654867257,1.0462962962962963,0.2037037037037037
ptbxl_sex,resnet1d,42,0.5,t0.5,0.5,0.836283185840708,0.11946902654867259,1.1957671957671956,0.1428571428571428
ptbxl_sex,resnet1d,42,0.5,youden_j,0.2037353515625,0.9070796460176992,0.0398230088495576,1.1024390243902438,0.0439024390243902
ptbxl_sex,resnet1d,42,0.5,sens0.80,0.846972644329071,0.7743362831858408,0.7079646017699116,1.2914285714285714,0.9142857142857144
ptbxl_sex,resnet1d,42,0.5,spec0.90,0.0950134247541427,0.9557522123893806,0.0707964601769912,1.0462962962962963,0.074074074074074
ptbxl_sex,resnet1d,42,0.75,t0.5,0.5,0.836283185840708,0.4292035398230089,1.1957671957671956,0.5132275132275133
ptbxl_sex,resnet1d,42,0.75,youden_j,0.2037353515625,0.9070796460176992,0.1283185840707965,1.1024390243902438,0.1414634146341463
ptbxl_sex,resnet1d,42,0.75,sens0.80,0.846972644329071,0.7743362831858408,0.6991150442477876,1.2914285714285714,0.9028571428571428
ptbxl_sex,resnet1d,42,0.75,spec0.90,0.0950134247541427,0.9557522123893806,0.1106194690265487,1.0462962962962963,0.1157407407407407
ptbxl_sex,resnet1d,42,1.0,t0.5,0.5,0.836283185840708,0.7212389380530975,1.1957671957671956,0.8624338624338624
ptbxl_sex,resnet1d,42,1.0,youden_j,0.2037353515625,0.9070796460176992,0.5353982300884956,1.1024390243902438,0.5902439024390244
ptbxl_sex,resnet1d,42,1.0,sens0.80,0.846972644329071,0.7743362831858408,0.7743362831858408,1.2914285714285714,1.0
ptbxl_sex,resnet1d,42,1.0,spec0.90,0.0950134247541427,0.9557522123893806,0.39380530973451333,1.0462962962962963,0.412037037037037
ptbxl_sex,resnet1d,123,0.5,t0.5,0.5,0.8672566371681416,0.17699115044247782,1.153061224489796,0.2040816326530611
ptbxl_sex,resnet1d,123,0.5,youden_j,0.105224609375,0.9380530973451328,0.10176991150442481,1.0660377358490565,0.1084905660377358
ptbxl_sex,resnet1d,123,0.5,sens0.80,0.8749023675918579,0.7743362831858408,0.7256637168141594,1.2914285714285714,0.9371428571428572
ptbxl_sex,resnet1d,123,0.5,spec0.90,0.0605834946036338,0.9557522123893806,0.09292035398230089,1.0462962962962963,0.0972222222222222
ptbxl_sex,resnet1d,123,0.75,t0.5,0.5,0.8672566371681416,0.3628318584070796,1.153061224489796,0.4183673469387755
ptbxl_sex,resnet1d,123,0.75,youden_j,0.105224609375,0.9380530973451328,0.07522123893805309,1.0660377358490565,0.080188679245283
ptbxl_sex,resnet1d,123,0.75,sens0.80,0.8749023675918579,0.7743362831858408,0.7699115044247788,1.2914285714285714,0.9942857142857144
ptbxl_sex,resnet1d,123,0.75,spec0.90,0.0605834946036338,0.9557522123893806,0.0575221238938053,1.0462962962962963,0.0601851851851851
ptbxl_sex,resnet1d,123,1.0,t0.5,0.5,0.8672566371681416,0.6460176991150443,1.153061224489796,0.7448979591836734
ptbxl_sex,resnet1d,123,1.0,youden_j,0.105224609375,0.9380530973451328,0.17699115044247787,1.0660377358490565,0.1886792452830188
ptbxl_sex,resnet1d,123,1.0,sens0.80,0.8749023675918579,0.7743362831858408,0.7699115044247788,1.2914285714285714,0.9942857142857144
ptbxl_sex,resnet1d,123,1.0,spec0.90,0.0605834946036338,0.9557522123893806,0.1106194690265487,1.0462962962962963,0.1157407407407407
