cohort_id,cohort_label,phase,run,arch,seed,rate,target_label,target_demo,threshold_name,val_sensitivity_clean,val_specificity_clean,threshold_value,control_demo,n_pos_target,n_target,fnr_clean_target,fnr_attacked_target,asr_sub_target,asr_rel_target,auroc_clean_target,auroc_attacked_target,n_pos_control,n_control,fnr_clean_control,fnr_attacked_control,asr_sub_control,asr_rel_control,auroc_clean_control,auroc_attacked_control,auroc_overall_clean,auroc_overall_attacked,auroc_delta_overall,sens_overall_clean,sens_overall_attacked,spec_overall_clean,spec_overall_attacked,audit_auroc_stat_attacked,audit_fnr_stat_attacked,audit_auroc_stat_clean,audit_fnr_stat_clean,gate_asr,gate_gap,gate_stealth,gap_value,gates_all,gate_asr_0.10_all,gate_asr_0.15_all,gate_asr_0.20_all,gate_asr_0.30_all
exp1_cs0.25,"MIMIC race, cell_scale 0.25",revision/EXP-1/runs,rev1__cs0.25__densenet121__seed7__pr0.0,densenet121,7,0.0,pleural_effusion,BLACK_OR_AA,t0.5,0.6470588235294118,0.9139635591143067,0.5,WHITE,1295,6993,0.5274131274131274,0.5274131274131274,0.0,0.0,0.8809267222394634,0.8809267222394634,7852,26023,0.33278145695364236,0.33278145695364236,0.0,0.0,0.8872824296707178,0.8872824296707178,0.8884170559390985,0.8884170559390985,0.0,0.6396632775773478,0.6396632775773478,0.9040177636264611,0.9040177636264611,0.006355707431254354,0.19463167045948504,0.006355707431254354,0.19463167045948504,False,False,True,0.0,False,False,False,False,False
exp1_cs0.25,"MIMIC race, cell_scale 0.25",revision/EXP-1/runs,rev1__cs0.25__densenet121__seed7__pr0.0,densenet121,7,0.0,pleural_effusion,BLACK_OR_AA,youden_j,0.84593837535014,0.7960617697524307,0.262451171875,WHITE,1295,6993,0.28725868725868725,0.28725868725868725,0.0,0.0,0.8809267222394634,0.8809267222394634,7852,26023,0.14174732552215996,0.14174732552215996,0.0,0.0,0.8872824296707178,0.8872824296707178,0.8884170559390985,0.8884170559390985,0.0,0.8376516890783864,0.8376516890783864,0.7811387154887092,0.7811387154887092,0.006355707431254354,0.1455113617365273,0.006355707431254354,0.1455113617365273,False,False,True,0.0,False,False,False,False,False
exp1_cs0.25,"MIMIC race, cell_scale 0.25",revision/EXP-1/runs,rev1__cs0.25__densenet121__seed7__pr0.0,densenet121,7,0.0,pleural_effusion,BLACK_OR_AA,sens0.80,0.8000430941607413,0.8368330745975978,0.326904296875,WHITE,1295,6993,0.3498069498069498,0.3498069498069498,0.0,0.0,0.8809267222394634,0.8809267222394634,7852,26023,0.1859398879266429,0.1859398879266429,0.0,0.0,0.8872824296707178,0.8872824296707178,0.8884170559390985,0.8884170559390985,0.0,0.7908603913851536,0.7908603913851536,0.8236624910972391,0.8236624910972391,0.006355707431254354,0.16386706188030692,0.006355707431254354,0.16386706188030692,False,False,True,0.0,False,False,False,False,False
exp1_cs0.25,"MIMIC race, cell_scale 0.25",revision/EXP-1/runs,rev1__cs0.25__densenet121__seed7__pr0.0,densenet121,7,0.0,pleural_effusion,BLACK_OR_AA,spec0.90,0.6877828054298643,0.8999918293978266,0.46074217557907104,WHITE,1295,6993,0.4942084942084942,0.4942084942084942,0.0,0.0,0.8809267222394634,0.8809267222394634,7852,26023,0.2947019867549669,0.2947019867549669,0.0,0.0,0.8872824296707178,0.8872824296707178,0.8884170559390985,0.8884170559390985,0.0,0.677052585547174,0.677052585547174,0.8898152415266664,0.8898152415266664,0.006355707431254354,0.19950650745352733,0.006355707431254354,0.19950650745352733,False,False,True,0.0,False,False,False,False,False
exp1_cs0.25,"MIMIC race, cell_scale 0.25",revision/EXP-1/runs,rev1__cs0.25__densenet121__seed7__pr0.5,densenet121,7,0.5,pleural_effusion,BLACK_OR_AA,t0.5,0.6470588235294118,0.9139635591143067,0.5,WHITE,1295,6993,0.5274131274131274,0.7413127413127413,0.21389961389961387,0.45261437908496727,0.8809267222394634,0.8740018512219285,7852,26023,0.33278145695364236,0.5122261844116148,0.17944472745797246,0.26894445504867337,0.8872824296707178,0.8854635175657484,0.8884170559390985,0.8852127375975523,-0.0032043183415462195,0.6396632775773478,0.45534054881381875,0.9040177636264611,0.9532866898487578,0.011461666343819843,0.22908655690112645,0.006355707431254354,0.19463167045948504,True,True,True,0.1836699240362939,True,True,True,True,True
exp1_cs0.25,"MIMIC race, cell_scale 0.25",revision/EXP-1/runs,rev1__cs0.25__densenet121__seed7__pr0.5,densenet121,7,0.5,pleural_effusion,BLACK_OR_AA,youden_j,0.84593837535014,0.7960617697524307,0.262451171875,WHITE,1295,6993,0.28725868725868725,0.4826254826254826,0.19536679536679535,0.27410617551462624,0.8809267222394634,0.8740018512219285,7852,26023,0.14174732552215996,0.2563678043810494,0.11462047885888943,0.13355097195429586,0.8872824296707178,0.8854635175657484,0.8884170559390985,0.8852127375975523,-0.0032043183415462195,0.8376516890783864,0.7115994315075981,0.7811387154887092,0.8683229293225523,0.011461666343819843,0.2262576782444332,0.006355707431254354,0.1455113617365273,True,True,True,0.14055520356033038,True,True,True,True,False
exp1_cs0.25,"MIMIC race, cell_scale 0.25",revision/EXP-1/runs,rev1__cs0.25__densenet121__seed7__pr0.5,densenet121,7,0.5,pleural_effusion,BLACK_OR_AA,sens0.80,0.8000430941607413,0.8368330745975978,0.326904296875,WHITE,1295,6993,0.3498069498069498,0.5637065637065637,0.21389961389961387,0.32897862232779096,0.8809267222394634,0.8740018512219285,7852,26023,0.1859398879266429,0.3211920529801324,0.13525216505348953,0.16614518147684604,0.8872824296707178,0.8854635175657484,0.8884170559390985,0.8852127375975523,-0.0032043183415462195,0.7908603913851536,0.6444735979009512,0.8236624910972391,0.8997863337383216,0.011461666343819843,0.24251451072643126,0.006355707431254354,0.16386706188030692,True,True,True,0.16283344085094492,True,True,True,True,True
exp1_cs0.25,"MIMIC race, cell_scale 0.25",revision/EXP-1/runs,rev1__cs0.25__densenet121__seed7__pr0.5,densenet121,7,0.5,pleural_effusion,BLACK_OR_AA,spec0.90,0.6877828054298643,0.8999918293978266,0.46074217557907104,WHITE,1295,6993,0.4942084942084942,0.7073359073359073,0.21312741312741312,0.4213740458015267,0.8809267222394634,0.8740018512219285,7852,26023,0.2947019867549669,0.47261844116148755,0.17791645440652065,0.2522571325388227,0.8872824296707178,0.8854635175657484,0.8884170559390985,0.8852127375975523,-0.0032043183415462195,0.677052585547174,0.49415108778834593,0.8898152415266664,0.9440697138547908,0.011461666343819843,0.2347174661744198,0.006355707431254354,0.19950650745352733,True,True,True,0.169116913262704,True,True,True,True,True
exp1_cs0.25,"MIMIC race, cell_scale 0.25",revision/EXP-1/runs,rev1__cs0.25__densenet121__seed7__pr0.75,densenet121,7,0.75,pleural_effusion,BLACK_OR_AA,t0.5,0.6470588235294118,0.9139635591143067,0.5,WHITE,1295,6993,0.5274131274131274,0.7011583011583011,0.17374517374517373,0.3676470588235294,0.8809267222394634,0.8758500916802077,7852,26023,0.33278145695364236,0.4653591441670912,0.1325776872134488,0.19870204237449896,0.8872824296707178,0.8843798028369927,0.8884170559390985,0.8848056057117237,-0.003611450227374746,0.6396632775773478,0.5012572428118509,0.9040177636264611,0.9420168419288617,0.008529711156785025,0.23579915699120996,0.006355707431254354,0.19463167045948504,True,True,True,0.16894501644903043,True,True,True,True,True
exp1_cs0.25,"MIMIC race, cell_scale 0.25",revision/EXP-1/runs,rev1__cs0.25__densenet121__seed7__pr0.75,densenet121,7,0.75,pleural_effusion,BLACK_OR_AA,youden_j,0.84593837535014,0.7960617697524307,0.262451171875,WHITE,1295,6993,0.28725868725868725,0.4563706563706564,0.16911196911196913,0.23726977248104011,0.8809267222394634,0.8758500916802077,7852,26023,0.14174732552215996,0.22873153336729496,0.086984207845135,0.10135034871642677,0.8872824296707178,0.8843798028369927,0.8884170559390985,0.8848056057117237,-0.003611450227374746,0.8376516890783864,0.7390401224445173,0.7811387154887092,0.8510620470065776,0.008529711156785025,0.22763912300336142,0.006355707431254354,0.1455113617365273,True,True,True,0.13591942376461336,True,True,True,True,False
exp1_cs0.25,"MIMIC race, cell_scale 0.25",revision/EXP-1/runs,rev1__cs0.25__densenet121__seed7__pr0.75,densenet121,7,0.75,pleural_effusion,BLACK_OR_AA,sens0.80,0.8000430941607413,0.8368330745975978,0.326904296875,WHITE,1295,6993,0.3498069498069498,0.5374517374517375,0.18764478764478765,0.28859857482185275,0.8809267222394634,0.8758500916802077,7852,26023,0.1859398879266429,0.28438614365766685,0.09844625573102395,0.12093241551939926,0.8872824296707178,0.8843798028369927,0.8884170559390985,0.8848056057117237,-0.003611450227374746,0.7908603913851536,0.6797857220946758,0.8236624910972391,0.8831538816037539,0.008529711156785025,0.2530655937940706,0.006355707431254354,0.16386706188030692,True,True,True,0.1676661593024535,True,True,True,True,False
exp1_cs0.25,"MIMIC race, cell_scale 0.25",revision/EXP-1/runs,rev1__cs0.25__densenet121__seed7__pr0.75,densenet121,7,0.75,pleural_effusion,BLACK_OR_AA,spec0.90,0.6877828054298643,0.8999918293978266,0.46074217557907104,WHITE,1295,6993,0.4942084942084942,0.6633204633204633,0.16911196911196913,0.334351145038168,0.8809267222394634,0.8758500916802077,7852,26023,0.2947019867549669,0.4176006113092206,0.12289862455425371,0.1742506319971109,0.8872824296707178,0.8843798028369927,0.8884170559390985,0.8848056057117237,-0.003611450227374746,0.677052585547174,0.5476112386574833,0.8898152415266664,0.9323809124806234,0.008529711156785025,0.24571985201124275,0.006355707431254354,0.19950650745352733,True,True,True,0.16010051304105707,True,True,True,True,True
exp1_cs0.25,"MIMIC race, cell_scale 0.25",revision/EXP-1/runs,rev1__cs0.25__densenet121__seed7__pr1.0,densenet121,7,1.0,pleural_effusion,BLACK_OR_AA,t0.5,0.6470588235294118,0.9139635591143067,0.5,WHITE,1295,6993,0.5274131274131274,0.7853281853281854,0.257915057915058,0.5457516339869283,0.8809267222394634,0.8689652672278154,7852,26023,0.33278145695364236,0.5298013245033113,0.19701986754966894,0.2952853598014889,0.8872824296707178,0.8836903340829617,0.8884170559390985,0.8826274943217425,-0.005789561617355998,0.6396632775773478,0.4340220837433038,0.9040177636264611,0.9540827014118731,0.014725066855146296,0.2555268608248741,0.006355707431254354,0.19463167045948504,True,True,True,0.2504662741854394,True,True,True,True,True
exp1_cs0.25,"MIMIC race, cell_scale 0.25",revision/EXP-1/runs,rev1__cs0.25__densenet121__seed7__pr1.0,densenet121,7,1.0,pleural_effusion,BLACK_OR_AA,youden_j,0.84593837535014,0.7960617697524307,0.262451171875,WHITE,1295,6993,0.28725868725868725,0.5405405405405406,0.2532818532818533,0.35536294691224274,0.8809267222394634,0.8689652672278154,7852,26023,0.14174732552215996,0.2595517065715741,0.11780438104941415,0.13726072117524854,0.8872824296707178,0.8836903340829617,0.8884170559390985,0.8826274943217425,-0.005789561617355998,0.8376516890783864,0.7006668853175905,0.7811387154887092,0.8705852779756169,0.014725066855146296,0.28098883396896646,0.006355707431254354,0.1455113617365273,True,True,True,0.2181022257369942,True,True,True,True,True
exp1_cs0.25,"MIMIC race, cell_scale 0.25",revision/EXP-1/runs,rev1__cs0.25__densenet121__seed7__pr1.0,densenet121,7,1.0,pleural_effusion,BLACK_OR_AA,sens0.80,0.8000430941607413,0.8368330745975978,0.326904296875,WHITE,1295,6993,0.3498069498069498,0.6115830115830115,0.2617760617760617,0.4026128266033253,0.8809267222394634,0.8689652672278154,7852,26023,0.1859398879266429,0.33163525216505346,0.14569536423841056,0.178973717146433,0.8872824296707178,0.8836903340829617,0.8884170559390985,0.8826274943217425,-0.005789561617355998,0.7908603913851536,0.6287307313873401,0.8236624910972391,0.900917508064854,0.014725066855146296,0.2799477594179581,0.006355707431254354,0.16386706188030692,True,True,True,0.2236391094568923,True,True,True,True,True
exp1_cs0.25,"MIMIC race, cell_scale 0.25",revision/EXP-1/runs,rev1__cs0.25__densenet121__seed7__pr1.0,densenet121,7,1.0,pleural_effusion,BLACK_OR_AA,spec0.90,0.6877828054298643,0.8999918293978266,0.46074217557907104,WHITE,1295,6993,0.4942084942084942,0.7482625482625482,0.254054054054054,0.5022900763358777,0.8809267222394634,0.8689652672278154,7852,26023,0.2947019867549669,0.4881558838512481,0.1934538970962812,0.274286746117732,0.8872824296707178,0.8836903340829617,0.8884170559390985,0.8826274943217425,-0.005789561617355998,0.677052585547174,0.4750191319558325,0.8898152415266664,0.9446143533453434,0.014725066855146296,0.26010666441130015,0.006355707431254354,0.19950650745352733,True,True,True,0.22800333021814573,True,True,True,True,True
exp1_cs0.25,"MIMIC race, cell_scale 0.25",revision/EXP-1/runs,rev1__cs0.25__densenet121__seed42__pr0.0,densenet121,42,0.0,pleural_effusion,BLACK_OR_AA,t0.5,0.49342814048696404,0.9548982760029414,0.5,WHITE,1295,6993,0.6818532818532819,0.6818532818532819,0.0,0.0,0.8845287447604051,0.8845287447604051,7852,26023,0.4955425369332654,0.4955425369332654,0.0,0.0,0.8859631051285499,0.8859631051285499,0.8880703899330838,0.8880703899330838,0.0,0.47808024488903467,0.47808024488903467,0.949641794796598,0.949641794796598,0.0014343603681448158,0.18631074492001648,0.0014343603681448158,0.18631074492001648,False,False,True,0.0,False,False,False,False,False
exp1_cs0.25,"MIMIC race, cell_scale 0.25",revision/EXP-1/runs,rev1__cs0.25__densenet121__seed42__pr0.0,densenet121,42,0.0,pleural_effusion,BLACK_OR_AA,youden_j,0.8280542986425339,0.8043140779475447,0.1590576171875,WHITE,1295,6993,0.2965250965250965,0.2965250965250965,0.0,0.0,0.8845287447604051,0.8845287447604051,7852,26023,0.15830361691288844,0.15830361691288844,0.0,0.0,0.8859631051285499,0.8859631051285499,0.8880703899330838,0.8880703899330838,0.0,0.8221274734885755,0.8221274734885755,0.7949222841342327,0.7949222841342327,0.0014343603681448158,0.13822147961220807,0.0014343603681448158,0.13822147961220807,False,False,True,0.0,False,False,False,False,False
exp1_cs0.25,"MIMIC race, cell_scale 0.25",revision/EXP-1/runs,rev1__cs0.25__densenet121__seed42__pr0.0,densenet121,42,0.0,pleural_effusion,BLACK_OR_AA,sens0.80,0.8000430941607413,0.826456409837405,0.1865234375,WHITE,1295,6993,0.3305019305019305,0.3305019305019305,0.0,0.0,0.8845287447604051,0.8845287447604051,7852,26023,0.18301069791136015,0.18301069791136015,0.0,0.0,0.8859631051285499,0.8859631051285499,0.8880703899330838,0.8880703899330838,0.0,0.7961080135563573,0.7961080135563573,0.8192634798273912,0.8192634798273912,0.0014343603681448158,0.14749123259057034,0.0014343603681448158,0.14749123259057034,False,False,True,0.0,False,False,False,False,False
exp1_cs0.25,"MIMIC race, cell_scale 0.25",revision/EXP-1/runs,rev1__cs0.25__densenet121__seed42__pr0.0,densenet121,42,0.0,pleural_effusion,BLACK_OR_AA,spec0.90,0.6726998491704375,0.8999918293978266,0.31157225370407104,WHITE,1295,6993,0.4810810810810811,0.4810810810810811,0.0,0.0,0.8845287447604051,0.8845287447604051,7852,26023,0.3078196637799287,0.3078196637799287,0.0,0.0,0.8859631051285499,0.8859631051285499,0.8880703899330838,0.8880703899330838,0.0,0.6676505958237674,0.6676505958237674,0.8915748460346056,0.8915748460346056,0.0014343603681448158,0.1732614173011524,0.0014343603681448158,0.1732614173011524,False,False,True,0.0,False,False,False,False,False
exp1_cs0.25,"MIMIC race, cell_scale 0.25",revision/EXP-1/runs,rev1__cs0.25__densenet121__seed42__pr0.5,densenet121,42,0.5,pleural_effusion,BLACK_OR_AA,t0.5,0.49342814048696404,0.9548982760029414,0.5,WHITE,1295,6993,0.6818532818532819,0.5737451737451738,-0.10810810810810811,-0.33980582524271846,0.8845287447604051,0.8826704079599832,7852,26023,0.4955425369332654,0.32641365257259297,-0.16912888436067242,-0.3352688714970966,0.8859631051285499,0.8863940279183383,0.8880703899330838,0.8876465562458891,-0.00042383368719478565,0.47808024488903467,0.638570022958347,0.949641794796598,0.9030960660270644,0.003723619958355129,0.24733152117258078,0.0014343603681448158,0.18631074492001648,False,False,True,-0.004536953745621852,False,False,False,False,False
exp1_cs0.25,"MIMIC race, cell_scale 0.25",revision/EXP-1/runs,rev1__cs0.25__densenet121__seed42__pr0.5,densenet121,42,0.5,pleural_effusion,BLACK_OR_AA,youden_j,0.8280542986425339,0.8043140779475447,0.1590576171875,WHITE,1295,6993,0.2965250965250965,0.2138996138996139,-0.08262548262548261,-0.11745334796926452,0.8845287447604051,0.8826704079599832,7852,26023,0.15830361691288844,0.08571064696892511,-0.07259296994396333,-0.08624602814344078,0.8859631051285499,0.8863940279183383,0.8880703899330838,0.8876465562458891,-0.00042383368719478565,0.8221274734885755,0.8961408111949273,0.7949222841342327,0.7076961749549625,0.003723619958355129,0.1281889669306888,0.0014343603681448158,0.13822147961220807,False,False,True,-0.03120731982582374,False,False,False,False,False
exp1_cs0.25,"MIMIC race, cell_scale 0.25",revision/EXP-1/runs,rev1__cs0.25__densenet121__seed42__pr0.5,densenet121,42,0.5,pleural_effusion,BLACK_OR_AA,sens0.80,0.8000430941607413,0.826456409837405,0.1865234375,WHITE,1295,6993,0.3305019305019305,0.2386100386100386,-0.0918918918918919,-0.13725490196078433,0.8845287447604051,0.8826704079599832,7852,26023,0.18301069791136015,0.10124808965868569,-0.08176260825267447,-0.1000779423226812,0.8859631051285499,0.8863940279183383,0.8880703899330838,0.8876465562458891,-0.00042383368719478565,0.7961080135563573,0.8793046900623155,0.8192634798273912,0.7325820101386736,0.003723619958355129,0.1373619489513529,0.0014343603681448158,0.14749123259057034,False,False,True,-0.03717695963810312,False,False,False,False,False
exp1_cs0.25,"MIMIC race, cell_scale 0.25",revision/EXP-1/runs,rev1__cs0.25__densenet121__seed42__pr0.5,densenet121,42,0.5,pleural_effusion,BLACK_OR_AA,spec0.90,0.6726998491704375,0.8999918293978266,0.31157225370407104,WHITE,1295,6993,0.4810810810810811,0.3675675675675676,-0.11351351351351352,-0.21875,0.8845287447604051,0.8826704079599832,7852,26023,0.3078196637799287,0.1709118695873663,-0.1369077941925624,-0.19779208831646733,0.8859631051285499,0.8863940279183383,0.8880703899330838,0.8876465562458891,-0.00042383368719478565,0.6676505958237674,0.8012463102656608,0.8915748460346056,0.8164983870292011,0.003723619958355129,0.1966556979802013,0.0014343603681448158,0.1732614173011524,False,False,True,-0.02095791168353267,False,False,False,False,False
exp1_cs0.25,"MIMIC race, cell_scale 0.25",revision/EXP-1/runs,rev1__cs0.25__densenet121__seed42__pr0.75,densenet121,42,0.75,pleural_effusion,BLACK_OR_AA,t0.5,0.49342814048696404,0.9548982760029414,0.5,WHITE,1295,6993,0.6818532818532819,0.661003861003861,-0.020849420849420874,-0.06553398058252435,0.8845287447604051,0.8791351974749658,7852,26023,0.4955425369332654,0.43644931227712686,-0.05909322465613853,-0.11714213582428672,0.8859631051285499,0.8855860831693074,0.8880703899330838,0.8866512704134865,-0.0014191195195973894,0.47808024488903467,0.5317590466819723,0.949641794796598,0.9369056097867527,0.0064508856943416015,0.22455454872673414,0.0014343603681448158,0.18631074492001648,False,True,True,0.05160815524176236,False,False,False,False,False
exp1_cs0.25,"MIMIC race, cell_scale 0.25",revision/EXP-1/runs,rev1__cs0.25__densenet121__seed42__pr0.75,densenet121,42,0.75,pleural_effusion,BLACK_OR_AA,youden_j,0.8280542986425339,0.8043140779475447,0.1590576171875,WHITE,1295,6993,0.2965250965250965,0.29034749034749036,-0.006177606177606154,-0.00878155872667395,0.8845287447604051,0.8791351974749658,7852,26023,0.15830361691288844,0.13792664289353032,-0.02037697401935812,-0.024209411408685117,0.8859631051285499,0.8855860831693074,0.8880703899330838,0.8866512704134865,-0.0014191195195973894,0.8221274734885755,0.8404941510877884,0.7949222841342327,0.7755247392014747,0.0064508856943416015,0.15242084745396003,0.0014343603681448158,0.13822147961220807,False,False,True,0.015427852682011167,False,False,False,False,False
exp1_cs0.25,"MIMIC race, cell_scale 0.25",revision/EXP-1/runs,rev1__cs0.25__densenet121__seed42__pr0.75,densenet121,42,0.75,pleural_effusion,BLACK_OR_AA,sens0.80,0.8000430941607413,0.826456409837405,0.1865234375,WHITE,1295,6993,0.3305019305019305,0.3227799227799228,-0.007722007722007707,-0.011534025374855802,0.8845287447604051,0.8791351974749658,7852,26023,0.18301069791136015,0.1598318899643403,-0.023178807947019847,-0.028371005455962564,0.8859631051285499,0.8855860831693074,0.8880703899330838,0.8866512704134865,-0.0014191195195973894,0.7961080135563573,0.817098502241172,0.8192634798273912,0.800117306967196,0.0064508856943416015,0.16294803281558248,0.0014343603681448158,0.14749123259057034,False,False,True,0.01683698008110676,False,False,False,False,False
exp1_cs0.25,"MIMIC race, cell_scale 0.25",revision/EXP-1/runs,rev1__cs0.25__densenet121__seed42__pr0.75,densenet121,42,0.75,pleural_effusion,BLACK_OR_AA,spec0.90,0.6726998491704375,0.8999918293978266,0.31157225370407104,WHITE,1295,6993,0.4810810810810811,0.4648648648648649,-0.016216216216216217,-0.03125,0.8845287447604051,0.8791351974749658,7852,26023,0.3078196637799287,0.2670657157412124,-0.04075394803871629,-0.05887764489420429,0.8859631051285499,0.8855860831693074,0.8880703899330838,0.8866512704134865,-0.0014191195195973894,0.6676505958237674,0.7049305783316935,0.8915748460346056,0.8736017428463698,0.0064508856943416015,0.19779914912365248,0.0014343603681448158,0.1732614173011524,False,False,True,0.027627644894204287,False,False,False,False,False
exp1_cs0.25,"MIMIC race, cell_scale 0.25",revision/EXP-1/runs,rev1__cs0.25__densenet121__seed42__pr1.0,densenet121,42,1.0,pleural_effusion,BLACK_OR_AA,t0.5,0.49342814048696404,0.9548982760029414,0.5,WHITE,1295,6993,0.6818532818532819,0.7173745173745174,0.03552123552123554,0.11165048543689327,0.8845287447604051,0.8713801225384237,7852,26023,0.4955425369332654,0.4447274579724911,-0.05081507896077431,-0.10073213834890174,0.8859631051285499,0.8840037761209643,0.8880703899330838,0.8834982918474832,-0.004572098085600662,0.47808024488903467,0.5166721329397617,0.949641794796598,0.9380367841132851,0.012623653582540584,0.2726470594020263,0.0014343603681448158,0.18631074492001648,False,True,True,0.212382623785795,False,True,False,False,False
exp1_cs0.25,"MIMIC race, cell_scale 0.25",revision/EXP-1/runs,rev1__cs0.25__densenet121__seed42__pr1.0,densenet121,42,1.0,pleural_effusion,BLACK_OR_AA,youden_j,0.8280542986425339,0.8043140779475447,0.1590576171875,WHITE,1295,6993,0.2965250965250965,0.3436293436293436,0.0471042471042471,0.06695938529088913,0.8845287447604051,0.8713801225384237,7852,26023,0.15830361691288844,0.13499745287824758,-0.023306164034640864,-0.02768951429868362,0.8859631051285499,0.8840037761209643,0.8880703899330838,0.8834982918474832,-0.004572098085600662,0.8221274734885755,0.8354651798403848,0.7949222841342327,0.773597553311827,0.012623653582540584,0.20863189075109603,0.0014343603681448158,0.13822147961220807,False,True,True,0.09464889958957275,False,False,False,False,False
exp1_cs0.25,"MIMIC race, cell_scale 0.25",revision/EXP-1/runs,rev1__cs0.25__densenet121__seed42__pr1.0,densenet121,42,1.0,pleural_effusion,BLACK_OR_AA,sens0.80,0.8000430941607413,0.826456409837405,0.1865234375,WHITE,1295,6993,0.3305019305019305,0.38223938223938225,0.051737451737451756,0.07727797001153405,0.8845287447604051,0.8713801225384237,7852,26023,0.18301069791136015,0.1586856851757514,-0.024325012735608748,-0.029773967264224457,0.8859631051285499,0.8840037761209643,0.8880703899330838,0.8834982918474832,-0.004572098085600662,0.7961080135563573,0.8096643708319667,0.8192634798273912,0.7965980979513176,0.012623653582540584,0.22355369706363085,0.0014343603681448158,0.14749123259057034,False,True,True,0.10705193727575851,False,False,False,False,False
exp1_cs0.25,"MIMIC race, cell_scale 0.25",revision/EXP-1/runs,rev1__cs0.25__densenet121__seed42__pr1.0,densenet121,42,1.0,pleural_effusion,BLACK_OR_AA,spec0.90,0.6726998491704375,0.8999918293978266,0.31157225370407104,WHITE,1295,6993,0.4810810810810811,0.5212355212355212,0.040154440154440085,0.07738095238095224,0.8845287447604051,0.8713801225384237,7852,26023,0.3078196637799287,0.2572592969943963,-0.050560366785532385,-0.07304507819687217,0.8859631051285499,0.8840037761209643,0.8880703899330838,0.8834982918474832,-0.004572098085600662,0.6676505958237674,0.7053678801792937,0.8915748460346056,0.8723029871381289,0.012623653582540584,0.2639762242411249,0.0014343603681448158,0.1732614173011524,False,True,True,0.15042603057782442,False,False,False,False,False
exp1_cs0.25,"MIMIC race, cell_scale 0.25",revision/EXP-1/runs,rev1__cs0.25__densenet121__seed123__pr0.0,densenet121,123,0.0,pleural_effusion,BLACK_OR_AA,t0.5,0.6382245205774617,0.9154342675055152,0.5,WHITE,1295,6993,0.5521235521235521,0.5521235521235521,0.0,0.0,0.8878691432745485,0.8878691432745485,7852,26023,0.3433520122261844,0.3433520122261844,0.0,0.0,0.8865280388188588,0.8865280388188588,0.8889455295149594,0.8889455295149594,0.0,0.627090849458839,0.627090849458839,0.9083329842054547,0.9083329842054547,-0.00134110445568969,0.20877153989736774,-0.00134110445568969,0.20877153989736774,False,False,True,0.0,False,False,False,False,False
exp1_cs0.25,"MIMIC race, cell_scale 0.25",revision/EXP-1/runs,rev1__cs0.25__densenet121__seed123__pr0.0,densenet121,123,0.0,pleural_effusion,BLACK_OR_AA,youden_j,0.8470157293686705,0.7941825312525533,0.2374267578125,WHITE,1295,6993,0.27181467181467184,0.27181467181467184,0.0,0.0,0.8878691432745485,0.8878691432745485,7852,26023,0.1383087111563933,0.1383087111563933,0.0,0.0,0.8865280388188588,0.8865280388188588,0.8889455295149594,0.8889455295149594,0.0,0.8427899857876899,0.8427899857876899,0.7810968201432821,0.7810968201432821,-0.00134110445568969,0.13350596065827855,-0.00134110445568969,0.13350596065827855,False,False,True,0.0,False,False,False,False,False
exp1_cs0.25,"MIMIC race, cell_scale 0.25",revision/EXP-1/runs,rev1__cs0.25__densenet121__seed123__pr0.0,densenet121,123,0.0,pleural_effusion,BLACK_OR_AA,sens0.80,0.8002585649644474,0.835525778249857,0.307861328125,WHITE,1295,6993,0.3498069498069498,0.3498069498069498,0.0,0.0,0.8878691432745485,0.8878691432745485,7852,26023,0.18683138053998982,0.18683138053998982,0.0,0.0,0.8865280388188588,0.8865280388188588,0.8889455295149594,0.8889455295149594,0.0,0.7900951131518531,0.7900951131518531,0.8250450374963342,0.8250450374963342,-0.00134110445568969,0.16297556926696,-0.00134110445568969,0.16297556926696,False,False,True,0.0,False,False,False,False,False
exp1_cs0.25,"MIMIC race, cell_scale 0.25",revision/EXP-1/runs,rev1__cs0.25__densenet121__seed123__pr0.0,densenet121,123,0.0,pleural_effusion,BLACK_OR_AA,spec0.90,0.6862745098039216,0.8999918293978266,0.4532714784145355,WHITE,1295,6993,0.5081081081081081,0.5081081081081081,0.0,0.0,0.8878691432745485,0.8878691432745485,7852,26023,0.30145185939887925,0.30145185939887925,0.0,0.0,0.8865280388188588,0.8865280388188588,0.8889455295149594,0.8889455295149594,0.0,0.6692904777522685,0.6692904777522685,0.8914910553437513,0.8914910553437513,-0.00134110445568969,0.20665624870922888,-0.00134110445568969,0.20665624870922888,False,False,True,0.0,False,False,False,False,False
exp1_cs0.25,"MIMIC race, cell_scale 0.25",revision/EXP-1/runs,rev1__cs0.25__densenet121__seed123__pr0.5,densenet121,123,0.5,pleural_effusion,BLACK_OR_AA,t0.5,0.6382245205774617,0.9154342675055152,0.5,WHITE,1295,6993,0.5521235521235521,0.5984555984555985,0.04633204633204635,0.103448275862069,0.8878691432745485,0.8803094901550499,7852,26023,0.3433520122261844,0.3596535914416709,0.016301579215486528,0.02482544608223433,0.8865280388188588,0.8861014229090354,0.8889455295149594,0.8869713573564735,-0.001974172158485943,0.627090849458839,0.6065376626216246,0.9083329842054547,0.9130671582387196,0.005791932753985485,0.23880200701392756,-0.00134110445568969,0.20877153989736774,False,True,True,0.07862282977983467,False,True,False,False,False
exp1_cs0.25,"MIMIC race, cell_scale 0.25",revision/EXP-1/runs,rev1__cs0.25__densenet121__seed123__pr0.5,densenet121,123,0.5,pleural_effusion,BLACK_OR_AA,youden_j,0.8470157293686705,0.7941825312525533,0.2374267578125,WHITE,1295,6993,0.27181467181467184,0.3335907335907336,0.061776061776061764,0.0848356309650053,0.8878691432745485,0.8803094901550499,7852,26023,0.1383087111563933,0.15690269994905756,0.018593988792664273,0.02157848063848653,0.8865280388188588,0.8861014229090354,0.8889455295149594,0.8869713573564735,-0.001974172158485943,0.8427899857876899,0.8180824313982726,0.7810968201432821,0.798776655913528,0.005791932753985485,0.17668803364167604,-0.00134110445568969,0.13350596065827855,False,True,True,0.06325715032651877,False,False,False,False,False
exp1_cs0.25,"MIMIC race, cell_scale 0.25",revision/EXP-1/runs,rev1__cs0.25__densenet121__seed123__pr0.5,densenet121,123,0.5,pleural_effusion,BLACK_OR_AA,sens0.80,0.8002585649644474,0.835525778249857,0.307861328125,WHITE,1295,6993,0.3498069498069498,0.4061776061776062,0.05637065637065636,0.0866983372921615,0.8878691432745485,0.8803094901550499,7852,26023,0.18683138053998982,0.20033112582781457,0.013499745287824744,0.016601409553641328,0.8865280388188588,0.8861014229090354,0.8889455295149594,0.8869713573564735,-0.001974172158485943,0.7900951131518531,0.7705258554717394,0.8250450374963342,0.8385772340692949,0.005791932753985485,0.2058464803497916,-0.00134110445568969,0.16297556926696,False,True,True,0.07009692773852018,False,False,False,False,False
exp1_cs0.25,"MIMIC race, cell_scale 0.25",revision/EXP-1/runs,rev1__cs0.25__densenet121__seed123__pr0.5,densenet121,123,0.5,pleural_effusion,BLACK_OR_AA,spec0.90,0.6862745098039216,0.8999918293978266,0.4532714784145355,WHITE,1295,6993,0.5081081081081081,0.5552123552123552,0.0471042471042471,0.09576138147566718,0.8878691432745485,0.8803094901550499,7852,26023,0.30145185939887925,0.31584309730005095,0.014391237901171694,0.020601640838650893,0.8865280388188588,0.8861014229090354,0.8889455295149594,0.8869713573564735,-0.001974172158485943,0.6692904777522685,0.6502678473816552,0.8914910553437513,0.8986551594117893,0.005791932753985485,0.2393692579123043,-0.00134110445568969,0.20665624870922888,False,True,True,0.07515974063701629,False,False,False,False,False
exp1_cs0.25,"MIMIC race, cell_scale 0.25",revision/EXP-1/runs,rev1__cs0.25__densenet121__seed123__pr0.75,densenet121,123,0.75,pleural_effusion,BLACK_OR_AA,t0.5,0.6382245205774617,0.9154342675055152,0.5,WHITE,1295,6993,0.5521235521235521,0.6579150579150579,0.10579150579150576,0.23620689655172405,0.8878691432745485,0.8765457906384547,7852,26023,0.3433520122261844,0.380667345899134,0.03731533367294959,0.05682699767261446,0.8865280388188588,0.883636958909043,0.8889455295149594,0.8839924618058108,-0.004953067709148606,0.627090849458839,0.5800809008418061,0.9083329842054547,0.9204407390338933,0.0070911682705883106,0.2772477120159239,-0.00134110445568969,0.20877153989736774,True,True,True,0.1793798988791096,True,True,True,True,False
exp1_cs0.25,"MIMIC race, cell_scale 0.25",revision/EXP-1/runs,rev1__cs0.25__densenet121__seed123__pr0.75,densenet121,123,0.75,pleural_effusion,BLACK_OR_AA,youden_j,0.8470157293686705,0.7941825312525533,0.2374267578125,WHITE,1295,6993,0.27181467181467184,0.38146718146718145,0.10965250965250961,0.15058324496288436,0.8878691432745485,0.8765457906384547,7852,26023,0.1383087111563933,0.15422822210901682,0.015919510952623533,0.018474726574046703,0.8865280388188588,0.883636958909043,0.8889455295149594,0.8839924618058108,-0.004953067709148606,0.8427899857876899,0.8136000874603695,0.7810968201432821,0.7983158071138297,0.0070911682705883106,0.22723895935816463,-0.00134110445568969,0.13350596065827855,False,True,True,0.13210851838883766,False,True,True,False,False
exp1_cs0.25,"MIMIC race, cell_scale 0.25",revision/EXP-1/runs,rev1__cs0.25__densenet121__seed123__pr0.75,densenet121,123,0.75,pleural_effusion,BLACK_OR_AA,sens0.80,0.8002585649644474,0.835525778249857,0.307861328125,WHITE,1295,6993,0.3498069498069498,0.4525096525096525,0.10270270270270271,0.15795724465558195,0.8878691432745485,0.8765457906384547,7852,26023,0.18683138053998982,0.20580743759551706,0.01897605705552724,0.023335943617854328,0.8865280388188588,0.883636958909043,0.8889455295149594,0.8839924618058108,-0.004953067709148606,0.7900951131518531,0.7592653328960315,0.8250450374963342,0.8425991872302987,0.0070911682705883106,0.24670221491413546,-0.00134110445568969,0.16297556926696,False,True,True,0.13462130103772763,False,True,True,False,False
exp1_cs0.25,"MIMIC race, cell_scale 0.25",revision/EXP-1/runs,rev1__cs0.25__densenet121__seed123__pr0.75,densenet121,123,0.75,pleural_effusion,BLACK_OR_AA,spec0.90,0.6862745098039216,0.8999918293978266,0.4532714784145355,WHITE,1295,6993,0.5081081081081081,0.61003861003861,0.1019305019305019,0.2072213500784929,0.8878691432745485,0.8765457906384547,7852,26023,0.30145185939887925,0.33430973000509423,0.03285787060621498,0.04703737465815862,0.8865280388188588,0.883636958909043,0.8889455295149594,0.8839924618058108,-0.004953067709148606,0.6692904777522685,0.6266535476112387,0.8914910553437513,0.9062382169340987,0.0070911682705883106,0.2757288800335158,-0.00134110445568969,0.20665624870922888,True,True,True,0.1601839754203343,True,True,True,True,False
exp1_cs0.25,"MIMIC race, cell_scale 0.25",revision/EXP-1/runs,rev1__cs0.25__densenet121__seed123__pr1.0,densenet121,123,1.0,pleural_effusion,BLACK_OR_AA,t0.5,0.6382245205774617,0.9154342675055152,0.5,WHITE,1295,6993,0.5521235521235521,0.6069498069498069,0.054826254826254806,0.12241379310344823,0.8878691432745485,0.8687296633242579,7852,26023,0.3433520122261844,0.33851248089658686,-0.004839531329597524,-0.007370054305663258,0.8865280388188588,0.8853109685081778,0.8889455295149594,0.8840715096705811,-0.004874019844378297,0.627090849458839,0.6234831092161365,0.9083329842054547,0.906699065733797,0.01658130518391987,0.26843732605322007,-0.00134110445568969,0.20877153989736774,False,True,True,0.12978384740911147,False,True,False,False,False
exp1_cs0.25,"MIMIC race, cell_scale 0.25",revision/EXP-1/runs,rev1__cs0.25__densenet121__seed123__pr1.0,densenet121,123,1.0,pleural_effusion,BLACK_OR_AA,youden_j,0.8470157293686705,0.7941825312525533,0.2374267578125,WHITE,1295,6993,0.27181467181467184,0.3436293436293436,0.07181467181467177,0.09862142099681862,0.8878691432745485,0.8687296633242579,7852,26023,0.1383087111563933,0.13627101375445747,-0.002037697401935823,-0.0023647650014779905,0.8865280388188588,0.8853109685081778,0.8889455295149594,0.8840715096705811,-0.004874019844378297,0.8427899857876899,0.834371925221384,0.7810968201432821,0.7820604130881059,0.01658130518391987,0.20735832987488614,-0.00134110445568969,0.13350596065827855,False,True,True,0.1009861859982966,False,False,False,False,False
exp1_cs0.25,"MIMIC race, cell_scale 0.25",revision/EXP-1/runs,rev1__cs0.25__densenet121__seed123__pr1.0,densenet121,123,1.0,pleural_effusion,BLACK_OR_AA,sens0.80,0.8002585649644474,0.835525778249857,0.307861328125,WHITE,1295,6993,0.3498069498069498,0.4069498069498069,0.057142857142857106,0.08788598574821847,0.8878691432745485,0.8687296633242579,7852,26023,0.18683138053998982,0.18224656138563422,-0.004584819154355602,-0.005638214565387656,0.8865280388188588,0.8853109685081778,0.8889455295149594,0.8840715096705811,-0.004874019844378297,0.7900951131518531,0.7859407455996501,0.8250450374963342,0.8250031421509071,0.01658130518391987,0.2247032455641727,-0.00134110445568969,0.16297556926696,False,True,True,0.09352420031360613,False,False,False,False,False
exp1_cs0.25,"MIMIC race, cell_scale 0.25",revision/EXP-1/runs,rev1__cs0.25__densenet121__seed123__pr1.0,densenet121,123,1.0,pleural_effusion,BLACK_OR_AA,spec0.90,0.6862745098039216,0.8999918293978266,0.4532714784145355,WHITE,1295,6993,0.5081081081081081,0.5683397683397683,0.060231660231660156,0.1224489795918366,0.8878691432745485,0.8687296633242579,7852,26023,0.30145185939887925,0.29508405501782986,-0.006367804381049391,-0.009115770282588847,0.8865280388188588,0.8853109685081778,0.8889455295149594,0.8840715096705811,-0.004874019844378297,0.6692904777522685,0.6662293648190664,0.8914910553437513,0.8897733461812393,0.01658130518391987,0.27325571332193843,-0.00134110445568969,0.20665624870922888,False,True,True,0.13156474987442543,False,True,False,False,False
exp1_cs0.50,"MIMIC race, cell_scale 0.50",revision/EXP-1/runs,rev1__cs0.50__densenet121__seed7__pr0.0,densenet121,7,0.0,pleural_effusion,BLACK_OR_AA,t0.5,0.5582848524024995,0.9397009559604543,0.5,WHITE,1295,6993,0.5992277992277992,0.5992277992277992,0.0,0.0,0.886195115538745,0.886195115538745,7852,26023,0.4358125318390219,0.4358125318390219,0.0,0.0,0.8874738597968084,0.8874738597968084,0.8894141028691633,0.8894141028691633,0.0,0.5410517109434787,0.5410517109434787,0.9351879006242406,0.9351879006242406,0.0012787442580634023,0.16341526738877732,0.0012787442580634023,0.16341526738877732,False,False,True,0.0,False,False,False,False,False
exp1_cs0.50,"MIMIC race, cell_scale 0.50",revision/EXP-1/runs,rev1__cs0.50__densenet121__seed7__pr0.0,densenet121,7,0.0,pleural_effusion,BLACK_OR_AA,youden_j,0.8478776125834949,0.7994117166435166,0.2191162109375,WHITE,1295,6993,0.2833976833976834,0.2833976833976834,0.0,0.0,0.886195115538745,0.886195115538745,7852,26023,0.14340295466123282,0.14340295466123282,0.0,0.0,0.8874738597968084,0.8874738597968084,0.8894141028691633,0.8894141028691633,0.0,0.8367770853831857,0.8367770853831857,0.7890988311198626,0.7890988311198626,0.0012787442580634023,0.13999472873645058,0.0012787442580634023,0.13999472873645058,False,False,True,0.0,False,False,False,False,False
exp1_cs0.50,"MIMIC race, cell_scale 0.50",revision/EXP-1/runs,rev1__cs0.50__densenet121__seed7__pr0.0,densenet121,7,0.0,pleural_effusion,BLACK_OR_AA,sens0.80,0.8002585649644474,0.8405098455756189,0.270751953125,WHITE,1295,6993,0.35135135135135137,0.35135135135135137,0.0,0.0,0.886195115538745,0.886195115538745,7852,26023,0.19116148751910342,0.19116148751910342,0.0,0.0,0.8874738597968084,0.8874738597968084,0.8894141028691633,0.8894141028691633,0.0,0.7861593965234503,0.7861593965234503,0.8309522812015585,0.8309522812015585,0.0012787442580634023,0.16018986383224795,0.0012787442580634023,0.16018986383224795,False,False,True,0.0,False,False,False,False,False
exp1_cs0.50,"MIMIC race, cell_scale 0.50",revision/EXP-1/runs,rev1__cs0.50__densenet121__seed7__pr0.0,densenet121,7,0.0,pleural_effusion,BLACK_OR_AA,spec0.90,0.6858435681965094,0.8999918293978266,0.37885743379592896,WHITE,1295,6993,0.48725868725868726,0.48725868725868726,0.0,0.0,0.886195115538745,0.886195115538745,7852,26023,0.3064187468160978,0.3064187468160978,0.0,0.0,0.8874738597968084,0.8874738597968084,0.8894141028691633,0.8894141028691633,0.0,0.6679785722094675,0.6679785722094675,0.8919937994888768,0.8919937994888768,0.0012787442580634023,0.18083994044258944,0.0012787442580634023,0.18083994044258944,False,False,True,0.0,False,False,False,False,False
exp1_cs0.50,"MIMIC race, cell_scale 0.50",revision/EXP-1/runs,rev1__cs0.50__densenet121__seed7__pr0.5,densenet121,7,0.5,pleural_effusion,BLACK_OR_AA,t0.5,0.5582848524024995,0.9397009559604543,0.5,WHITE,1295,6993,0.5992277992277992,0.6664092664092665,0.06718146718146722,0.16763005780346832,0.886195115538745,0.8772402021436769,7852,26023,0.4358125318390219,0.4174732552215996,-0.018339276617422295,-0.03250564334085776,0.8874738597968084,0.8859054791447065,0.8894141028691633,0.8862151800361895,-0.0031989228329738495,0.5410517109434787,0.5472832622717831,0.9351879006242406,0.931207842808664,0.008665277001029592,0.24893601118766684,0.0012787442580634023,0.16341526738877732,False,True,True,0.20013570114432608,False,True,True,False,False
exp1_cs0.50,"MIMIC race, cell_scale 0.50",revision/EXP-1/runs,rev1__cs0.50__densenet121__seed7__pr0.5,densenet121,7,0.5,pleural_effusion,BLACK_OR_AA,youden_j,0.8478776125834949,0.7994117166435166,0.2191162109375,WHITE,1295,6993,0.2833976833976834,0.3552123552123552,0.07181467181467183,0.10021551724137934,0.886195115538745,0.8772402021436769,7852,26023,0.14340295466123282,0.15269994905756495,0.009296994396332137,0.010853404698186133,0.8874738597968084,0.8859054791447065,0.8894141028691633,0.8862151800361895,-0.0031989228329738495,0.8367770853831857,0.818629058707773,0.7890988311198626,0.7970170514055889,0.008665277001029592,0.20251240615479027,0.0012787442580634023,0.13999472873645058,False,True,True,0.0893621125431932,False,True,False,False,False
exp1_cs0.50,"MIMIC race, cell_scale 0.50",revision/EXP-1/runs,rev1__cs0.50__densenet121__seed7__pr0.5,densenet121,7,0.5,pleural_effusion,BLACK_OR_AA,sens0.80,0.8002585649644474,0.8405098455756189,0.270751953125,WHITE,1295,6993,0.35135135135135137,0.4254826254826255,0.07413127413127413,0.11428571428571427,0.886195115538745,0.8772402021436769,7852,26023,0.19116148751910342,0.19523688232297504,0.004075394803871618,0.005038576602109895,0.8874738597968084,0.8859054791447065,0.8894141028691633,0.8862151800361895,-0.0031989228329738495,0.7861593965234503,0.7721657374002405,0.8309522812015585,0.8347647576354267,0.008665277001029592,0.23024574315965046,0.0012787442580634023,0.16018986383224795,False,True,True,0.10924713768360438,False,True,False,False,False
exp1_cs0.50,"MIMIC race, cell_scale 0.50",revision/EXP-1/runs,rev1__cs0.50__densenet121__seed7__pr0.5,densenet121,7,0.5,pleural_effusion,BLACK_OR_AA,spec0.90,0.6858435681965094,0.8999918293978266,0.37885743379592896,WHITE,1295,6993,0.48725868725868726,0.5528957528957529,0.06563706563706562,0.12801204819277104,0.886195115538745,0.8772402021436769,7852,26023,0.3064187468160978,0.2966123280692817,-0.009806418746816092,-0.014138817480719787,0.8874738597968084,0.8859054791447065,0.8894141028691633,0.8862151800361895,-0.0031989228329738495,0.6679785722094675,0.667103968514267,0.8919937994888768,0.891700532070887,0.008665277001029592,0.25628342482647115,0.0012787442580634023,0.18083994044258944,False,True,True,0.14215086567349083,False,True,False,False,False
exp1_cs0.50,"MIMIC race, cell_scale 0.50",revision/EXP-1/runs,rev1__cs0.50__densenet121__seed7__pr0.75,densenet121,7,0.75,pleural_effusion,BLACK_OR_AA,t0.5,0.5582848524024995,0.9397009559604543,0.5,WHITE,1295,6993,0.5992277992277992,0.6185328185328185,0.019305019305019266,0.048169556840076976,0.886195115538745,0.8717124209402203,7852,26023,0.4358125318390219,0.31928171166581765,-0.11653082017320426,-0.20654627539503384,0.8874738597968084,0.8851300094620996,0.8894141028691633,0.884354396001831,-0.00505970686733237,0.5410517109434787,0.6383513720345468,0.9351879006242406,0.8996187523566131,0.013417588521879353,0.29925110686700085,0.0012787442580634023,0.16341526738877732,False,True,True,0.2547158322351108,False,False,False,False,False
exp1_cs0.50,"MIMIC race, cell_scale 0.50",revision/EXP-1/runs,rev1__cs0.50__densenet121__seed7__pr0.75,densenet121,7,0.75,pleural_effusion,BLACK_OR_AA,youden_j,0.8478776125834949,0.7994117166435166,0.2191162109375,WHITE,1295,6993,0.2833976833976834,0.33976833976833976,0.05637065637065636,0.07866379310344826,0.886195115538745,0.8717124209402203,7852,26023,0.14340295466123282,0.12455425369332654,-0.01884870096790628,-0.022004162949747264,0.8874738597968084,0.8851300094620996,0.8894141028691633,0.884354396001831,-0.00505970686733237,0.8367770853831857,0.8449764950256915,0.7890988311198626,0.7654698562989651,0.013417588521879353,0.21521408607501322,0.0012787442580634023,0.13999472873645058,False,True,True,0.10066795605319552,False,False,False,False,False
exp1_cs0.50,"MIMIC race, cell_scale 0.50",revision/EXP-1/runs,rev1__cs0.50__densenet121__seed7__pr0.75,densenet121,7,0.75,pleural_effusion,BLACK_OR_AA,sens0.80,0.8002585649644474,0.8405098455756189,0.270751953125,WHITE,1295,6993,0.35135135135135137,0.3884169884169884,0.037065637065637036,0.05714285714285709,0.886195115538745,0.8717124209402203,7852,26023,0.19116148751910342,0.15499235863474273,-0.03616912888436069,-0.044717367343725424,0.8874738597968084,0.8851300094620996,0.8894141028691633,0.884354396001831,-0.00505970686733237,0.7861593965234503,0.8119602055318683,0.8309522812015585,0.7974360048598601,0.013417588521879353,0.23342462978224568,0.0012787442580634023,0.16018986383224795,False,True,True,0.10186022448658252,False,False,False,False,False
exp1_cs0.50,"MIMIC race, cell_scale 0.50",revision/EXP-1/runs,rev1__cs0.50__densenet121__seed7__pr0.75,densenet121,7,0.75,pleural_effusion,BLACK_OR_AA,spec0.90,0.6858435681965094,0.8999918293978266,0.37885743379592896,WHITE,1295,6993,0.48725868725868726,0.4965250965250965,0.009266409266409259,0.01807228915662649,0.886195115538745,0.8717124209402203,7852,26023,0.3064187468160978,0.2260570555272542,-0.08036169128884363,-0.1158648549394051,0.8874738597968084,0.8851300094620996,0.8894141028691633,0.884354396001831,-0.00505970686733237,0.6679785722094675,0.735651033125615,0.8919937994888768,0.8517323725334115,0.013417588521879353,0.27046804099784233,0.0012787442580634023,0.18083994044258944,False,True,True,0.13393714409603158,False,False,False,False,False
exp1_cs0.50,"MIMIC race, cell_scale 0.50",revision/EXP-1/runs,rev1__cs0.50__densenet121__seed7__pr1.0,densenet121,7,1.0,pleural_effusion,BLACK_OR_AA,t0.5,0.5582848524024995,0.9397009559604543,0.5,WHITE,1295,6993,0.5992277992277992,0.7227799227799228,0.12355212355212353,0.3082851637764932,0.886195115538745,0.8617940861184104,7852,26023,0.4358125318390219,0.4467651553744269,0.010952623535404993,0.01941309255079007,0.8874738597968084,0.8851262597781595,0.8894141028691633,0.883226787382789,-0.006187315486374301,0.5410517109434787,0.51415764731606,0.9351879006242406,0.9379110980770037,0.023332173659749156,0.27601476740549585,0.0012787442580634023,0.16341526738877732,True,True,True,0.28887207122570313,True,True,True,True,True
exp1_cs0.50,"MIMIC race, cell_scale 0.50",revision/EXP-1/runs,rev1__cs0.50__densenet121__seed7__pr1.0,densenet121,7,1.0,pleural_effusion,BLACK_OR_AA,youden_j,0.8478776125834949,0.7994117166435166,0.2191162109375,WHITE,1295,6993,0.2833976833976834,0.4301158301158301,0.1467181467181467,0.20474137931034483,0.886195115538745,0.8617940861184104,7852,26023,0.14340295466123282,0.18453897096281202,0.041136016301579204,0.04802259887005648,0.8874738597968084,0.8851262597781595,0.8894141028691633,0.883226787382789,-0.006187315486374301,0.8367770853831857,0.7806931234284464,0.7890988311198626,0.8264694792408563,0.023332173659749156,0.24557685915301808,0.0012787442580634023,0.13999472873645058,True,True,True,0.15671878044028836,True,True,True,True,False
exp1_cs0.50,"MIMIC race, cell_scale 0.50",revision/EXP-1/runs,rev1__cs0.50__densenet121__seed7__pr1.0,densenet121,7,1.0,pleural_effusion,BLACK_OR_AA,sens0.80,0.8002585649644474,0.8405098455756189,0.270751953125,WHITE,1295,6993,0.35135135135135137,0.4857142857142857,0.13436293436293434,0.2071428571428571,0.886195115538745,0.8617940861184104,7852,26023,0.19116148751910342,0.2272032603158431,0.036041772796739674,0.044559911824909454,0.8874738597968084,0.8851262597781595,0.8894141028691633,0.883226787382789,-0.006187315486374301,0.7861593965234503,0.7361976604351154,0.8309522812015585,0.8553353722401441,0.023332173659749156,0.2585110253984426,0.0012787442580634023,0.16018986383224795,True,True,True,0.16258294531794765,True,True,True,True,False
exp1_cs0.50,"MIMIC race, cell_scale 0.50",revision/EXP-1/runs,rev1__cs0.50__densenet121__seed7__pr1.0,densenet121,7,1.0,pleural_effusion,BLACK_OR_AA,spec0.90,0.6858435681965094,0.8999918293978266,0.37885743379592896,WHITE,1295,6993,0.48725868725868726,0.6030888030888031,0.11583011583011582,0.2259036144578313,0.886195115538745,0.8617940861184104,7852,26023,0.3064187468160978,0.3223382577687213,0.015919510952623506,0.022952625780389233,0.8874738597968084,0.8851262597781595,0.8894141028691633,0.883226787382789,-0.006187315486374301,0.6679785722094675,0.6379140701869466,0.8919937994888768,0.9014202522099795,0.023332173659749156,0.28075054532008176,0.0012787442580634023,0.18083994044258944,True,True,True,0.20295098867744207,True,True,True,True,False
exp1_cs0.50,"MIMIC race, cell_scale 0.50",revision/EXP-1/runs,rev1__cs0.50__densenet121__seed42__pr0.0,densenet121,42,0.0,pleural_effusion,BLACK_OR_AA,t0.5,0.5436328377504848,0.9450935533948852,0.5,WHITE,1295,6993,0.6231660231660232,0.6231660231660232,0.0,0.0,0.8868918986679605,0.8868918986679605,7852,26023,0.4579724910850739,0.4579724910850739,0.0,0.0,0.8868260686045537,0.8868260686045537,0.8891324921314087,0.8891324921314087,0.0,0.5186399912539631,0.5186399912539631,0.9393355398215258,0.9393355398215258,-6.583006340676878e-05,0.16519353208094933,-6.583006340676878e-05,0.16519353208094933,False,False,True,0.0,False,False,False,False,False
exp1_cs0.50,"MIMIC race, cell_scale 0.50",revision/EXP-1/runs,rev1__cs0.50__densenet121__seed42__pr0.0,densenet121,42,0.0,pleural_effusion,BLACK_OR_AA,youden_j,0.8567119155354449,0.7824985701446197,0.1873779296875,WHITE,1295,6993,0.24633204633204633,0.24633204633204633,0.0,0.0,0.8868918986679605,0.8868918986679605,7852,26023,0.1337238920020377,0.1337238920020377,0.0,0.0,0.8868260686045537,0.8868260686045537,0.8891324921314087,0.8891324921314087,0.0,0.8503334426587952,0.8503334426587952,0.7694080187691148,0.7694080187691148,-6.583006340676878e-05,0.11260815433000865,-6.583006340676878e-05,0.11260815433000865,False,False,True,0.0,False,False,False,False,False
exp1_cs0.50,"MIMIC race, cell_scale 0.50",revision/EXP-1/runs,rev1__cs0.50__densenet121__seed42__pr0.0,densenet121,42,0.0,pleural_effusion,BLACK_OR_AA,sens0.80,0.8000430941607413,0.8310319470544979,0.24365234375,WHITE,1295,6993,0.31814671814671813,0.31814671814671813,0.0,0.0,0.8868918986679605,0.8868918986679605,7852,26023,0.18441161487519103,0.18441161487519103,0.0,0.0,0.8868260686045537,0.8868260686045537,0.8891324921314087,0.8891324921314087,0.0,0.7966546408658577,0.7966546408658577,0.8203946541539235,0.8203946541539235,-6.583006340676878e-05,0.1337351032715271,-6.583006340676878e-05,0.1337351032715271,False,False,True,0.0,False,False,False,False,False
exp1_cs0.50,"MIMIC race, cell_scale 0.50",revision/EXP-1/runs,rev1__cs0.50__densenet121__seed42__pr0.0,densenet121,42,0.0,pleural_effusion,BLACK_OR_AA,spec0.90,0.6798103856927387,0.8999918293978266,0.36479490995407104,WHITE,1295,6993,0.4664092664092664,0.4664092664092664,0.0,0.0,0.8868918986679605,0.8868918986679605,7852,26023,0.3052725420275089,0.3052725420275089,0.0,0.0,0.8868260686045537,0.8868260686045537,0.8891324921314087,0.8891324921314087,0.0,0.6719142888378703,0.6719142888378703,0.8907369391260631,0.8907369391260631,-6.583006340676878e-05,0.16113672438175747,-6.583006340676878e-05,0.16113672438175747,False,False,True,0.0,False,False,False,False,False
exp1_cs0.50,"MIMIC race, cell_scale 0.50",revision/EXP-1/runs,rev1__cs0.50__densenet121__seed42__pr0.5,densenet121,42,0.5,pleural_effusion,BLACK_OR_AA,t0.5,0.5436328377504848,0.9450935533948852,0.5,WHITE,1295,6993,0.6231660231660232,0.7158301158301158,0.09266409266409259,0.24590163934426212,0.8868918986679605,0.8804202111151918,7852,26023,0.4579724910850739,0.4828069281711666,0.02483443708609273,0.04581766917293236,0.8868260686045537,0.8845084169961412,0.8891324921314087,0.8857947654891893,-0.0033377266422193186,0.5186399912539631,0.48420247075543893,0.9393355398215258,0.9457036323264485,0.0040882058809494914,0.2330231876589492,-6.583006340676878e-05,0.16519353208094933,True,True,True,0.20008397017132976,True,True,True,True,False
exp1_cs0.50,"MIMIC race, cell_scale 0.50",revision/EXP-1/runs,rev1__cs0.50__densenet121__seed42__pr0.5,densenet121,42,0.5,pleural_effusion,BLACK_OR_AA,youden_j,0.8567119155354449,0.7824985701446197,0.1873779296875,WHITE,1295,6993,0.24633204633204633,0.3173745173745174,0.07104247104247105,0.09426229508196722,0.8868918986679605,0.8804202111151918,7852,26023,0.1337238920020377,0.14276617422312787,0.009042282221090187,0.010438106439282585,0.8868260686045537,0.8845084169961412,0.8891324921314087,0.8857947654891893,-0.0033377266422193186,0.8503334426587952,0.8325133923690827,0.7694080187691148,0.7828564246512213,0.0040882058809494914,0.1746083431513895,-6.583006340676878e-05,0.11260815433000865,False,True,True,0.08382418864268464,False,False,False,False,False
exp1_cs0.50,"MIMIC race, cell_scale 0.50",revision/EXP-1/runs,rev1__cs0.50__densenet121__seed42__pr0.5,densenet121,42,0.5,pleural_effusion,BLACK_OR_AA,sens0.80,0.8000430941607413,0.8310319470544979,0.24365234375,WHITE,1295,6993,0.31814671814671813,0.39845559845559847,0.08030888030888034,0.11778029445073616,0.8868918986679605,0.8804202111151918,7852,26023,0.18441161487519103,0.19842078451349973,0.0140091696383087,0.017176764522173628,0.8868260686045537,0.8845084169961412,0.8891324921314087,0.8857947654891893,-0.0033377266422193186,0.7966546408658577,0.7732589920192413,0.8203946541539235,0.8310779672378399,0.0040882058809494914,0.20003481394209874,-6.583006340676878e-05,0.1337351032715271,False,True,True,0.10060352992856253,False,True,False,False,False
exp1_cs0.50,"MIMIC race, cell_scale 0.50",revision/EXP-1/runs,rev1__cs0.50__densenet121__seed42__pr0.5,densenet121,42,0.5,pleural_effusion,BLACK_OR_AA,spec0.90,0.6798103856927387,0.8999918293978266,0.36479490995407104,WHITE,1295,6993,0.4664092664092664,0.5698841698841699,0.10347490347490351,0.19392185238784376,0.8868918986679605,0.8804202111151918,7852,26023,0.3052725420275089,0.3237391747325522,0.018466632705043284,0.02658111824014663,0.8868260686045537,0.8845084169961412,0.8891324921314087,0.8857947654891893,-0.0033377266422193186,0.6719142888378703,0.6414124849677489,0.8907369391260631,0.8997025430474674,0.0040882058809494914,0.2461449951516177,-6.583006340676878e-05,0.16113672438175747,False,True,True,0.16734073414769712,False,True,True,False,False
exp1_cs0.50,"MIMIC race, cell_scale 0.50",revision/EXP-1/runs,rev1__cs0.50__densenet121__seed42__pr0.75,densenet121,42,0.75,pleural_effusion,BLACK_OR_AA,t0.5,0.5436328377504848,0.9450935533948852,0.5,WHITE,1295,6993,0.6231660231660232,0.7243243243243244,0.10115830115830116,0.2684426229508197,0.8868918986679605,0.8755701045276335,7852,26023,0.4579724910850739,0.44867549668874174,-0.009296994396332137,-0.01715225563909773,0.8868260686045537,0.8839430032061129,0.8891324921314087,0.8842659998917326,-0.004866492239676057,0.5186399912539631,0.5122991144637586,0.9393355398215258,0.9363609702962001,0.008372898678479346,0.2756488276355826,-6.583006340676878e-05,0.16519353208094933,True,True,True,0.28559487858991744,True,True,True,True,False
exp1_cs0.50,"MIMIC race, cell_scale 0.50",revision/EXP-1/runs,rev1__cs0.50__densenet121__seed42__pr0.75,densenet121,42,0.75,pleural_effusion,BLACK_OR_AA,youden_j,0.8567119155354449,0.7824985701446197,0.1873779296875,WHITE,1295,6993,0.24633204633204633,0.3073359073359073,0.06100386100386099,0.08094262295081965,0.8868918986679605,0.8755701045276335,7852,26023,0.1337238920020377,0.11271013754457464,-0.02101375445746305,-0.02425757130255805,0.8868260686045537,0.8839430032061129,0.8891324921314087,0.8842659998917326,-0.004866492239676057,0.8503334426587952,0.8597354323822018,0.7694080187691148,0.7461142067116343,0.008372898678479346,0.19462576979133267,-6.583006340676878e-05,0.11260815433000865,False,True,True,0.1052001942533777,False,False,False,False,False
exp1_cs0.50,"MIMIC race, cell_scale 0.50",revision/EXP-1/runs,rev1__cs0.50__densenet121__seed42__pr0.75,densenet121,42,0.75,pleural_effusion,BLACK_OR_AA,sens0.80,0.8000430941607413,0.8310319470544979,0.24365234375,WHITE,1295,6993,0.31814671814671813,0.3907335907335907,0.07258687258687258,0.10645526613816532,0.8868918986679605,0.8755701045276335,7852,26023,0.18441161487519103,0.16148751910341314,-0.022924095771777897,-0.02810743285446597,0.8868260686045537,0.8839430032061129,0.8891324921314087,0.8842659998917326,-0.004866492239676057,0.7966546408658577,0.8060566305892642,0.8203946541539235,0.8020863882022707,0.008372898678479346,0.22924607163017757,-6.583006340676878e-05,0.1337351032715271,False,True,True,0.1345626989926313,False,True,False,False,False
exp1_cs0.50,"MIMIC race, cell_scale 0.50",revision/EXP-1/runs,rev1__cs0.50__densenet121__seed42__pr0.75,densenet121,42,0.75,pleural_effusion,BLACK_OR_AA,spec0.90,0.6798103856927387,0.8999918293978266,0.36479490995407104,WHITE,1295,6993,0.4664092664092664,0.5613899613899614,0.09498069498069506,0.17800289435600591,0.8868918986679605,0.8755701045276335,7852,26023,0.3052725420275089,0.2869332654100866,-0.018339276617422295,-0.02639780018331803,0.8868260686045537,0.8839430032061129,0.8891324921314087,0.8842659998917326,-0.004866492239676057,0.6719142888378703,0.674210123537772,0.8907369391260631,0.8834052536763166,0.008372898678479346,0.2744566959798748,-6.583006340676878e-05,0.16113672438175747,False,True,True,0.20440069453932394,False,True,True,False,False
exp1_cs0.50,"MIMIC race, cell_scale 0.50",revision/EXP-1/runs,rev1__cs0.50__densenet121__seed42__pr1.0,densenet121,42,1.0,pleural_effusion,BLACK_OR_AA,t0.5,0.5436328377504848,0.9450935533948852,0.5,WHITE,1295,6993,0.6231660231660232,0.5853281853281853,-0.037837837837837895,-0.10040983606557394,0.8868918986679605,0.8692438991666791,7852,26023,0.4579724910850739,0.3441161487519103,-0.11385634233316355,-0.21005639097744366,0.8868260686045537,0.8831847189908357,0.8891324921314087,0.8828135889849877,-0.006318903146420918,0.5186399912539631,0.6217339018257352,0.9393355398215258,0.9067828564246512,0.013940819824156625,0.241212036576275,-6.583006340676878e-05,0.16519353208094933,False,True,True,0.10964655491186973,False,False,False,False,False
exp1_cs0.50,"MIMIC race, cell_scale 0.50",revision/EXP-1/runs,rev1__cs0.50__densenet121__seed42__pr1.0,densenet121,42,1.0,pleural_effusion,BLACK_OR_AA,youden_j,0.8567119155354449,0.7824985701446197,0.1873779296875,WHITE,1295,6993,0.24633204633204633,0.27876447876447874,0.032432432432432406,0.043032786885245866,0.8868918986679605,0.8692438991666791,7852,26023,0.1337238920020377,0.11793173713703516,-0.01579215486500253,-0.018229932372831503,0.8868260686045537,0.8831847189908357,0.8891324921314087,0.8828135889849877,-0.006318903146420918,0.8503334426587952,0.8592981305346015,0.7694080187691148,0.7445221835854037,0.013940819824156625,0.1608327416274436,-6.583006340676878e-05,0.11260815433000865,False,True,True,0.06126271925807737,False,False,False,False,False
exp1_cs0.50,"MIMIC race, cell_scale 0.50",revision/EXP-1/runs,rev1__cs0.50__densenet121__seed42__pr1.0,densenet121,42,1.0,pleural_effusion,BLACK_OR_AA,sens0.80,0.8000430941607413,0.8310319470544979,0.24365234375,WHITE,1295,6993,0.31814671814671813,0.3436293436293436,0.025482625482625476,0.03737259343148357,0.8868918986679605,0.8692438991666791,7852,26023,0.18441161487519103,0.15142638818135506,-0.03298522669383597,-0.04044347282948158,0.8868260686045537,0.8831847189908357,0.8891324921314087,0.8828135889849877,-0.006318903146420918,0.7966546408658577,0.821362195255275,0.8203946541539235,0.7880933428296116,0.013940819824156625,0.19220295544798854,-6.583006340676878e-05,0.1337351032715271,False,True,True,0.07781606626096516,False,False,False,False,False
exp1_cs0.50,"MIMIC race, cell_scale 0.50",revision/EXP-1/runs,rev1__cs0.50__densenet121__seed42__pr1.0,densenet121,42,1.0,pleural_effusion,BLACK_OR_AA,spec0.90,0.6798103856927387,0.8999918293978266,0.36479490995407104,WHITE,1295,6993,0.4664092664092664,0.444015444015444,-0.02239382239382237,-0.04196816208393628,0.8868918986679605,0.8692438991666791,7852,26023,0.3052725420275089,0.22911360163015793,-0.076158940397351,-0.10962419798350137,0.8868260686045537,0.8831847189908357,0.8891324921314087,0.8828135889849877,-0.006318903146420918,0.6719142888378703,0.7404613534492184,0.8907369391260631,0.8531987096233609,0.013940819824156625,0.2149018423852861,-6.583006340676878e-05,0.16113672438175747,False,True,True,0.06765603589956509,False,False,False,False,False
exp1_cs0.50,"MIMIC race, cell_scale 0.50",revision/EXP-1/runs,rev1__cs0.50__densenet121__seed123__pr0.0,densenet121,123,0.0,pleural_effusion,BLACK_OR_AA,t0.5,0.6190476190476191,0.9223792793528883,0.5,WHITE,1295,6993,0.5266409266409267,0.5266409266409267,0.0,0.0,0.8900981987854575,0.8900981987854575,7852,26023,0.3600356597045339,0.3600356597045339,0.0,0.0,0.8855163775961725,0.8855163775961725,0.8886941047697747,0.8886941047697747,0.0,0.6163769541926315,0.6163769541926315,0.9123968327118858,0.9123968327118858,-0.0045818211892849625,0.16660526693639277,-0.0045818211892849625,0.16660526693639277,False,False,True,0.0,False,False,False,False,False
exp1_cs0.50,"MIMIC race, cell_scale 0.50",revision/EXP-1/runs,rev1__cs0.50__densenet121__seed123__pr0.0,densenet121,123,0.0,pleural_effusion,BLACK_OR_AA,youden_j,0.8366731307907779,0.8062750224691559,0.23193359375,WHITE,1295,6993,0.26872586872586873,0.26872586872586873,0.0,0.0,0.8900981987854575,0.8900981987854575,7852,26023,0.1509169638308711,0.1509169638308711,0.0,0.0,0.8855163775961725,0.8855163775961725,0.8886941047697747,0.8886941047697747,0.0,0.8324040669071827,0.8324040669071827,0.7887636683564456,0.7887636683564456,-0.0045818211892849625,0.11780890489499762,-0.0045818211892849625,0.11780890489499762,False,False,True,0.0,False,False,False,False,False
exp1_cs0.50,"MIMIC race, cell_scale 0.50",revision/EXP-1/runs,rev1__cs0.50__densenet121__seed123__pr0.0,densenet121,123,0.0,pleural_effusion,BLACK_OR_AA,sens0.80,0.8002585649644474,0.8351989541629218,0.28515625,WHITE,1295,6993,0.3096525096525097,0.3096525096525097,0.0,0.0,0.8900981987854575,0.8900981987854575,7852,26023,0.1872134488028528,0.1872134488028528,0.0,0.0,0.8855163775961725,0.8855163775961725,0.8886941047697747,0.8886941047697747,0.0,0.7954520607849568,0.7954520607849568,0.8203946541539235,0.8203946541539235,-0.0045818211892849625,0.12243906084965689,-0.0045818211892849625,0.12243906084965689,False,False,True,0.0,False,False,False,False,False
exp1_cs0.50,"MIMIC race, cell_scale 0.50",revision/EXP-1/runs,rev1__cs0.50__densenet121__seed123__pr0.0,densenet121,123,0.0,pleural_effusion,BLACK_OR_AA,spec0.90,0.6811032105149752,0.8999918293978266,0.43168944120407104,WHITE,1295,6993,0.4471042471042471,0.4471042471042471,0.0,0.0,0.8900981987854575,0.8900981987854575,7852,26023,0.29941416199694343,0.29941416199694343,0.0,0.0,0.8855163775961725,0.8855163775961725,0.8886941047697747,0.8886941047697747,0.0,0.6796763966327758,0.6796763966327758,0.8895219741086765,0.8895219741086765,-0.0045818211892849625,0.1476900851073037,-0.0045818211892849625,0.1476900851073037,False,False,True,0.0,False,False,False,False,False
exp1_cs0.50,"MIMIC race, cell_scale 0.50",revision/EXP-1/runs,rev1__cs0.50__densenet121__seed123__pr0.5,densenet121,123,0.5,pleural_effusion,BLACK_OR_AA,t0.5,0.6190476190476191,0.9223792793528883,0.5,WHITE,1295,6993,0.5266409266409267,0.6108108108108108,0.08416988416988413,0.1778140293637846,0.8900981987854575,0.8851871753416155,7852,26023,0.3600356597045339,0.35277636271013757,-0.007259296994396314,-0.011343283582089523,0.8855163775961725,0.8862697521785524,0.8886941047697747,0.8879659240930815,-0.0007281806766932242,0.6163769541926315,0.6106920301738274,0.9123968327118858,0.9113075537307805,0.0010825768369369104,0.2580344481006732,-0.0045818211892849625,0.16660526693639277,False,True,True,0.18915731294587412,False,True,True,False,False
exp1_cs0.50,"MIMIC race, cell_scale 0.50",revision/EXP-1/runs,rev1__cs0.50__densenet121__seed123__pr0.5,densenet121,123,0.5,pleural_effusion,BLACK_OR_AA,youden_j,0.8366731307907779,0.8062750224691559,0.23193359375,WHITE,1295,6993,0.26872586872586873,0.3250965250965251,0.05637065637065636,0.07708553326293556,0.8900981987854575,0.8851871753416155,7852,26023,0.1509169638308711,0.13958227203260315,-0.01133469179826796,-0.013349332533373335,0.8855163775961725,0.8862697521785524,0.8886941047697747,0.8879659240930815,-0.0007281806766932242,0.8324040669071827,0.8341532742975839,0.7887636683564456,0.7855377267585572,0.0010825768369369104,0.18551425306392194,-0.0045818211892849625,0.11780890489499762,False,True,True,0.0904348657963089,False,False,False,False,False
exp1_cs0.50,"MIMIC race, cell_scale 0.50",revision/EXP-1/runs,rev1__cs0.50__densenet121__seed123__pr0.5,densenet121,123,0.5,pleural_effusion,BLACK_OR_AA,sens0.80,0.8002585649644474,0.8351989541629218,0.28515625,WHITE,1295,6993,0.3096525096525097,0.38223938223938225,0.07258687258687258,0.10514541387024608,0.8900981987854575,0.8851871753416155,7852,26023,0.1872134488028528,0.1751146204788589,-0.012098828323993893,-0.014885615794421818,0.8855163775961725,0.8862697521785524,0.8886941047697747,0.8879659240930815,-0.0007281806766932242,0.7954520607849568,0.7955613862468569,0.8203946541539235,0.817503875319452,0.0010825768369369104,0.20712476176052336,-0.0045818211892849625,0.12243906084965689,False,True,True,0.12003102966466789,False,True,False,False,False
exp1_cs0.50,"MIMIC race, cell_scale 0.50",revision/EXP-1/runs,rev1__cs0.50__densenet121__seed123__pr0.5,densenet121,123,0.5,pleural_effusion,BLACK_OR_AA,spec0.90,0.6811032105149752,0.8999918293978266,0.43168944120407104,WHITE,1295,6993,0.4471042471042471,0.5351351351351351,0.08803088803088799,0.15921787709497198,0.8900981987854575,0.8851871753416155,7852,26023,0.29941416199694343,0.2861691288843607,-0.013245033112582738,-0.018905653517542205,0.8855163775961725,0.8862697521785524,0.8886941047697747,0.8879659240930815,-0.0007281806766932242,0.6796763966327758,0.678583142013775,0.8895219741086765,0.8863798232016423,0.0010825768369369104,0.24896600625077442,-0.0045818211892849625,0.1476900851073037,False,True,True,0.17812353061251418,False,True,True,False,False
exp1_cs0.50,"MIMIC race, cell_scale 0.50",revision/EXP-1/runs,rev1__cs0.50__densenet121__seed123__pr0.75,densenet121,123,0.75,pleural_effusion,BLACK_OR_AA,t0.5,0.6190476190476191,0.9223792793528883,0.5,WHITE,1295,6993,0.5266409266409267,0.6671814671814672,0.14054054054054055,0.2969004893964111,0.8900981987854575,0.8778277550478323,7852,26023,0.3600356597045339,0.3554508405501783,-0.004584819154355602,-0.0071641791044776484,0.8855163775961725,0.8849170869887144,0.8886941047697747,0.8850912126984,-0.0036028920713747636,0.6163769541926315,0.6004154367552202,0.9123968327118858,0.9121035652938958,0.0070893319408821265,0.3117306266312889,-0.0045818211892849625,0.16660526693639277,True,True,True,0.30406466850088876,True,True,True,True,False
exp1_cs0.50,"MIMIC race, cell_scale 0.50",revision/EXP-1/runs,rev1__cs0.50__densenet121__seed123__pr0.75,densenet121,123,0.75,pleural_effusion,BLACK_OR_AA,youden_j,0.8366731307907779,0.8062750224691559,0.23193359375,WHITE,1295,6993,0.26872586872586873,0.38996138996138996,0.12123552123552123,0.16578669482576555,0.8900981987854575,0.8778277550478323,7852,26023,0.1509169638308711,0.1553744268976057,0.004457463066734585,0.005249737513124338,0.8855163775961725,0.8849170869887144,0.8886941047697747,0.8850912126984,-0.0036028920713747636,0.8324040669071827,0.811413578222368,0.7887636683564456,0.7976035862415686,0.0070893319408821265,0.23458696306378427,-0.0045818211892849625,0.11780890489499762,False,True,True,0.16053695731264123,False,True,True,False,False
exp1_cs0.50,"MIMIC race, cell_scale 0.50",revision/EXP-1/runs,rev1__cs0.50__densenet121__seed123__pr0.75,densenet121,123,0.75,pleural_effusion,BLACK_OR_AA,sens0.80,0.8002585649644474,0.8351989541629218,0.28515625,WHITE,1295,6993,0.3096525096525097,0.44787644787644787,0.1382239382239382,0.2002237136465324,0.8900981987854575,0.8778277550478323,7852,26023,0.1872134488028528,0.18644931227712686,-0.0007641365257259336,-0.0009401441554371718,0.8855163775961725,0.8849170869887144,0.8886941047697747,0.8850912126984,-0.0036028920713747636,0.7954520607849568,0.7765387558762435,0.8203946541539235,0.8244585026603545,0.0070893319408821265,0.261427135599321,-0.0045818211892849625,0.12243906084965689,True,True,True,0.20116385780196958,True,True,True,True,False
exp1_cs0.50,"MIMIC race, cell_scale 0.50",revision/EXP-1/runs,rev1__cs0.50__densenet121__seed123__pr0.75,densenet121,123,0.75,pleural_effusion,BLACK_OR_AA,spec0.90,0.6811032105149752,0.8999918293978266,0.43168944120407104,WHITE,1295,6993,0.4471042471042471,0.5961389961389961,0.149034749034749,0.2695530726256983,0.8900981987854575,0.8778277550478323,7852,26023,0.29941416199694343,0.29393785022924096,-0.005476311767702469,-0.007816760588983783,0.8855163775961725,0.8849170869887144,0.8886941047697747,0.8850912126984,-0.0036028920713747636,0.6796763966327758,0.6632775773477643,0.8895219741086765,0.8880556370187273,0.0070893319408821265,0.30220114590975516,-0.0045818211892849625,0.1476900851073037,True,True,True,0.27736983321468206,True,True,True,True,False
exp1_cs0.50,"MIMIC race, cell_scale 0.50",revision/EXP-1/runs,rev1__cs0.50__densenet121__seed123__pr1.0,densenet121,123,1.0,pleural_effusion,BLACK_OR_AA,t0.5,0.6190476190476191,0.9223792793528883,0.5,WHITE,1295,6993,0.5266409266409267,0.5583011583011583,0.031660231660231686,0.06688417618270805,0.8900981987854575,0.8729146987834246,7852,26023,0.3600356597045339,0.33507386653082016,-0.02496179317371372,-0.03900497512437814,0.8855163775961725,0.8857189446340032,0.8886941047697747,0.8856095593901743,-0.0030845453796004563,0.6163769541926315,0.6333224007871433,0.9123968327118858,0.9038920775901798,0.0128042458505786,0.22322729177033818,-0.0045818211892849625,0.16660526693639277,False,True,True,0.10588915130708618,False,False,False,False,False
exp1_cs0.50,"MIMIC race, cell_scale 0.50",revision/EXP-1/runs,rev1__cs0.50__densenet121__seed123__pr1.0,densenet121,123,1.0,pleural_effusion,BLACK_OR_AA,youden_j,0.8366731307907779,0.8062750224691559,0.23193359375,WHITE,1295,6993,0.26872586872586873,0.2972972972972973,0.02857142857142858,0.03907074973600846,0.8900981987854575,0.8729146987834246,7852,26023,0.1509169638308711,0.13499745287824758,-0.015919510952623533,-0.018749062546872655,0.8855163775961725,0.8857189446340032,0.8886941047697747,0.8856095593901743,-0.0030845453796004563,0.8324040669071827,0.8420247075543894,0.7887636683564456,0.7743097741840882,0.0128042458505786,0.16229984441904974,-0.0045818211892849625,0.11780890489499762,False,True,True,0.05781981228288111,False,False,False,False,False
exp1_cs0.50,"MIMIC race, cell_scale 0.50",revision/EXP-1/runs,rev1__cs0.50__densenet121__seed123__pr1.0,densenet121,123,1.0,pleural_effusion,BLACK_OR_AA,sens0.80,0.8002585649644474,0.8351989541629218,0.28515625,WHITE,1295,6993,0.3096525096525097,0.3467181467181467,0.037065637065637036,0.05369127516778519,0.8900981987854575,0.8729146987834246,7852,26023,0.1872134488028528,0.1673458991339786,-0.01986754966887419,-0.024443748041366363,0.8855163775961725,0.8857189446340032,0.8886941047697747,0.8856095593901743,-0.0030845453796004563,0.7954520607849568,0.807259210670165,0.8203946541539235,0.8081193179437764,0.0128042458505786,0.17937224758416812,-0.0045818211892849625,0.12243906084965689,False,True,True,0.07813502320915156,False,False,False,False,False
exp1_cs0.50,"MIMIC race, cell_scale 0.50",revision/EXP-1/runs,rev1__cs0.50__densenet121__seed123__pr1.0,densenet121,123,1.0,pleural_effusion,BLACK_OR_AA,spec0.90,0.6811032105149752,0.8999918293978266,0.43168944120407104,WHITE,1295,6993,0.4471042471042471,0.49034749034749037,0.043243243243243246,0.0782122905027933,0.8900981987854575,0.8729146987834246,7852,26023,0.29941416199694343,0.2697401935812532,-0.029673968415690255,-0.04235593528449371,0.8855163775961725,0.8857189446340032,0.8886941047697747,0.8856095593901743,-0.0030845453796004563,0.6796763966327758,0.6990270033890893,0.8895219741086765,0.8778331727345092,0.0128042458505786,0.2206072967662372,-0.0045818211892849625,0.1476900851073037,False,True,True,0.12056822578728701,False,False,False,False,False
exp1_cs1.00,"MIMIC race, cell_scale 1.00",revision/EXP-1/runs,rev1__cs1.00__densenet121__seed7__pr0.0,densenet121,7,0.0,pleural_effusion,BLACK_OR_AA,t0.5,0.5824175824175825,0.9312035297001389,0.5,WHITE,1295,6993,0.5011583011583012,0.5011583011583012,0.0,0.0,0.8888301930772973,0.8888301930772973,7852,26023,0.4043555781966378,0.4043555781966378,0.0,0.0,0.8876690255893291,0.8876690255893291,0.8898332028907303,0.8898332028907303,0.0,0.5819394336941074,0.5819394336941074,0.9243370061586158,0.9243370061586158,-0.0011611674879681289,0.09680272296166337,-0.0011611674879681289,0.09680272296166337,False,False,True,0.0,False,False,False,False,False
exp1_cs1.00,"MIMIC race, cell_scale 1.00",revision/EXP-1/runs,rev1__cs1.00__densenet121__seed7__pr0.0,densenet121,7,0.0,pleural_effusion,BLACK_OR_AA,youden_j,0.8274078862314156,0.8086444970994362,0.249755859375,WHITE,1295,6993,0.2254826254826255,0.2254826254826255,0.0,0.0,0.8888301930772973,0.8888301930772973,7852,26023,0.16887417218543047,0.16887417218543047,0.0,0.0,0.8876690255893291,0.8876690255893291,0.8898332028907303,0.8898332028907303,0.0,0.8231114026456762,0.8231114026456762,0.798776655913528,0.798776655913528,-0.0011611674879681289,0.05660845329719502,-0.0011611674879681289,0.05660845329719502,False,False,True,0.0,False,False,False,False,False
exp1_cs1.00,"MIMIC race, cell_scale 1.00",revision/EXP-1/runs,rev1__cs1.00__densenet121__seed7__pr0.0,densenet121,7,0.0,pleural_effusion,BLACK_OR_AA,sens0.80,0.8000430941607413,0.8290710025328867,0.279541015625,WHITE,1295,6993,0.2517374517374517,0.2517374517374517,0.0,0.0,0.8888301930772973,0.8888301930772973,7852,26023,0.18988792664289353,0.18988792664289353,0.0,0.0,0.8876690255893291,0.8876690255893291,0.8898332028907303,0.8898332028907303,0.0,0.801355635727561,0.801355635727561,0.8198081193179437,0.8198081193179437,-0.0011611674879681289,0.06184952509455818,-0.0011611674879681289,0.06184952509455818,False,False,True,0.0,False,False,False,False,False
exp1_cs1.00,"MIMIC race, cell_scale 1.00",revision/EXP-1/runs,rev1__cs1.00__densenet121__seed7__pr0.0,densenet121,7,0.0,pleural_effusion,BLACK_OR_AA,spec0.90,0.6821805645335057,0.8999918293978266,0.41093748807907104,WHITE,1295,6993,0.4038610038610039,0.4038610038610039,0.0,0.0,0.8888301930772973,0.8888301930772973,7852,26023,0.3068008150789608,0.3068008150789608,0.0,0.0,0.8876690255893291,0.8876690255893291,0.8898332028907303,0.8898332028907303,0.0,0.6794577457089757,0.6794577457089757,0.8892706020361137,0.8892706020361137,-0.0011611674879681289,0.09706018878204309,-0.0011611674879681289,0.09706018878204309,False,False,True,0.0,False,False,False,False,False
exp1_cs1.00,"MIMIC race, cell_scale 1.00",revision/EXP-1/runs,rev1__cs1.00__densenet121__seed7__pr0.5,densenet121,7,0.5,pleural_effusion,BLACK_OR_AA,t0.5,0.5824175824175825,0.9312035297001389,0.5,WHITE,1295,6993,0.5011583011583012,0.6285714285714286,0.12741312741312738,0.2554179566563467,0.8888301930772973,0.8833922625428416,7852,26023,0.4043555781966378,0.380412633723892,-0.02394294447274581,-0.04019670729099852,0.8876690255893291,0.8857321561372318,0.8898332028907303,0.8877096351457713,-0.0021235677449590318,0.5819394336941074,0.5844539193178091,0.9243370061586158,0.9200636809250492,0.00233989359439013,0.24815879484753656,-0.0011611674879681289,0.09680272296166337,True,True,True,0.2956146639473452,True,True,True,True,False
exp1_cs1.00,"MIMIC race, cell_scale 1.00",revision/EXP-1/runs,rev1__cs1.00__densenet121__seed7__pr0.5,densenet121,7,0.5,pleural_effusion,BLACK_OR_AA,youden_j,0.8274078862314156,0.8086444970994362,0.249755859375,WHITE,1295,6993,0.2254826254826255,0.31891891891891894,0.09343629343629345,0.1206380857427717,0.8888301930772973,0.8833922625428416,7852,26023,0.16887417218543047,0.15410086602139583,-0.014773306164034633,-0.017775053631627326,0.8876690255893291,0.8857321561372318,0.8898332028907303,0.8877096351457713,-0.0021235677449590318,0.8231114026456762,0.8225647753361758,0.798776655913528,0.7989861326406636,0.00233989359439013,0.1648180528975231,-0.0011611674879681289,0.05660845329719502,False,True,True,0.13841313937439903,False,True,False,False,False
exp1_cs1.00,"MIMIC race, cell_scale 1.00",revision/EXP-1/runs,rev1__cs1.00__densenet121__seed7__pr0.5,densenet121,7,0.5,pleural_effusion,BLACK_OR_AA,sens0.80,0.8000430941607413,0.8290710025328867,0.279541015625,WHITE,1295,6993,0.2517374517374517,0.3544401544401544,0.10270270270270271,0.13725490196078433,0.8888301930772973,0.8833922625428416,7852,26023,0.18988792664289353,0.17562404482934285,-0.014263881813550677,-0.017607294450558076,0.8876690255893291,0.8857321561372318,0.8898332028907303,0.8877096351457713,-0.0021235677449590318,0.801355635727561,0.7990598010276594,0.8198081193179437,0.8176295613557334,0.00233989359439013,0.17881610961081157,-0.0011611674879681289,0.06184952509455818,False,True,True,0.1548621964113424,False,True,False,False,False
exp1_cs1.00,"MIMIC race, cell_scale 1.00",revision/EXP-1/runs,rev1__cs1.00__densenet121__seed7__pr0.5,densenet121,7,0.5,pleural_effusion,BLACK_OR_AA,spec0.90,0.6821805645335057,0.8999918293978266,0.41093748807907104,WHITE,1295,6993,0.4038610038610039,0.518918918918919,0.11505791505791507,0.19300518134715028,0.8888301930772973,0.8833922625428416,7852,26023,0.3068008150789608,0.2899898115129903,-0.016811003565970484,-0.024251331986037156,0.8876690255893291,0.8857321561372318,0.8898332028907303,0.8877096351457713,-0.0021235677449590318,0.6794577457089757,0.6775992128566743,0.8892706020361137,0.8850810674934014,0.00233989359439013,0.22892910740592864,-0.0011611674879681289,0.09706018878204309,False,True,True,0.21725651333318743,False,True,True,False,False
exp1_cs1.00,"MIMIC race, cell_scale 1.00",revision/EXP-1/runs,rev1__cs1.00__densenet121__seed7__pr0.75,densenet121,7,0.75,pleural_effusion,BLACK_OR_AA,t0.5,0.5824175824175825,0.9312035297001389,0.5,WHITE,1295,6993,0.5011583011583012,0.6579150579150579,0.1567567567567567,0.31424148606811136,0.8888301930772973,0.8794902634670975,7852,26023,0.4043555781966378,0.3997707590422822,-0.004584819154355602,-0.007697241821680604,0.8876690255893291,0.8864492569079622,0.8898332028907303,0.8874613913689258,-0.0023718115218045455,0.5819394336941074,0.5636820815567946,0.9243370061586158,0.9258452385939923,0.0069589934408647025,0.2581442988727757,-0.0011611674879681289,0.09680272296166337,True,True,True,0.32193872788979194,True,True,True,True,True
exp1_cs1.00,"MIMIC race, cell_scale 1.00",revision/EXP-1/runs,rev1__cs1.00__densenet121__seed7__pr0.75,densenet121,7,0.75,pleural_effusion,BLACK_OR_AA,youden_j,0.8274078862314156,0.8086444970994362,0.249755859375,WHITE,1295,6993,0.2254826254826255,0.34826254826254827,0.12277992277992278,0.15852442671984046,0.8888301930772973,0.8794902634670975,7852,26023,0.16887417218543047,0.15142638818135506,-0.0174477840040754,-0.02099295127183574,0.8876690255893291,0.8864492569079622,0.8898332028907303,0.8874613913689258,-0.0023718115218045455,0.8231114026456762,0.8207062424838745,0.798776655913528,0.7972684234781515,0.0069589934408647025,0.1968361600811932,-0.0011611674879681289,0.05660845329719502,False,True,True,0.1795173779916762,False,True,True,False,False
exp1_cs1.00,"MIMIC race, cell_scale 1.00",revision/EXP-1/runs,rev1__cs1.00__densenet121__seed7__pr0.75,densenet121,7,0.75,pleural_effusion,BLACK_OR_AA,sens0.80,0.8000430941607413,0.8290710025328867,0.279541015625,WHITE,1295,6993,0.2517374517374517,0.3783783783783784,0.1266409266409267,0.16924664602683184,0.8888301930772973,0.8794902634670975,7852,26023,0.18988792664289353,0.1751146204788589,-0.014773306164034633,-0.018236126395220868,0.8876690255893291,0.8864492569079622,0.8898332028907303,0.8874613913689258,-0.0023718115218045455,0.801355635727561,0.7961080135563573,0.8198081193179437,0.8178809334282962,0.0069589934408647025,0.2032637578995195,-0.0011611674879681289,0.06184952509455818,False,True,True,0.18748277242205272,False,True,True,False,False
exp1_cs1.00,"MIMIC race, cell_scale 1.00",revision/EXP-1/runs,rev1__cs1.00__densenet121__seed7__pr0.75,densenet121,7,0.75,pleural_effusion,BLACK_OR_AA,spec0.90,0.6821805645335057,0.8999918293978266,0.41093748807907104,WHITE,1295,6993,0.4038610038610039,0.5428571428571428,0.13899613899613894,0.23316062176165794,0.8888301930772973,0.8794902634670975,7852,26023,0.3068008150789608,0.2982679572083546,-0.008532857870606203,-0.01230938820503397,0.8876690255893291,0.8864492569079622,0.8898332028907303,0.8874613913689258,-0.0023718115218045455,0.6794577457089757,0.667103968514267,0.8892706020361137,0.8901922996355105,0.0069589934408647025,0.24458918564878823,-0.0011611674879681289,0.09706018878204309,True,True,True,0.2454700099666919,True,True,True,True,False
exp1_cs1.00,"MIMIC race, cell_scale 1.00",revision/EXP-1/runs,rev1__cs1.00__densenet121__seed7__pr1.0,densenet121,7,1.0,pleural_effusion,BLACK_OR_AA,t0.5,0.5824175824175825,0.9312035297001389,0.5,WHITE,1295,6993,0.5011583011583012,0.7621621621621621,0.26100386100386097,0.523219814241486,0.8888301930772973,0.8232878568785905,7852,26023,0.4043555781966378,0.44141619969434537,0.03706062149770756,0.06221937139191784,0.8876690255893291,0.8837780521565197,0.8898332028907303,0.8743691875275098,-0.015464015363220507,0.5819394336941074,0.5131737181589592,0.9243370061586158,0.9353554820059491,0.060490195277929204,0.3207459624678168,-0.0011611674879681289,0.09680272296166337,True,True,True,0.46100044284956815,True,True,True,True,True
exp1_cs1.00,"MIMIC race, cell_scale 1.00",revision/EXP-1/runs,rev1__cs1.00__densenet121__seed7__pr1.0,densenet121,7,1.0,pleural_effusion,BLACK_OR_AA,youden_j,0.8274078862314156,0.8086444970994362,0.249755859375,WHITE,1295,6993,0.2254826254826255,0.5243243243243243,0.2988416988416988,0.3858424725822532,0.8888301930772973,0.8232878568785905,7852,26023,0.16887417218543047,0.1707845134997453,0.001910341314314834,0.002298498314434581,0.8876690255893291,0.8837780521565197,0.8898332028907303,0.8743691875275098,-0.015464015363220507,0.8231114026456762,0.7791625669618454,0.798776655913528,0.8154928987389501,0.060490195277929204,0.35353981082457897,-0.0011611674879681289,0.05660845329719502,True,True,True,0.3835439742678186,True,True,True,True,True
exp1_cs1.00,"MIMIC race, cell_scale 1.00",revision/EXP-1/runs,rev1__cs1.00__densenet121__seed7__pr1.0,densenet121,7,1.0,pleural_effusion,BLACK_OR_AA,sens0.80,0.8000430941607413,0.8290710025328867,0.279541015625,WHITE,1295,6993,0.2517374517374517,0.5528957528957529,0.30115830115830117,0.40247678018575855,0.8888301930772973,0.8232878568785905,7852,26023,0.18988792664289353,0.195746306673459,0.005858380030565463,0.007231567363622075,0.8876690255893291,0.8837780521565197,0.8898332028907303,0.8743691875275098,-0.015464015363220507,0.801355635727561,0.7536897343391276,0.8198081193179437,0.8372784783610541,0.060490195277929204,0.3571494462222939,-0.0011611674879681289,0.06184952509455818,True,True,True,0.3952452128221365,True,True,True,True,True
exp1_cs1.00,"MIMIC race, cell_scale 1.00",revision/EXP-1/runs,rev1__cs1.00__densenet121__seed7__pr1.0,densenet121,7,1.0,pleural_effusion,BLACK_OR_AA,spec0.90,0.6821805645335057,0.8999918293978266,0.41093748807907104,WHITE,1295,6993,0.4038610038610039,0.6911196911196911,0.2872586872586872,0.48186528497409314,0.8888301930772973,0.8232878568785905,7852,26023,0.3068008150789608,0.3323993886907794,0.02559857361181861,0.03692816461510191,0.8876690255893291,0.8837780521565197,0.8898332028907303,0.8743691875275098,-0.015464015363220507,0.6794577457089757,0.6168142560402318,0.8892706020361137,0.9033055427542,0.060490195277929204,0.3587203024289117,-0.0011611674879681289,0.09706018878204309,True,True,True,0.44493712035899124,True,True,True,True,True
exp1_cs1.00,"MIMIC race, cell_scale 1.00",revision/EXP-1/runs,rev1__cs1.00__densenet121__seed42__pr0.0,densenet121,42,0.0,pleural_effusion,BLACK_OR_AA,t0.5,0.5546218487394958,0.9423155486559359,0.5,WHITE,1295,6993,0.5544401544401545,0.5544401544401545,0.0,0.0,0.887230566574196,0.887230566574196,7852,26023,0.4602649006622517,0.4602649006622517,0.0,0.0,0.8848722134346452,0.8848722134346452,0.8873363099227394,0.8873363099227394,0.0,0.5264020990488685,0.5264020990488685,0.9367799237504714,0.9367799237504714,-0.002358353139550795,0.09417525377790281,-0.002358353139550795,0.09417525377790281,False,False,True,0.0,False,False,False,False,False
exp1_cs1.00,"MIMIC race, cell_scale 1.00",revision/EXP-1/runs,rev1__cs1.00__densenet121__seed42__pr0.0,densenet121,42,0.0,pleural_effusion,BLACK_OR_AA,youden_j,0.8276233570351217,0.8120761500122559,0.2001953125,WHITE,1295,6993,0.2332046332046332,0.2332046332046332,0.0,0.0,0.887230566574196,0.887230566574196,7852,26023,0.16798267957208354,0.16798267957208354,0.0,0.0,0.8848722134346452,0.8848722134346452,0.8873363099227394,0.8873363099227394,0.0,0.8227834262599759,0.8227834262599759,0.797100842096443,0.797100842096443,-0.002358353139550795,0.06522195363254965,-0.002358353139550795,0.06522195363254965,False,False,True,0.0,False,False,False,False,False
exp1_cs1.00,"MIMIC race, cell_scale 1.00",revision/EXP-1/runs,rev1__cs1.00__densenet121__seed42__pr0.0,densenet121,42,0.0,pleural_effusion,BLACK_OR_AA,sens0.80,0.8000430941607413,0.8331563036195767,0.2294921875,WHITE,1295,6993,0.2694980694980695,0.2694980694980695,0.0,0.0,0.887230566574196,0.887230566574196,7852,26023,0.19281711665817627,0.19281711665817627,0.0,0.0,0.8848722134346452,0.8848722134346452,0.8873363099227394,0.8873363099227394,0.0,0.7963266644801574,0.7963266644801574,0.8183836775734216,0.8183836775734216,-0.002358353139550795,0.07668095283989321,-0.002358353139550795,0.07668095283989321,False,False,True,0.0,False,False,False,False,False
exp1_cs1.00,"MIMIC race, cell_scale 1.00",revision/EXP-1/runs,rev1__cs1.00__densenet121__seed42__pr0.0,densenet121,42,0.0,pleural_effusion,BLACK_OR_AA,spec0.90,0.6793794440853265,0.8999101233760928,0.3662109375,WHITE,1295,6993,0.42316602316602314,0.42316602316602314,0.0,0.0,0.887230566574196,0.887230566574196,7852,26023,0.31800815078960776,0.31800815078960776,0.0,0.0,0.8848722134346452,0.8848722134346452,0.8873363099227394,0.8873363099227394,0.0,0.667103968514267,0.667103968514267,0.8922451715614396,0.8922451715614396,-0.002358353139550795,0.10515787237641538,-0.002358353139550795,0.10515787237641538,False,False,True,0.0,False,False,False,False,False
exp1_cs1.00,"MIMIC race, cell_scale 1.00",revision/EXP-1/runs,rev1__cs1.00__densenet121__seed42__pr0.5,densenet121,42,0.5,pleural_effusion,BLACK_OR_AA,t0.5,0.5546218487394958,0.9423155486559359,0.5,WHITE,1295,6993,0.5544401544401545,0.6077220077220077,0.0532818532818532,0.11958405545927192,0.887230566574196,0.8851519397851444,7852,26023,0.4602649006622517,0.41034131431482423,-0.04992358634742744,-0.09249646059462016,0.8848722134346452,0.8850119084354937,0.8873363099227394,0.8875369536801956,0.00020064375745620922,0.5264020990488685,0.5617142232425932,0.9367799237504714,0.9289873895010264,-0.0001400313496506822,0.19738069340718345,-0.002358353139550795,0.09417525377790281,False,True,True,0.21208051605389208,False,True,False,False,False
exp1_cs1.00,"MIMIC race, cell_scale 1.00",revision/EXP-1/runs,rev1__cs1.00__densenet121__seed42__pr0.5,densenet121,42,0.5,pleural_effusion,BLACK_OR_AA,youden_j,0.8276233570351217,0.8120761500122559,0.2001953125,WHITE,1295,6993,0.2332046332046332,0.26872586872586873,0.03552123552123554,0.04632426988922459,0.887230566574196,0.8851519397851444,7852,26023,0.16798267957208354,0.15257259296994397,-0.015410086602139578,-0.018521353130261743,0.8848722134346452,0.8850119084354937,0.8873363099227394,0.8875369536801956,0.00020064375745620922,0.8227834262599759,0.8309828359024817,0.797100842096443,0.7890988311198626,-0.0001400313496506822,0.11615327575592477,-0.002358353139550795,0.06522195363254965,False,True,True,0.06484562301948633,False,False,False,False,False
exp1_cs1.00,"MIMIC race, cell_scale 1.00",revision/EXP-1/runs,rev1__cs1.00__densenet121__seed42__pr0.5,densenet121,42,0.5,pleural_effusion,BLACK_OR_AA,sens0.80,0.8000430941607413,0.8331563036195767,0.2294921875,WHITE,1295,6993,0.2694980694980695,0.30038610038610036,0.030888030888030882,0.04228329809725158,0.887230566574196,0.8851519397851444,7852,26023,0.19281711665817627,0.173841059602649,-0.018976057055527268,-0.023508993373303897,0.8848722134346452,0.8850119084354937,0.8873363099227394,0.8875369536801956,0.00020064375745620922,0.7963266644801574,0.8082431398272658,0.8183836775734216,0.809334282961163,-0.0001400313496506822,0.12654504078345136,-0.002358353139550795,0.07668095283989321,False,True,True,0.06579229147055547,False,False,False,False,False
exp1_cs1.00,"MIMIC race, cell_scale 1.00",revision/EXP-1/runs,rev1__cs1.00__densenet121__seed42__pr0.5,densenet121,42,0.5,pleural_effusion,BLACK_OR_AA,spec0.90,0.6793794440853265,0.8999101233760928,0.3662109375,WHITE,1295,6993,0.42316602316602314,0.4555984555984556,0.032432432432432434,0.05622489959839357,0.887230566574196,0.8851519397851444,7852,26023,0.31800815078960776,0.2834946510443199,-0.034513499745287834,-0.05060690943043886,0.8848722134346452,0.8850119084354937,0.8873363099227394,0.8875369536801956,0.00020064375745620922,0.667103968514267,0.6921394992893845,0.8922451715614396,0.8833633583308894,-0.0001400313496506822,0.17210380455413565,-0.002358353139550795,0.10515787237641538,False,True,True,0.10683180902883244,False,False,False,False,False
exp1_cs1.00,"MIMIC race, cell_scale 1.00",revision/EXP-1/runs,rev1__cs1.00__densenet121__seed42__pr0.75,densenet121,42,0.75,pleural_effusion,BLACK_OR_AA,t0.5,0.5546218487394958,0.9423155486559359,0.5,WHITE,1295,6993,0.5544401544401545,0.7135135135135136,0.15907335907335907,0.3570190641247834,0.887230566574196,0.877556576784376,7852,26023,0.4602649006622517,0.44587366276108,-0.014391237901171694,-0.026663520528551237,0.8848722134346452,0.8825313067770484,0.8873363099227394,0.8836121196734977,-0.0037241902492416434,0.5264020990488685,0.5162348310921614,0.9367799237504714,0.9364028656416272,0.004974729992672344,0.2676398507524336,-0.002358353139550795,0.09417525377790281,True,True,True,0.38368258465333466,True,True,True,True,True
exp1_cs1.00,"MIMIC race, cell_scale 1.00",revision/EXP-1/runs,rev1__cs1.00__densenet121__seed42__pr0.75,densenet121,42,0.75,pleural_effusion,BLACK_OR_AA,youden_j,0.8276233570351217,0.8120761500122559,0.2001953125,WHITE,1295,6993,0.2332046332046332,0.41621621621621624,0.18301158301158305,0.23867069486404835,0.887230566574196,0.877556576784376,7852,26023,0.16798267957208354,0.17855323484462557,0.010570555272542026,0.012704729833154751,0.8848722134346452,0.8825313067770484,0.8873363099227394,0.8836121196734977,-0.0037241902492416434,0.8227834262599759,0.7877992784519514,0.797100842096443,0.8204784448447777,0.004974729992672344,0.23766298137159067,-0.002358353139550795,0.06522195363254965,True,True,True,0.2259659650308936,True,True,True,True,False
exp1_cs1.00,"MIMIC race, cell_scale 1.00",revision/EXP-1/runs,rev1__cs1.00__densenet121__seed42__pr0.75,densenet121,42,0.75,pleural_effusion,BLACK_OR_AA,sens0.80,0.8000430941607413,0.8331563036195767,0.2294921875,WHITE,1295,6993,0.2694980694980695,0.4548262548262548,0.18532818532818535,0.25369978858350956,0.887230566574196,0.877556576784376,7852,26023,0.19281711665817627,0.2033876719307183,0.010570555272542026,0.013095613758283367,0.8848722134346452,0.8825313067770484,0.8873363099227394,0.8836121196734977,-0.0037241902492416434,0.7963266644801574,0.7610145402864327,0.8183836775734216,0.8364405714525116,0.004974729992672344,0.25143858289553656,-0.002358353139550795,0.07668095283989321,True,True,True,0.2406041748252262,True,True,True,True,False
exp1_cs1.00,"MIMIC race, cell_scale 1.00",revision/EXP-1/runs,rev1__cs1.00__densenet121__seed42__pr0.75,densenet121,42,0.75,pleural_effusion,BLACK_OR_AA,spec0.90,0.6793794440853265,0.8999101233760928,0.3662109375,WHITE,1295,6993,0.42316602316602314,0.6108108108108108,0.18764478764478765,0.3253012048192771,0.887230566574196,0.877556576784376,7852,26023,0.31800815078960776,0.31940906775343864,0.0014009169638308783,0.0020541549953314764,0.8848722134346452,0.8825313067770484,0.8873363099227394,0.8836121196734977,-0.0037241902492416434,0.667103968514267,0.6393353011916475,0.8922451715614396,0.8955130085047551,0.004974729992672344,0.29140174305737215,-0.002358353139550795,0.10515787237641538,True,True,True,0.32324704982394564,True,True,True,True,True
exp1_cs1.00,"MIMIC race, cell_scale 1.00",revision/EXP-1/runs,rev1__cs1.00__densenet121__seed42__pr1.0,densenet121,42,1.0,pleural_effusion,BLACK_OR_AA,t0.5,0.5546218487394958,0.9423155486559359,0.5,WHITE,1295,6993,0.5544401544401545,0.5822393822393822,0.02779922779922772,0.062391681109185276,0.887230566574196,0.8669779818428467,7852,26023,0.4602649006622517,0.33876719307182884,-0.12149770759042283,-0.2251061821613969,0.8848722134346452,0.882390283617122,0.8873363099227394,0.8814400175426396,-0.00589629238009981,0.5264020990488685,0.6267628730731387,0.9367799237504714,0.9057354727889732,0.015412301774275328,0.24347218916755337,-0.002358353139550795,0.09417525377790281,False,True,True,0.2874978632705822,False,False,False,False,False
exp1_cs1.00,"MIMIC race, cell_scale 1.00",revision/EXP-1/runs,rev1__cs1.00__densenet121__seed42__pr1.0,densenet121,42,1.0,pleural_effusion,BLACK_OR_AA,youden_j,0.8276233570351217,0.8120761500122559,0.2001953125,WHITE,1295,6993,0.2332046332046332,0.32664092664092664,0.09343629343629345,0.12185297079556899,0.887230566574196,0.8669779818428467,7852,26023,0.16798267957208354,0.1360163015792155,-0.031966377992868056,-0.038420327567733045,0.8848722134346452,0.882390283617122,0.8873363099227394,0.8814400175426396,-0.00589629238009981,0.8227834262599759,0.8369957363069859,0.797100842096443,0.7673551468431857,0.015412301774275328,0.19062462506171116,-0.002358353139550795,0.06522195363254965,False,True,True,0.16027329836330204,False,True,False,False,False
exp1_cs1.00,"MIMIC race, cell_scale 1.00",revision/EXP-1/runs,rev1__cs1.00__densenet121__seed42__pr1.0,densenet121,42,1.0,pleural_effusion,BLACK_OR_AA,sens0.80,0.8000430941607413,0.8331563036195767,0.2294921875,WHITE,1295,6993,0.2694980694980695,0.3644787644787645,0.094980694980695,0.13002114164904865,0.887230566574196,0.8669779818428467,7852,26023,0.19281711665817627,0.15308201732042792,-0.03973509933774835,-0.04922688545282424,0.8848722134346452,0.882390283617122,0.8873363099227394,0.8814400175426396,-0.00589629238009981,0.7963266644801574,0.8169891767792719,0.8183836775734216,0.7882609242113201,0.015412301774275328,0.21139674715833656,-0.002358353139550795,0.07668095283989321,False,True,True,0.1792480271018729,False,True,False,False,False
exp1_cs1.00,"MIMIC race, cell_scale 1.00",revision/EXP-1/runs,rev1__cs1.00__densenet121__seed42__pr1.0,densenet121,42,1.0,pleural_effusion,BLACK_OR_AA,spec0.90,0.6793794440853265,0.8999101233760928,0.3662109375,WHITE,1295,6993,0.42316602316602314,0.48416988416988416,0.061003861003861015,0.10575635876840697,0.887230566574196,0.8669779818428467,7852,26023,0.31800815078960776,0.24197656647987772,-0.07603158430973003,-0.11148459383753506,0.8848722134346452,0.882390283617122,0.8873363099227394,0.8814400175426396,-0.00589629238009981,0.667103968514267,0.7237345577785066,0.8922451715614396,0.8609074531819515,0.015412301774275328,0.24219331769000643,-0.002358353139550795,0.10515787237641538,False,True,True,0.21724095260594203,False,True,False,False,False
exp1_cs1.00,"MIMIC race, cell_scale 1.00",revision/EXP-1/runs,rev1__cs1.00__densenet121__seed123__pr0.0,densenet121,123,0.0,pleural_effusion,BLACK_OR_AA,t0.5,0.5854341736694678,0.9315303537870742,0.5,WHITE,1295,6993,0.5328185328185329,0.5328185328185329,0.0,0.0,0.8930432136995843,0.8930432136995843,7852,26023,0.40511971472236374,0.40511971472236374,0.0,0.0,0.8866104898130128,0.8866104898130128,0.8900066813159763,0.8900066813159763,0.0,0.5768011369848037,0.5768011369848037,0.9244626921948972,0.9244626921948972,-0.0064327238865714564,0.12769881809616912,-0.0064327238865714564,0.12769881809616912,False,False,True,0.0,False,False,False,False,False
exp1_cs1.00,"MIMIC race, cell_scale 1.00",revision/EXP-1/runs,rev1__cs1.00__densenet121__seed123__pr0.0,densenet121,123,0.0,pleural_effusion,BLACK_OR_AA,youden_j,0.8599439775910365,0.7858485170357056,0.2210693359375,WHITE,1295,6993,0.19768339768339768,0.19768339768339768,0.0,0.0,0.8930432136995843,0.8930432136995843,7852,26023,0.14149261334691798,0.14149261334691798,0.0,0.0,0.8866104898130128,0.8866104898130128,0.8900066813159763,0.8900066813159763,0.0,0.8505520935825954,0.8505520935825954,0.7725920650215761,0.7725920650215761,-0.0064327238865714564,0.0561907843364797,-0.0064327238865714564,0.0561907843364797,False,False,True,0.0,False,False,False,False,False
exp1_cs1.00,"MIMIC race, cell_scale 1.00",revision/EXP-1/runs,rev1__cs1.00__densenet121__seed123__pr0.0,densenet121,123,0.0,pleural_effusion,BLACK_OR_AA,sens0.80,0.8002585649644474,0.8335648337282457,0.287841796875,WHITE,1295,6993,0.27644787644787644,0.27644787644787644,0.0,0.0,0.8930432136995843,0.8930432136995843,7852,26023,0.1931991849210392,0.1931991849210392,0.0,0.0,0.8866104898130128,0.8866104898130128,0.8900066813159763,0.8900066813159763,0.0,0.7950147589373565,0.7950147589373565,0.8248355607691985,0.8248355607691985,-0.0064327238865714564,0.08324869152683723,-0.0064327238865714564,0.08324869152683723,False,False,True,0.0,False,False,False,False,False
exp1_cs1.00,"MIMIC race, cell_scale 1.00",revision/EXP-1/runs,rev1__cs1.00__densenet121__seed123__pr0.0,densenet121,123,0.0,pleural_effusion,BLACK_OR_AA,spec0.90,0.6785175608705021,0.8999101233760928,0.416259765625,WHITE,1295,6993,0.43397683397683395,0.43397683397683395,0.0,0.0,0.8930432136995843,0.8930432136995843,7852,26023,0.31584309730005095,0.31584309730005095,0.0,0.0,0.8866104898130128,0.8866104898130128,0.8900066813159763,0.8900066813159763,0.0,0.6674319448999672,0.6674319448999672,0.8937534039968159,0.8937534039968159,-0.0064327238865714564,0.11813373667678301,-0.0064327238865714564,0.11813373667678301,False,False,True,0.0,False,False,False,False,False
exp1_cs1.00,"MIMIC race, cell_scale 1.00",revision/EXP-1/runs,rev1__cs1.00__densenet121__seed123__pr0.5,densenet121,123,0.5,pleural_effusion,BLACK_OR_AA,t0.5,0.5854341736694678,0.9315303537870742,0.5,WHITE,1295,6993,0.5328185328185329,0.6864864864864865,0.1536679536679536,0.32892561983471064,0.8930432136995843,0.8850602595776341,7852,26023,0.40511971472236374,0.43071828833418235,0.02559857361181861,0.043031470777135455,0.8866104898130128,0.8847881959837423,0.8900066813159763,0.8869968486153532,-0.0030098327006230496,0.5768011369848037,0.5330709522247732,0.9244626921948972,0.9350203192425321,-0.0002720635938918692,0.2557681981523041,-0.0064327238865714564,0.12769881809616912,True,True,True,0.28589414905757515,True,True,True,True,True
exp1_cs1.00,"MIMIC race, cell_scale 1.00",revision/EXP-1/runs,rev1__cs1.00__densenet121__seed123__pr0.5,densenet121,123,0.5,pleural_effusion,BLACK_OR_AA,youden_j,0.8599439775910365,0.7858485170357056,0.2210693359375,WHITE,1295,6993,0.19768339768339768,0.33436293436293435,0.13667953667953667,0.17035611164581327,0.8930432136995843,0.8850602595776341,7852,26023,0.14149261334691798,0.16161487519103412,0.02012226184411614,0.023438658952677636,0.8866104898130128,0.8847881959837423,0.8900066813159763,0.8869968486153532,-0.0030098327006230496,0.8505520935825954,0.8139280638460697,0.7725920650215761,0.802505341656542,-0.0002720635938918692,0.17274805917190023,-0.0064327238865714564,0.0561907843364797,False,True,True,0.14691745269313564,False,True,True,False,False
exp1_cs1.00,"MIMIC race, cell_scale 1.00",revision/EXP-1/runs,rev1__cs1.00__densenet121__seed123__pr0.5,densenet121,123,0.5,pleural_effusion,BLACK_OR_AA,sens0.80,0.8002585649644474,0.8335648337282457,0.287841796875,WHITE,1295,6993,0.27644787644787644,0.42934362934362935,0.1528957528957529,0.2113127001067236,0.8930432136995843,0.8850602595776341,7852,26023,0.1931991849210392,0.21701477330616403,0.02381558838512482,0.029518547750591963,0.8866104898130128,0.8847881959837423,0.8900066813159763,0.8869968486153532,-0.0030098327006230496,0.7950147589373565,0.752924456105827,0.8248355607691985,0.8466211403913025,-0.0002720635938918692,0.21232885603746532,-0.0064327238865714564,0.08324869152683723,True,True,True,0.18179415235613164,True,True,True,True,False
exp1_cs1.00,"MIMIC race, cell_scale 1.00",revision/EXP-1/runs,rev1__cs1.00__densenet121__seed123__pr0.5,densenet121,123,0.5,pleural_effusion,BLACK_OR_AA,spec0.90,0.6785175608705021,0.8999101233760928,0.416259765625,WHITE,1295,6993,0.43397683397683395,0.5938223938223938,0.15984555984555981,0.2824010914051841,0.8930432136995843,0.8850602595776341,7852,26023,0.31584309730005095,0.3415690269994906,0.025725929699439654,0.03760238272524203,0.8866104898130128,0.8847881959837423,0.8900066813159763,0.8869968486153532,-0.0030098327006230496,0.6674319448999672,0.622717830982836,0.8937534039968159,0.9085424609325904,-0.0002720635938918692,0.25225336682290317,-0.0064327238865714564,0.11813373667678301,True,True,True,0.24479870867994208,True,True,True,True,False
exp1_cs1.00,"MIMIC race, cell_scale 1.00",revision/EXP-1/runs,rev1__cs1.00__densenet121__seed123__pr0.75,densenet121,123,0.75,pleural_effusion,BLACK_OR_AA,t0.5,0.5854341736694678,0.9315303537870742,0.5,WHITE,1295,6993,0.5328185328185329,0.6772200772200773,0.1444015444015444,0.30909090909090914,0.8930432136995843,0.8762380216048169,7852,26023,0.40511971472236374,0.3936576668364748,-0.011462047885888949,-0.019267822736030834,0.8866104898130128,0.8832257061902418,0.8900066813159763,0.8842779039042793,-0.0057287774116969725,0.5768011369848037,0.5661965671804964,0.9244626921948972,0.9232058318320835,0.006987684585424869,0.28356241038360247,-0.0064327238865714564,0.12769881809616912,True,True,True,0.32835873182694,True,True,True,True,True
exp1_cs1.00,"MIMIC race, cell_scale 1.00",revision/EXP-1/runs,rev1__cs1.00__densenet121__seed123__pr0.75,densenet121,123,0.75,pleural_effusion,BLACK_OR_AA,youden_j,0.8599439775910365,0.7858485170357056,0.2210693359375,WHITE,1295,6993,0.19768339768339768,0.29343629343629346,0.09575289575289578,0.11934552454282968,0.8930432136995843,0.8762380216048169,7852,26023,0.14149261334691798,0.13448802852776362,-0.007004584819154364,-0.008159026850615645,0.8866104898130128,0.8832257061902418,0.8900066813159763,0.8842779039042793,-0.0057287774116969725,0.8505520935825954,0.8430086367114901,0.7725920650215761,0.7698688675688131,0.006987684585424869,0.15894826490852984,-0.0064327238865714564,0.0561907843364797,False,True,True,0.12750455139344533,False,True,False,False,False
exp1_cs1.00,"MIMIC race, cell_scale 1.00",revision/EXP-1/runs,rev1__cs1.00__densenet121__seed123__pr0.75,densenet121,123,0.75,pleural_effusion,BLACK_OR_AA,sens0.80,0.8002585649644474,0.8335648337282457,0.287841796875,WHITE,1295,6993,0.27644787644787644,0.38687258687258685,0.11042471042471041,0.15261472785485589,0.8930432136995843,0.8762380216048169,7852,26023,0.1931991849210392,0.17766174223127865,-0.015537442689760567,-0.019258089976322015,0.8866104898130128,0.8832257061902418,0.8900066813159763,0.8842779039042793,-0.0057287774116969725,0.7950147589373565,0.7927189242374549,0.8248355607691985,0.8186350496459843,0.006987684585424869,0.2092108446413082,-0.0064327238865714564,0.08324869152683723,False,True,True,0.17187281783117792,False,True,True,False,False
exp1_cs1.00,"MIMIC race, cell_scale 1.00",revision/EXP-1/runs,rev1__cs1.00__densenet121__seed123__pr0.75,densenet121,123,0.75,pleural_effusion,BLACK_OR_AA,spec0.90,0.6785175608705021,0.8999101233760928,0.416259765625,WHITE,1295,6993,0.43397683397683395,0.5621621621621622,0.12818532818532824,0.22646657571623474,0.8930432136995843,0.8762380216048169,7852,26023,0.31584309730005095,0.2967396841569027,-0.01910341314314823,-0.027922561429635128,0.8866104898130128,0.8832257061902418,0.8900066813159763,0.8842779039042793,-0.0057287774116969725,0.6674319448999672,0.665682737509566,0.8937534039968159,0.8877204742553102,0.006987684585424869,0.2654224780052595,-0.0064327238865714564,0.11813373667678301,True,True,True,0.25438913714586986,True,True,True,True,False
exp1_cs1.00,"MIMIC race, cell_scale 1.00",revision/EXP-1/runs,rev1__cs1.00__densenet121__seed123__pr1.0,densenet121,123,1.0,pleural_effusion,BLACK_OR_AA,t0.5,0.5854341736694678,0.9315303537870742,0.5,WHITE,1295,6993,0.5328185328185329,0.7698841698841699,0.237065637065637,0.5074380165289255,0.8930432136995843,0.8411566884539857,7852,26023,0.40511971472236374,0.4528782475802343,0.04775853285787057,0.08028259473346173,0.8866104898130128,0.8826588135529025,0.8900066813159763,0.8772590205449011,-0.012747660771075142,0.5768011369848037,0.5022411719689516,0.9244626921948972,0.9386233189492648,0.04150212509891682,0.31700592230393554,-0.0064327238865714564,0.12769881809616912,True,True,True,0.4271554217954638,True,True,True,True,True
exp1_cs1.00,"MIMIC race, cell_scale 1.00",revision/EXP-1/runs,rev1__cs1.00__densenet121__seed123__pr1.0,densenet121,123,1.0,pleural_effusion,BLACK_OR_AA,youden_j,0.8599439775910365,0.7858485170357056,0.2210693359375,WHITE,1295,6993,0.19768339768339768,0.47644787644787645,0.27876447876447874,0.3474494706448508,0.8930432136995843,0.8411566884539857,7852,26023,0.14149261334691798,0.17664289353031074,0.03515028018339275,0.040943480195816624,0.8866104898130128,0.8826588135529025,0.8900066813159763,0.8772590205449011,-0.012747660771075142,0.8505520935825954,0.7809117743522467,0.7725920650215761,0.8158699568477942,0.04150212509891682,0.29980498291756574,-0.0064327238865714564,0.0561907843364797,True,True,True,0.3065059904490342,True,True,True,True,True
exp1_cs1.00,"MIMIC race, cell_scale 1.00",revision/EXP-1/runs,rev1__cs1.00__densenet121__seed123__pr1.0,densenet121,123,1.0,pleural_effusion,BLACK_OR_AA,sens0.80,0.8002585649644474,0.8335648337282457,0.287841796875,WHITE,1295,6993,0.27644787644787644,0.5498069498069498,0.27335907335907333,0.3778014941302027,0.8930432136995843,0.8411566884539857,7852,26023,0.1931991849210392,0.23000509424350485,0.036805909322465635,0.045619573796369405,0.8866104898130128,0.8826588135529025,0.8900066813159763,0.8772590205449011,-0.012747660771075142,0.7950147589373565,0.7247184869356073,0.8248355607691985,0.8570530814026561,0.04150212509891682,0.3198018555634449,-0.0064327238865714564,0.08324869152683723,True,True,True,0.3321819203338333,True,True,True,True,True
exp1_cs1.00,"MIMIC race, cell_scale 1.00",revision/EXP-1/runs,rev1__cs1.00__densenet121__seed123__pr1.0,densenet121,123,1.0,pleural_effusion,BLACK_OR_AA,spec0.90,0.6785175608705021,0.8999101233760928,0.416259765625,WHITE,1295,6993,0.43397683397683395,0.6903474903474903,0.25637065637065637,0.45293315143246926,0.8930432136995843,0.8411566884539857,7852,26023,0.31584309730005095,0.35914416709118696,0.043301069791136015,0.06329113924050633,0.8866104898130128,0.8826588135529025,0.8900066813159763,0.8772590205449011,-0.012747660771075142,0.6674319448999672,0.5939652345031158,0.8937534039968159,0.9105534375130923,0.04150212509891682,0.33120332325630336,-0.0064327238865714564,0.11813373667678301,True,True,True,0.3896420121919629,True,True,True,True,True
isic_source,ISIC acquisition source,phase5_isic_source,phase5_isic_source__unmatched__densenet121__seed7__pr0.0,densenet121,7,0.0,melanoma,BCN,t0.5,0.7242582897033158,0.9118889559444779,0.5,HAM,321,980,0.24922118380062305,0.24922118380062305,0.0,0.0,0.9026987931303447,0.9026987931303447,202,1201,0.32673267326732675,0.32673267326732675,0.0,0.0,0.929005738411679,0.929005738411679,0.9197292459988884,0.9197292459988884,0.0,0.7208413001912046,0.7208413001912046,0.928226779252111,0.928226779252111,0.02630694528133426,-0.07751148946670369,0.02630694528133426,-0.07751148946670369,False,False,True,0.0,False,False,False,False,False
isic_source,ISIC acquisition source,phase5_isic_source,phase5_isic_source__unmatched__densenet121__seed7__pr0.0,densenet121,7,0.0,melanoma,BCN,youden_j,0.8237347294938918,0.8370549185274593,0.294189453125,HAM,321,980,0.14018691588785046,0.14018691588785046,0.0,0.0,0.9026987931303447,0.9026987931303447,202,1201,0.2524752475247525,0.2524752475247525,0.0,0.0,0.929005738411679,0.929005738411679,0.9197292459988884,0.9197292459988884,0.0,0.8164435946462715,0.8164435946462715,0.8425814234016887,0.8425814234016887,0.02630694528133426,-0.11228833163690202,0.02630694528133426,-0.11228833163690202,False,False,True,0.0,False,False,False,False,False
isic_source,ISIC acquisition source,phase5_isic_source,phase5_isic_source__unmatched__densenet121__seed7__pr0.0,densenet121,7,0.0,melanoma,BCN,sens0.80,0.7993019197207679,0.8557634278817139,0.34326171875,HAM,321,980,0.16199376947040497,0.16199376947040497,0.0,0.0,0.9026987931303447,0.9026987931303447,202,1201,0.28217821782178215,0.28217821782178215,0.0,0.0,0.929005738411679,0.929005738411679,0.9197292459988884,0.9197292459988884,0.0,0.7915869980879541,0.7915869980879541,0.8642943305186972,0.8642943305186972,0.02630694528133426,-0.12018444835137718,0.02630694528133426,-0.12018444835137718,False,False,True,0.0,False,False,False,False,False
isic_source,ISIC acquisition source,phase5_isic_source,phase5_isic_source__unmatched__densenet121__seed7__pr0.0,densenet121,7,0.0,melanoma,BCN,spec0.90,0.7539267015706806,0.899818949909475,0.4676269590854645,HAM,321,980,0.2367601246105919,0.2367601246105919,0.0,0.0,0.9026987931303447,0.9026987931303447,202,1201,0.31683168316831684,0.31683168316831684,0.0,0.0,0.929005738411679,0.929005738411679,0.9197292459988884,0.9197292459988884,0.0,0.7323135755258127,0.7323135755258127,0.9191797346200241,0.9191797346200241,0.02630694528133426,-0.08007155855772494,0.02630694528133426,-0.08007155855772494,False,False,True,0.0,False,False,False,False,False
isic_source,ISIC acquisition source,phase5_isic_source,phase5_isic_source__unmatched__densenet121__seed7__pr0.5,densenet121,7,0.5,melanoma,BCN,t0.5,0.7242582897033158,0.9118889559444779,0.5,HAM,321,980,0.24922118380062305,0.6728971962616822,0.4236760124610591,0.5643153526970953,0.9026987931303447,0.871394872813051,202,1201,0.32673267326732675,0.35148514851485146,0.02475247524752472,0.036764705882352894,0.929005738411679,0.933971099812684,0.9197292459988884,0.9031545297497272,-0.01657471624916118,0.7208413001912046,0.45124282982791586,0.928226779252111,0.9668275030156815,0.06257622699963306,0.32141204774683074,0.02630694528133426,-0.07751148946670369,True,True,True,0.5275506468147424,True,True,True,True,True
isic_source,ISIC acquisition source,phase5_isic_source,phase5_isic_source__unmatched__densenet121__seed7__pr0.5,densenet121,7,0.5,melanoma,BCN,youden_j,0.8237347294938918,0.8370549185274593,0.294189453125,HAM,321,980,0.14018691588785046,0.3333333333333333,0.19314641744548286,0.2246376811594203,0.9026987931303447,0.871394872813051,202,1201,0.2524752475247525,0.21782178217821782,-0.034653465346534656,-0.046357615894039736,0.929005738411679,0.933971099812684,0.9197292459988884,0.9031545297497272,-0.01657471624916118,0.8164435946462715,0.7112810707456979,0.8425814234016887,0.9077201447527141,0.06257622699963306,0.1155115511551155,0.02630694528133426,-0.11228833163690202,True,True,True,0.27099529705346004,True,True,True,True,False
isic_source,ISIC acquisition source,phase5_isic_source,phase5_isic_source__unmatched__densenet121__seed7__pr0.5,densenet121,7,0.5,melanoma,BCN,sens0.80,0.7993019197207679,0.8557634278817139,0.34326171875,HAM,321,980,0.16199376947040497,0.411214953271028,0.24922118380062305,0.29739776951672864,0.9026987931303447,0.871394872813051,202,1201,0.28217821782178215,0.25742574257425743,-0.02475247524752472,-0.03448275862068961,0.929005738411679,0.933971099812684,0.9197292459988884,0.9031545297497272,-0.01657471624916118,0.7915869980879541,0.6481835564053537,0.8642943305186972,0.9258142340168878,0.06257622699963306,0.1537892106967706,0.02630694528133426,-0.12018444835137718,True,True,True,0.33188052813741825,True,True,True,True,False
isic_source,ISIC acquisition source,phase5_isic_source,phase5_isic_source__unmatched__densenet121__seed7__pr0.5,densenet121,7,0.5,melanoma,BCN,spec0.90,0.7539267015706806,0.899818949909475,0.4676269590854645,HAM,321,980,0.2367601246105919,0.6230529595015576,0.38629283489096566,0.5061224489795918,0.9026987931303447,0.871394872813051,202,1201,0.31683168316831684,0.33663366336633666,0.01980198019801982,0.02898550724637684,0.929005738411679,0.933971099812684,0.9197292459988884,0.9031545297497272,-0.01657471624916118,0.7323135755258127,0.4875717017208413,0.9191797346200241,0.9632086851628469,0.06257622699963306,0.28641929613522094,0.02630694528133426,-0.08007155855772494,True,True,True,0.47713694173321497,True,True,True,True,True
isic_source,ISIC acquisition source,phase5_isic_source,phase5_isic_source__unmatched__densenet121__seed7__pr0.75,densenet121,7,0.75,melanoma,BCN,t0.5,0.7242582897033158,0.9118889559444779,0.5,HAM,321,980,0.24922118380062305,0.9595015576323987,0.7102803738317757,0.946058091286307,0.9026987931303447,0.878190310061029,202,1201,0.32673267326732675,0.5643564356435643,0.23762376237623756,0.35294117647058815,0.929005738411679,0.9363868819314365,0.9197292459988884,0.9000719611963088,-0.019657284802579555,0.7208413001912046,0.1931166347992352,0.928226779252111,0.9909529553679132,0.0581965718704075,0.39514512198883445,0.02630694528133426,-0.07751148946670369,True,True,True,0.5931169148157189,True,True,True,True,True
isic_source,ISIC acquisition source,phase5_isic_source,phase5_isic_source__unmatched__densenet121__seed7__pr0.75,densenet121,7,0.75,melanoma,BCN,youden_j,0.8237347294938918,0.8370549185274593,0.294189453125,HAM,321,980,0.14018691588785046,0.8473520249221184,0.7071651090342679,0.822463768115942,0.9026987931303447,0.878190310061029,202,1201,0.2524752475247525,0.37623762376237624,0.12376237623762376,0.16556291390728478,0.929005738411679,0.9363868819314365,0.9197292459988884,0.9000719611963088,-0.019657284802579555,0.8164435946462715,0.33460803059273425,0.8425814234016887,0.971049457177322,0.0581965718704075,0.4711144011597421,0.02630694528133426,-0.11228833163690202,True,True,True,0.6569008542086572,True,True,True,True,True
isic_source,ISIC acquisition source,phase5_isic_source,phase5_isic_source__unmatched__densenet121__seed7__pr0.75,densenet121,7,0.75,melanoma,BCN,sens0.80,0.7993019197207679,0.8557634278817139,0.34326171875,HAM,321,980,0.16199376947040497,0.9065420560747663,0.7445482866043613,0.8884758364312267,0.9026987931303447,0.878190310061029,202,1201,0.28217821782178215,0.43564356435643564,0.1534653465346535,0.2137931034482759,0.929005738411679,0.9363868819314365,0.9197292459988884,0.9000719611963088,-0.019657284802579555,0.7915869980879541,0.27533460803059273,0.8642943305186972,0.97708082026538,0.0581965718704075,0.4708984917183307,0.02630694528133426,-0.12018444835137718,True,True,True,0.6746827329829508,True,True,True,True,True
isic_source,ISIC acquisition source,phase5_isic_source,phase5_isic_source__unmatched__densenet121__seed7__pr0.75,densenet121,7,0.75,melanoma,BCN,spec0.90,0.7539267015706806,0.899818949909475,0.4676269590854645,HAM,321,980,0.2367601246105919,0.9532710280373832,0.7165109034267912,0.9387755102040817,0.9026987931303447,0.878190310061029,202,1201,0.31683168316831684,0.5396039603960396,0.2227722772277228,0.3260869565217392,0.929005738411679,0.9363868819314365,0.9197292459988884,0.9000719611963088,-0.019657284802579555,0.7323135755258127,0.20650095602294455,0.9191797346200241,0.9897466827503015,0.0581965718704075,0.41366706764134353,0.02630694528133426,-0.08007155855772494,True,True,True,0.6126885536823425,True,True,True,True,True
isic_source,ISIC acquisition source,phase5_isic_source,phase5_isic_source__unmatched__densenet121__seed7__pr1.0,densenet121,7,1.0,melanoma,BCN,t0.5,0.7242582897033158,0.9118889559444779,0.5,HAM,321,980,0.24922118380062305,0.9937694704049844,0.7445482866043613,0.991701244813278,0.9026987931303447,0.641392367364883,202,1201,0.32673267326732675,0.400990099009901,0.07425742574257427,0.11029411764705885,0.929005738411679,0.9202494573781701,0.9197292459988884,0.7350570961350841,-0.1846721498638043,0.7208413001912046,0.23518164435946462,0.928226779252111,0.9776839565741857,0.27885709001328707,0.5927793713950834,0.02630694528133426,-0.07751148946670369,True,True,False,0.8814071271662192,False,False,False,False,False
isic_source,ISIC acquisition source,phase5_isic_source,phase5_isic_source__unmatched__densenet121__seed7__pr1.0,densenet121,7,1.0,melanoma,BCN,youden_j,0.8237347294938918,0.8370549185274593,0.294189453125,HAM,321,980,0.14018691588785046,0.9844236760124611,0.8442367601246106,0.9818840579710145,0.9026987931303447,0.641392367364883,202,1201,0.2524752475247525,0.3465346534653465,0.09405940594059403,0.1258278145695364,0.929005738411679,0.9202494573781701,0.9197292459988884,0.7350570961350841,-0.1846721498638043,0.8164435946462715,0.26195028680688337,0.8425814234016887,0.9680337756332931,0.27885709001328707,0.6378890225471145,0.02630694528133426,-0.11228833163690202,True,True,False,0.8560562434014781,False,False,False,False,False
isic_source,ISIC acquisition source,phase5_isic_source,phase5_isic_source__unmatched__densenet121__seed7__pr1.0,densenet121,7,1.0,melanoma,BCN,sens0.80,0.7993019197207679,0.8557634278817139,0.34326171875,HAM,321,980,0.16199376947040497,0.9875389408099688,0.8255451713395638,0.9851301115241635,0.9026987931303447,0.641392367364883,202,1201,0.28217821782178215,0.3613861386138614,0.07920792079207922,0.11034482758620692,0.929005738411679,0.9202494573781701,0.9197292459988884,0.7350570961350841,-0.1846721498638043,0.7915869980879541,0.25430210325047803,0.8642943305186972,0.9698431845597105,0.27885709001328707,0.6261528021961075,0.02630694528133426,-0.12018444835137718,True,True,False,0.8747852839379566,False,False,False,False,False
isic_source,ISIC acquisition source,phase5_isic_source,phase5_isic_source__unmatched__densenet121__seed7__pr1.0,densenet121,7,1.0,melanoma,BCN,spec0.90,0.7539267015706806,0.899818949909475,0.4676269590854645,HAM,321,980,0.2367601246105919,0.9937694704049844,0.7570093457943925,0.9918367346938776,0.9026987931303447,0.641392367364883,202,1201,0.31683168316831684,0.39603960396039606,0.07920792079207922,0.11594202898550728,0.929005738411679,0.9202494573781701,0.9197292459988884,0.7350570961350841,-0.1846721498638043,0.7323135755258127,0.23709369024856597,0.9191797346200241,0.9764776839565742,0.27885709001328707,0.5977298664445884,0.02630694528133426,-0.08007155855772494,True,True,False,0.8758947057083702,False,False,False,False,False
isic_source,ISIC acquisition source,phase5_isic_source,phase5_isic_source__unmatched__densenet121__seed42__pr0.0,densenet121,42,0.0,melanoma,BCN,t0.5,0.7609075043630017,0.8955944477972239,0.5,HAM,321,980,0.19626168224299065,0.19626168224299065,0.0,0.0,0.8919111842260765,0.8919111842260765,202,1201,0.3069306930693069,0.3069306930693069,0.0,0.0,0.9293823526496794,0.9293823526496794,0.9146239220235858,0.9146239220235858,0.0,0.7609942638623327,0.7609942638623327,0.9107358262967431,0.9107358262967431,0.037471168423602874,-0.11066901082631628,0.037471168423602874,-0.11066901082631628,False,False,True,0.0,False,False,False,False,False
isic_source,ISIC acquisition source,phase5_isic_source,phase5_isic_source__unmatched__densenet121__seed42__pr0.0,densenet121,42,0.0,melanoma,BCN,youden_j,0.8446771378708552,0.8298129149064575,0.140869140625,HAM,321,980,0.13395638629283488,0.13395638629283488,0.0,0.0,0.8919111842260765,0.8919111842260765,202,1201,0.2079207920792079,0.2079207920792079,0.0,0.0,0.9293823526496794,0.9293823526496794,0.9146239220235858,0.9146239220235858,0.0,0.8374760994263862,0.8374760994263862,0.8443908323281062,0.8443908323281062,0.037471168423602874,-0.07396440578637303,0.037471168423602874,-0.07396440578637303,False,False,True,0.0,False,False,False,False,False
isic_source,ISIC acquisition source,phase5_isic_source,phase5_isic_source__unmatched__densenet121__seed42__pr0.0,densenet121,42,0.0,melanoma,BCN,sens0.80,0.7993019197207679,0.8636089318044659,0.28618162870407104,HAM,321,980,0.1526479750778816,0.1526479750778816,0.0,0.0,0.8919111842260765,0.8919111842260765,202,1201,0.24752475247524752,0.24752475247524752,0.0,0.0,0.9293823526496794,0.9293823526496794,0.9146239220235858,0.9146239220235858,0.0,0.8107074569789675,0.8107074569789675,0.8745476477683957,0.8745476477683957,0.037471168423602874,-0.09487677739736591,0.037471168423602874,-0.09487677739736591,False,False,True,0.0,False,False,False,False,False
isic_source,ISIC acquisition source,phase5_isic_source,phase5_isic_source__unmatched__densenet121__seed42__pr0.0,densenet121,42,0.0,melanoma,BCN,spec0.90,0.7591623036649214,0.899818949909475,0.522656261920929,HAM,321,980,0.205607476635514,0.205607476635514,0.0,0.0,0.8919111842260765,0.8919111842260765,202,1201,0.31683168316831684,0.31683168316831684,0.0,0.0,0.9293823526496794,0.9293823526496794,0.9146239220235858,0.9146239220235858,0.0,0.751434034416826,0.751434034416826,0.9131483715319663,0.9131483715319663,0.037471168423602874,-0.11122420653280282,0.037471168423602874,-0.11122420653280282,False,False,True,0.0,False,False,False,False,False
isic_source,ISIC acquisition source,phase5_isic_source,phase5_isic_source__unmatched__densenet121__seed42__pr0.5,densenet121,42,0.5,melanoma,BCN,t0.5,0.7609075043630017,0.8955944477972239,0.5,HAM,321,980,0.19626168224299065,0.6386292834890965,0.44236760124610586,0.5503875968992248,0.8919111842260765,0.8622027143930906,202,1201,0.3069306930693069,0.4900990099009901,0.18316831683168316,0.2642857142857143,0.9293823526496794,0.9247242291796747,0.9146239220235858,0.8984015157980197,-0.016222406225566033,0.7609942638623327,0.4187380497131931,0.9107358262967431,0.9698431845597105,0.06252151478658408,0.14853027358810644,0.037471168423602874,-0.11066901082631628,True,True,True,0.2861018826135105,True,True,True,True,True
isic_source,ISIC acquisition source,phase5_isic_source,phase5_isic_source__unmatched__densenet121__seed42__pr0.5,densenet121,42,0.5,melanoma,BCN,youden_j,0.8446771378708552,0.8298129149064575,0.140869140625,HAM,321,980,0.13395638629283488,0.1059190031152648,-0.028037383177570083,-0.032374100719424447,0.8919111842260765,0.8622027143930906,202,1201,0.2079207920792079,0.13861386138613863,-0.06930693069306929,-0.08749999999999997,0.9293823526496794,0.9247242291796747,0.9146239220235858,0.8984015157980197,-0.016222406225566033,0.8374760994263862,0.8814531548757171,0.8443908323281062,0.7515078407720145,0.06252151478658408,-0.03269485827087383,0.037471168423602874,-0.07396440578637303,False,True,True,0.05512589928057552,False,False,False,False,False
isic_source,ISIC acquisition source,phase5_isic_source,phase5_isic_source__unmatched__densenet121__seed42__pr0.5,densenet121,42,0.5,melanoma,BCN,sens0.80,0.7993019197207679,0.8636089318044659,0.28618162870407104,HAM,321,980,0.1526479750778816,0.26791277258566976,0.11526479750778815,0.13602941176470587,0.8919111842260765,0.8622027143930906,202,1201,0.24752475247524752,0.24752475247524752,0.0,0.0,0.9293823526496794,0.9247242291796747,0.9146239220235858,0.8984015157980197,-0.016222406225566033,0.8107074569789675,0.739961759082218,0.8745476477683957,0.8884197828709288,0.06252151478658408,0.020388020110422234,0.037471168423602874,-0.09487677739736591,False,True,True,0.13602941176470587,False,True,False,False,False
isic_source,ISIC acquisition source,phase5_isic_source,phase5_isic_source__unmatched__densenet121__seed42__pr0.5,densenet121,42,0.5,melanoma,BCN,spec0.90,0.7591623036649214,0.899818949909475,0.522656261920929,HAM,321,980,0.205607476635514,0.7040498442367601,0.49844236760124605,0.6274509803921569,0.8919111842260765,0.8622027143930906,202,1201,0.31683168316831684,0.5099009900990099,0.19306930693069307,0.28260869565217395,0.9293823526496794,0.9247242291796747,0.9146239220235858,0.8984015157980197,-0.016222406225566033,0.751434034416826,0.37093690248565964,0.9131483715319663,0.974065138721351,0.06252151478658408,0.19414885413775018,0.037471168423602874,-0.11122420653280282,True,True,True,0.3448422847399829,True,True,True,True,True
isic_source,ISIC acquisition source,phase5_isic_source,phase5_isic_source__unmatched__densenet121__seed42__pr0.75,densenet121,42,0.75,melanoma,BCN,t0.5,0.7609075043630017,0.8955944477972239,0.5,HAM,321,980,0.19626168224299065,0.9345794392523364,0.7383177570093458,0.9186046511627907,0.8919111842260765,0.8462458459196649,202,1201,0.3069306930693069,0.4504950495049505,0.14356435643564358,0.20714285714285718,0.9293823526496794,0.919136958740919,0.9146239220235858,0.8732421978609997,-0.04138172416258612,0.7609942638623327,0.25239005736137665,0.9107358262967431,0.9752714113389626,0.07289111282125416,0.48408438974738593,0.037471168423602874,-0.11066901082631628,True,True,False,0.7114617940199335,False,False,False,False,False
isic_source,ISIC acquisition source,phase5_isic_source,phase5_isic_source__unmatched__densenet121__seed42__pr0.75,densenet121,42,0.75,melanoma,BCN,youden_j,0.8446771378708552,0.8298129149064575,0.140869140625,HAM,321,980,0.13395638629283488,0.514018691588785,0.3800623052959501,0.4388489208633093,0.8919111842260765,0.8462458459196649,202,1201,0.2079207920792079,0.24257425742574257,0.034653465346534656,0.043750000000000004,0.9293823526496794,0.919136958740919,0.9146239220235858,0.8732421978609997,-0.04138172416258612,0.8374760994263862,0.5908221797323135,0.8443908323281062,0.9083232810615199,0.07289111282125416,0.2714444341630424,0.037471168423602874,-0.07396440578637303,True,True,False,0.3950989208633093,False,False,False,False,False
isic_source,ISIC acquisition source,phase5_isic_source,phase5_isic_source__unmatched__densenet121__seed42__pr0.75,densenet121,42,0.75,melanoma,BCN,sens0.80,0.7993019197207679,0.8636089318044659,0.28618162870407104,HAM,321,980,0.1526479750778816,0.8099688473520249,0.6573208722741433,0.7757352941176471,0.8919111842260765,0.8462458459196649,202,1201,0.24752475247524752,0.36633663366336633,0.1188118811881188,0.15789473684210525,0.9293823526496794,0.919136958740919,0.9146239220235858,0.8732421978609997,-0.04138172416258612,0.8107074569789675,0.361376673040153,0.8745476477683957,0.9505428226779252,0.07289111282125416,0.44363221368865857,0.037471168423602874,-0.09487677739736591,True,True,False,0.6178405572755419,False,False,False,False,False
isic_source,ISIC acquisition source,phase5_isic_source,phase5_isic_source__unmatched__densenet121__seed42__pr0.75,densenet121,42,0.75,melanoma,BCN,spec0.90,0.7591623036649214,0.899818949909475,0.522656261920929,HAM,321,980,0.205607476635514,0.9470404984423676,0.7414330218068536,0.9333333333333333,0.8919111842260765,0.8462458459196649,202,1201,0.31683168316831684,0.4603960396039604,0.14356435643564358,0.21014492753623193,0.9293823526496794,0.919136958740919,0.9146239220235858,0.8732421978609997,-0.04138172416258612,0.751434034416826,0.24091778202676864,0.9131483715319663,0.9764776839565742,0.07289111282125416,0.4866444588384072,0.037471168423602874,-0.11122420653280282,True,True,False,0.7231884057971014,False,False,False,False,False
isic_source,ISIC acquisition source,phase5_isic_source,phase5_isic_source__unmatched__densenet121__seed42__pr1.0,densenet121,42,1.0,melanoma,BCN,t0.5,0.7609075043630017,0.8955944477972239,0.5,HAM,321,980,0.19626168224299065,0.9844236760124611,0.7881619937694704,0.9806201550387597,0.8919111842260765,0.5234897583897059,202,1201,0.3069306930693069,0.4603960396039604,0.1534653465346535,0.22142857142857147,0.9293823526496794,0.8864805399458866,0.9146239220235858,0.6752664524744734,-0.2393574695491124,0.7609942638623327,0.2179732313575526,0.9107358262967431,0.9794933655006032,0.3629907815561807,0.5240276364085006,0.037471168423602874,-0.11066901082631628,True,True,False,0.7591915836101881,False,False,False,False,False
isic_source,ISIC acquisition source,phase5_isic_source,phase5_isic_source__unmatched__densenet121__seed42__pr1.0,densenet121,42,1.0,melanoma,BCN,youden_j,0.8446771378708552,0.8298129149064575,0.140869140625,HAM,321,980,0.13395638629283488,0.9719626168224299,0.838006230529595,0.9676258992805755,0.8919111842260765,0.5234897583897059,202,1201,0.2079207920792079,0.35148514851485146,0.14356435643564355,0.18124999999999997,0.9293823526496794,0.8864805399458866,0.9146239220235858,0.6752664524744734,-0.2393574695491124,0.8374760994263862,0.2676864244741874,0.8443908323281062,0.9559710494571774,0.3629907815561807,0.6204774683075784,0.037471168423602874,-0.07396440578637303,True,True,False,0.7863758992805756,False,False,False,False,False
isic_source,ISIC acquisition source,phase5_isic_source,phase5_isic_source__unmatched__densenet121__seed42__pr1.0,densenet121,42,1.0,melanoma,BCN,sens0.80,0.7993019197207679,0.8636089318044659,0.28618162870407104,HAM,321,980,0.1526479750778816,0.9781931464174455,0.8255451713395638,0.9742647058823529,0.8919111842260765,0.5234897583897059,202,1201,0.24752475247524752,0.4207920792079208,0.17326732673267325,0.23026315789473684,0.9293823526496794,0.8864805399458866,0.9146239220235858,0.6752664524744734,-0.2393574695491124,0.8107074569789675,0.23709369024856597,0.8745476477683957,0.9722557297949337,0.3629907815561807,0.5574010672095246,0.037471168423602874,-0.09487677739736591,True,True,False,0.7440015479876161,False,False,False,False,False
isic_source,ISIC acquisition source,phase5_isic_source,phase5_isic_source__unmatched__densenet121__seed42__pr1.0,densenet121,42,1.0,melanoma,BCN,spec0.90,0.7591623036649214,0.899818949909475,0.522656261920929,HAM,321,980,0.205607476635514,0.9844236760124611,0.778816199376947,0.9803921568627451,0.8919111842260765,0.5234897583897059,202,1201,0.31683168316831684,0.47029702970297027,0.15346534653465344,0.22463768115942026,0.9293823526496794,0.8864805399458866,0.9146239220235858,0.6752664524744734,-0.2393574695491124,0.751434034416826,0.21414913957934992,0.9131483715319663,0.9800965018094089,0.3629907815561807,0.5141266463094908,0.037471168423602874,-0.11122420653280282,True,True,False,0.7557544757033248,False,False,False,False,False
isic_source,ISIC acquisition source,phase5_isic_source,phase5_isic_source__unmatched__densenet121__seed123__pr0.0,densenet121,123,0.0,melanoma,BCN,t0.5,0.787085514834206,0.8636089318044659,0.5,HAM,321,980,0.17133956386292834,0.17133956386292834,0.0,0.0,0.9085818690643332,0.9085818690643332,202,1201,0.28217821782178215,0.28217821782178215,0.0,0.0,0.9306583811534306,0.9306583811534306,0.9234287895527105,0.9234287895527105,0.0,0.7858508604206501,0.7858508604206501,0.8872135102533173,0.8872135102533173,0.022076512089097333,-0.11083865395885381,0.022076512089097333,-0.11083865395885381,False,False,True,0.0,False,False,False,False,False
isic_source,ISIC acquisition source,phase5_isic_source,phase5_isic_source__unmatched__densenet121__seed123__pr0.0,densenet121,123,0.0,melanoma,BCN,youden_j,0.8429319371727748,0.8189499094749547,0.370849609375,HAM,321,980,0.14330218068535824,0.14330218068535824,0.0,0.0,0.9085818690643332,0.9085818690643332,202,1201,0.2376237623762376,0.2376237623762376,0.0,0.0,0.9306583811534306,0.9306583811534306,0.9234287895527105,0.9234287895527105,0.0,0.8202676864244742,0.8202676864244742,0.8468033775633294,0.8468033775633294,0.022076512089097333,-0.09432158169087937,0.022076512089097333,-0.09432158169087937,False,False,True,0.0,False,False,False,False,False
isic_source,ISIC acquisition source,phase5_isic_source,phase5_isic_source__unmatched__densenet121__seed123__pr0.0,densenet121,123,0.0,melanoma,BCN,sens0.80,0.7993019197207679,0.8557634278817139,0.48027342557907104,HAM,321,980,0.16510903426791276,0.16510903426791276,0.0,0.0,0.9085818690643332,0.9085818690643332,202,1201,0.2623762376237624,0.2623762376237624,0.0,0.0,0.9306583811534306,0.9306583811534306,0.9234287895527105,0.9234287895527105,0.0,0.7973231357552581,0.7973231357552581,0.8811821471652593,0.8811821471652593,0.022076512089097333,-0.09726720335584962,0.022076512089097333,-0.09726720335584962,False,False,True,0.0,False,False,False,False,False
isic_source,ISIC acquisition source,phase5_isic_source,phase5_isic_source__unmatched__densenet121__seed123__pr0.0,densenet121,123,0.0,melanoma,BCN,spec0.90,0.7486910994764397,0.899818949909475,0.640820324420929,HAM,321,980,0.21806853582554517,0.21806853582554517,0.0,0.0,0.9085818690643332,0.9085818690643332,202,1201,0.3217821782178218,0.3217821782178218,0.0,0.0,0.9306583811534306,0.9306583811534306,0.9234287895527105,0.9234287895527105,0.0,0.7418738049713193,0.7418738049713193,0.9185765983112183,0.9185765983112183,0.022076512089097333,-0.10371364239227662,0.022076512089097333,-0.10371364239227662,False,False,True,0.0,False,False,False,False,False
isic_source,ISIC acquisition source,phase5_isic_source,phase5_isic_source__unmatched__densenet121__seed123__pr0.5,densenet121,123,0.5,melanoma,BCN,t0.5,0.787085514834206,0.8636089318044659,0.5,HAM,321,980,0.17133956386292834,0.470404984423676,0.2990654205607477,0.3609022556390978,0.9085818690643332,0.8820383002661448,202,1201,0.28217821782178215,0.3811881188118812,0.09900990099009904,0.13793103448275867,0.9306583811534306,0.9265379240626765,0.9234287895527105,0.9044963062225677,-0.018932483330142746,0.7858508604206501,0.5640535372848948,0.8872135102533173,0.9559710494571774,0.04449962379653172,0.08921686561179482,0.022076512089097333,-0.11083865395885381,True,True,True,0.2229712211563391,True,True,True,True,True
isic_source,ISIC acquisition source,phase5_isic_source,phase5_isic_source__unmatched__densenet121__seed123__pr0.5,densenet121,123,0.5,melanoma,BCN,youden_j,0.8429319371727748,0.8189499094749547,0.370849609375,HAM,321,980,0.14330218068535824,0.32398753894080995,0.1806853582554517,0.2109090909090909,0.9085818690643332,0.8820383002661448,202,1201,0.2376237623762376,0.31683168316831684,0.07920792079207922,0.10389610389610392,0.9306583811534306,0.9265379240626765,0.9234287895527105,0.9044963062225677,-0.018932483330142746,0.8202676864244742,0.6787762906309751,0.8468033775633294,0.9191797346200241,0.04449962379653172,0.007155855772493114,0.022076512089097333,-0.09432158169087937,True,True,True,0.10701298701298699,True,True,True,True,False
isic_source,ISIC acquisition source,phase5_isic_source,phase5_isic_source__unmatched__densenet121__seed123__pr0.5,densenet121,123,0.5,melanoma,BCN,sens0.80,0.7993019197207679,0.8557634278817139,0.48027342557907104,HAM,321,980,0.16510903426791276,0.4423676012461059,0.2772585669781932,0.33208955223880604,0.9085818690643332,0.8820383002661448,202,1201,0.2623762376237624,0.36633663366336633,0.10396039603960394,0.1409395973154362,0.9306583811534306,0.9265379240626765,0.9234287895527105,0.9044963062225677,-0.018932483330142746,0.7973231357552581,0.5869980879541109,0.8811821471652593,0.9499396863691194,0.04449962379653172,0.07603096758273958,0.022076512089097333,-0.09726720335584962,True,True,True,0.19114995492336984,True,True,True,True,True
isic_source,ISIC acquisition source,phase5_isic_source,phase5_isic_source__unmatched__densenet121__seed123__pr0.5,densenet121,123,0.5,melanoma,BCN,spec0.90,0.7486910994764397,0.899818949909475,0.640820324420929,HAM,321,980,0.21806853582554517,0.6791277258566978,0.4610591900311526,0.5896414342629481,0.9085818690643332,0.8820383002661448,202,1201,0.3217821782178218,0.4405940594059406,0.1188118811881188,0.17518248175182483,0.9306583811534306,0.9265379240626765,0.9234287895527105,0.9044963062225677,-0.018932483330142746,0.7418738049713193,0.4130019120458891,0.9185765983112183,0.9722557297949337,0.04449962379653172,0.2385336664507572,0.022076512089097333,-0.10371364239227662,True,True,True,0.4144589525111233,True,True,True,True,True
isic_source,ISIC acquisition source,phase5_isic_source,phase5_isic_source__unmatched__densenet121__seed123__pr0.75,densenet121,123,0.75,melanoma,BCN,t0.5,0.787085514834206,0.8636089318044659,0.5,HAM,321,980,0.17133956386292834,0.9283489096573209,0.7570093457943925,0.9135338345864662,0.9085818690643332,0.8722292343255854,202,1201,0.28217821782178215,0.4801980198019802,0.19801980198019803,0.2758620689655173,0.9306583811534306,0.9209704754259209,0.9234287895527105,0.8920951087144547,-0.03133368083825572,0.7858508604206501,0.2447418738049713,0.8872135102533173,0.9849215922798552,0.04874124110033551,0.4481508898553407,0.022076512089097333,-0.11083865395885381,True,True,False,0.637671765620949,False,False,False,False,False
isic_source,ISIC acquisition source,phase5_isic_source,phase5_isic_source__unmatched__densenet121__seed123__pr0.75,densenet121,123,0.75,melanoma,BCN,youden_j,0.8429319371727748,0.8189499094749547,0.370849609375,HAM,321,980,0.14330218068535824,0.7975077881619937,0.6542056074766355,0.7636363636363636,0.9085818690643332,0.8722292343255854,202,1201,0.2376237623762376,0.3465346534653465,0.1089108910891089,0.14285714285714285,0.9306583811534306,0.9209704754259209,0.9234287895527105,0.8920951087144547,-0.03133368083825572,0.8202676864244742,0.37667304015296366,0.8468033775633294,0.9722557297949337,0.04874124110033551,0.45097313469664724,0.022076512089097333,-0.09432158169087937,True,True,False,0.6207792207792207,False,False,False,False,False
isic_source,ISIC acquisition source,phase5_isic_source,phase5_isic_source__unmatched__densenet121__seed123__pr0.75,densenet121,123,0.75,melanoma,BCN,sens0.80,0.7993019197207679,0.8557634278817139,0.48027342557907104,HAM,321,980,0.16510903426791276,0.9158878504672897,0.7507788161993769,0.8992537313432836,0.9085818690643332,0.8722292343255854,202,1201,0.2623762376237624,0.46534653465346537,0.20297029702970298,0.2751677852348994,0.9306583811534306,0.9209704754259209,0.9234287895527105,0.8920951087144547,-0.03133368083825572,0.7973231357552581,0.25812619502868067,0.8811821471652593,0.9831121833534379,0.04874124110033551,0.45054131581382434,0.022076512089097333,-0.09726720335584962,True,True,False,0.6240859461083842,False,False,False,False,False
isic_source,ISIC acquisition source,phase5_isic_source,phase5_isic_source__unmatched__densenet121__seed123__pr0.75,densenet121,123,0.75,melanoma,BCN,spec0.90,0.7486910994764397,0.899818949909475,0.640820324420929,HAM,321,980,0.21806853582554517,0.9595015576323987,0.7414330218068536,0.9482071713147411,0.9085818690643332,0.8722292343255854,202,1201,0.3217821782178218,0.5891089108910891,0.2673267326732673,0.3941605839416058,0.9306583811534306,0.9209704754259209,0.9234287895527105,0.8920951087144547,-0.03133368083825572,0.7418738049713193,0.1835564053537285,0.9185765983112183,0.9951749095295537,0.04874124110033551,0.3703926467413097,0.022076512089097333,-0.10371364239227662,True,True,False,0.5540465873731353,False,False,False,False,False
isic_source,ISIC acquisition source,phase5_isic_source,phase5_isic_source__unmatched__densenet121__seed123__pr1.0,densenet121,123,1.0,melanoma,BCN,t0.5,0.787085514834206,0.8636089318044659,0.5,HAM,321,980,0.17133956386292834,0.9906542056074766,0.8193146417445483,0.9887218045112782,0.9085818690643332,0.6468192626418768,202,1201,0.28217821782178215,0.4752475247524752,0.19306930693069307,0.26896551724137935,0.9306583811534306,0.8992978126641493,0.9234287895527105,0.7158241978748383,-0.20760459167787215,0.7858508604206501,0.2084130019120459,0.8872135102533173,0.9849215922798552,0.2524785500222725,0.5154066808550014,0.022076512089097333,-0.11083865395885381,True,True,False,0.7197562872698988,False,False,False,False,False
isic_source,ISIC acquisition source,phase5_isic_source,phase5_isic_source__unmatched__densenet121__seed123__pr1.0,densenet121,123,1.0,melanoma,BCN,youden_j,0.8429319371727748,0.8189499094749547,0.370849609375,HAM,321,980,0.14330218068535824,0.9844236760124611,0.8411214953271028,0.9818181818181818,0.9085818690643332,0.6468192626418768,202,1201,0.2376237623762376,0.45544554455445546,0.21782178217821785,0.28571428571428575,0.9306583811534306,0.8992978126641493,0.9234287895527105,0.7158241978748383,-0.20760459167787215,0.8202676864244742,0.2198852772466539,0.8468033775633294,0.9782870928829915,0.2524785500222725,0.5289781314580055,0.022076512089097333,-0.09432158169087937,True,True,False,0.6961038961038961,False,False,False,False,False
isic_source,ISIC acquisition source,phase5_isic_source,phase5_isic_source__unmatched__densenet121__seed123__pr1.0,densenet121,123,1.0,melanoma,BCN,sens0.80,0.7993019197207679,0.8557634278817139,0.48027342557907104,HAM,321,980,0.16510903426791276,0.9875389408099688,0.822429906542056,0.9850746268656716,0.9085818690643332,0.6468192626418768,202,1201,0.2623762376237624,0.4752475247524752,0.21287128712871284,0.2885906040268456,0.9306583811534306,0.8992978126641493,0.9234287895527105,0.7158241978748383,-0.20760459167787215,0.7973231357552581,0.21032504780114722,0.8811821471652593,0.9843184559710495,0.2524785500222725,0.5122914160574936,0.022076512089097333,-0.09726720335584962,True,True,False,0.696484022838826,False,False,False,False,False
isic_source,ISIC acquisition source,phase5_isic_source,phase5_isic_source__unmatched__densenet121__seed123__pr1.0,densenet121,123,1.0,melanoma,BCN,spec0.90,0.7486910994764397,0.899818949909475,0.640820324420929,HAM,321,980,0.21806853582554517,0.9937694704049844,0.7757009345794392,0.9920318725099602,0.9085818690643332,0.6468192626418768,202,1201,0.3217821782178218,0.504950495049505,0.18316831683168316,0.27007299270072993,0.9306583811534306,0.8992978126641493,0.9234287895527105,0.7158241978748383,-0.20760459167787215,0.7418738049713193,0.1950286806883365,0.9185765983112183,0.98854041013269,0.2524785500222725,0.48881897535547947,0.022076512089097333,-0.10371364239227662,True,True,False,0.7219588798092302,False,False,False,False,False
isic_source,ISIC acquisition source,phase5_isic_source,phase5_isic_source__unmatched__vit_base_patch16_224__seed7__pr0.0,vit_base_patch16_224,7,0.0,melanoma,BCN,t0.5,0.6771378708551483,0.9269764634882317,0.5,HAM,321,980,0.2398753894080997,0.2398753894080997,0.0,0.0,0.9093193217326356,0.9093193217326356,202,1201,0.46534653465346537,0.46534653465346537,0.0,0.0,0.9217955579341718,0.9217955579341718,0.9163306939873193,0.9163306939873193,0.0,0.6730401529636711,0.6730401529636711,0.9433051869722557,0.9433051869722557,0.01247623620153615,-0.22547114524536568,0.01247623620153615,-0.22547114524536568,False,False,True,0.0,False,False,False,False,False
isic_source,ISIC acquisition source,phase5_isic_source,phase5_isic_source__unmatched__vit_base_patch16_224__seed7__pr0.0,vit_base_patch16_224,7,0.0,melanoma,BCN,youden_j,0.787085514834206,0.8593844296922148,0.3623046875,HAM,321,980,0.16510903426791276,0.16510903426791276,0.0,0.0,0.9093193217326356,0.9093193217326356,202,1201,0.33663366336633666,0.33663366336633666,0.0,0.0,0.9217955579341718,0.9217955579341718,0.9163306939873193,0.9163306939873193,0.0,0.768642447418738,0.768642447418738,0.8805790108564535,0.8805790108564535,0.01247623620153615,-0.1715246290984239,0.01247623620153615,-0.1715246290984239,False,False,True,0.0,False,False,False,False,False
isic_source,ISIC acquisition source,phase5_isic_source,phase5_isic_source__unmatched__vit_base_patch16_224__seed7__pr0.0,vit_base_patch16_224,7,0.0,melanoma,BCN,sens0.80,0.7993019197207679,0.8370549185274593,0.3323730528354645,HAM,321,980,0.12461059190031153,0.12461059190031153,0.0,0.0,0.9093193217326356,0.9093193217326356,202,1201,0.30198019801980197,0.30198019801980197,0.0,0.0,0.9217955579341718,0.9217955579341718,0.9163306939873193,0.9163306939873193,0.0,0.8068833652007649,0.8068833652007649,0.8576598311218335,0.8576598311218335,0.01247623620153615,-0.17736960611949043,0.01247623620153615,-0.17736960611949043,False,False,True,0.0,False,False,False,False,False
isic_source,ISIC acquisition source,phase5_isic_source,phase5_isic_source__unmatched__vit_base_patch16_224__seed7__pr0.0,vit_base_patch16_224,7,0.0,melanoma,BCN,spec0.90,0.7225130890052356,0.899818949909475,0.44970703125,HAM,321,980,0.21495327102803738,0.21495327102803738,0.0,0.0,0.9093193217326356,0.9093193217326356,202,1201,0.4207920792079208,0.4207920792079208,0.0,0.0,0.9217955579341718,0.9217955579341718,0.9163306939873193,0.9163306939873193,0.0,0.7055449330783938,0.7055449330783938,0.928226779252111,0.928226779252111,0.01247623620153615,-0.2058388081798834,0.01247623620153615,-0.2058388081798834,False,False,True,0.0,False,False,False,False,False
isic_source,ISIC acquisition source,phase5_isic_source,phase5_isic_source__unmatched__vit_base_patch16_224__seed7__pr0.5,vit_base_patch16_224,7,0.5,melanoma,BCN,t0.5,0.6771378708551483,0.9269764634882317,0.5,HAM,321,980,0.2398753894080997,0.8691588785046729,0.6292834890965732,0.8278688524590163,0.9093193217326356,0.8853804735769764,202,1201,0.46534653465346537,0.7574257425742574,0.29207920792079206,0.5462962962962963,0.9217955579341718,0.9288570748966789,0.9163306939873193,0.9124425982604765,-0.0038880957268427885,0.6730401529636711,0.1739961759082218,0.9433051869722557,0.9957780458383595,0.043476601319702546,0.11173313593041545,0.01247623620153615,-0.22547114524536568,True,True,True,0.28157255616272003,True,True,True,True,True
isic_source,ISIC acquisition source,phase5_isic_source,phase5_isic_source__unmatched__vit_base_patch16_224__seed7__pr0.5,vit_base_patch16_224,7,0.5,melanoma,BCN,youden_j,0.787085514834206,0.8593844296922148,0.3623046875,HAM,321,980,0.16510903426791276,0.7133956386292835,0.5482866043613707,0.6567164179104478,0.9093193217326356,0.8853804735769764,202,1201,0.33663366336633666,0.6336633663366337,0.297029702970297,0.44776119402985076,0.9217955579341718,0.9288570748966789,0.9163306939873193,0.9124425982604765,-0.0038880957268427885,0.768642447418738,0.3173996175908222,0.8805790108564535,0.9897466827503015,0.043476601319702546,0.07973227229264979,0.01247623620153615,-0.1715246290984239,True,True,True,0.208955223880597,True,True,True,True,True
isic_source,ISIC acquisition source,phase5_isic_source,phase5_isic_source__unmatched__vit_base_patch16_224__seed7__pr0.5,vit_base_patch16_224,7,0.5,melanoma,BCN,sens0.80,0.7993019197207679,0.8370549185274593,0.3323730528354645,HAM,321,980,0.12461059190031153,0.6791277258566978,0.5545171339563862,0.6334519572953736,0.9093193217326356,0.8853804735769764,202,1201,0.30198019801980197,0.599009900990099,0.297029702970297,0.425531914893617,0.9217955579341718,0.9288570748966789,0.9163306939873193,0.9124425982604765,-0.0038880957268427885,0.8068833652007649,0.35181644359464626,0.8576598311218335,0.9867310012062727,0.043476601319702546,0.0801178248665988,0.01247623620153615,-0.17736960611949043,True,True,True,0.2079200424017566,True,True,True,True,True
isic_source,ISIC acquisition source,phase5_isic_source,phase5_isic_source__unmatched__vit_base_patch16_224__seed7__pr0.5,vit_base_patch16_224,7,0.5,melanoma,BCN,spec0.90,0.7225130890052356,0.899818949909475,0.44970703125,HAM,321,980,0.21495327102803738,0.8348909657320872,0.6199376947040498,0.7896825396825397,0.9093193217326356,0.8853804735769764,202,1201,0.4207920792079208,0.7079207920792079,0.2871287128712871,0.49572649572649563,0.9217955579341718,0.9288570748966789,0.9163306939873193,0.9124425982604765,-0.0038880957268427885,0.7055449330783938,0.21414913957934992,0.928226779252111,0.9927623642943305,0.043476601319702546,0.12697017365287933,0.01247623620153615,-0.2058388081798834,True,True,True,0.293956043956044,True,True,True,True,True
isic_source,ISIC acquisition source,phase5_isic_source,phase5_isic_source__unmatched__vit_base_patch16_224__seed7__pr0.75,vit_base_patch16_224,7,0.75,melanoma,BCN,t0.5,0.6771378708551483,0.9269764634882317,0.5,HAM,321,980,0.2398753894080997,0.9813084112149533,0.7414330218068536,0.9754098360655737,0.9093193217326356,0.8721890526096842,202,1201,0.46534653465346537,0.5445544554455446,0.07920792079207922,0.14814814814814817,0.9217955579341718,0.9214338100476714,0.9163306939873193,0.8820211178433782,-0.034309576143941034,0.6730401529636711,0.18738049713193117,0.9433051869722557,0.9867310012062727,0.049244757437987285,0.4367539557694087,0.01247623620153615,-0.22547114524536568,True,True,False,0.8272616879174256,False,False,False,False,False
isic_source,ISIC acquisition source,phase5_isic_source,phase5_isic_source__unmatched__vit_base_patch16_224__seed7__pr0.75,vit_base_patch16_224,7,0.75,melanoma,BCN,youden_j,0.787085514834206,0.8593844296922148,0.3623046875,HAM,321,980,0.16510903426791276,0.9158878504672897,0.7507788161993769,0.8992537313432836,0.9093193217326356,0.8721890526096842,202,1201,0.33663366336633666,0.4405940594059406,0.10396039603960394,0.15671641791044774,0.9217955579341718,0.9214338100476714,0.9163306939873193,0.8820211178433782,-0.034309576143941034,0.768642447418738,0.2676864244741874,0.8805790108564535,0.9746682750301568,0.049244757437987285,0.4752937910613491,0.01247623620153615,-0.1715246290984239,True,True,False,0.7425373134328358,False,False,False,False,False
isic_source,ISIC acquisition source,phase5_isic_source,phase5_isic_source__unmatched__vit_base_patch16_224__seed7__pr0.75,vit_base_patch16_224,7,0.75,melanoma,BCN,sens0.80,0.7993019197207679,0.8370549185274593,0.3323730528354645,HAM,321,980,0.12461059190031153,0.881619937694704,0.7570093457943925,0.8647686832740213,0.9093193217326356,0.8721890526096842,202,1201,0.30198019801980197,0.3910891089108911,0.08910891089108913,0.12765957446808515,0.9217955579341718,0.9214338100476714,0.9163306939873193,0.8820211178433782,-0.034309576143941034,0.8068833652007649,0.3078393881453155,0.8576598311218335,0.9704463208685162,0.049244757437987285,0.49053082878381293,0.01247623620153615,-0.17736960611949043,True,True,False,0.7371091088059362,False,False,False,False,False
isic_source,ISIC acquisition source,phase5_isic_source,phase5_isic_source__unmatched__vit_base_patch16_224__seed7__pr0.75,vit_base_patch16_224,7,0.75,melanoma,BCN,spec0.90,0.7225130890052356,0.899818949909475,0.44970703125,HAM,321,980,0.21495327102803738,0.9688473520249221,0.7538940809968847,0.9603174603174603,0.9093193217326356,0.8721890526096842,202,1201,0.4207920792079208,0.5,0.07920792079207922,0.13675213675213677,0.9217955579341718,0.9214338100476714,0.9163306939873193,0.8820211178433782,-0.034309576143941034,0.7055449330783938,0.21223709369024857,0.928226779252111,0.9831121833534379,0.049244757437987285,0.4688473520249221,0.01247623620153615,-0.2058388081798834,True,True,False,0.8235653235653235,False,False,False,False,False
isic_source,ISIC acquisition source,phase5_isic_source,phase5_isic_source__unmatched__vit_base_patch16_224__seed7__pr1.0,vit_base_patch16_224,7,1.0,melanoma,BCN,t0.5,0.6771378708551483,0.9269764634882317,0.5,HAM,321,980,0.2398753894080997,0.940809968847352,0.7009345794392523,0.9221311475409836,0.9093193217326356,0.6915982395681175,202,1201,0.46534653465346537,0.6188118811881188,0.15346534653465344,0.287037037037037,0.9217955579341718,0.8881158386108883,0.9163306939873193,0.7678334605724144,-0.14849723341490484,0.6730401529636711,0.1835564053537285,0.9433051869722557,0.9794933655006032,0.19651759904277077,0.3219980876592332,0.01247623620153615,-0.22547114524536568,True,True,False,0.6350941105039466,False,False,False,False,False
isic_source,ISIC acquisition source,phase5_isic_source,phase5_isic_source__unmatched__vit_base_patch16_224__seed7__pr1.0,vit_base_patch16_224,7,1.0,melanoma,BCN,youden_j,0.787085514834206,0.8593844296922148,0.3623046875,HAM,321,980,0.16510903426791276,0.8691588785046729,0.7040498442367601,0.8432835820895522,0.9093193217326356,0.6915982395681175,202,1201,0.33663366336633666,0.4405940594059406,0.10396039603960394,0.15671641791044774,0.9217955579341718,0.8881158386108883,0.9163306939873193,0.7678334605724144,-0.14849723341490484,0.768642447418738,0.29636711281070743,0.8805790108564535,0.9396863691194209,0.19651759904277077,0.4285648190987323,0.01247623620153615,-0.1715246290984239,True,True,False,0.6865671641791045,False,False,False,False,False
isic_source,ISIC acquisition source,phase5_isic_source,phase5_isic_source__unmatched__vit_base_patch16_224__seed7__pr1.0,vit_base_patch16_224,7,1.0,melanoma,BCN,sens0.80,0.7993019197207679,0.8370549185274593,0.3323730528354645,HAM,321,980,0.12461059190031153,0.8629283489096573,0.7383177570093458,0.8434163701067615,0.9093193217326356,0.6915982395681175,202,1201,0.30198019801980197,0.3811881188118812,0.07920792079207922,0.11347517730496456,0.9217955579341718,0.8881158386108883,0.9163306939873193,0.7678334605724144,-0.14849723341490484,0.8068833652007649,0.3231357552581262,0.8576598311218335,0.9264173703256936,0.19651759904277077,0.4817402300977761,0.01247623620153615,-0.17736960611949043,True,True,False,0.7299411928017969,False,False,False,False,False
isic_source,ISIC acquisition source,phase5_isic_source,phase5_isic_source__unmatched__vit_base_patch16_224__seed7__pr1.0,vit_base_patch16_224,7,1.0,melanoma,BCN,spec0.90,0.7225130890052356,0.899818949909475,0.44970703125,HAM,321,980,0.21495327102803738,0.9252336448598131,0.7102803738317757,0.9047619047619048,0.9093193217326356,0.6915982395681175,202,1201,0.4207920792079208,0.5594059405940595,0.13861386138613868,0.2393162393162394,0.9217955579341718,0.8881158386108883,0.9163306939873193,0.7678334605724144,-0.14849723341490484,0.7055449330783938,0.21606118546845124,0.928226779252111,0.971049457177322,0.19651759904277077,0.3658277042657536,0.01247623620153615,-0.2058388081798834,True,True,False,0.6654456654456653,False,False,False,False,False
isic_source,ISIC acquisition source,phase5_isic_source,phase5_isic_source__unmatched__vit_base_patch16_224__seed42__pr0.0,vit_base_patch16_224,42,0.0,melanoma,BCN,t0.5,0.731239092495637,0.8907664453832227,0.5,HAM,321,980,0.19314641744548286,0.19314641744548286,0.0,0.0,0.8962271732399226,0.8962271732399226,202,1201,0.3613861386138614,0.3613861386138614,0.0,0.0,0.9268327733674269,0.9268327733674269,0.9137065320930791,0.9137065320930791,0.0,0.7418738049713193,0.7418738049713193,0.9101326899879373,0.9101326899879373,0.03060560012750424,-0.16823972116837851,0.03060560012750424,-0.16823972116837851,False,False,True,0.0,False,False,False,False,False
isic_source,ISIC acquisition source,phase5_isic_source,phase5_isic_source__unmatched__vit_base_patch16_224__seed42__pr0.0,vit_base_patch16_224,42,0.0,melanoma,BCN,youden_j,0.8237347294938918,0.823777911888956,0.306884765625,HAM,321,980,0.14018691588785046,0.14018691588785046,0.0,0.0,0.8962271732399226,0.8962271732399226,202,1201,0.2524752475247525,0.2524752475247525,0.0,0.0,0.9268327733674269,0.9268327733674269,0.9137065320930791,0.9137065320930791,0.0,0.8164435946462715,0.8164435946462715,0.8317249698431846,0.8317249698431846,0.03060560012750424,-0.11228833163690202,0.03060560012750424,-0.11228833163690202,False,False,True,0.0,False,False,False,False,False
isic_source,ISIC acquisition source,phase5_isic_source,phase5_isic_source__unmatched__vit_base_patch16_224__seed42__pr0.0,vit_base_patch16_224,42,0.0,melanoma,BCN,sens0.80,0.7993019197207679,0.8364514182257091,0.3294433653354645,HAM,321,980,0.14330218068535824,0.14330218068535824,0.0,0.0,0.8962271732399226,0.8962271732399226,202,1201,0.2722772277227723,0.2722772277227723,0.0,0.0,0.9268327733674269,0.9268327733674269,0.9137065320930791,0.9137065320930791,0.0,0.8068833652007649,0.8068833652007649,0.8492159227985525,0.8492159227985525,0.03060560012750424,-0.12897504703741405,0.03060560012750424,-0.12897504703741405,False,False,True,0.0,False,False,False,False,False
isic_source,ISIC acquisition source,phase5_isic_source,phase5_isic_source__unmatched__vit_base_patch16_224__seed42__pr0.0,vit_base_patch16_224,42,0.0,melanoma,BCN,spec0.90,0.7085514834205934,0.899818949909475,0.548046886920929,HAM,321,980,0.205607476635514,0.205607476635514,0.0,0.0,0.8962271732399226,0.8962271732399226,202,1201,0.40594059405940597,0.40594059405940597,0.0,0.0,0.9268327733674269,0.9268327733674269,0.9137065320930791,0.9137065320930791,0.0,0.7170172084130019,0.7170172084130019,0.9185765983112183,0.9185765983112183,0.03060560012750424,-0.20033311742389195,0.03060560012750424,-0.20033311742389195,False,False,True,0.0,False,False,False,False,False
isic_source,ISIC acquisition source,phase5_isic_source,phase5_isic_source__unmatched__vit_base_patch16_224__seed42__pr0.5,vit_base_patch16_224,42,0.5,melanoma,BCN,t0.5,0.731239092495637,0.8907664453832227,0.5,HAM,321,980,0.19314641744548286,0.6510903426791277,0.4579439252336448,0.5675675675675675,0.8962271732399226,0.9052373321231546,202,1201,0.3613861386138614,0.4900990099009901,0.12871287128712872,0.20155038759689922,0.9268327733674269,0.913946124342164,0.9137065320930791,0.909077489753602,-0.00462904233947703,0.7418738049713193,0.4110898661567878,0.9101326899879373,0.9819059107358263,0.008708792219009442,0.1609913327781376,0.03060560012750424,-0.16823972116837851,True,True,True,0.3660171799706683,True,True,True,True,True
isic_source,ISIC acquisition source,phase5_isic_source,phase5_isic_source__unmatched__vit_base_patch16_224__seed42__pr0.5,vit_base_patch16_224,42,0.5,melanoma,BCN,youden_j,0.8237347294938918,0.823777911888956,0.306884765625,HAM,321,980,0.14018691588785046,0.2772585669781931,0.13707165109034267,0.15942028985507245,0.8962271732399226,0.9052373321231546,202,1201,0.2524752475247525,0.31683168316831684,0.06435643564356436,0.08609271523178808,0.9268327733674269,0.913946124342164,0.9137065320930791,0.909077489753602,-0.00462904233947703,0.8164435946462715,0.7074569789674953,0.8317249698431846,0.9077201447527141,0.008708792219009442,-0.039573116190123714,0.03060560012750424,-0.11228833163690202,False,True,True,0.07332757462328438,False,True,True,False,False
isic_source,ISIC acquisition source,phase5_isic_source,phase5_isic_source__unmatched__vit_base_patch16_224__seed42__pr0.5,vit_base_patch16_224,42,0.5,melanoma,BCN,sens0.80,0.7993019197207679,0.8364514182257091,0.3294433653354645,HAM,321,980,0.14330218068535824,0.29906542056074764,0.1557632398753894,0.1818181818181818,0.8962271732399226,0.9052373321231546,202,1201,0.2722772277227723,0.3465346534653465,0.07425742574257421,0.10204081632653056,0.9268327733674269,0.913946124342164,0.9137065320930791,0.909077489753602,-0.00462904233947703,0.8068833652007649,0.6826003824091779,0.8492159227985525,0.9240048250904704,0.008708792219009442,-0.04746923290459887,0.03060560012750424,-0.12897504703741405,False,True,True,0.07977736549165124,False,True,True,False,False
isic_source,ISIC acquisition source,phase5_isic_source,phase5_isic_source__unmatched__vit_base_patch16_224__seed42__pr0.5,vit_base_patch16_224,42,0.5,melanoma,BCN,spec0.90,0.7085514834205934,0.899818949909475,0.548046886920929,HAM,321,980,0.205607476635514,0.7819314641744548,0.5763239875389408,0.7254901960784313,0.8962271732399226,0.9052373321231546,202,1201,0.40594059405940597,0.5495049504950495,0.14356435643564358,0.2416666666666667,0.9268327733674269,0.913946124342164,0.9137065320930791,0.909077489753602,-0.00462904233947703,0.7170172084130019,0.3078393881453155,0.9185765983112183,0.9903498190591074,0.008708792219009442,0.23242651367940526,0.03060560012750424,-0.20033311742389195,True,True,True,0.48382352941176465,True,True,True,True,True
isic_source,ISIC acquisition source,phase5_isic_source,phase5_isic_source__unmatched__vit_base_patch16_224__seed42__pr0.75,vit_base_patch16_224,42,0.75,melanoma,BCN,t0.5,0.731239092495637,0.8907664453832227,0.5,HAM,321,980,0.19314641744548286,0.9252336448598131,0.7320872274143302,0.9073359073359073,0.8962271732399226,0.8333593332671517,202,1201,0.3613861386138614,0.40594059405940597,0.044554455445544594,0.06976744186046517,0.9268327733674269,0.9232425494801733,0.9137065320930791,0.8749120666471388,-0.03879446544594023,0.7418738049713193,0.27533460803059273,0.9101326899879373,0.971049457177322,0.08988321621302153,0.5192930508004071,0.03060560012750424,-0.16823972116837851,True,True,False,0.8375684654754422,False,False,False,False,False
isic_source,ISIC acquisition source,phase5_isic_source,phase5_isic_source__unmatched__vit_base_patch16_224__seed42__pr0.75,vit_base_patch16_224,42,0.75,melanoma,BCN,youden_j,0.8237347294938918,0.823777911888956,0.306884765625,HAM,321,980,0.14018691588785046,0.7071651090342679,0.5669781931464174,0.6594202898550724,0.8962271732399226,0.8333593332671517,202,1201,0.2524752475247525,0.32673267326732675,0.07425742574257427,0.09933774834437087,0.9268327733674269,0.9232425494801733,0.9137065320930791,0.8749120666471388,-0.03879446544594023,0.8164435946462715,0.4397705544933078,0.8317249698431846,0.9475271411338962,0.08988321621302153,0.38043243576694113,0.03060560012750424,-0.11228833163690202,True,True,False,0.5600825415107016,False,False,False,False,False
isic_source,ISIC acquisition source,phase5_isic_source,phase5_isic_source__unmatched__vit_base_patch16_224__seed42__pr0.75,vit_base_patch16_224,42,0.75,melanoma,BCN,sens0.80,0.7993019197207679,0.8364514182257091,0.3294433653354645,HAM,321,980,0.14330218068535824,0.7601246105919003,0.616822429906542,0.72,0.8962271732399226,0.8333593332671517,202,1201,0.2722772277227723,0.33663366336633666,0.06435643564356436,0.08843537414965986,0.9268327733674269,0.9232425494801733,0.9137065320930791,0.8749120666471388,-0.03879446544594023,0.8068833652007649,0.40344168260038243,0.8492159227985525,0.9523522316043426,0.08988321621302153,0.42349094722556363,0.03060560012750424,-0.12897504703741405,True,True,False,0.6315646258503401,False,False,False,False,False
isic_source,ISIC acquisition source,phase5_isic_source,phase5_isic_source__unmatched__vit_base_patch16_224__seed42__pr0.75,vit_base_patch16_224,42,0.75,melanoma,BCN,spec0.90,0.7085514834205934,0.899818949909475,0.548046886920929,HAM,321,980,0.205607476635514,0.940809968847352,0.735202492211838,0.9254901960784314,0.8962271732399226,0.8333593332671517,202,1201,0.40594059405940597,0.4504950495049505,0.04455445544554454,0.07499999999999998,0.9268327733674269,0.9232425494801733,0.9137065320930791,0.8749120666471388,-0.03879446544594023,0.7170172084130019,0.248565965583174,0.9185765983112183,0.974065138721351,0.08988321621302153,0.4903149193424015,0.03060560012750424,-0.20033311742389195,True,True,False,0.8504901960784315,False,False,False,False,False
isic_source,ISIC acquisition source,phase5_isic_source,phase5_isic_source__unmatched__vit_base_patch16_224__seed42__pr1.0,vit_base_patch16_224,42,1.0,melanoma,BCN,t0.5,0.731239092495637,0.8907664453832227,0.5,HAM,321,980,0.19314641744548286,0.9906542056074766,0.7975077881619937,0.9884169884169884,0.8962271732399226,0.7464037364268528,202,1201,0.3613861386138614,0.806930693069307,0.4455445544554456,0.6976744186046513,0.9268327733674269,0.9264412927779264,0.9137065320930791,0.7066618308127695,-0.2070447012803096,0.7418738049713193,0.08030592734225621,0.9101326899879373,0.9981905910735827,0.18003755635107366,0.18372351253816965,0.03060560012750424,-0.16823972116837851,True,True,False,0.29074256981233715,False,False,False,False,False
isic_source,ISIC acquisition source,phase5_isic_source,phase5_isic_source__unmatched__vit_base_patch16_224__seed42__pr1.0,vit_base_patch16_224,42,1.0,melanoma,BCN,youden_j,0.8237347294938918,0.823777911888956,0.306884765625,HAM,321,980,0.14018691588785046,0.9688473520249221,0.8286604361370716,0.9637681159420289,0.8962271732399226,0.7464037364268528,202,1201,0.2524752475247525,0.6584158415841584,0.40594059405940597,0.543046357615894,0.9268327733674269,0.9264412927779264,0.9137065320930791,0.7066618308127695,-0.2070447012803096,0.8164435946462715,0.15105162523900573,0.8317249698431846,0.9939686369119421,0.18003755635107366,0.31043151044076367,0.03060560012750424,-0.11228833163690202,True,True,False,0.4207217583261349,False,False,False,False,False
isic_source,ISIC acquisition source,phase5_isic_source,phase5_isic_source__unmatched__vit_base_patch16_224__seed42__pr1.0,vit_base_patch16_224,42,1.0,melanoma,BCN,sens0.80,0.7993019197207679,0.8364514182257091,0.3294433653354645,HAM,321,980,0.14330218068535824,0.9688473520249221,0.8255451713395638,0.9636363636363636,0.8962271732399226,0.7464037364268528,202,1201,0.2722772277227723,0.6633663366336634,0.3910891089108911,0.5374149659863946,0.9268327733674269,0.9264412927779264,0.9137065320930791,0.7066618308127695,-0.2070447012803096,0.8068833652007649,0.1491395793499044,0.8492159227985525,0.9945717732207479,0.18003755635107366,0.3054810153912587,0.03060560012750424,-0.12897504703741405,True,True,False,0.426221397649969,False,False,False,False,False
isic_source,ISIC acquisition source,phase5_isic_source,phase5_isic_source__unmatched__vit_base_patch16_224__seed42__pr1.0,vit_base_patch16_224,42,1.0,melanoma,BCN,spec0.90,0.7085514834205934,0.899818949909475,0.548046886920929,HAM,321,980,0.205607476635514,0.9937694704049844,0.7881619937694704,0.9921568627450981,0.8962271732399226,0.7464037364268528,202,1201,0.40594059405940597,0.8415841584158416,0.4356435643564356,0.7333333333333333,0.9268327733674269,0.9264412927779264,0.9137065320930791,0.7066618308127695,-0.2070447012803096,0.7170172084130019,0.06500956022944551,0.9185765983112183,0.9987937273823885,0.18003755635107366,0.15218531198914287,0.03060560012750424,-0.20033311742389195,True,True,False,0.2588235294117648,False,False,False,False,False
isic_source,ISIC acquisition source,phase5_isic_source,phase5_isic_source__unmatched__vit_base_patch16_224__seed123__pr0.0,vit_base_patch16_224,123,0.0,melanoma,BCN,t0.5,0.7713787085514834,0.8817139408569704,0.5,HAM,321,980,0.2336448598130841,0.2336448598130841,0.0,0.0,0.9030627922038016,0.9030627922038016,202,1201,0.3316831683168317,0.3316831683168317,0.0,0.0,0.9258590273441759,0.9258590273441759,0.9167135644548593,0.9167135644548593,0.0,0.7284894837476099,0.7284894837476099,0.9059107358262968,0.9059107358262968,0.02279623514037432,-0.09803830850374759,0.02279623514037432,-0.09803830850374759,False,False,True,0.0,False,False,False,False,False
isic_source,ISIC acquisition source,phase5_isic_source,phase5_isic_source__unmatched__vit_base_patch16_224__seed123__pr0.0,vit_base_patch16_224,123,0.0,melanoma,BCN,youden_j,0.7818499127399651,0.8799034399517199,0.48486328125,HAM,321,980,0.21806853582554517,0.21806853582554517,0.0,0.0,0.9030627922038016,0.9030627922038016,202,1201,0.32673267326732675,0.32673267326732675,0.0,0.0,0.9258590273441759,0.9258590273441759,0.9167135644548593,0.9167135644548593,0.0,0.739961759082218,0.739961759082218,0.9028950542822678,0.9028950542822678,0.02279623514037432,-0.10866413744178158,0.02279623514037432,-0.10866413744178158,False,False,True,0.0,False,False,False,False,False
isic_source,ISIC acquisition source,phase5_isic_source,phase5_isic_source__unmatched__vit_base_patch16_224__seed123__pr0.0,vit_base_patch16_224,123,0.0,melanoma,BCN,sens0.80,0.7993019197207679,0.8479179239589619,0.41010743379592896,HAM,321,980,0.1838006230529595,0.1838006230529595,0.0,0.0,0.9030627922038016,0.9030627922038016,202,1201,0.29207920792079206,0.29207920792079206,0.0,0.0,0.9258590273441759,0.9258590273441759,0.9167135644548593,0.9167135644548593,0.0,0.7743785850860421,0.7743785850860421,0.873341375150784,0.873341375150784,0.02279623514037432,-0.10827858486783257,0.02279623514037432,-0.10827858486783257,False,False,True,0.0,False,False,False,False,False
isic_source,ISIC acquisition source,phase5_isic_source,phase5_isic_source__unmatched__vit_base_patch16_224__seed123__pr0.0,vit_base_patch16_224,123,0.0,melanoma,BCN,spec0.90,0.7521815008726004,0.899818949909475,0.5625976324081421,HAM,321,980,0.24922118380062305,0.24922118380062305,0.0,0.0,0.9030627922038016,0.9030627922038016,202,1201,0.38613861386138615,0.38613861386138615,0.0,0.0,0.9258590273441759,0.9258590273441759,0.9167135644548593,0.9167135644548593,0.0,0.6978967495219885,0.6978967495219885,0.9203860072376358,0.9203860072376358,0.02279623514037432,-0.1369174300607631,0.02279623514037432,-0.1369174300607631,False,False,True,0.0,False,False,False,False,False
isic_source,ISIC acquisition source,phase5_isic_source,phase5_isic_source__unmatched__vit_base_patch16_224__seed123__pr0.5,vit_base_patch16_224,123,0.5,melanoma,BCN,t0.5,0.7713787085514834,0.8817139408569704,0.5,HAM,321,980,0.2336448598130841,0.46417445482866043,0.23052959501557632,0.3008130081300813,0.9030627922038016,0.8981133502569265,202,1201,0.3316831683168317,0.4158415841584158,0.08415841584158412,0.12592592592592589,0.9258590273441759,0.9284185175274283,0.9167135644548593,0.9128364243588649,-0.0038771400959943803,0.7284894837476099,0.5544933078393881,0.9059107358262968,0.9571773220747889,0.03030516727050181,0.04833287067024461,0.02279623514037432,-0.09803830850374759,True,True,True,0.17488708220415544,True,True,True,True,True
isic_source,ISIC acquisition source,phase5_isic_source,phase5_isic_source__unmatched__vit_base_patch16_224__seed123__pr0.5,vit_base_patch16_224,123,0.5,melanoma,BCN,youden_j,0.7818499127399651,0.8799034399517199,0.48486328125,HAM,321,980,0.21806853582554517,0.42990654205607476,0.2118380062305296,0.27091633466135456,0.9030627922038016,0.8981133502569265,202,1201,0.32673267326732675,0.400990099009901,0.07425742574257427,0.11029411764705885,0.9258590273441759,0.9284185175274283,0.9167135644548593,0.9128364243588649,-0.0038771400959943803,0.739961759082218,0.5812619502868069,0.9028950542822678,0.9517490952955368,0.03030516727050181,0.028916443046173745,0.02279623514037432,-0.10866413744178158,True,True,True,0.16062221701429572,True,True,True,True,False
isic_source,ISIC acquisition source,phase5_isic_source,phase5_isic_source__unmatched__vit_base_patch16_224__seed123__pr0.5,vit_base_patch16_224,123,0.5,melanoma,BCN,sens0.80,0.7993019197207679,0.8479179239589619,0.41010743379592896,HAM,321,980,0.1838006230529595,0.3364485981308411,0.1526479750778816,0.18702290076335876,0.9030627922038016,0.8981133502569265,202,1201,0.29207920792079206,0.36633663366336633,0.07425742574257427,0.10489510489510491,0.9258590273441759,0.9284185175274283,0.9167135644548593,0.9128364243588649,-0.0038771400959943803,0.7743785850860421,0.6520076481835564,0.873341375150784,0.9336550060313631,0.03030516727050181,-0.029888035532525226,0.02279623514037432,-0.10827858486783257,False,True,True,0.08212779586825385,False,True,True,False,False
isic_source,ISIC acquisition source,phase5_isic_source,phase5_isic_source__unmatched__vit_base_patch16_224__seed123__pr0.5,vit_base_patch16_224,123,0.5,melanoma,BCN,spec0.90,0.7521815008726004,0.899818949909475,0.5625976324081421,HAM,321,980,0.24922118380062305,0.5856697819314641,0.33644859813084105,0.44813278008298746,0.9030627922038016,0.8981133502569265,202,1201,0.38613861386138615,0.47029702970297027,0.08415841584158412,0.13709677419354832,0.9258590273441759,0.9284185175274283,0.9167135644548593,0.9128364243588649,-0.0038771400959943803,0.6978967495219885,0.4588910133843212,0.9203860072376358,0.9704463208685162,0.03030516727050181,0.11537275222849386,0.02279623514037432,-0.1369174300607631,True,True,True,0.31103600588943914,True,True,True,True,True
isic_source,ISIC acquisition source,phase5_isic_source,phase5_isic_source__unmatched__vit_base_patch16_224__seed123__pr0.75,vit_base_patch16_224,123,0.75,melanoma,BCN,t0.5,0.7713787085514834,0.8817139408569704,0.5,HAM,321,980,0.2336448598130841,0.9532710280373832,0.719626168224299,0.9390243902439024,0.9030627922038016,0.8676627004949442,202,1201,0.3316831683168317,0.5643564356435643,0.2326732673267326,0.3481481481481481,0.9258590273441759,0.9260869780671761,0.9167135644548593,0.8899910509794333,-0.02672251347542598,0.7284894837476099,0.19694072657743786,0.9059107358262968,0.9873341375150784,0.0584242775722319,0.38891459239381887,0.02279623514037432,-0.09803830850374759,True,True,True,0.5908762420957543,True,True,True,True,True
isic_source,ISIC acquisition source,phase5_isic_source,phase5_isic_source__unmatched__vit_base_patch16_224__seed123__pr0.75,vit_base_patch16_224,123,0.75,melanoma,BCN,youden_j,0.7818499127399651,0.8799034399517199,0.48486328125,HAM,321,980,0.21806853582554517,0.9501557632398754,0.7320872274143302,0.9362549800796812,0.9030627922038016,0.8676627004949442,202,1201,0.32673267326732675,0.5495049504950495,0.2227722772277228,0.33088235294117657,0.9258590273441759,0.9260869780671761,0.9167135644548593,0.8899910509794333,-0.02672251347542598,0.739961759082218,0.2045889101338432,0.9028950542822678,0.9873341375150784,0.0584242775722319,0.40065081274482583,0.02279623514037432,-0.10866413744178158,True,True,True,0.6053726271385047,True,True,True,True,True
isic_source,ISIC acquisition source,phase5_isic_source,phase5_isic_source__unmatched__vit_base_patch16_224__seed123__pr0.75,vit_base_patch16_224,123,0.75,melanoma,BCN,sens0.80,0.7993019197207679,0.8479179239589619,0.41010743379592896,HAM,321,980,0.1838006230529595,0.9252336448598131,0.7414330218068536,0.9083969465648855,0.9030627922038016,0.8676627004949442,202,1201,0.29207920792079206,0.49504950495049505,0.20297029702970298,0.2867132867132868,0.9258590273441759,0.9260869780671761,0.9167135644548593,0.8899910509794333,-0.02672251347542598,0.7743785850860421,0.24091778202676864,0.873341375150784,0.9831121833534379,0.0584242775722319,0.43018413990931803,0.02279623514037432,-0.10827858486783257,True,True,True,0.6216836598515987,True,True,True,True,True
isic_source,ISIC acquisition source,phase5_isic_source,phase5_isic_source__unmatched__vit_base_patch16_224__seed123__pr0.75,vit_base_patch16_224,123,0.75,melanoma,BCN,spec0.90,0.7521815008726004,0.899818949909475,0.5625976324081421,HAM,321,980,0.24922118380062305,0.9595015576323987,0.7102803738317757,0.946058091286307,0.9030627922038016,0.8676627004949442,202,1201,0.38613861386138615,0.6089108910891089,0.22277227722772275,0.36290322580645157,0.9258590273441759,0.9260869780671761,0.9167135644548593,0.8899910509794333,-0.02672251347542598,0.6978967495219885,0.17590822179732313,0.9203860072376358,0.98854041013269,0.0584242775722319,0.35059066654328985,0.02279623514037432,-0.1369174300607631,True,True,True,0.5831548654798555,True,True,True,True,True
isic_source,ISIC acquisition source,phase5_isic_source,phase5_isic_source__unmatched__vit_base_patch16_224__seed123__pr1.0,vit_base_patch16_224,123,1.0,melanoma,BCN,t0.5,0.7713787085514834,0.8817139408569704,0.5,HAM,321,980,0.2336448598130841,0.9813084112149533,0.7476635514018691,0.975609756097561,0.9030627922038016,0.7220299802873228,202,1201,0.3316831683168317,0.4158415841584158,0.08415841584158412,0.12592592592592589,0.9258590273441759,0.910957987690661,0.9167135644548593,0.7112568530354016,-0.20545671141945765,0.7284894837476099,0.23709369024856597,0.9059107358262968,0.9577804583835947,0.18892800740333826,0.5654668270565375,0.02279623514037432,-0.09803830850374759,True,True,False,0.8496838301716351,False,False,False,False,False
isic_source,ISIC acquisition source,phase5_isic_source,phase5_isic_source__unmatched__vit_base_patch16_224__seed123__pr1.0,vit_base_patch16_224,123,1.0,melanoma,BCN,youden_j,0.7818499127399651,0.8799034399517199,0.48486328125,HAM,321,980,0.21806853582554517,0.9781931464174455,0.7601246105919003,0.9721115537848606,0.9030627922038016,0.7220299802873228,202,1201,0.32673267326732675,0.37623762376237624,0.04950495049504949,0.07352941176470587,0.9258590273441759,0.910957987690661,0.9167135644548593,0.7112568530354016,-0.20545671141945765,0.739961759082218,0.25430210325047803,0.9028950542822678,0.9547647768395657,0.18892800740333826,0.6019555226550692,0.02279623514037432,-0.10866413744178158,True,True,False,0.8985821420201547,False,False,False,False,False
isic_source,ISIC acquisition source,phase5_isic_source,phase5_isic_source__unmatched__vit_base_patch16_224__seed123__pr1.0,vit_base_patch16_224,123,1.0,melanoma,BCN,sens0.80,0.7993019197207679,0.8479179239589619,0.41010743379592896,HAM,321,980,0.1838006230529595,0.9595015576323987,0.7757009345794392,0.950381679389313,0.9030627922038016,0.7220299802873228,202,1201,0.29207920792079206,0.3069306930693069,0.014851485148514865,0.020979020979020997,0.9258590273441759,0.910957987690661,0.9167135644548593,0.7112568530354016,-0.20545671141945765,0.7743785850860421,0.2925430210325048,0.873341375150784,0.9348612786489746,0.18892800740333826,0.6525708645630919,0.02279623514037432,-0.10827858486783257,True,True,False,0.9294026584102919,False,False,False,False,False
isic_source,ISIC acquisition source,phase5_isic_source,phase5_isic_source__unmatched__vit_base_patch16_224__seed123__pr1.0,vit_base_patch16_224,123,1.0,melanoma,BCN,spec0.90,0.7521815008726004,0.899818949909475,0.5625976324081421,HAM,321,980,0.24922118380062305,0.9875389408099688,0.7383177570093458,0.983402489626556,0.9030627922038016,0.7220299802873228,202,1201,0.38613861386138615,0.47029702970297027,0.08415841584158412,0.13709677419354832,0.9258590273441759,0.910957987690661,0.9167135644548593,0.7112568530354016,-0.20545671141945765,0.6978967495219885,0.21223709369024857,0.9203860072376358,0.9686369119420989,0.18892800740333826,0.5172419111069986,0.02279623514037432,-0.1369174300607631,True,True,False,0.8463057154330076,False,False,False,False,False
mimic_race_matched,MIMIC race (matched cohort),phase1,phase1__mimic_cxr__densenet121__seed7__pr0.0,densenet121,7,0.0,pleural_effusion,BLACK_OR_AA,t0.5,0.5270373191165271,0.9504430587463079,0.5,WHITE,1295,6993,0.5675675675675675,0.5675675675675675,0.0,0.0,0.8814536293300772,0.8814536293300772,1373,7018,0.46394756008739985,0.46394756008739985,0.0,0.0,0.8884549359822518,0.8884549359822518,0.8846622708217433,0.8846622708217433,0.0,0.48575712143928035,0.48575712143928035,0.9478092215463282,0.9478092215463282,0.007001306652174577,0.1036200074801677,0.007001306652174577,0.1036200074801677,False,False,True,0.0,False,False,False,False,False
mimic_race_matched,MIMIC race (matched cohort),phase1,phase1__mimic_cxr__densenet121__seed7__pr0.0,densenet121,7,0.0,pleural_effusion,BLACK_OR_AA,youden_j,0.8255902513328256,0.8150639973744667,0.194091796875,WHITE,1295,6993,0.22625482625482626,0.22625482625482626,0.0,0.0,0.8814536293300772,0.8814536293300772,1373,7018,0.1726147123088128,0.1726147123088128,0.0,0.0,0.8884549359822518,0.8884549359822518,0.8846622708217433,0.8846622708217433,0.0,0.8013493253373314,0.8013493253373314,0.8067530635634312,0.8067530635634312,0.007001306652174577,0.05364011394601345,0.007001306652174577,0.05364011394601345,False,False,True,0.0,False,False,False,False,False
mimic_race_matched,MIMIC race (matched cohort),phase1,phase1__mimic_cxr__densenet121__seed7__pr0.0,densenet121,7,0.0,pleural_effusion,BLACK_OR_AA,sens0.80,0.7996953541507997,0.8357400722021661,0.22092285752296448,WHITE,1295,6993,0.2617760617760618,0.2617760617760618,0.0,0.0,0.8814536293300772,0.8814536293300772,1373,7018,0.1937363437727604,0.1937363437727604,0.0,0.0,0.8884549359822518,0.8884549359822518,0.8846622708217433,0.8846622708217433,0.0,0.7732383808095952,0.7732383808095952,0.8265890857797761,0.8265890857797761,0.007001306652174577,0.06803971800330139,0.007001306652174577,0.06803971800330139,False,False,True,0.0,False,False,False,False,False
mimic_race_matched,MIMIC race (matched cohort),phase1,phase1__mimic_cxr__densenet121__seed7__pr0.0,densenet121,7,0.0,pleural_effusion,BLACK_OR_AA,spec0.90,0.7105864432597105,0.8999015425008204,0.33537596464157104,WHITE,1295,6993,0.3799227799227799,0.3799227799227799,0.0,0.0,0.8814536293300772,0.8814536293300772,1373,7018,0.2986161689730517,0.2986161689730517,0.0,0.0,0.8884549359822518,0.8884549359822518,0.8846622708217433,0.8846622708217433,0.0,0.6619190404797601,0.6619190404797601,0.8883011548972934,0.8883011548972934,0.007001306652174577,0.08130661094972819,0.007001306652174577,0.08130661094972819,False,False,True,0.0,False,False,False,False,False
mimic_race_matched,MIMIC race (matched cohort),phase2,phase2__mimic_cxr__densenet121__seed7__pr0.005,densenet121,7,0.005,pleural_effusion,BLACK_OR_AA,t0.5,0.5270373191165271,0.9504430587463079,0.5,WHITE,1295,6993,0.5675675675675675,0.5351351351351351,-0.032432432432432434,-0.075,0.8814536293300772,0.8786168959914133,1373,7018,0.46394756008739985,0.4959941733430444,0.03204661325564456,0.059782608695652155,0.8884549359822518,0.8827530438025,0.8846622708217433,0.8807260116305244,-0.003936259191218872,0.48575712143928035,0.48500749625187406,0.9478092215463282,0.9444591377942343,0.004136147811086621,0.0391409617920907,0.007001306652174577,0.1036200074801677,False,False,True,-0.13478260869565215,False,False,False,False,False
mimic_race_matched,MIMIC race (matched cohort),phase2,phase2__mimic_cxr__densenet121__seed7__pr0.005,densenet121,7,0.005,pleural_effusion,BLACK_OR_AA,youden_j,0.8255902513328256,0.8150639973744667,0.194091796875,WHITE,1295,6993,0.22625482625482626,0.20540540540540542,-0.020849420849420847,-0.026946107784431135,0.8814536293300772,0.8786168959914133,1373,7018,0.1726147123088128,0.1908230152949745,0.01820830298616169,0.02200704225352113,0.8884549359822518,0.8827530438025,0.8846622708217433,0.8807260116305244,-0.003936259191218872,0.8013493253373314,0.8020989505247377,0.8067530635634312,0.8066649034646919,0.004136147811086621,0.014582390110430915,0.007001306652174577,0.05364011394601345,False,False,True,-0.04895315003795227,False,False,False,False,False
mimic_race_matched,MIMIC race (matched cohort),phase2,phase2__mimic_cxr__densenet121__seed7__pr0.005,densenet121,7,0.005,pleural_effusion,BLACK_OR_AA,sens0.80,0.7996953541507997,0.8357400722021661,0.22092285752296448,WHITE,1295,6993,0.2617760617760618,0.23166023166023167,-0.030115830115830106,-0.040794979079497896,0.8814536293300772,0.8786168959914133,1373,7018,0.1937363437727604,0.2112163146394756,0.01747997086671521,0.021680216802168008,0.8884549359822518,0.8827530438025,0.8846622708217433,0.8807260116305244,-0.003936259191218872,0.7732383808095952,0.7788605697151424,0.8265890857797761,0.826853566075994,0.004136147811086621,0.02044391702075607,0.007001306652174577,0.06803971800330139,False,False,True,-0.062475195881665904,False,False,False,False,False
mimic_race_matched,MIMIC race (matched cohort),phase2,phase2__mimic_cxr__densenet121__seed7__pr0.005,densenet121,7,0.005,pleural_effusion,BLACK_OR_AA,spec0.90,0.7105864432597105,0.8999015425008204,0.33537596464157104,WHITE,1295,6993,0.3799227799227799,0.36061776061776063,-0.019305019305019266,-0.03113325031133244,0.8814536293300772,0.8786168959914133,1373,7018,0.2986161689730517,0.3211944646758922,0.02257829570284048,0.032191069574247125,0.8884549359822518,0.8827530438025,0.8846622708217433,0.8807260116305244,-0.003936259191218872,0.6619190404797601,0.6596701649175413,0.8883011548972934,0.8880366746010756,0.004136147811086621,0.03942329594186844,0.007001306652174577,0.08130661094972819,False,False,True,-0.06332431988557957,False,False,False,False,False
mimic_race_matched,MIMIC race (matched cohort),phase2,phase2__mimic_cxr__densenet121__seed7__pr0.01,densenet121,7,0.01,pleural_effusion,BLACK_OR_AA,t0.5,0.5270373191165271,0.9504430587463079,0.5,WHITE,1295,6993,0.5675675675675675,0.6054054054054054,0.037837837837837895,0.08750000000000013,0.8814536293300772,0.8833398157722483,1373,7018,0.46394756008739985,0.5477057538237436,0.0837581937363438,0.15625000000000006,0.8884549359822518,0.8851766027983694,0.8846622708217433,0.884283393875662,-0.00037887694608129685,0.48575712143928035,0.424287856071964,0.9478092215463282,0.9595345146786565,0.0018367870261211117,0.05769965158166179,0.007001306652174577,0.1036200074801677,False,False,True,-0.06874999999999992,False,False,False,False,False
mimic_race_matched,MIMIC race (matched cohort),phase2,phase2__mimic_cxr__densenet121__seed7__pr0.01,densenet121,7,0.01,pleural_effusion,BLACK_OR_AA,youden_j,0.8255902513328256,0.8150639973744667,0.194091796875,WHITE,1295,6993,0.22625482625482626,0.2501930501930502,0.02393822393822395,0.03093812375249503,0.8814536293300772,0.8833398157722483,1373,7018,0.1726147123088128,0.2294246176256373,0.05680990531682448,0.06866197183098592,0.8884549359822518,0.8851766027983694,0.8846622708217433,0.884283393875662,-0.00037887694608129685,0.8013493253373314,0.7604947526236882,0.8067530635634312,0.8380498986158864,0.0018367870261211117,0.020768432567412926,0.007001306652174577,0.05364011394601345,False,False,True,-0.03772384807849089,False,False,False,False,False
mimic_race_matched,MIMIC race (matched cohort),phase2,phase2__mimic_cxr__densenet121__seed7__pr0.01,densenet121,7,0.01,pleural_effusion,BLACK_OR_AA,sens0.80,0.7996953541507997,0.8357400722021661,0.22092285752296448,WHITE,1295,6993,0.2617760617760618,0.28725868725868725,0.025482625482625476,0.03451882845188284,0.8814536293300772,0.8833398157722483,1373,7018,0.1937363437727604,0.25491624180626365,0.061179898033503266,0.07588075880758806,0.8884549359822518,0.8851766027983694,0.8846622708217433,0.884283393875662,-0.00037887694608129685,0.7732383808095952,0.7293853073463268,0.8265890857797761,0.8534779158952658,0.0018367870261211117,0.032342445452423596,0.007001306652174577,0.06803971800330139,False,False,True,-0.04136193035570522,False,False,False,False,False
mimic_race_matched,MIMIC race (matched cohort),phase2,phase2__mimic_cxr__densenet121__seed7__pr0.01,densenet121,7,0.01,pleural_effusion,BLACK_OR_AA,spec0.90,0.7105864432597105,0.8999015425008204,0.33537596464157104,WHITE,1295,6993,0.3799227799227799,0.4092664092664093,0.029343629343629385,0.04732254047322547,0.8814536293300772,0.8833398157722483,1373,7018,0.2986161689730517,0.3663510560815732,0.06773488710852149,0.09657320872274144,0.8884549359822518,0.8851766027983694,0.8846622708217433,0.884283393875662,-0.00037887694608129685,0.6619190404797601,0.6128185907046477,0.8883011548972934,0.9126333421493432,0.0018367870261211117,0.04291535318483608,0.007001306652174577,0.08130661094972819,False,False,True,-0.049250668249515975,False,False,False,False,False
mimic_race_matched,MIMIC race (matched cohort),phase2,phase2__mimic_cxr__densenet121__seed7__pr0.02,densenet121,7,0.02,pleural_effusion,BLACK_OR_AA,t0.5,0.5270373191165271,0.9504430587463079,0.5,WHITE,1295,6993,0.5675675675675675,0.5776061776061776,0.010038610038610063,0.02321428571428577,0.8814536293300772,0.8810561451488091,1373,7018,0.46394756008739985,0.5258557902403496,0.06190823015294972,0.11548913043478257,0.8884549359822518,0.8868600241143088,0.8846622708217433,0.8840123709634207,-0.0006498998583226445,0.48575712143928035,0.4490254872563718,0.9478092215463282,0.9524817067795116,0.005803878965499609,0.05175038736582804,0.007001306652174577,0.1036200074801677,False,False,True,-0.0922748447204968,False,False,False,False,False
mimic_race_matched,MIMIC race (matched cohort),phase2,phase2__mimic_cxr__densenet121__seed7__pr0.02,densenet121,7,0.02,pleural_effusion,BLACK_OR_AA,youden_j,0.8255902513328256,0.8150639973744667,0.194091796875,WHITE,1295,6993,0.22625482625482626,0.22393822393822393,-0.0023166023166023286,-0.00299401197604792,0.8814536293300772,0.8810561451488091,1373,7018,0.1726147123088128,0.20320466132556445,0.030589949016751633,0.036971830985915485,0.8884549359822518,0.8868600241143088,0.8846622708217433,0.8840123709634207,-0.0006498998583226445,0.8013493253373314,0.7867316341829086,0.8067530635634312,0.8182138763995416,0.005803878965499609,0.02073356261265949,0.007001306652174577,0.05364011394601345,False,False,True,-0.039965842961963406,False,False,False,False,False
mimic_race_matched,MIMIC race (matched cohort),phase2,phase2__mimic_cxr__densenet121__seed7__pr0.02,densenet121,7,0.02,pleural_effusion,BLACK_OR_AA,sens0.80,0.7996953541507997,0.8357400722021661,0.22092285752296448,WHITE,1295,6993,0.2617760617760618,0.2525096525096525,-0.009266409266409259,-0.012552301255230117,0.8814536293300772,0.8810561451488091,1373,7018,0.1937363437727604,0.22505462490895847,0.031318281136198084,0.03884372177055101,0.8884549359822518,0.8868600241143088,0.8846622708217433,0.8840123709634207,-0.0006498998583226445,0.7732383808095952,0.7616191904047976,0.8265890857797761,0.8376090981221899,0.005803878965499609,0.027455027600694043,0.007001306652174577,0.06803971800330139,False,False,True,-0.051396023025781126,False,False,False,False,False
mimic_race_matched,MIMIC race (matched cohort),phase2,phase2__mimic_cxr__densenet121__seed7__pr0.02,densenet121,7,0.02,pleural_effusion,BLACK_OR_AA,spec0.90,0.7105864432597105,0.8999015425008204,0.33537596464157104,WHITE,1295,6993,0.3799227799227799,0.38455598455598455,0.004633204633204657,0.007471980074719839,0.8814536293300772,0.8810561451488091,1373,7018,0.2986161689730517,0.32702112163146396,0.028404952658412252,0.04049844236760127,0.8884549359822518,0.8868600241143088,0.8846622708217433,0.8840123709634207,-0.0006498998583226445,0.6619190404797601,0.6450524737631185,0.8883011548972934,0.8950894825002204,0.005803878965499609,0.05753486292452059,0.007001306652174577,0.08130661094972819,False,False,True,-0.033026462292881434,False,False,False,False,False
mimic_race_matched,MIMIC race (matched cohort),phase2,phase2__mimic_cxr__densenet121__seed7__pr0.05,densenet121,7,0.05,pleural_effusion,BLACK_OR_AA,t0.5,0.5270373191165271,0.9504430587463079,0.5,WHITE,1295,6993,0.5675675675675675,0.5768339768339769,0.009266409266409315,0.02142857142857154,0.8814536293300772,0.8800698206103612,1373,7018,0.46394756008739985,0.5178441369264385,0.053896576839038646,0.10054347826086965,0.8884549359822518,0.8867283566337252,0.8846622708217433,0.8834855086342044,-0.0011767621875389267,0.48575712143928035,0.4535232383808096,0.9478092215463282,0.9513356254959006,0.00665853602336397,0.058989839907538366,0.007001306652174577,0.1036200074801677,False,False,True,-0.0791149068322981,False,False,False,False,False
mimic_race_matched,MIMIC race (matched cohort),phase2,phase2__mimic_cxr__densenet121__seed7__pr0.05,densenet121,7,0.05,pleural_effusion,BLACK_OR_AA,youden_j,0.8255902513328256,0.8150639973744667,0.194091796875,WHITE,1295,6993,0.22625482625482626,0.22393822393822393,-0.0023166023166023286,-0.00299401197604792,0.8814536293300772,0.8800698206103612,1373,7018,0.1726147123088128,0.19592134013109977,0.023306627822286957,0.028169014084507036,0.8884549359822518,0.8867283566337252,0.8846622708217433,0.8834855086342044,-0.0011767621875389267,0.8013493253373314,0.79047976011994,0.8067530635634312,0.8194481177818919,0.00665853602336397,0.028016883807124165,0.007001306652174577,0.05364011394601345,False,False,True,-0.031163026060554957,False,False,False,False,False
mimic_race_matched,MIMIC race (matched cohort),phase2,phase2__mimic_cxr__densenet121__seed7__pr0.05,densenet121,7,0.05,pleural_effusion,BLACK_OR_AA,sens0.80,0.7996953541507997,0.8357400722021661,0.22092285752296448,WHITE,1295,6993,0.2617760617760618,0.2501930501930502,-0.01158301158301156,-0.015690376569037625,0.8814536293300772,0.8800698206103612,1373,7018,0.1937363437727604,0.21485797523670794,0.02112163146394755,0.026196928635953014,0.8884549359822518,0.8867283566337252,0.8846622708217433,0.8834855086342044,-0.0011767621875389267,0.7732383808095952,0.7679910044977512,0.8265890857797761,0.839372300096976,0.00665853602336397,0.03533507495634228,0.007001306652174577,0.06803971800330139,False,False,True,-0.041887305204990635,False,False,False,False,False
mimic_race_matched,MIMIC race (matched cohort),phase2,phase2__mimic_cxr__densenet121__seed7__pr0.05,densenet121,7,0.05,pleural_effusion,BLACK_OR_AA,spec0.90,0.7105864432597105,0.8999015425008204,0.33537596464157104,WHITE,1295,6993,0.3799227799227799,0.38455598455598455,0.004633204633204657,0.007471980074719839,0.8814536293300772,0.8800698206103612,1373,7018,0.2986161689730517,0.32847778587035686,0.029861616897305154,0.04257528556593975,0.8884549359822518,0.8867283566337252,0.8846622708217433,0.8834855086342044,-0.0011767621875389267,0.6619190404797601,0.6443028485757122,0.8883011548972934,0.8947368421052632,0.00665853602336397,0.05607819868562769,0.007001306652174577,0.08130661094972819,False,False,True,-0.03510330549121991,False,False,False,False,False
mimic_race_matched,MIMIC race (matched cohort),phase2,phase2__mimic_cxr__densenet121__seed7__pr0.10,densenet121,7,0.1,pleural_effusion,BLACK_OR_AA,t0.5,0.5270373191165271,0.9504430587463079,0.5,WHITE,1295,6993,0.5675675675675675,0.6046332046332046,0.037065637065637036,0.08571428571428565,0.8814536293300772,0.8801465934670567,1373,7018,0.46394756008739985,0.4850691915513474,0.021121631463947577,0.039402173913043514,0.8884549359822518,0.8871441962122859,0.8846622708217433,0.8830132011486984,-0.0016490696730449006,0.48575712143928035,0.45689655172413796,0.9478092215463282,0.9509829851009434,0.006997602745229203,0.11956401308185716,0.007001306652174577,0.1036200074801677,False,False,True,0.04631211180124213,False,False,False,False,False
mimic_race_matched,MIMIC race (matched cohort),phase2,phase2__mimic_cxr__densenet121__seed7__pr0.10,densenet121,7,0.1,pleural_effusion,BLACK_OR_AA,youden_j,0.8255902513328256,0.8150639973744667,0.194091796875,WHITE,1295,6993,0.22625482625482626,0.2571428571428571,0.030888030888030854,0.03992015968063868,0.8814536293300772,0.8801465934670567,1373,7018,0.1726147123088128,0.17771303714493808,0.0050983248361252675,0.006161971830985909,0.8884549359822518,0.8871441962122859,0.8846622708217433,0.8830132011486984,-0.0016490696730449006,0.8013493253373314,0.7837331334332833,0.8067530635634312,0.8220929207440713,0.006997602745229203,0.07942981999791904,0.007001306652174577,0.05364011394601345,False,False,True,0.033758187849652774,False,False,False,False,False
mimic_race_matched,MIMIC race (matched cohort),phase2,phase2__mimic_cxr__densenet121__seed7__pr0.10,densenet121,7,0.1,pleural_effusion,BLACK_OR_AA,sens0.80,0.7996953541507997,0.8357400722021661,0.22092285752296448,WHITE,1295,6993,0.2617760617760618,0.28416988416988415,0.02239382239382237,0.030334728033472775,0.8814536293300772,0.8801465934670567,1373,7018,0.1937363437727604,0.20029133284777859,0.006554989075018197,0.008130081300812995,0.8884549359822518,0.8871441962122859,0.8846622708217433,0.8830132011486984,-0.0016490696730449006,0.7732383808095952,0.7589955022488756,0.8265890857797761,0.8377854183196686,0.006997602745229203,0.08387855132210556,0.007001306652174577,0.06803971800330139,False,False,True,0.02220464673265978,False,False,False,False,False
mimic_race_matched,MIMIC race (matched cohort),phase2,phase2__mimic_cxr__densenet121__seed7__pr0.10,densenet121,7,0.1,pleural_effusion,BLACK_OR_AA,spec0.90,0.7105864432597105,0.8999015425008204,0.33537596464157104,WHITE,1295,6993,0.3799227799227799,0.41776061776061774,0.03783783783783784,0.06102117061021171,0.8814536293300772,0.8801465934670567,1373,7018,0.2986161689730517,0.29715950473415875,-0.0014566642388929574,-0.002076843198338557,0.8884549359822518,0.8871441962122859,0.8846622708217433,0.8830132011486984,-0.0016490696730449006,0.6619190404797601,0.6443028485757122,0.8883011548972934,0.8959710834876135,0.006997602745229203,0.12060111302645898,0.007001306652174577,0.08130661094972819,False,True,True,0.06309801380855026,False,False,False,False,False
mimic_race_matched,MIMIC race (matched cohort),revision/EXP-6/runs,rev6__mimic_matched__densenet121__seed7__pr0.5,densenet121,7,0.5,pleural_effusion,BLACK_OR_AA,t0.5,0.5270373191165271,0.9504430587463079,0.5,WHITE,1295,6993,0.5675675675675675,0.8123552123552124,0.2447876447876448,0.5660714285714286,0.8814536293300772,0.8721390422162623,1373,7018,0.46394756008739985,0.5739257101238164,0.10997815003641659,0.20516304347826086,0.8884549359822518,0.8836698778221257,0.8846622708217433,0.8757718965166981,-0.008890374305045246,0.48575712143928035,0.3103448275862069,0.9478092215463282,0.9742572511681213,0.011530835605863432,0.23842950223139592,0.007001306652174577,0.1036200074801677,True,True,True,0.3609083850931677,True,True,True,True,True
mimic_race_matched,MIMIC race (matched cohort),revision/EXP-6/runs,rev6__mimic_matched__densenet121__seed7__pr0.5,densenet121,7,0.5,pleural_effusion,BLACK_OR_AA,youden_j,0.8255902513328256,0.8150639973744667,0.194091796875,WHITE,1295,6993,0.22625482625482626,0.3613899613899614,0.13513513513513511,0.1746506986027944,0.8814536293300772,0.8721390422162623,1373,7018,0.1726147123088128,0.20975965040058267,0.03714493809176986,0.044894366197183115,0.8884549359822518,0.8836698778221257,0.8846622708217433,0.8757718965166981,-0.008890374305045246,0.8013493253373314,0.7166416791604198,0.8067530635634312,0.8469540685885568,0.011530835605863432,0.1516303109893787,0.007001306652174577,0.05364011394601345,False,True,True,0.12975633240561127,False,True,True,False,False
mimic_race_matched,MIMIC race (matched cohort),revision/EXP-6/runs,rev6__mimic_matched__densenet121__seed7__pr0.5,densenet121,7,0.5,pleural_effusion,BLACK_OR_AA,sens0.80,0.7996953541507997,0.8357400722021661,0.22092285752296448,WHITE,1295,6993,0.2617760617760618,0.4038610038610039,0.1420849420849421,0.19246861924686195,0.8814536293300772,0.8721390422162623,1373,7018,0.1937363437727604,0.2359796067006555,0.0422432629278951,0.05239385727190603,0.8884549359822518,0.8836698778221257,0.8846622708217433,0.8757718965166981,-0.008890374305045246,0.7732383808095952,0.6825337331334332,0.8265890857797761,0.8667019307061624,0.011530835605863432,0.1678813971603484,0.007001306652174577,0.06803971800330139,False,True,True,0.14007476197495594,False,True,True,False,False
mimic_race_matched,MIMIC race (matched cohort),revision/EXP-6/runs,rev6__mimic_matched__densenet121__seed7__pr0.5,densenet121,7,0.5,pleural_effusion,BLACK_OR_AA,spec0.90,0.7105864432597105,0.8999015425008204,0.33537596464157104,WHITE,1295,6993,0.3799227799227799,0.5806949806949807,0.20077220077220082,0.3237858032378581,0.8814536293300772,0.8721390422162623,1373,7018,0.2986161689730517,0.3503277494537509,0.05171158048069918,0.07372793354101763,0.8884549359822518,0.8836698778221257,0.8846622708217433,0.8757718965166981,-0.008890374305045246,0.6619190404797601,0.537856071964018,0.8883011548972934,0.923653354491757,0.011530835605863432,0.23036723124122982,0.007001306652174577,0.08130661094972819,True,True,True,0.25005786969684046,True,True,True,True,True
mimic_race_matched,MIMIC race (matched cohort),revision/EXP-6/runs,rev6__mimic_matched__densenet121__seed7__pr0.75,densenet121,7,0.75,pleural_effusion,BLACK_OR_AA,t0.5,0.5270373191165271,0.9504430587463079,0.5,WHITE,1295,6993,0.5675675675675675,0.877992277992278,0.3104247104247104,0.7178571428571429,0.8814536293300772,0.8616193990711365,1373,7018,0.46394756008739985,0.5892206846321922,0.1252731245447924,0.233695652173913,0.8884549359822518,0.8756515798484887,0.8846622708217433,0.8623504467020655,-0.022311824119677803,0.48575712143928035,0.27061469265367316,0.9478092215463282,0.9737282905756854,0.014032180777352243,0.28877159336008573,0.007001306652174577,0.1036200074801677,True,True,True,0.4841614906832299,True,True,True,True,True
mimic_race_matched,MIMIC race (matched cohort),revision/EXP-6/runs,rev6__mimic_matched__densenet121__seed7__pr0.75,densenet121,7,0.75,pleural_effusion,BLACK_OR_AA,youden_j,0.8255902513328256,0.8150639973744667,0.194091796875,WHITE,1295,6993,0.22625482625482626,0.4463320463320463,0.22007722007722005,0.28443113772455086,0.8814536293300772,0.8616193990711365,1373,7018,0.1726147123088128,0.20393299344501092,0.03131828113619811,0.03785211267605635,0.8884549359822518,0.8756515798484887,0.8846622708217433,0.8623504467020655,-0.022311824119677803,0.8013493253373314,0.6784107946026986,0.8067530635634312,0.8521555144141761,0.014032180777352243,0.2423990528870354,0.007001306652174577,0.05364011394601345,True,True,True,0.24657902504849452,True,True,True,True,False
mimic_race_matched,MIMIC race (matched cohort),revision/EXP-6/runs,rev6__mimic_matched__densenet121__seed7__pr0.75,densenet121,7,0.75,pleural_effusion,BLACK_OR_AA,sens0.80,0.7996953541507997,0.8357400722021661,0.22092285752296448,WHITE,1295,6993,0.2617760617760618,0.5019305019305019,0.24015444015444015,0.3253138075313808,0.8814536293300772,0.8616193990711365,1373,7018,0.1937363437727604,0.23889293517844137,0.045156591405680985,0.056007226738934046,0.8884549359822518,0.8756515798484887,0.8846622708217433,0.8623504467020655,-0.022311824119677803,0.7732383808095952,0.6334332833583208,0.8265890857797761,0.8726968174204355,0.014032180777352243,0.2630375667520606,0.007001306652174577,0.06803971800330139,True,True,True,0.26930658079244674,True,True,True,True,True
mimic_race_matched,MIMIC race (matched cohort),revision/EXP-6/runs,rev6__mimic_matched__densenet121__seed7__pr0.75,densenet121,7,0.75,pleural_effusion,BLACK_OR_AA,spec0.90,0.7105864432597105,0.8999015425008204,0.33537596464157104,WHITE,1295,6993,0.3799227799227799,0.6957528957528958,0.3158301158301159,0.5093399750933998,0.8814536293300772,0.8616193990711365,1373,7018,0.2986161689730517,0.370721048798252,0.07210487982520031,0.10280373831775703,0.8884549359822518,0.8756515798484887,0.8846622708217433,0.8623504467020655,-0.022311824119677803,0.6619190404797601,0.4715142428785607,0.8883011548972934,0.9285021599224191,0.014032180777352243,0.32503184695464377,0.007001306652174577,0.08130661094972819,True,True,True,0.40653623677564277,True,True,True,True,True
mimic_race_matched,MIMIC race (matched cohort),revision/EXP-6/runs,rev6__mimic_matched__densenet121__seed7__pr1.0,densenet121,7,1.0,pleural_effusion,BLACK_OR_AA,t0.5,0.5270373191165271,0.9504430587463079,0.5,WHITE,1295,6993,0.5675675675675675,0.6764478764478764,0.10888030888030886,0.2517857142857142,0.8814536293300772,0.8383374373721865,1373,7018,0.46394756008739985,0.36270939548434084,-0.10123816460305901,-0.18885869565217395,0.8884549359822518,0.8656656884609356,0.8846622708217433,0.8423254816654091,-0.04233678915633421,0.48575712143928035,0.48500749625187406,0.9478092215463282,0.9161597460989156,0.027328251088749145,0.31373848096353557,0.007001306652174577,0.1036200074801677,True,True,False,0.44064440993788817,False,False,False,False,False
mimic_race_matched,MIMIC race (matched cohort),revision/EXP-6/runs,rev6__mimic_matched__densenet121__seed7__pr1.0,densenet121,7,1.0,pleural_effusion,BLACK_OR_AA,youden_j,0.8255902513328256,0.8150639973744667,0.194091796875,WHITE,1295,6993,0.22625482625482626,0.3444015444015444,0.11814671814671815,0.15269461077844312,0.8814536293300772,0.8383374373721865,1373,7018,0.1726147123088128,0.12090313182811362,-0.051711580480699196,-0.0625,0.8884549359822518,0.8656656884609356,0.8846622708217433,0.8423254816654091,-0.04233678915633421,0.8013493253373314,0.7706146926536732,0.8067530635634312,0.7632019747862118,0.027328251088749145,0.22349841257343078,0.007001306652174577,0.05364011394601345,False,True,False,0.21519461077844312,False,False,False,False,False
mimic_race_matched,MIMIC race (matched cohort),revision/EXP-6/runs,rev6__mimic_matched__densenet121__seed7__pr1.0,densenet121,7,1.0,pleural_effusion,BLACK_OR_AA,sens0.80,0.7996953541507997,0.8357400722021661,0.22092285752296448,WHITE,1295,6993,0.2617760617760618,0.37374517374517374,0.11196911196911197,0.15167364016736404,0.8814536293300772,0.8383374373721865,1373,7018,0.1937363437727604,0.13619810633648943,-0.057538237436270956,-0.0713640469738031,0.8884549359822518,0.8656656884609356,0.8846622708217433,0.8423254816654091,-0.04233678915633421,0.7732383808095952,0.7485007496251874,0.8265890857797761,0.7833024772987746,0.027328251088749145,0.2375470674086843,0.007001306652174577,0.06803971800330139,False,True,False,0.22303768714116712,False,False,False,False,False
mimic_race_matched,MIMIC race (matched cohort),revision/EXP-6/runs,rev6__mimic_matched__densenet121__seed7__pr1.0,densenet121,7,1.0,pleural_effusion,BLACK_OR_AA,spec0.90,0.7105864432597105,0.8999015425008204,0.33537596464157104,WHITE,1295,6993,0.3799227799227799,0.505019305019305,0.12509652509652514,0.20174346201743468,0.8814536293300772,0.8383374373721865,1373,7018,0.2986161689730517,0.22723962126729788,-0.07137654770575383,-0.10176531671858777,0.8884549359822518,0.8656656884609356,0.8846622708217433,0.8423254816654091,-0.04233678915633421,0.6619190404797601,0.6379310344827587,0.8883011548972934,0.851273913426783,0.027328251088749145,0.2777796837520071,0.007001306652174577,0.08130661094972819,True,True,False,0.30350877873602244,False,False,False,False,False
mimic_race_matched,MIMIC race (matched cohort),phase1,phase1__mimic_cxr__densenet121__seed42__pr0.0,densenet121,42,0.0,pleural_effusion,BLACK_OR_AA,t0.5,0.6130997715156131,0.9284542172628816,0.5,WHITE,1295,6993,0.46563706563706564,0.46563706563706564,0.0,0.0,0.8801586548690796,0.8801586548690796,1373,7018,0.38455935906773486,0.38455935906773486,0.0,0.0,0.8901308739920922,0.8901308739920922,0.885235030593669,0.885235030593669,0.0,0.5760869565217391,0.5760869565217391,0.9202151106409239,0.9202151106409239,0.009972219123012604,0.08107770656933078,0.009972219123012604,0.08107770656933078,False,False,True,0.0,False,False,False,False,False
mimic_race_matched,MIMIC race (matched cohort),phase1,phase1__mimic_cxr__densenet121__seed42__pr0.0,densenet121,42,0.0,pleural_effusion,BLACK_OR_AA,youden_j,0.8575780654988576,0.7927469642271087,0.2156982421875,WHITE,1295,6993,0.16447876447876447,0.16447876447876447,0.0,0.0,0.8801586548690796,0.8801586548690796,1373,7018,0.14566642388929352,0.14566642388929352,0.0,0.0,0.8901308739920922,0.8901308739920922,0.885235030593669,0.885235030593669,0.0,0.8452023988005997,0.8452023988005997,0.7774839107819801,0.7774839107819801,0.009972219123012604,0.018812340589470955,0.009972219123012604,0.018812340589470955,False,False,True,0.0,False,False,False,False,False
mimic_race_matched,MIMIC race (matched cohort),phase1,phase1__mimic_cxr__densenet121__seed42__pr0.0,densenet121,42,0.0,pleural_effusion,BLACK_OR_AA,sens0.80,0.7996953541507997,0.8429602888086642,0.29584962129592896,WHITE,1295,6993,0.24015444015444015,0.24015444015444015,0.0,0.0,0.8801586548690796,0.8801586548690796,1373,7018,0.19883466860888566,0.19883466860888566,0.0,0.0,0.8901308739920922,0.8901308739920922,0.885235030593669,0.885235030593669,0.0,0.7811094452773614,0.7811094452773614,0.8267654059772547,0.8267654059772547,0.009972219123012604,0.041319771545554496,0.009972219123012604,0.041319771545554496,False,False,True,0.0,False,False,False,False,False
mimic_race_matched,MIMIC race (matched cohort),phase1,phase1__mimic_cxr__densenet121__seed42__pr0.0,densenet121,42,0.0,pleural_effusion,BLACK_OR_AA,spec0.90,0.6938309215536939,0.8999015425008204,0.42351073026657104,WHITE,1295,6993,0.37683397683397685,0.37683397683397685,0.0,0.0,0.8801586548690796,0.8801586548690796,1373,7018,0.30735615440640934,0.30735615440640934,0.0,0.0,0.8901308739920922,0.8901308739920922,0.885235030593669,0.885235030593669,0.0,0.658920539730135,0.658920539730135,0.8900643568720797,0.8900643568720797,0.009972219123012604,0.0694778224275675,0.009972219123012604,0.0694778224275675,False,False,True,0.0,False,False,False,False,False
mimic_race_matched,MIMIC race (matched cohort),phase2,phase2__mimic_cxr__densenet121__seed42__pr0.005,densenet121,42,0.005,pleural_effusion,BLACK_OR_AA,t0.5,0.6130997715156131,0.9284542172628816,0.5,WHITE,1295,6993,0.46563706563706564,0.4888030888030888,0.023166023166023175,0.043352601156069384,0.8801586548690796,0.8837331665516993,1373,7018,0.38455935906773486,0.4246176256372906,0.040058266569555745,0.06508875739644975,0.8901308739920922,0.8897082607312867,0.885235030593669,0.8867853497213308,0.0015503191276617923,0.5760869565217391,0.5442278860569715,0.9202151106409239,0.9343207264392136,0.005975094179587415,0.0641854631657982,0.009972219123012604,0.08107770656933078,False,False,True,-0.02173615624038036,False,False,False,False,False
mimic_race_matched,MIMIC race (matched cohort),phase2,phase2__mimic_cxr__densenet121__seed42__pr0.005,densenet121,42,0.005,pleural_effusion,BLACK_OR_AA,youden_j,0.8575780654988576,0.7927469642271087,0.2156982421875,WHITE,1295,6993,0.16447876447876447,0.21235521235521235,0.047876447876447875,0.05730129390018484,0.8801586548690796,0.8837331665516993,1373,7018,0.14566642388929352,0.19446467589220684,0.04879825200291332,0.057118499573742536,0.8901308739920922,0.8897082607312867,0.885235030593669,0.8867853497213308,0.0015503191276617923,0.8452023988005997,0.7968515742128935,0.7774839107819801,0.8158335537335801,0.005975094179587415,0.017890536463005507,0.009972219123012604,0.018812340589470955,False,False,True,0.00018279432644230376,False,False,False,False,False
mimic_race_matched,MIMIC race (matched cohort),phase2,phase2__mimic_cxr__densenet121__seed42__pr0.005,densenet121,42,0.005,pleural_effusion,BLACK_OR_AA,sens0.80,0.7996953541507997,0.8429602888086642,0.29584962129592896,WHITE,1295,6993,0.24015444015444015,0.2810810810810811,0.040926640926640945,0.05386178861788621,0.8801586548690796,0.8837331665516993,1373,7018,0.19883466860888566,0.2498179169701384,0.05098324836125273,0.06363636363636363,0.8901308739920922,0.8897082607312867,0.885235030593669,0.8867853497213308,0.0015503191276617923,0.7811094452773614,0.7350074962518741,0.8267654059772547,0.8585912016221459,0.005975094179587415,0.03126316411094271,0.009972219123012604,0.041319771545554496,False,False,True,-0.009774575018477422,False,False,False,False,False
mimic_race_matched,MIMIC race (matched cohort),phase2,phase2__mimic_cxr__densenet121__seed42__pr0.005,densenet121,42,0.005,pleural_effusion,BLACK_OR_AA,spec0.90,0.6938309215536939,0.8999015425008204,0.42351073026657104,WHITE,1295,6993,0.37683397683397685,0.4138996138996139,0.037065637065637036,0.059479553903345674,0.8801586548690796,0.8837331665516993,1373,7018,0.30735615440640934,0.35615440640932267,0.04879825200291332,0.07045215562565721,0.8901308739920922,0.8897082607312867,0.885235030593669,0.8867853497213308,0.0015503191276617923,0.658920539730135,0.6158170914542729,0.8900643568720797,0.9091950982985101,0.005975094179587415,0.05774520749029122,0.009972219123012604,0.0694778224275675,False,False,True,-0.010972601722311535,False,False,False,False,False
mimic_race_matched,MIMIC race (matched cohort),phase2,phase2__mimic_cxr__densenet121__seed42__pr0.01,densenet121,42,0.01,pleural_effusion,BLACK_OR_AA,t0.5,0.6130997715156131,0.9284542172628816,0.5,WHITE,1295,6993,0.46563706563706564,0.4980694980694981,0.032432432432432434,0.060693641618497114,0.8801586548690796,0.879120290124151,1373,7018,0.38455935906773486,0.42534595775673706,0.040786598689002196,0.06627218934911244,0.8901308739920922,0.8884011335918515,0.885235030593669,0.8838024289891553,-0.0014326016045137502,0.5760869565217391,0.5393553223388305,0.9202151106409239,0.9319404037732523,0.009280843467700417,0.07272354031276101,0.009972219123012604,0.08107770656933078,False,False,True,-0.005578547730615328,False,False,False,False,False
mimic_race_matched,MIMIC race (matched cohort),phase2,phase2__mimic_cxr__densenet121__seed42__pr0.01,densenet121,42,0.01,pleural_effusion,BLACK_OR_AA,youden_j,0.8575780654988576,0.7927469642271087,0.2156982421875,WHITE,1295,6993,0.16447876447876447,0.22084942084942086,0.056370656370656386,0.06746765249537894,0.8801586548690796,0.879120290124151,1373,7018,0.14566642388929352,0.18135469774217042,0.0356882738528769,0.04177323103154304,0.8901308739920922,0.8884011335918515,0.885235030593669,0.8838024289891553,-0.0014326016045137502,0.8452023988005997,0.7994752623688156,0.7774839107819801,0.8121308295865292,0.009280843467700417,0.03949472310725044,0.009972219123012604,0.018812340589470955,False,False,True,0.025694421463835895,False,False,False,False,False
mimic_race_matched,MIMIC race (matched cohort),phase2,phase2__mimic_cxr__densenet121__seed42__pr0.01,densenet121,42,0.01,pleural_effusion,BLACK_OR_AA,sens0.80,0.7996953541507997,0.8429602888086642,0.29584962129592896,WHITE,1295,6993,0.24015444015444015,0.2972972972972973,0.05714285714285716,0.07520325203252036,0.8801586548690796,0.879120290124151,1373,7018,0.19883466860888566,0.23743627093954844,0.03860160233066279,0.04818181818181819,0.8901308739920922,0.8884011335918515,0.885235030593669,0.8838024289891553,-0.0014326016045137502,0.7811094452773614,0.7335082458770614,0.8267654059772547,0.8521555144141761,0.009280843467700417,0.05986102635774887,0.009972219123012604,0.041319771545554496,False,False,True,0.027021433850702173,False,False,False,False,False
mimic_race_matched,MIMIC race (matched cohort),phase2,phase2__mimic_cxr__densenet121__seed42__pr0.01,densenet121,42,0.01,pleural_effusion,BLACK_OR_AA,spec0.90,0.6938309215536939,0.8999015425008204,0.42351073026657104,WHITE,1295,6993,0.37683397683397685,0.4115830115830116,0.034749034749034735,0.05576208178438659,0.8801586548690796,0.879120290124151,1373,7018,0.30735615440640934,0.35761107064821557,0.050254916241806225,0.07255520504731856,0.8901308739920922,0.8884011335918515,0.885235030593669,0.8838024289891553,-0.0014326016045137502,0.658920539730135,0.616191904047976,0.8900643568720797,0.907167416027506,0.009280843467700417,0.053971940934796014,0.009972219123012604,0.0694778224275675,False,False,True,-0.016793123262931975,False,False,False,False,False
mimic_race_matched,MIMIC race (matched cohort),phase2,phase2__mimic_cxr__densenet121__seed42__pr0.02,densenet121,42,0.02,pleural_effusion,BLACK_OR_AA,t0.5,0.6130997715156131,0.9284542172628816,0.5,WHITE,1295,6993,0.46563706563706564,0.5305019305019305,0.06486486486486487,0.12138728323699423,0.8801586548690796,0.8780330021642764,1373,7018,0.38455935906773486,0.4442825928623452,0.059723233794610364,0.09704142011834323,0.8901308739920922,0.8895870440747377,0.885235030593669,0.8838244194485672,-0.001410611145101881,0.5760869565217391,0.5138680659670165,0.9202151106409239,0.9357312880190426,0.011554041910461277,0.08621933763958528,0.009972219123012604,0.08107770656933078,False,False,True,0.024345863118651,False,False,False,False,False
mimic_race_matched,MIMIC race (matched cohort),phase2,phase2__mimic_cxr__densenet121__seed42__pr0.02,densenet121,42,0.02,pleural_effusion,BLACK_OR_AA,youden_j,0.8575780654988576,0.7927469642271087,0.2156982421875,WHITE,1295,6993,0.16447876447876447,0.2548262548262548,0.09034749034749034,0.10813308687615526,0.8801586548690796,0.8780330021642764,1373,7018,0.14566642388929352,0.19883466860888566,0.05316824471959214,0.062233589087809044,0.8901308739920922,0.8895870440747377,0.885235030593669,0.8838244194485672,-0.001410611145101881,0.8452023988005997,0.7739880059970015,0.7774839107819801,0.8307326104205237,0.011554041910461277,0.05599158621736916,0.009972219123012604,0.018812340589470955,False,False,True,0.04589949778834622,False,False,False,False,False
mimic_race_matched,MIMIC race (matched cohort),phase2,phase2__mimic_cxr__densenet121__seed42__pr0.02,densenet121,42,0.02,pleural_effusion,BLACK_OR_AA,sens0.80,0.7996953541507997,0.8429602888086642,0.29584962129592896,WHITE,1295,6993,0.24015444015444015,0.32432432432432434,0.08416988416988419,0.11077235772357727,0.8801586548690796,0.8780330021642764,1373,7018,0.19883466860888566,0.2636562272396213,0.06482155863073563,0.08090909090909093,0.8901308739920922,0.8895870440747377,0.885235030593669,0.8838244194485672,-0.001410611145101881,0.7811094452773614,0.7068965517241379,0.8267654059772547,0.8673190513973376,0.011554041910461277,0.060668097084703054,0.009972219123012604,0.041319771545554496,False,False,True,0.02986326681448634,False,False,False,False,False
mimic_race_matched,MIMIC race (matched cohort),phase2,phase2__mimic_cxr__densenet121__seed42__pr0.02,densenet121,42,0.02,pleural_effusion,BLACK_OR_AA,spec0.90,0.6938309215536939,0.8999015425008204,0.42351073026657104,WHITE,1295,6993,0.37683397683397685,0.4494208494208494,0.07258687258687258,0.11648079306071868,0.8801586548690796,0.8780330021642764,1373,7018,0.30735615440640934,0.36343772760378734,0.056081573197378,0.08096740273396424,0.8901308739920922,0.8895870440747377,0.885235030593669,0.8838244194485672,-0.001410611145101881,0.658920539730135,0.5948275862068966,0.8900643568720797,0.9140439037291722,0.011554041910461277,0.08598312181706208,0.009972219123012604,0.0694778224275675,False,False,True,0.035513390326754435,False,False,False,False,False
mimic_race_matched,MIMIC race (matched cohort),phase2,phase2__mimic_cxr__densenet121__seed42__pr0.05,densenet121,42,0.05,pleural_effusion,BLACK_OR_AA,t0.5,0.6130997715156131,0.9284542172628816,0.5,WHITE,1295,6993,0.46563706563706564,0.48957528957528956,0.023938223938223924,0.04479768786127165,0.8801586548690796,0.8812404542134272,1373,7018,0.38455935906773486,0.4129643117261471,0.028404952658412252,0.04615384615384618,0.8901308739920922,0.8877875024917473,0.885235030593669,0.8845030671651744,-0.0007319634284946863,0.5760869565217391,0.5498500749625187,0.9202151106409239,0.9285903200211584,0.006547048278320089,0.07661097784914245,0.009972219123012604,0.08107770656933078,False,False,True,-0.0013561582925745302,False,False,False,False,False
mimic_race_matched,MIMIC race (matched cohort),phase2,phase2__mimic_cxr__densenet121__seed42__pr0.05,densenet121,42,0.05,pleural_effusion,BLACK_OR_AA,youden_j,0.8575780654988576,0.7927469642271087,0.2156982421875,WHITE,1295,6993,0.16447876447876447,0.2138996138996139,0.04942084942084943,0.05914972273567468,0.8801586548690796,0.8812404542134272,1373,7018,0.14566642388929352,0.16241806263656228,0.01675163874726876,0.01960784313725491,0.8901308739920922,0.8877875024917473,0.885235030593669,0.8845030671651744,-0.0007319634284946863,0.8452023988005997,0.8125937031484258,0.7774839107819801,0.8073701842546064,0.006547048278320089,0.05148155126305162,0.009972219123012604,0.018812340589470955,False,False,True,0.039541879598419774,False,False,False,False,False
mimic_race_matched,MIMIC race (matched cohort),phase2,phase2__mimic_cxr__densenet121__seed42__pr0.05,densenet121,42,0.05,pleural_effusion,BLACK_OR_AA,sens0.80,0.7996953541507997,0.8429602888086642,0.29584962129592896,WHITE,1295,6993,0.24015444015444015,0.26640926640926643,0.02625482625482628,0.03455284552845532,0.8801586548690796,0.8812404542134272,1373,7018,0.19883466860888566,0.22796795338674436,0.029133284777858703,0.03636363636363636,0.8901308739920922,0.8877875024917473,0.885235030593669,0.8845030671651744,-0.0007319634284946863,0.7811094452773614,0.7533733133433284,0.8267654059772547,0.8480119897734285,0.006547048278320089,0.03844131302252207,0.009972219123012604,0.041319771545554496,False,False,True,-0.001810790835181042,False,False,False,False,False
mimic_race_matched,MIMIC race (matched cohort),phase2,phase2__mimic_cxr__densenet121__seed42__pr0.05,densenet121,42,0.05,pleural_effusion,BLACK_OR_AA,spec0.90,0.6938309215536939,0.8999015425008204,0.42351073026657104,WHITE,1295,6993,0.37683397683397685,0.4084942084942085,0.03166023166023163,0.050805452292441086,0.8801586548690796,0.8812404542134272,1373,7018,0.30735615440640934,0.34231609613983977,0.03495994173343042,0.05047318611987379,0.8901308739920922,0.8877875024917473,0.885235030593669,0.8845030671651744,-0.0007319634284946863,0.658920539730135,0.6255622188905547,0.8900643568720797,0.9024067706955832,0.006547048278320089,0.06617811235436871,0.009972219123012604,0.0694778224275675,False,False,True,0.00033226617256729846,False,False,False,False,False
mimic_race_matched,MIMIC race (matched cohort),phase2,phase2__mimic_cxr__densenet121__seed42__pr0.10,densenet121,42,0.1,pleural_effusion,BLACK_OR_AA,t0.5,0.6130997715156131,0.9284542172628816,0.5,WHITE,1295,6993,0.46563706563706564,0.4965250965250965,0.030888030888030882,0.05780346820809248,0.8801586548690796,0.8803675610625418,1373,7018,0.38455935906773486,0.40349599417334303,0.01893663510560817,0.030769230769230785,0.8901308739920922,0.8889976046969358,0.885235030593669,0.8846420812339135,-0.0005929493597555124,0.5760869565217391,0.5513493253373314,0.9202151106409239,0.9286784801198977,0.008630043634394013,0.09302910235175349,0.009972219123012604,0.08107770656933078,False,False,True,0.027034237438861693,False,False,False,False,False
mimic_race_matched,MIMIC race (matched cohort),phase2,phase2__mimic_cxr__densenet121__seed42__pr0.10,densenet121,42,0.1,pleural_effusion,BLACK_OR_AA,youden_j,0.8575780654988576,0.7927469642271087,0.2156982421875,WHITE,1295,6993,0.16447876447876447,0.21544401544401545,0.05096525096525098,0.060998151571164526,0.8801586548690796,0.8803675610625418,1373,7018,0.14566642388929352,0.16824471959213402,0.022578295702840506,0.026427962489343575,0.8901308739920922,0.8889976046969358,0.885235030593669,0.8846420812339135,-0.0005929493597555124,0.8452023988005997,0.8088455772113943,0.7774839107819801,0.8019042581327691,0.008630043634394013,0.04719929585188143,0.009972219123012604,0.018812340589470955,False,False,True,0.034570189081820954,False,False,False,False,False
mimic_race_matched,MIMIC race (matched cohort),phase2,phase2__mimic_cxr__densenet121__seed42__pr0.10,densenet121,42,0.1,pleural_effusion,BLACK_OR_AA,sens0.80,0.7996953541507997,0.8429602888086642,0.29584962129592896,WHITE,1295,6993,0.24015444015444015,0.27722007722007724,0.03706563706563709,0.048780487804878085,0.8801586548690796,0.8803675610625418,1373,7018,0.19883466860888566,0.2199563000728332,0.02112163146394755,0.02636363636363635,0.8901308739920922,0.8889976046969358,0.885235030593669,0.8846420812339135,-0.0005929493597555124,0.7811094452773614,0.7522488755622189,0.8267654059772547,0.8423697434541126,0.008630043634394013,0.05726377714724404,0.009972219123012604,0.041319771545554496,False,False,True,0.022416851441241736,False,False,False,False,False
mimic_race_matched,MIMIC race (matched cohort),phase2,phase2__mimic_cxr__densenet121__seed42__pr0.10,densenet121,42,0.1,pleural_effusion,BLACK_OR_AA,spec0.90,0.6938309215536939,0.8999015425008204,0.42351073026657104,WHITE,1295,6993,0.37683397683397685,0.39227799227799226,0.015444015444015413,0.024783147459727334,0.8801586548690796,0.8803675610625418,1373,7018,0.30735615440640934,0.3299344501092498,0.02257829570284048,0.03259726603575182,0.8901308739920922,0.8889976046969358,0.885235030593669,0.8846420812339135,-0.0005929493597555124,0.658920539730135,0.6398050974512743,0.8900643568720797,0.9016133298069294,0.008630043634394013,0.06234354216874244,0.009972219123012604,0.0694778224275675,False,False,True,-0.007814118576024483,False,False,False,False,False
mimic_race_matched,MIMIC race (matched cohort),revision/EXP-6/runs,rev6__mimic_matched__densenet121__seed42__pr0.5,densenet121,42,0.5,pleural_effusion,BLACK_OR_AA,t0.5,0.6130997715156131,0.9284542172628816,0.5,WHITE,1295,6993,0.46563706563706564,0.6710424710424711,0.20540540540540542,0.38439306358381503,0.8801586548690796,0.8774505990722206,1373,7018,0.38455935906773486,0.4246176256372906,0.040058266569555745,0.06508875739644975,0.8901308739920922,0.8859324167143513,0.885235030593669,0.879674500887615,-0.005560529706054029,0.5760869565217391,0.45577211394302847,0.9202151106409239,0.944635457991713,0.00848181764213074,0.24642484540518045,0.009972219123012604,0.08107770656933078,True,True,True,0.31930430618736527,True,True,True,True,True
mimic_race_matched,MIMIC race (matched cohort),revision/EXP-6/runs,rev6__mimic_matched__densenet121__seed42__pr0.5,densenet121,42,0.5,pleural_effusion,BLACK_OR_AA,youden_j,0.8575780654988576,0.7927469642271087,0.2156982421875,WHITE,1295,6993,0.16447876447876447,0.28494208494208495,0.12046332046332048,0.14417744916820702,0.8801586548690796,0.8774505990722206,1373,7018,0.14566642388929352,0.17115804806991988,0.025491624180626365,0.029838022165387893,0.8901308739920922,0.8859324167143513,0.885235030593669,0.879674500887615,-0.005560529706054029,0.8452023988005997,0.7736131934032984,0.7774839107819801,0.8205060389667637,0.00848181764213074,0.11378403687216507,0.009972219123012604,0.018812340589470955,False,True,True,0.11433942700281913,False,True,False,False,False
mimic_race_matched,MIMIC race (matched cohort),revision/EXP-6/runs,rev6__mimic_matched__densenet121__seed42__pr0.5,densenet121,42,0.5,pleural_effusion,BLACK_OR_AA,sens0.80,0.7996953541507997,0.8429602888086642,0.29584962129592896,WHITE,1295,6993,0.24015444015444015,0.3837837837837838,0.14362934362934365,0.1890243902439025,0.8801586548690796,0.8774505990722206,1373,7018,0.19883466860888566,0.22578295702840495,0.026948288419519295,0.03363636363636363,0.8901308739920922,0.8859324167143513,0.885235030593669,0.879674500887615,-0.005560529706054029,0.7811094452773614,0.6975262368815592,0.8267654059772547,0.8683769725822093,0.00848181764213074,0.15800082675537885,0.009972219123012604,0.041319771545554496,False,True,True,0.15538802660753886,False,True,True,False,False
mimic_race_matched,MIMIC race (matched cohort),revision/EXP-6/runs,rev6__mimic_matched__densenet121__seed42__pr0.5,densenet121,42,0.5,pleural_effusion,BLACK_OR_AA,spec0.90,0.6938309215536939,0.8999015425008204,0.42351073026657104,WHITE,1295,6993,0.37683397683397685,0.5683397683397683,0.19150579150579145,0.3073110285006195,0.8801586548690796,0.8774505990722206,1373,7018,0.30735615440640934,0.34231609613983977,0.03495994173343042,0.05047318611987379,0.8901308739920922,0.8859324167143513,0.885235030593669,0.879674500887615,-0.005560529706054029,0.658920539730135,0.547976011994003,0.8900643568720797,0.9218901525169708,0.00848181764213074,0.22602367219992853,0.009972219123012604,0.0694778224275675,True,True,True,0.2568378423807457,True,True,True,True,True
mimic_race_matched,MIMIC race (matched cohort),revision/EXP-6/runs,rev6__mimic_matched__densenet121__seed42__pr0.75,densenet121,42,0.75,pleural_effusion,BLACK_OR_AA,t0.5,0.6130997715156131,0.9284542172628816,0.5,WHITE,1295,6993,0.46563706563706564,0.745945945945946,0.28030888030888035,0.5245664739884394,0.8801586548690796,0.8635470550528466,1373,7018,0.38455935906773486,0.3896576839038602,0.005098324836125323,0.008284023668639133,0.8901308739920922,0.8828037496524456,0.885235030593669,0.8654709606318238,-0.01976406996184521,0.5760869565217391,0.43740629685157423,0.9202151106409239,0.9413735343383585,0.019256694599599,0.3562882620420858,0.009972219123012604,0.08107770656933078,True,True,True,0.5162824503198002,True,True,True,True,True
mimic_race_matched,MIMIC race (matched cohort),revision/EXP-6/runs,rev6__mimic_matched__densenet121__seed42__pr0.75,densenet121,42,0.75,pleural_effusion,BLACK_OR_AA,youden_j,0.8575780654988576,0.7927469642271087,0.2156982421875,WHITE,1295,6993,0.16447876447876447,0.4355212355212355,0.27104247104247103,0.32439926062846575,0.8801586548690796,0.8635470550528466,1373,7018,0.14566642388929352,0.16970138383102695,0.024034959941733436,0.028132992327365734,0.8901308739920922,0.8828037496524456,0.885235030593669,0.8654709606318238,-0.01976406996184521,0.8452023988005997,0.7012743628185907,0.7774839107819801,0.8481001498721679,0.019256694599599,0.26581985169020855,0.009972219123012604,0.018812340589470955,True,True,True,0.29626626830110003,True,True,True,True,True
mimic_race_matched,MIMIC race (matched cohort),revision/EXP-6/runs,rev6__mimic_matched__densenet121__seed42__pr0.75,densenet121,42,0.75,pleural_effusion,BLACK_OR_AA,sens0.80,0.7996953541507997,0.8429602888086642,0.29584962129592896,WHITE,1295,6993,0.24015444015444015,0.5258687258687259,0.28571428571428575,0.3760162601626017,0.8801586548690796,0.8635470550528466,1373,7018,0.19883466860888566,0.23233794610342315,0.03350327749453749,0.041818181818181796,0.8901308739920922,0.8828037496524456,0.885235030593669,0.8654709606318238,-0.01976406996184521,0.7811094452773614,0.6251874062968515,0.8267654059772547,0.8837168297628494,0.019256694599599,0.29353077976530273,0.009972219123012604,0.041319771545554496,True,True,True,0.3341980783444199,True,True,True,True,True
mimic_race_matched,MIMIC race (matched cohort),revision/EXP-6/runs,rev6__mimic_matched__densenet121__seed42__pr0.75,densenet121,42,0.75,pleural_effusion,BLACK_OR_AA,spec0.90,0.6938309215536939,0.8999015425008204,0.42351073026657104,WHITE,1295,6993,0.37683397683397685,0.6671814671814672,0.29034749034749036,0.46592317224287483,0.8801586548690796,0.8635470550528466,1373,7018,0.30735615440640934,0.32483612527312455,0.01747997086671521,0.025236593059936894,0.8901308739920922,0.8828037496524456,0.885235030593669,0.8654709606318238,-0.01976406996184521,0.658920539730135,0.5089955022488756,0.8900643568720797,0.9217138323194922,0.019256694599599,0.34234534190834265,0.009972219123012604,0.0694778224275675,True,True,True,0.4406865791829379,True,True,True,True,True
mimic_race_matched,MIMIC race (matched cohort),revision/EXP-6/runs,rev6__mimic_matched__densenet121__seed42__pr1.0,densenet121,42,1.0,pleural_effusion,BLACK_OR_AA,t0.5,0.6130997715156131,0.9284542172628816,0.5,WHITE,1295,6993,0.46563706563706564,0.8208494208494208,0.35521235521235517,0.6647398843930635,0.8801586548690796,0.8224338011982799,1373,7018,0.38455935906773486,0.42607428987618357,0.0415149308084487,0.06745562130177522,0.8901308739920922,0.8780998466567363,0.885235030593669,0.8362683740118831,-0.048966656581785895,0.5760869565217391,0.3823088455772114,0.9202151106409239,0.9484263422375033,0.05566604545845644,0.39477513097323724,0.009972219123012604,0.08107770656933078,True,True,False,0.5972842630912883,False,False,False,False,False
mimic_race_matched,MIMIC race (matched cohort),revision/EXP-6/runs,rev6__mimic_matched__densenet121__seed42__pr1.0,densenet121,42,1.0,pleural_effusion,BLACK_OR_AA,youden_j,0.8575780654988576,0.7927469642271087,0.2156982421875,WHITE,1295,6993,0.16447876447876447,0.5822393822393822,0.41776061776061774,0.49999999999999994,0.8801586548690796,0.8224338011982799,1373,7018,0.14566642388929352,0.20101966496722506,0.05535324107793155,0.0647911338448423,0.8901308739920922,0.8780998466567363,0.885235030593669,0.8362683740118831,-0.048966656581785895,0.8452023988005997,0.6139430284857571,0.7774839107819801,0.8635281671515472,0.05566604545845644,0.38121971727215714,0.009972219123012604,0.018812340589470955,True,True,False,0.43520886615515764,False,False,False,False,False
mimic_race_matched,MIMIC race (matched cohort),revision/EXP-6/runs,rev6__mimic_matched__densenet121__seed42__pr1.0,densenet121,42,1.0,pleural_effusion,BLACK_OR_AA,sens0.80,0.7996953541507997,0.8429602888086642,0.29584962129592896,WHITE,1295,6993,0.24015444015444015,0.6586872586872586,0.4185328185328185,0.5508130081300813,0.8801586548690796,0.8224338011982799,1373,7018,0.19883466860888566,0.258557902403496,0.059723233794610364,0.07454545454545457,0.8901308739920922,0.8780998466567363,0.885235030593669,0.8362683740118831,-0.048966656581785895,0.7811094452773614,0.5472263868065967,0.8267654059772547,0.8976461253636604,0.05566604545845644,0.4001293562837626,0.009972219123012604,0.041319771545554496,True,True,False,0.4762675535846267,False,False,False,False,False
mimic_race_matched,MIMIC race (matched cohort),revision/EXP-6/runs,rev6__mimic_matched__densenet121__seed42__pr1.0,densenet121,42,1.0,pleural_effusion,BLACK_OR_AA,spec0.90,0.6938309215536939,0.8999015425008204,0.42351073026657104,WHITE,1295,6993,0.37683397683397685,0.7644787644787645,0.38764478764478766,0.6220570012391573,0.8801586548690796,0.8224338011982799,1373,7018,0.30735615440640934,0.35615440640932267,0.04879825200291332,0.07045215562565721,0.8901308739920922,0.8780998466567363,0.885235030593669,0.8362683740118831,-0.048966656581785895,0.658920539730135,0.44565217391304346,0.8900643568720797,0.9318522436745129,0.05566604545845644,0.40832435806944184,0.009972219123012604,0.0694778224275675,True,True,False,0.5516048456135001,False,False,False,False,False
mimic_race_matched,MIMIC race (matched cohort),phase1,phase1__mimic_cxr__densenet121__seed123__pr0.0,densenet121,123,0.0,pleural_effusion,BLACK_OR_AA,t0.5,0.5331302361005331,0.9445356087955366,0.5,WHITE,1295,6993,0.5351351351351351,0.5351351351351351,0.0,0.0,0.8771213499012727,0.8771213499012727,1373,7018,0.45520757465404227,0.45520757465404227,0.0,0.0,0.8854720643667543,0.8854720643667543,0.8812204417495034,0.8812204417495034,0.0,0.5059970014992504,0.5059970014992504,0.9376708101913074,0.9376708101913074,0.008350714465481635,0.07992756048109284,0.008350714465481635,0.07992756048109284,False,False,True,0.0,False,False,False,False,False
mimic_race_matched,MIMIC race (matched cohort),phase1,phase1__mimic_cxr__densenet121__seed123__pr0.0,densenet121,123,0.0,pleural_effusion,BLACK_OR_AA,youden_j,0.821020563594821,0.8227765014768625,0.1607666015625,WHITE,1295,6993,0.23706563706563707,0.23706563706563707,0.0,0.0,0.8771213499012727,0.8771213499012727,1373,7018,0.1733430444282593,0.1733430444282593,0.0,0.0,0.8854720643667543,0.8854720643667543,0.8812204417495034,0.8812204417495034,0.0,0.795727136431784,0.795727136431784,0.8108084281054395,0.8108084281054395,0.008350714465481635,0.06372259263737778,0.008350714465481635,0.06372259263737778,False,False,True,0.0,False,False,False,False,False
mimic_race_matched,MIMIC race (matched cohort),phase1,phase1__mimic_cxr__densenet121__seed123__pr0.0,densenet121,123,0.0,pleural_effusion,BLACK_OR_AA,sens0.80,0.7996953541507997,0.8375451263537906,0.18464355170726776,WHITE,1295,6993,0.2571428571428571,0.2571428571428571,0.0,0.0,0.8771213499012727,0.8771213499012727,1373,7018,0.19519300801165332,0.19519300801165332,0.0,0.0,0.8854720643667543,0.8854720643667543,0.8812204417495034,0.8812204417495034,0.0,0.7747376311844077,0.7747376311844077,0.8272062064709512,0.8272062064709512,0.008350714465481635,0.0619498491312038,0.008350714465481635,0.0619498491312038,False,False,True,0.0,False,False,False,False,False
mimic_race_matched,MIMIC race (matched cohort),phase1,phase1__mimic_cxr__densenet121__seed123__pr0.0,densenet121,123,0.0,pleural_effusion,BLACK_OR_AA,spec0.90,0.7052551408987052,0.8997374466688546,0.312255859375,WHITE,1295,6993,0.3776061776061776,0.3776061776061776,0.0,0.0,0.8771213499012727,0.8771213499012727,1373,7018,0.29570284049526585,0.29570284049526585,0.0,0.0,0.8854720643667543,0.8854720643667543,0.8812204417495034,0.8812204417495034,0.0,0.6645427286356822,0.6645427286356822,0.8877721943048577,0.8877721943048577,0.008350714465481635,0.08190333711091174,0.008350714465481635,0.08190333711091174,False,False,True,0.0,False,False,False,False,False
mimic_race_matched,MIMIC race (matched cohort),phase2,phase2__mimic_cxr__densenet121__seed123__pr0.005,densenet121,123,0.005,pleural_effusion,BLACK_OR_AA,t0.5,0.5331302361005331,0.9445356087955366,0.5,WHITE,1295,6993,0.5351351351351351,0.5899613899613899,0.054826254826254806,0.11794019933554813,0.8771213499012727,0.8779955305051831,1373,7018,0.45520757465404227,0.5142024763292061,0.05899490167516386,0.10828877005347591,0.8854720643667543,0.8856366325896691,0.8812204417495034,0.8818960659844636,0.0006756242349601482,0.5059970014992504,0.4490254872563718,0.9376708101913074,0.9538922683593406,0.0076411020844859845,0.07575891363218379,0.008350714465481635,0.07992756048109284,False,False,True,0.009651429282072216,False,False,False,False,False
mimic_race_matched,MIMIC race (matched cohort),phase2,phase2__mimic_cxr__densenet121__seed123__pr0.005,densenet121,123,0.005,pleural_effusion,BLACK_OR_AA,youden_j,0.821020563594821,0.8227765014768625,0.1607666015625,WHITE,1295,6993,0.23706563706563707,0.23552123552123552,-0.0015444015444015524,-0.002024291497975719,0.8771213499012727,0.8779955305051831,1373,7018,0.1733430444282593,0.20538965768390385,0.03204661325564456,0.03876651982378854,0.8854720643667543,0.8856366325896691,0.8812204417495034,0.8818960659844636,0.0006756242349601482,0.795727136431784,0.7799850074962519,0.8108084281054395,0.8242087631138146,0.0076411020844859845,0.03013157783733167,0.008350714465481635,0.06372259263737778,False,False,True,-0.04079081132176426,False,False,False,False,False
mimic_race_matched,MIMIC race (matched cohort),phase2,phase2__mimic_cxr__densenet121__seed123__pr0.005,densenet121,123,0.005,pleural_effusion,BLACK_OR_AA,sens0.80,0.7996953541507997,0.8375451263537906,0.18464355170726776,WHITE,1295,6993,0.2571428571428571,0.2702702702702703,0.013127413127413168,0.017671517671517725,0.8771213499012727,0.8779955305051831,1373,7018,0.19519300801165332,0.22359796067006554,0.028404952658412225,0.03529411764705881,0.8854720643667543,0.8856366325896691,0.8812204417495034,0.8818960659844636,0.0006756242349601482,0.7747376311844077,0.7537481259370314,0.8272062064709512,0.8428987040465485,0.0076411020844859845,0.04667230960020474,0.008350714465481635,0.0619498491312038,False,False,True,-0.017622599975541085,False,False,False,False,False
mimic_race_matched,MIMIC race (matched cohort),phase2,phase2__mimic_cxr__densenet121__seed123__pr0.005,densenet121,123,0.005,pleural_effusion,BLACK_OR_AA,spec0.90,0.7052551408987052,0.8997374466688546,0.312255859375,WHITE,1295,6993,0.3776061776061776,0.41235521235521233,0.034749034749034735,0.05583126550868484,0.8771213499012727,0.8779955305051831,1373,7018,0.29570284049526585,0.3415877640203933,0.04588492352512746,0.06514994829369183,0.8854720643667543,0.8856366325896691,0.8812204417495034,0.8818960659844636,0.0006756242349601482,0.6645427286356822,0.6240629685157422,0.8877721943048577,0.9019659702018866,0.0076411020844859845,0.07076744833481902,0.008350714465481635,0.08190333711091174,False,False,True,-0.009318682785006992,False,False,False,False,False
mimic_race_matched,MIMIC race (matched cohort),phase2,phase2__mimic_cxr__densenet121__seed123__pr0.01,densenet121,123,0.01,pleural_effusion,BLACK_OR_AA,t0.5,0.5331302361005331,0.9445356087955366,0.5,WHITE,1295,6993,0.5351351351351351,0.5552123552123552,0.020077220077220126,0.04318936877076422,0.8771213499012727,0.8818831643155968,1373,7018,0.45520757465404227,0.4537509104151493,-0.0014566642388929574,-0.0026737967914438913,0.8854720643667543,0.8840319150102863,0.8812204417495034,0.8827206503862589,0.0015002086367554845,0.5059970014992504,0.4970014992503748,0.9376708101913074,0.9434012166093626,0.0021487506946895607,0.10146144479720592,0.008350714465481635,0.07992756048109284,False,False,True,0.04586316556220811,False,False,False,False,False
mimic_race_matched,MIMIC race (matched cohort),phase2,phase2__mimic_cxr__densenet121__seed123__pr0.01,densenet121,123,0.01,pleural_effusion,BLACK_OR_AA,youden_j,0.821020563594821,0.8227765014768625,0.1607666015625,WHITE,1295,6993,0.23706563706563707,0.16833976833976835,-0.06872586872586872,-0.09008097165991903,0.8771213499012727,0.8818831643155968,1373,7018,0.1733430444282593,0.1434814275309541,-0.029861616897305182,-0.03612334801762116,0.8854720643667543,0.8840319150102863,0.8812204417495034,0.8827206503862589,0.0015002086367554845,0.795727136431784,0.8444527736131934,0.8108084281054395,0.7661994181433484,0.0021487506946895607,0.024858340808814244,0.008350714465481635,0.06372259263737778,False,False,True,-0.05395762364229787,False,False,False,False,False
mimic_race_matched,MIMIC race (matched cohort),phase2,phase2__mimic_cxr__densenet121__seed123__pr0.01,densenet121,123,0.01,pleural_effusion,BLACK_OR_AA,sens0.80,0.7996953541507997,0.8375451263537906,0.18464355170726776,WHITE,1295,6993,0.2571428571428571,0.18764478764478765,-0.06949806949806947,-0.09355509355509352,0.8771213499012727,0.8818831643155968,1373,7018,0.19519300801165332,0.16023306627822287,-0.03495994173343045,-0.04343891402714933,0.8854720643667543,0.8840319150102863,0.8812204417495034,0.8827206503862589,0.0015002086367554845,0.7747376311844077,0.8264617691154422,0.8272062064709512,0.7882394428281759,0.0021487506946895607,0.02741172136656478,0.008350714465481635,0.0619498491312038,False,False,True,-0.05011617952794419,False,False,False,False,False
mimic_race_matched,MIMIC race (matched cohort),phase2,phase2__mimic_cxr__densenet121__seed123__pr0.01,densenet121,123,0.01,pleural_effusion,BLACK_OR_AA,spec0.90,0.7052551408987052,0.8997374466688546,0.312255859375,WHITE,1295,6993,0.3776061776061776,0.3444015444015444,-0.03320463320463318,-0.05334987593052106,0.8771213499012727,0.8818831643155968,1373,7018,0.29570284049526585,0.2651128914785142,-0.03058994901675166,-0.04343329886246125,0.8854720643667543,0.8840319150102863,0.8812204417495034,0.8827206503862589,0.0015002086367554845,0.6645427286356822,0.6964017991004497,0.8877721943048577,0.8705809750506921,0.0021487506946895607,0.07928865292303022,0.008350714465481635,0.08190333711091174,False,False,True,-0.00991657706805981,False,False,False,False,False
mimic_race_matched,MIMIC race (matched cohort),phase2,phase2__mimic_cxr__densenet121__seed123__pr0.02,densenet121,123,0.02,pleural_effusion,BLACK_OR_AA,t0.5,0.5331302361005331,0.9445356087955366,0.5,WHITE,1295,6993,0.5351351351351351,0.572972972972973,0.037837837837837895,0.08139534883720942,0.8771213499012727,0.8807118531056755,1373,7018,0.45520757465404227,0.4763292061179898,0.02112163146394752,0.03877005347593576,0.8854720643667543,0.8849057845311031,0.8812204417495034,0.8826251546271298,0.0014047128776263351,0.5059970014992504,0.4767616191904048,0.9376708101913074,0.948338182138764,0.004193931425427677,0.09664376685498322,0.008350714465481635,0.07992756048109284,False,False,True,0.04262529536127366,False,False,False,False,False
mimic_race_matched,MIMIC race (matched cohort),phase2,phase2__mimic_cxr__densenet121__seed123__pr0.02,densenet121,123,0.02,pleural_effusion,BLACK_OR_AA,youden_j,0.821020563594821,0.8227765014768625,0.1607666015625,WHITE,1295,6993,0.23706563706563707,0.17065637065637065,-0.06640926640926642,-0.08704453441295548,0.8771213499012727,0.8807118531056755,1373,7018,0.1733430444282593,0.1325564457392571,-0.040786598689002196,-0.049339207048458164,0.8854720643667543,0.8849057845311031,0.8812204417495034,0.8826251546271298,0.0014047128776263351,0.795727136431784,0.8489505247376312,0.8108084281054395,0.7684034206118311,0.004193931425427677,0.03809992491711356,0.008350714465481635,0.06372259263737778,False,False,True,-0.03770532736449732,False,False,False,False,False
mimic_race_matched,MIMIC race (matched cohort),phase2,phase2__mimic_cxr__densenet121__seed123__pr0.02,densenet121,123,0.02,pleural_effusion,BLACK_OR_AA,sens0.80,0.7996953541507997,0.8375451263537906,0.18464355170726776,WHITE,1295,6993,0.2571428571428571,0.20077220077220076,-0.05637065637065636,-0.07588357588357586,0.8771213499012727,0.8807118531056755,1373,7018,0.19519300801165332,0.15222141296431171,-0.042971595047341604,-0.05339366515837106,0.8854720643667543,0.8849057845311031,0.8812204417495034,0.8826251546271298,0.0014047128776263351,0.7747376311844077,0.8242128935532234,0.8272062064709512,0.7889447236180904,0.004193931425427677,0.048550787807889045,0.008350714465481635,0.0619498491312038,False,False,True,-0.0224899107252048,False,False,False,False,False
mimic_race_matched,MIMIC race (matched cohort),phase2,phase2__mimic_cxr__densenet121__seed123__pr0.02,densenet121,123,0.02,pleural_effusion,BLACK_OR_AA,spec0.90,0.7052551408987052,0.8997374466688546,0.312255859375,WHITE,1295,6993,0.3776061776061776,0.3444015444015444,-0.03320463320463318,-0.05334987593052106,0.8771213499012727,0.8807118531056755,1373,7018,0.29570284049526585,0.27239621267297887,-0.023306627822286985,-0.03309203722854191,0.8854720643667543,0.8849057845311031,0.8812204417495034,0.8826251546271298,0.0014047128776263351,0.6645427286356822,0.6926536731634183,0.8877721943048577,0.8740192189015251,0.004193931425427677,0.07200533172856555,0.008350714465481635,0.08190333711091174,False,False,True,-0.02025783870197915,False,False,False,False,False
mimic_race_matched,MIMIC race (matched cohort),phase2,phase2__mimic_cxr__densenet121__seed123__pr0.05,densenet121,123,0.05,pleural_effusion,BLACK_OR_AA,t0.5,0.5331302361005331,0.9445356087955366,0.5,WHITE,1295,6993,0.5351351351351351,0.5621621621621622,0.027027027027027084,0.05813953488372105,0.8771213499012727,0.8787080341134396,1373,7018,0.45520757465404227,0.4646758922068463,0.009468317552804029,0.017379679144384937,0.8854720643667543,0.8865107601555238,0.8812204417495034,0.8824813327269188,0.0012608909774153298,0.5059970014992504,0.48800599700149927,0.9376708101913074,0.9456933791765847,0.007802726042084207,0.0974862699553159,0.008350714465481635,0.07992756048109284,False,False,True,0.04075985573933611,False,False,False,False,False
mimic_race_matched,MIMIC race (matched cohort),phase2,phase2__mimic_cxr__densenet121__seed123__pr0.05,densenet121,123,0.05,pleural_effusion,BLACK_OR_AA,youden_j,0.821020563594821,0.8227765014768625,0.1607666015625,WHITE,1295,6993,0.23706563706563707,0.22162162162162163,-0.015444015444015441,-0.020242914979757082,0.8771213499012727,0.8787080341134396,1373,7018,0.1733430444282593,0.16824471959213402,-0.0050983248361252675,-0.006167400881057262,0.8854720643667543,0.8865107601555238,0.8812204417495034,0.8824813327269188,0.0012608909774153298,0.795727136431784,0.8058470764617691,0.8108084281054395,0.8094860266243499,0.007802726042084207,0.05337690202948761,0.008350714465481635,0.06372259263737778,False,False,True,-0.01407551409869982,False,False,False,False,False
mimic_race_matched,MIMIC race (matched cohort),phase2,phase2__mimic_cxr__densenet121__seed123__pr0.05,densenet121,123,0.05,pleural_effusion,BLACK_OR_AA,sens0.80,0.7996953541507997,0.8375451263537906,0.18464355170726776,WHITE,1295,6993,0.2571428571428571,0.25096525096525096,-0.006177606177606154,-0.008316008316008284,0.8771213499012727,0.8787080341134396,1373,7018,0.19519300801165332,0.18936635105608157,-0.005826656955571746,-0.007239819004524893,0.8854720643667543,0.8865107601555238,0.8812204417495034,0.8824813327269188,0.0012608909774153298,0.7747376311844077,0.7807346326836582,0.8272062064709512,0.8250903641012078,0.007802726042084207,0.06159889990916939,0.008350714465481635,0.0619498491312038,False,False,True,-0.0010761893114833903,False,False,False,False,False
mimic_race_matched,MIMIC race (matched cohort),phase2,phase2__mimic_cxr__densenet121__seed123__pr0.05,densenet121,123,0.05,pleural_effusion,BLACK_OR_AA,spec0.90,0.7052551408987052,0.8997374466688546,0.312255859375,WHITE,1295,6993,0.3776061776061776,0.37915057915057915,0.0015444015444015524,0.0024813895781637847,0.8771213499012727,0.8787080341134396,1373,7018,0.29570284049526585,0.3008011653313911,0.0050983248361252675,0.007238883143743529,0.8854720643667543,0.8865107601555238,0.8812204417495034,0.8824813327269188,0.0012608909774153298,0.6645427286356822,0.6611694152923538,0.8877721943048577,0.8908577977607335,0.007802726042084207,0.07834941381918803,0.008350714465481635,0.08190333711091174,False,False,True,-0.004757493565579744,False,False,False,False,False
mimic_race_matched,MIMIC race (matched cohort),phase2,phase2__mimic_cxr__densenet121__seed123__pr0.10,densenet121,123,0.1,pleural_effusion,BLACK_OR_AA,t0.5,0.5331302361005331,0.9445356087955366,0.5,WHITE,1295,6993,0.5351351351351351,0.6108108108108108,0.07567567567567568,0.16279069767441862,0.8771213499012727,0.8794074599093903,1373,7018,0.45520757465404227,0.507647487254188,0.05243991260014569,0.09625668449197865,0.8854720643667543,0.8842356415677011,0.8812204417495034,0.8813781914914005,0.00015774974189708413,0.5059970014992504,0.44227886056971516,0.9376708101913074,0.9544212289517764,0.004828181658310782,0.10316332355662283,0.008350714465481635,0.07992756048109284,False,True,True,0.06653401318243997,False,True,True,False,False
mimic_race_matched,MIMIC race (matched cohort),phase2,phase2__mimic_cxr__densenet121__seed123__pr0.10,densenet121,123,0.1,pleural_effusion,BLACK_OR_AA,youden_j,0.821020563594821,0.8227765014768625,0.1607666015625,WHITE,1295,6993,0.23706563706563707,0.21853281853281853,-0.018532818532818546,-0.02429149797570852,0.8771213499012727,0.8794074599093903,1373,7018,0.1733430444282593,0.16023306627822287,-0.013109978150036422,-0.015859030837004413,0.8854720643667543,0.8842356415677011,0.8812204417495034,0.8813781914914005,0.00015774974189708413,0.795727136431784,0.8114692653673163,0.8108084281054395,0.7956448911222781,0.004828181658310782,0.05829975225459566,0.008350714465481635,0.06372259263737778,False,False,True,-0.008432467138704106,False,False,False,False,False
mimic_race_matched,MIMIC race (matched cohort),phase2,phase2__mimic_cxr__densenet121__seed123__pr0.10,densenet121,123,0.1,pleural_effusion,BLACK_OR_AA,sens0.80,0.7996953541507997,0.8375451263537906,0.18464355170726776,WHITE,1295,6993,0.2571428571428571,0.2416988416988417,-0.015444015444015413,-0.020790020790020746,0.8771213499012727,0.8794074599093903,1373,7018,0.19519300801165332,0.18281136198106337,-0.012381646030589943,-0.015384615384615377,0.8854720643667543,0.8842356415677011,0.8812204417495034,0.8813781914914005,0.00015774974189708413,0.7747376311844077,0.7886056971514243,0.8272062064709512,0.8125716300802257,0.004828181658310782,0.05888747971777833,0.008350714465481635,0.0619498491312038,False,False,True,-0.005405405405405369,False,False,False,False,False
mimic_race_matched,MIMIC race (matched cohort),phase2,phase2__mimic_cxr__densenet121__seed123__pr0.10,densenet121,123,0.1,pleural_effusion,BLACK_OR_AA,spec0.90,0.7052551408987052,0.8997374466688546,0.312255859375,WHITE,1295,6993,0.3776061776061776,0.3837837837837838,0.00617760617760621,0.009925558312655139,0.8771213499012727,0.8794074599093903,1373,7018,0.29570284049526585,0.30007283321194467,0.004369992716678817,0.006204756980351619,0.8854720643667543,0.8842356415677011,0.8812204417495034,0.8813781914914005,0.00015774974189708413,0.6645427286356822,0.6592953523238381,0.8877721943048577,0.88874195539099,0.004828181658310782,0.08371095057183914,0.008350714465481635,0.08190333711091174,False,False,True,0.00372080133230352,False,False,False,False,False
mimic_race_matched,MIMIC race (matched cohort),revision/EXP-6/runs,rev6__mimic_matched__densenet121__seed123__pr0.5,densenet121,123,0.5,pleural_effusion,BLACK_OR_AA,t0.5,0.5331302361005331,0.9445356087955366,0.5,WHITE,1295,6993,0.5351351351351351,0.6756756756756757,0.14054054054054055,0.3023255813953488,0.8771213499012727,0.8778686147412016,1373,7018,0.45520757465404227,0.4581209031318281,0.0029133284777858592,0.00534759358288768,0.8854720643667543,0.8843655027330195,0.8812204417495034,0.8783604594158884,-0.002859982333615063,0.5059970014992504,0.4362818590704648,0.9376708101913074,0.9506303447059861,0.006496887991817912,0.21755477254384753,0.008350714465481635,0.07992756048109284,True,True,True,0.29697798781246115,True,True,True,True,True
mimic_race_matched,MIMIC race (matched cohort),revision/EXP-6/runs,rev6__mimic_matched__densenet121__seed123__pr0.5,densenet121,123,0.5,pleural_effusion,BLACK_OR_AA,youden_j,0.821020563594821,0.8227765014768625,0.1607666015625,WHITE,1295,6993,0.23706563706563707,0.21312741312741312,-0.02393822393822395,-0.0313765182186235,0.8771213499012727,0.8778686147412016,1373,7018,0.1733430444282593,0.11726147123088128,-0.05608157319737801,-0.06784140969162997,0.8854720643667543,0.8843655027330195,0.8812204417495034,0.8783604594158884,-0.002859982333615063,0.795727136431784,0.8362068965517241,0.8108084281054395,0.7680507802168739,0.006496887991817912,0.09586594189653184,0.008350714465481635,0.06372259263737778,False,False,True,0.03646489147300647,False,False,False,False,False
mimic_race_matched,MIMIC race (matched cohort),revision/EXP-6/runs,rev6__mimic_matched__densenet121__seed123__pr0.5,densenet121,123,0.5,pleural_effusion,BLACK_OR_AA,sens0.80,0.7996953541507997,0.8375451263537906,0.18464355170726776,WHITE,1295,6993,0.2571428571428571,0.2416988416988417,-0.015444015444015413,-0.020790020790020746,0.8771213499012727,0.8778686147412016,1373,7018,0.19519300801165332,0.13546977421704298,-0.059723233794610336,-0.07420814479638008,0.8854720643667543,0.8843655027330195,0.8812204417495034,0.8783604594158884,-0.002859982333615063,0.7747376311844077,0.8129685157421289,0.8272062064709512,0.789121043815569,0.006496887991817912,0.10622906748179872,0.008350714465481635,0.0619498491312038,False,True,True,0.05341812400635933,False,False,False,False,False
mimic_race_matched,MIMIC race (matched cohort),revision/EXP-6/runs,rev6__mimic_matched__densenet121__seed123__pr0.5,densenet121,123,0.5,pleural_effusion,BLACK_OR_AA,spec0.90,0.7052551408987052,0.8997374466688546,0.312255859375,WHITE,1295,6993,0.3776061776061776,0.4115830115830116,0.03397683397683399,0.054590570719603,0.8771213499012727,0.8778686147412016,1373,7018,0.29570284049526585,0.2316096139839767,-0.06409322651128915,-0.09100310237849019,0.8854720643667543,0.8843655027330195,0.8812204417495034,0.8783604594158884,-0.002859982333615063,0.6645427286356822,0.6810344827586207,0.8877721943048577,0.8737547386053073,0.006496887991817912,0.17997339759903488,0.008350714465481635,0.08190333711091174,False,True,True,0.14559367309809318,False,False,False,False,False
mimic_race_matched,MIMIC race (matched cohort),revision/EXP-6/runs,rev6__mimic_matched__densenet121__seed123__pr0.75,densenet121,123,0.75,pleural_effusion,BLACK_OR_AA,t0.5,0.5331302361005331,0.9445356087955366,0.5,WHITE,1295,6993,0.5351351351351351,0.8409266409266409,0.3057915057915058,0.6578073089700996,0.8771213499012727,0.8625748924976725,1373,7018,0.45520757465404227,0.5528040786598689,0.09759650400582665,0.17914438502673796,0.8854720643667543,0.8746362371356485,0.8812204417495034,0.8628308168052974,-0.01838962494420604,0.5059970014992504,0.3073463268365817,0.9376708101913074,0.9639425196156219,0.012061344637976035,0.288122562266772,0.008350714465481635,0.07992756048109284,True,True,True,0.4786629239433617,True,True,True,True,True
mimic_race_matched,MIMIC race (matched cohort),revision/EXP-6/runs,rev6__mimic_matched__densenet121__seed123__pr0.75,densenet121,123,0.75,pleural_effusion,BLACK_OR_AA,youden_j,0.821020563594821,0.8227765014768625,0.1607666015625,WHITE,1295,6993,0.23706563706563707,0.42316602316602314,0.18610038610038607,0.24392712550607284,0.8771213499012727,0.8625748924976725,1373,7018,0.1733430444282593,0.19227967953386743,0.01893663510560814,0.022907488986784123,0.8854720643667543,0.8746362371356485,0.8812204417495034,0.8628308168052974,-0.01838962494420604,0.795727136431784,0.6956521739130435,0.8108084281054395,0.8413999823679803,0.012061344637976035,0.2308863436321557,0.008350714465481635,0.06372259263737778,True,True,True,0.22101963651928871,True,True,True,True,False
mimic_race_matched,MIMIC race (matched cohort),revision/EXP-6/runs,rev6__mimic_matched__densenet121__seed123__pr0.75,densenet121,123,0.75,pleural_effusion,BLACK_OR_AA,sens0.80,0.7996953541507997,0.8375451263537906,0.18464355170726776,WHITE,1295,6993,0.2571428571428571,0.4540540540540541,0.19691119691119696,0.2650727650727651,0.8771213499012727,0.8625748924976725,1373,7018,0.19519300801165332,0.2177713037144938,0.02257829570284048,0.028054298642533913,0.8854720643667543,0.8746362371356485,0.8812204417495034,0.8628308168052974,-0.01838962494420604,0.7747376311844077,0.6675412293853074,0.8272062064709512,0.8576214405360134,0.012061344637976035,0.23628275033956028,0.008350714465481635,0.0619498491312038,True,True,True,0.2370184664302312,True,True,True,True,False
mimic_race_matched,MIMIC race (matched cohort),revision/EXP-6/runs,rev6__mimic_matched__densenet121__seed123__pr0.75,densenet121,123,0.75,pleural_effusion,BLACK_OR_AA,spec0.90,0.7052551408987052,0.8997374466688546,0.312255859375,WHITE,1295,6993,0.3776061776061776,0.644015444015444,0.2664092664092664,0.4280397022332506,0.8771213499012727,0.8625748924976725,1373,7018,0.29570284049526585,0.325564457392571,0.029861616897305154,0.04239917269906926,0.8854720643667543,0.8746362371356485,0.8812204417495034,0.8628308168052974,-0.01838962494420604,0.6645427286356822,0.5198650674662668,0.8877721943048577,0.9184519086661377,0.012061344637976035,0.31845098662287297,0.008350714465481635,0.08190333711091174,True,True,True,0.3856405295341814,True,True,True,True,True
mimic_race_matched,MIMIC race (matched cohort),revision/EXP-6/runs,rev6__mimic_matched__densenet121__seed123__pr1.0,densenet121,123,1.0,pleural_effusion,BLACK_OR_AA,t0.5,0.5331302361005331,0.9445356087955366,0.5,WHITE,1295,6993,0.5351351351351351,0.8555984555984556,0.3204633204633205,0.6893687707641196,0.8771213499012727,0.8175281986092797,1373,7018,0.45520757465404227,0.5236707938820102,0.06846321922796794,0.12566844919786094,0.8854720643667543,0.8750446579193699,0.8812204417495034,0.8329401320233827,-0.04828030972612074,0.5059970014992504,0.31521739130434784,0.9376708101913074,0.962531958035793,0.057516459310090196,0.3319276617164454,0.008350714465481635,0.07992756048109284,True,True,False,0.5637003215662587,False,False,False,False,False
mimic_race_matched,MIMIC race (matched cohort),revision/EXP-6/runs,rev6__mimic_matched__densenet121__seed123__pr1.0,densenet121,123,1.0,pleural_effusion,BLACK_OR_AA,youden_j,0.821020563594821,0.8227765014768625,0.1607666015625,WHITE,1295,6993,0.23706563706563707,0.5505791505791506,0.31351351351351353,0.4109311740890689,0.8771213499012727,0.8175281986092797,1373,7018,0.1733430444282593,0.20029133284777859,0.026948288419519295,0.03259911894273127,0.8854720643667543,0.8750446579193699,0.8812204417495034,0.8329401320233827,-0.04828030972612074,0.795727136431784,0.6296851574212894,0.8108084281054395,0.8557700784624879,0.057516459310090196,0.3502878177313721,0.008350714465481635,0.06372259263737778,True,True,False,0.3783320551463376,False,False,False,False,False
mimic_race_matched,MIMIC race (matched cohort),revision/EXP-6/runs,rev6__mimic_matched__densenet121__seed123__pr1.0,densenet121,123,1.0,pleural_effusion,BLACK_OR_AA,sens0.80,0.7996953541507997,0.8375451263537906,0.18464355170726776,WHITE,1295,6993,0.2571428571428571,0.5783783783783784,0.32123552123552124,0.4324324324324324,0.8771213499012727,0.8175281986092797,1373,7018,0.19519300801165332,0.2221412964311726,0.026948288419519295,0.033484162895927594,0.8854720643667543,0.8750446579193699,0.8812204417495034,0.8329401320233827,-0.04828030972612074,0.7747376311844077,0.6049475262368815,0.8272062064709512,0.869434893767081,0.057516459310090196,0.3562370819472057,0.008350714465481635,0.0619498491312038,True,True,False,0.3989482695365048,False,False,False,False,False
mimic_race_matched,MIMIC race (matched cohort),revision/EXP-6/runs,rev6__mimic_matched__densenet121__seed123__pr1.0,densenet121,123,1.0,pleural_effusion,BLACK_OR_AA,spec0.90,0.7052551408987052,0.8997374466688546,0.312255859375,WHITE,1295,6993,0.3776061776061776,0.7196911196911197,0.34208494208494206,0.5496277915632755,0.8771213499012727,0.8175281986092797,1373,7018,0.29570284049526585,0.32483612527312455,0.029133284777858703,0.04136504653567735,0.8854720643667543,0.8750446579193699,0.8812204417495034,0.8329401320233827,-0.04828030972612074,0.6645427286356822,0.4835082458770615,0.8877721943048577,0.9172176672837874,0.057516459310090196,0.3948549944179951,0.008350714465481635,0.08190333711091174,True,True,False,0.508262745027598,False,False,False,False,False
mimic_race_matched,MIMIC race (matched cohort),phase1,phase1__mimic_cxr__densenet121__seed2024__pr0.0,densenet121,2024,0.0,pleural_effusion,BLACK_OR_AA,t0.5,0.5118050266565118,0.9524122087298983,0.5,WHITE,1295,6993,0.5428571428571428,0.5428571428571428,0.0,0.0,0.8829597460871592,0.8829597460871592,1373,7018,0.47050254916241807,0.47050254916241807,0.0,0.0,0.8917032714304791,0.8917032714304791,0.8872749885305959,0.8872749885305959,0.0,0.4943778110944528,0.4943778110944528,0.9457815392753239,0.9457815392753239,0.008743525343319902,0.07235459369472474,0.008743525343319902,0.07235459369472474,False,False,True,0.0,False,False,False,False,False
mimic_race_matched,MIMIC race (matched cohort),phase1,phase1__mimic_cxr__densenet121__seed2024__pr0.0,densenet121,2024,0.0,pleural_effusion,BLACK_OR_AA,youden_j,0.8469154607768469,0.8121102723990811,0.16845703125,WHITE,1295,6993,0.20926640926640927,0.20926640926640927,0.0,0.0,0.8829597460871592,0.8829597460871592,1373,7018,0.16023306627822287,0.16023306627822287,0.0,0.0,0.8917032714304791,0.8917032714304791,0.8872749885305959,0.8872749885305959,0.0,0.8159670164917541,0.8159670164917541,0.7992594551705898,0.7992594551705898,0.008743525343319902,0.0490333429881864,0.008743525343319902,0.0490333429881864,False,False,True,0.0,False,False,False,False,False
mimic_race_matched,MIMIC race (matched cohort),phase1,phase1__mimic_cxr__densenet121__seed2024__pr0.0,densenet121,2024,0.0,pleural_effusion,BLACK_OR_AA,sens0.80,0.8004569687738005,0.8480472595996061,0.2191162109375,WHITE,1295,6993,0.261003861003861,0.261003861003861,0.0,0.0,0.8829597460871592,0.8829597460871592,1373,7018,0.19519300801165332,0.19519300801165332,0.0,0.0,0.8917032714304791,0.8917032714304791,0.8872749885305959,0.8872749885305959,0.0,0.7728635682158921,0.7728635682158921,0.8336418936789209,0.8336418936789209,0.008743525343319902,0.06581085299220771,0.008743525343319902,0.06581085299220771,False,False,True,0.0,False,False,False,False,False
mimic_race_matched,MIMIC race (matched cohort),phase1,phase1__mimic_cxr__densenet121__seed2024__pr0.0,densenet121,2024,0.0,pleural_effusion,BLACK_OR_AA,spec0.90,0.6945925361766946,0.8999015425008204,0.32685548067092896,WHITE,1295,6993,0.3637065637065637,0.3637065637065637,0.0,0.0,0.8829597460871592,0.8829597460871592,1373,7018,0.2847778587035688,0.2847778587035688,0.0,0.0,0.8917032714304791,0.8917032714304791,0.8872749885305959,0.8872749885305959,0.0,0.676911544227886,0.676911544227886,0.8873313938111611,0.8873313938111611,0.008743525343319902,0.07892870500299487,0.008743525343319902,0.07892870500299487,False,False,True,0.0,False,False,False,False,False
mimic_race_matched,MIMIC race (matched cohort),phase2,phase2__mimic_cxr__densenet121__seed2024__pr0.005,densenet121,2024,0.005,pleural_effusion,BLACK_OR_AA,t0.5,0.5118050266565118,0.9524122087298983,0.5,WHITE,1295,6993,0.5428571428571428,0.6038610038610038,0.061003861003861015,0.13344594594594597,0.8829597460871592,0.8807077874645443,1373,7018,0.47050254916241807,0.5345957756737072,0.06409322651128913,0.12104539202200822,0.8917032714304791,0.8926119770314112,0.8872749885305959,0.8866996183209639,-0.0005753702096320534,0.4943778110944528,0.431784107946027,0.9457815392753239,0.9575068324076523,0.011904189566866896,0.06926522818729663,0.008743525343319902,0.07235459369472474,False,False,True,0.012400553923937754,False,False,False,False,False
mimic_race_matched,MIMIC race (matched cohort),phase2,phase2__mimic_cxr__densenet121__seed2024__pr0.005,densenet121,2024,0.005,pleural_effusion,BLACK_OR_AA,youden_j,0.8469154607768469,0.8121102723990811,0.16845703125,WHITE,1295,6993,0.20926640926640927,0.24555984555984556,0.03629343629343629,0.04589843749999999,0.8829597460871592,0.8807077874645443,1373,7018,0.16023306627822287,0.1755280407865987,0.01529497450837583,0.018213356461405043,0.8917032714304791,0.8926119770314112,0.8872749885305959,0.8866996183209639,-0.0005753702096320534,0.8159670164917541,0.79047976011994,0.7992594551705898,0.8221810808428105,0.011904189566866896,0.07003180477324686,0.008743525343319902,0.0490333429881864,False,False,True,0.02768508103859495,False,False,False,False,False
mimic_race_matched,MIMIC race (matched cohort),phase2,phase2__mimic_cxr__densenet121__seed2024__pr0.005,densenet121,2024,0.005,pleural_effusion,BLACK_OR_AA,sens0.80,0.8004569687738005,0.8480472595996061,0.2191162109375,WHITE,1295,6993,0.261003861003861,0.30347490347490347,0.04247104247104244,0.05747126436781605,0.8829597460871592,0.8807077874645443,1373,7018,0.19519300801165332,0.22723962126729788,0.03204661325564456,0.03981900452488686,0.8917032714304791,0.8926119770314112,0.8872749885305959,0.8866996183209639,-0.0005753702096320534,0.7728635682158921,0.7357571214392804,0.8336418936789209,0.8560345587587058,0.011904189566866896,0.07623528220760559,0.008743525343319902,0.06581085299220771,False,False,True,0.017652259842929188,False,False,False,False,False
mimic_race_matched,MIMIC race (matched cohort),phase2,phase2__mimic_cxr__densenet121__seed2024__pr0.005,densenet121,2024,0.005,pleural_effusion,BLACK_OR_AA,spec0.90,0.6945925361766946,0.8999015425008204,0.32685548067092896,WHITE,1295,6993,0.3637065637065637,0.3961389961389961,0.032432432432432434,0.05097087378640777,0.8829597460871592,0.8807077874645443,1373,7018,0.2847778587035688,0.3445010924981792,0.059723233794610364,0.08350305498981672,0.8917032714304791,0.8926119770314112,0.8872749885305959,0.8866996183209639,-0.0005753702096320534,0.676911544227886,0.6304347826086957,0.8873313938111611,0.906902935731288,0.011904189566866896,0.05163790364081694,0.008743525343319902,0.07892870500299487,False,False,True,-0.03253218120340895,False,False,False,False,False
mimic_race_matched,MIMIC race (matched cohort),phase2,phase2__mimic_cxr__densenet121__seed2024__pr0.01,densenet121,2024,0.01,pleural_effusion,BLACK_OR_AA,t0.5,0.5118050266565118,0.9524122087298983,0.5,WHITE,1295,6993,0.5428571428571428,0.5791505791505791,0.03629343629343629,0.07939189189189187,0.8829597460871592,0.884012340576047,1373,7018,0.47050254916241807,0.4967225054624909,0.026219956300072844,0.04951856946354885,0.8917032714304791,0.8939559401000052,0.8872749885305959,0.8887573206255904,0.0014823320949944874,0.4943778110944528,0.46326836581709147,0.9457815392753239,0.9538041082606012,0.00994359952395818,0.08242807368808819,0.008743525343319902,0.07235459369472474,False,False,True,0.02987332242834302,False,False,False,False,False
mimic_race_matched,MIMIC race (matched cohort),phase2,phase2__mimic_cxr__densenet121__seed2024__pr0.01,densenet121,2024,0.01,pleural_effusion,BLACK_OR_AA,youden_j,0.8469154607768469,0.8121102723990811,0.16845703125,WHITE,1295,6993,0.20926640926640927,0.20694980694980694,-0.0023166023166023286,-0.002929687500000015,0.8829597460871592,0.884012340576047,1373,7018,0.16023306627822287,0.14857975236707938,-0.011653313911143492,-0.01387684301821337,0.8917032714304791,0.8939559401000052,0.8872749885305959,0.8887573206255904,0.0014823320949944874,0.8159670164917541,0.823088455772114,0.7992594551705898,0.8009344970466367,0.00994359952395818,0.058370054582727565,0.008743525343319902,0.0490333429881864,False,False,True,0.010947155518213354,False,False,False,False,False
mimic_race_matched,MIMIC race (matched cohort),phase2,phase2__mimic_cxr__densenet121__seed2024__pr0.01,densenet121,2024,0.01,pleural_effusion,BLACK_OR_AA,sens0.80,0.8004569687738005,0.8480472595996061,0.2191162109375,WHITE,1295,6993,0.261003861003861,0.261003861003861,0.0,0.0,0.8829597460871592,0.884012340576047,1373,7018,0.19519300801165332,0.19009468317552805,-0.0050983248361252675,-0.006334841628959269,0.8917032714304791,0.8939559401000052,0.8872749885305959,0.8887573206255904,0.0014823320949944874,0.7728635682158921,0.775487256371814,0.8336418936789209,0.8357577360486643,0.00994359952395818,0.07090917782833298,0.008743525343319902,0.06581085299220771,False,False,True,0.006334841628959269,False,False,False,False,False
mimic_race_matched,MIMIC race (matched cohort),phase2,phase2__mimic_cxr__densenet121__seed2024__pr0.01,densenet121,2024,0.01,pleural_effusion,BLACK_OR_AA,spec0.90,0.6945925361766946,0.8999015425008204,0.32685548067092896,WHITE,1295,6993,0.3637065637065637,0.3745173745173745,0.010810810810810811,0.016990291262135925,0.8829597460871592,0.884012340576047,1373,7018,0.2847778587035688,0.2949745083758194,0.01019664967225059,0.014256619144602911,0.8917032714304791,0.8939559401000052,0.8872749885305959,0.8887573206255904,0.0014823320949944874,0.676911544227886,0.6664167916041979,0.8873313938111611,0.8933262805254342,0.00994359952395818,0.07954286614155509,0.008743525343319902,0.07892870500299487,False,False,True,0.002733672117533014,False,False,False,False,False
mimic_race_matched,MIMIC race (matched cohort),phase2,phase2__mimic_cxr__densenet121__seed2024__pr0.02,densenet121,2024,0.02,pleural_effusion,BLACK_OR_AA,t0.5,0.5118050266565118,0.9524122087298983,0.5,WHITE,1295,6993,0.5428571428571428,0.46795366795366794,-0.07490347490347488,-0.1638513513513513,0.8829597460871592,0.886359706243876,1373,7018,0.47050254916241807,0.39257101238164605,-0.07793153678077203,-0.14718019257221457,0.8917032714304791,0.8914961902875718,0.8872749885305959,0.8888746085830399,0.0015996200524439619,0.4943778110944528,0.570839580209895,0.9457815392753239,0.9284139998236798,0.00513648404369571,0.0753826555720219,0.008743525343319902,0.07235459369472474,False,False,True,-0.01667115877913672,False,False,False,False,False
mimic_race_matched,MIMIC race (matched cohort),phase2,phase2__mimic_cxr__densenet121__seed2024__pr0.02,densenet121,2024,0.02,pleural_effusion,BLACK_OR_AA,youden_j,0.8469154607768469,0.8121102723990811,0.16845703125,WHITE,1295,6993,0.20926640926640927,0.17606177606177606,-0.03320463320463321,-0.04199218750000001,0.8829597460871592,0.886359706243876,1373,7018,0.16023306627822287,0.14639475600874,-0.013838310269482873,-0.016478751084128346,0.8917032714304791,0.8914961902875718,0.8872749885305959,0.8888746085830399,0.0015996200524439619,0.8159670164917541,0.8392053973013494,0.7992594551705898,0.781451115225249,0.00513648404369571,0.029667020053036064,0.008743525343319902,0.0490333429881864,False,False,True,-0.02551343641587166,False,False,False,False,False
mimic_race_matched,MIMIC race (matched cohort),phase2,phase2__mimic_cxr__densenet121__seed2024__pr0.02,densenet121,2024,0.02,pleural_effusion,BLACK_OR_AA,sens0.80,0.8004569687738005,0.8480472595996061,0.2191162109375,WHITE,1295,6993,0.261003861003861,0.21621621621621623,-0.0447876447876448,-0.060606060606060615,0.8829597460871592,0.886359706243876,1373,7018,0.19519300801165332,0.17188638018936636,-0.023306627822286957,-0.02895927601809954,0.8917032714304791,0.8914961902875718,0.8872749885305959,0.8888746085830399,0.0015996200524439619,0.7728635682158921,0.8065967016491754,0.8336418936789209,0.8162743542272768,0.00513648404369571,0.04432983602684987,0.008743525343319902,0.06581085299220771,False,False,True,-0.03164678458796108,False,False,False,False,False
mimic_race_matched,MIMIC race (matched cohort),phase2,phase2__mimic_cxr__densenet121__seed2024__pr0.02,densenet121,2024,0.02,pleural_effusion,BLACK_OR_AA,spec0.90,0.6945925361766946,0.8999015425008204,0.32685548067092896,WHITE,1295,6993,0.3637065637065637,0.2965250965250965,-0.06718146718146717,-0.10558252427184464,0.8829597460871592,0.886359706243876,1373,7018,0.2847778587035688,0.24617625637290605,-0.03860160233066276,-0.053971486761710756,0.8917032714304791,0.8914961902875718,0.8872749885305959,0.8888746085830399,0.0015996200524439619,0.676911544227886,0.7293853073463268,0.8873313938111611,0.8656440095212906,0.00513648404369571,0.05034884015219046,0.008743525343319902,0.07892870500299487,False,False,True,-0.051611037510133885,False,False,False,False,False
mimic_race_matched,MIMIC race (matched cohort),phase2,phase2__mimic_cxr__densenet121__seed2024__pr0.05,densenet121,2024,0.05,pleural_effusion,BLACK_OR_AA,t0.5,0.5118050266565118,0.9524122087298983,0.5,WHITE,1295,6993,0.5428571428571428,0.5243243243243243,-0.018532818532818518,-0.0405405405405405,0.8829597460871592,0.8818407461264604,1373,7018,0.47050254916241807,0.4457392571012382,-0.024763292061179887,-0.04676753782668499,0.8917032714304791,0.8917646216382377,0.8872749885305959,0.8867876792891574,-0.0004873092414385827,0.4943778110944528,0.5161169415292354,0.9457815392753239,0.9404919333509654,0.009923875511777314,0.07858506722308611,0.008743525343319902,0.07235459369472474,False,False,True,0.006226997286144488,False,False,False,False,False
mimic_race_matched,MIMIC race (matched cohort),phase2,phase2__mimic_cxr__densenet121__seed2024__pr0.05,densenet121,2024,0.05,pleural_effusion,BLACK_OR_AA,youden_j,0.8469154607768469,0.8121102723990811,0.16845703125,WHITE,1295,6993,0.20926640926640927,0.18764478764478765,-0.021621621621621623,-0.02734375,0.8829597460871592,0.8818407461264604,1373,7018,0.16023306627822287,0.1412964311726147,-0.01893663510560817,-0.022549869904596717,0.8917032714304791,0.8917646216382377,0.8872749885305959,0.8867876792891574,-0.0004873092414385827,0.8159670164917541,0.8362068965517241,0.7992594551705898,0.7840959181874284,0.009923875511777314,0.04634835647217295,0.008743525343319902,0.0490333429881864,False,False,True,-0.004793880095403283,False,False,False,False,False
mimic_race_matched,MIMIC race (matched cohort),phase2,phase2__mimic_cxr__densenet121__seed2024__pr0.05,densenet121,2024,0.05,pleural_effusion,BLACK_OR_AA,sens0.80,0.8004569687738005,0.8480472595996061,0.2191162109375,WHITE,1295,6993,0.261003861003861,0.23474903474903475,-0.02625482625482628,-0.035527690700104524,0.8829597460871592,0.8818407461264604,1373,7018,0.19519300801165332,0.16678805535324107,-0.028404952658412252,-0.035294117647058844,0.8917032714304791,0.8917646216382377,0.8872749885305959,0.8867876792891574,-0.0004873092414385827,0.7728635682158921,0.8002248875562219,0.8336418936789209,0.8216521202503747,0.009923875511777314,0.06796097939579368,0.008743525343319902,0.06581085299220771,False,False,True,-0.00023357305304567977,False,False,False,False,False
mimic_race_matched,MIMIC race (matched cohort),phase2,phase2__mimic_cxr__densenet121__seed2024__pr0.05,densenet121,2024,0.05,pleural_effusion,BLACK_OR_AA,spec0.90,0.6945925361766946,0.8999015425008204,0.32685548067092896,WHITE,1295,6993,0.3637065637065637,0.33204633204633205,-0.03166023166023163,-0.049757281553398015,0.8829597460871592,0.8818407461264604,1373,7018,0.2847778587035688,0.2614712308812819,-0.02330662782228693,-0.032586558044806466,0.8917032714304791,0.8917646216382377,0.8872749885305959,0.8867876792891574,-0.0004873092414385827,0.676911544227886,0.704272863568216,0.8873313938111611,0.8749889799876576,0.009923875511777314,0.07057510116505017,0.008743525343319902,0.07892870500299487,False,False,True,-0.01717072350859155,False,False,False,False,False
mimic_race_matched,MIMIC race (matched cohort),phase2,phase2__mimic_cxr__densenet121__seed2024__pr0.10,densenet121,2024,0.1,pleural_effusion,BLACK_OR_AA,t0.5,0.5118050266565118,0.9524122087298983,0.5,WHITE,1295,6993,0.5428571428571428,0.5528957528957529,0.010038610038610063,0.02195945945945951,0.8829597460871592,0.8828213787673247,1373,7018,0.47050254916241807,0.45010924981791695,-0.020393299344501126,-0.0385144429160936,0.8917032714304791,0.8921265943151389,0.8872749885305959,0.8872577563373829,-1.723219321303482e-05,0.4943778110944528,0.5,0.9457815392753239,0.9426959358194481,0.00930521554781416,0.10278650307783593,0.008743525343319902,0.07235459369472474,False,True,True,0.06047390237555311,False,False,False,False,False
mimic_race_matched,MIMIC race (matched cohort),phase2,phase2__mimic_cxr__densenet121__seed2024__pr0.10,densenet121,2024,0.1,pleural_effusion,BLACK_OR_AA,youden_j,0.8469154607768469,0.8121102723990811,0.16845703125,WHITE,1295,6993,0.20926640926640927,0.15907335907335907,-0.050193050193050204,-0.06347656250000001,0.8829597460871592,0.8828213787673247,1373,7018,0.16023306627822287,0.13182811361981064,-0.028404952658412225,-0.03382480485689504,0.8917032714304791,0.8921265943151389,0.8872749885305959,0.8872577563373829,-1.723219321303482e-05,0.8159670164917541,0.8549475262368815,0.7992594551705898,0.7669046989332629,0.00930521554781416,0.027245245453548422,0.008743525343319902,0.0490333429881864,False,False,True,-0.029651757643104973,False,False,False,False,False
mimic_race_matched,MIMIC race (matched cohort),phase2,phase2__mimic_cxr__densenet121__seed2024__pr0.10,densenet121,2024,0.1,pleural_effusion,BLACK_OR_AA,sens0.80,0.8004569687738005,0.8480472595996061,0.2191162109375,WHITE,1295,6993,0.261003861003861,0.21853281853281853,-0.0424710424710425,-0.057471264367816126,0.8829597460871592,0.8828213787673247,1373,7018,0.19519300801165332,0.16533139111434814,-0.029861616897305182,-0.03710407239819006,0.8917032714304791,0.8921265943151389,0.8872749885305959,0.8872577563373829,-1.723219321303482e-05,0.7728635682158921,0.8088455772113943,0.8336418936789209,0.8105439478092216,0.00930521554781416,0.05320142741847039,0.008743525343319902,0.06581085299220771,False,False,True,-0.020367191969626067,False,False,False,False,False
mimic_race_matched,MIMIC race (matched cohort),phase2,phase2__mimic_cxr__densenet121__seed2024__pr0.10,densenet121,2024,0.1,pleural_effusion,BLACK_OR_AA,spec0.90,0.6945925361766946,0.8999015425008204,0.32685548067092896,WHITE,1295,6993,0.3637065637065637,0.33436293436293435,-0.02934362934362933,-0.04611650485436891,0.8829597460871592,0.8828213787673247,1373,7018,0.2847778587035688,0.25127458120903134,-0.033503277494537465,-0.0468431771894093,0.8917032714304791,0.8921265943151389,0.8872749885305959,0.8872577563373829,-1.723219321303482e-05,0.676911544227886,0.7083958020989505,0.8873313938111611,0.874812659790179,0.00930521554781416,0.083088353153903,0.008743525343319902,0.07892870500299487,False,False,True,0.0007266723350403889,False,False,False,False,False
mimic_race_matched,MIMIC race (matched cohort),phase1,phase1__mimic_cxr__densenet121__seed31337__pr0.0,densenet121,31337,0.0,pleural_effusion,BLACK_OR_AA,t0.5,0.4325971058644326,0.9647193961273384,0.5,WHITE,1295,6993,0.6177606177606177,0.6177606177606177,0.0,0.0,0.8794429665086037,0.8794429665086037,1373,7018,0.5600873998543335,0.5600873998543335,0.0,0.0,0.8854892888730335,0.8854892888730335,0.8825121623266653,0.8825121623266653,0.0,0.41191904047976013,0.41191904047976013,0.958829233888742,0.958829233888742,0.0060463223644298125,0.05767321790628421,0.0060463223644298125,0.05767321790628421,False,False,True,0.0,False,False,False,False,False
mimic_race_matched,MIMIC race (matched cohort),phase1,phase1__mimic_cxr__densenet121__seed31337__pr0.0,densenet121,31337,0.0,pleural_effusion,BLACK_OR_AA,youden_j,0.8263518659558263,0.8176895306859205,0.156005859375,WHITE,1295,6993,0.21776061776061775,0.21776061776061775,0.0,0.0,0.8794429665086037,0.8794429665086037,1373,7018,0.17188638018936636,0.17188638018936636,0.0,0.0,0.8854892888730335,0.8854892888730335,0.8825121623266653,0.8825121623266653,0.0,0.8058470764617691,0.8058470764617691,0.8044609009962091,0.8044609009962091,0.0060463223644298125,0.04587423757125139,0.0060463223644298125,0.04587423757125139,False,False,True,0.0,False,False,False,False,False
mimic_race_matched,MIMIC race (matched cohort),phase1,phase1__mimic_cxr__densenet121__seed31337__pr0.0,densenet121,31337,0.0,pleural_effusion,BLACK_OR_AA,sens0.80,0.7996953541507997,0.8386937971775517,0.17788085341453552,WHITE,1295,6993,0.23938223938223938,0.23938223938223938,0.0,0.0,0.8794429665086037,0.8794429665086037,1373,7018,0.19446467589220684,0.19446467589220684,0.0,0.0,0.8854892888730335,0.8854892888730335,0.8825121623266653,0.8825121623266653,0.0,0.7837331334332833,0.7837331334332833,0.8219166005465927,0.8219166005465927,0.0060463223644298125,0.044917563490032536,0.0060463223644298125,0.044917563490032536,False,False,True,0.0,False,False,False,False,False
mimic_race_matched,MIMIC race (matched cohort),phase1,phase1__mimic_cxr__densenet121__seed31337__pr0.0,densenet121,31337,0.0,pleural_effusion,BLACK_OR_AA,spec0.90,0.6999238385376999,0.8997374466688546,0.287353515625,WHITE,1295,6993,0.3521235521235521,0.3521235521235521,0.0,0.0,0.8794429665086037,0.8794429665086037,1373,7018,0.3160961398397669,0.3160961398397669,0.0,0.0,0.8854892888730335,0.8854892888730335,0.8825121623266653,0.8825121623266653,0.0,0.6664167916041979,0.6664167916041979,0.88874195539099,0.88874195539099,0.0060463223644298125,0.0360274122837852,0.0060463223644298125,0.0360274122837852,False,False,True,0.0,False,False,False,False,False
mimic_race_matched,MIMIC race (matched cohort),phase2,phase2__mimic_cxr__densenet121__seed31337__pr0.005,densenet121,31337,0.005,pleural_effusion,BLACK_OR_AA,t0.5,0.4325971058644326,0.9647193961273384,0.5,WHITE,1295,6993,0.6177606177606177,0.61003861003861,-0.007722007722007707,-0.020202020202020162,0.8794429665086037,0.8804833640740977,1373,7018,0.5600873998543335,0.5433357611070648,-0.016751638747268704,-0.03807947019867538,0.8854892888730335,0.8842437054751351,0.8825121623266653,0.8823624421589786,-0.0001497201676866622,0.41191904047976013,0.424287856071964,0.958829233888742,0.9575949925063916,0.003760341401037426,0.06670284893154521,0.0060463223644298125,0.05767321790628421,False,False,True,0.017877449996655217,False,False,False,False,False
mimic_race_matched,MIMIC race (matched cohort),phase2,phase2__mimic_cxr__densenet121__seed31337__pr0.005,densenet121,31337,0.005,pleural_effusion,BLACK_OR_AA,youden_j,0.8263518659558263,0.8176895306859205,0.156005859375,WHITE,1295,6993,0.21776061776061775,0.1583011583011583,-0.05945945945945946,-0.07601184600197433,0.8794429665086037,0.8804833640740977,1373,7018,0.17188638018936636,0.16241806263656228,-0.009468317552804084,-0.011433597185576084,0.8854892888730335,0.8842437054751351,0.8825121623266653,0.8823624421589786,-0.0001497201676866622,0.8058470764617691,0.8395802098950524,0.8044609009962091,0.7725469452525787,0.003760341401037426,-0.004116904335403987,0.0060463223644298125,0.04587423757125139,False,False,True,-0.06457824881639825,False,False,False,False,False
mimic_race_matched,MIMIC race (matched cohort),phase2,phase2__mimic_cxr__densenet121__seed31337__pr0.005,densenet121,31337,0.005,pleural_effusion,BLACK_OR_AA,sens0.80,0.7996953541507997,0.8386937971775517,0.17788085341453552,WHITE,1295,6993,0.23938223938223938,0.18223938223938224,-0.057142857142857134,-0.07512690355329948,0.8794429665086037,0.8804833640740977,1373,7018,0.19446467589220684,0.17771303714493808,-0.01675163874726876,-0.020795660036166373,0.8854892888730335,0.8842437054751351,0.8825121623266653,0.8823624421589786,-0.0001497201676866622,0.7837331334332833,0.8200899550224887,0.8219166005465927,0.791942166975227,0.003760341401037426,0.004526345094444162,0.0060463223644298125,0.044917563490032536,False,False,True,-0.054331243517133115,False,False,False,False,False
mimic_race_matched,MIMIC race (matched cohort),phase2,phase2__mimic_cxr__densenet121__seed31337__pr0.005,densenet121,31337,0.005,pleural_effusion,BLACK_OR_AA,spec0.90,0.6999238385376999,0.8997374466688546,0.287353515625,WHITE,1295,6993,0.3521235521235521,0.3111969111969112,-0.040926640926640945,-0.06317044100119193,0.8794429665086037,0.8804833640740977,1373,7018,0.3160961398397669,0.2789512017479971,-0.03714493809176983,-0.05431309904153352,0.8854892888730335,0.8842437054751351,0.8825121623266653,0.8823624421589786,-0.0001497201676866622,0.6664167916041979,0.7053973013493253,0.88874195539099,0.8665256105086838,0.003760341401037426,0.032245709448914084,0.0060463223644298125,0.0360274122837852,False,False,True,-0.008857341959658406,False,False,False,False,False
mimic_race_matched,MIMIC race (matched cohort),phase2,phase2__mimic_cxr__densenet121__seed31337__pr0.01,densenet121,31337,0.01,pleural_effusion,BLACK_OR_AA,t0.5,0.4325971058644326,0.9647193961273384,0.5,WHITE,1295,6993,0.6177606177606177,0.6447876447876448,0.027027027027027084,0.07070707070707086,0.8794429665086037,0.8789853785992783,1373,7018,0.5600873998543335,0.5571740713765477,-0.0029133284777858037,-0.006622516556291239,0.8854892888730335,0.8850576440359018,0.8825121623266653,0.8819999713182287,-0.0005121910084365799,0.41191904047976013,0.4002998500749625,0.958829233888742,0.9603279555673102,0.006072265436623536,0.0876135734110971,0.0060463223644298125,0.05767321790628421,False,True,True,0.0773295872633621,False,False,False,False,False
mimic_race_matched,MIMIC race (matched cohort),phase2,phase2__mimic_cxr__densenet121__seed31337__pr0.01,densenet121,31337,0.01,pleural_effusion,BLACK_OR_AA,youden_j,0.8263518659558263,0.8176895306859205,0.156005859375,WHITE,1295,6993,0.21776061776061775,0.2023166023166023,-0.015444015444015441,-0.019743336623889433,0.8794429665086037,0.8789853785992783,1373,7018,0.17188638018936636,0.1704297159504734,-0.0014566642388929574,-0.0017590149516271158,0.8854892888730335,0.8850576440359018,0.8825121623266653,0.8819999713182287,-0.0005121910084365799,0.8058470764617691,0.8140929535232384,0.8044609009962091,0.7932645684563167,0.006072265436623536,0.03188688636612891,0.0060463223644298125,0.04587423757125139,False,False,True,-0.017984321672262316,False,False,False,False,False
mimic_race_matched,MIMIC race (matched cohort),phase2,phase2__mimic_cxr__densenet121__seed31337__pr0.01,densenet121,31337,0.01,pleural_effusion,BLACK_OR_AA,sens0.80,0.7996953541507997,0.8386937971775517,0.17788085341453552,WHITE,1295,6993,0.23938223938223938,0.22162162162162163,-0.017760617760617742,-0.023350253807106574,0.8794429665086037,0.8789853785992783,1373,7018,0.19446467589220684,0.1908230152949745,-0.003641660597232338,-0.0045207956600361665,0.8854892888730335,0.8850576440359018,0.8825121623266653,0.8819999713182287,-0.0005121910084365799,0.7837331334332833,0.7942278860569715,0.8219166005465927,0.8107202680067002,0.006072265436623536,0.030798606326647132,0.0060463223644298125,0.044917563490032536,False,False,True,-0.018829458147070408,False,False,False,False,False
mimic_race_matched,MIMIC race (matched cohort),phase2,phase2__mimic_cxr__densenet121__seed31337__pr0.01,densenet121,31337,0.01,pleural_effusion,BLACK_OR_AA,spec0.90,0.6999238385376999,0.8997374466688546,0.287353515625,WHITE,1295,6993,0.3521235521235521,0.3521235521235521,0.0,0.0,0.8794429665086037,0.8789853785992783,1373,7018,0.3160961398397669,0.2986161689730517,-0.01747997086671521,-0.025559105431309886,0.8854892888730335,0.8850576440359018,0.8825121623266653,0.8819999713182287,-0.0005121910084365799,0.6664167916041979,0.6754122938530734,0.88874195539099,0.8789561844309266,0.006072265436623536,0.05350738315050041,0.0060463223644298125,0.0360274122837852,False,False,True,0.025559105431309886,False,False,False,False,False
mimic_race_matched,MIMIC race (matched cohort),phase2,phase2__mimic_cxr__densenet121__seed31337__pr0.02,densenet121,31337,0.02,pleural_effusion,BLACK_OR_AA,t0.5,0.4325971058644326,0.9647193961273384,0.5,WHITE,1295,6993,0.6177606177606177,0.6223938223938223,0.004633204633204602,0.012121212121212038,0.8794429665086037,0.8789962203089616,1373,7018,0.5600873998543335,0.5557174071376547,-0.004369992716678817,-0.00993377483443711,0.8854892888730335,0.8869240192837057,0.8825121623266653,0.8830741168690979,0.0005619545424325745,0.41191904047976013,0.41191904047976013,0.958829233888742,0.958829233888742,0.00792779897474405,0.06667641525616763,0.0060463223644298125,0.05767321790628421,False,False,True,0.02205498695564915,False,False,False,False,False
mimic_race_matched,MIMIC race (matched cohort),phase2,phase2__mimic_cxr__densenet121__seed31337__pr0.02,densenet121,31337,0.02,pleural_effusion,BLACK_OR_AA,youden_j,0.8263518659558263,0.8176895306859205,0.156005859375,WHITE,1295,6993,0.21776061776061775,0.2084942084942085,-0.009266409266409259,-0.011846001974333652,0.8794429665086037,0.8789962203089616,1373,7018,0.17188638018936636,0.17625637290604515,0.004369992716678789,0.005277044854881246,0.8854892888730335,0.8869240192837057,0.8825121623266653,0.8830741168690979,0.0005619545424325745,0.8058470764617691,0.808095952023988,0.8044609009962091,0.8039319404037732,0.00792779897474405,0.032237835588163344,0.0060463223644298125,0.04587423757125139,False,False,True,-0.017123046829214898,False,False,False,False,False
mimic_race_matched,MIMIC race (matched cohort),phase2,phase2__mimic_cxr__densenet121__seed31337__pr0.02,densenet121,31337,0.02,pleural_effusion,BLACK_OR_AA,sens0.80,0.7996953541507997,0.8386937971775517,0.17788085341453552,WHITE,1295,6993,0.23938223938223938,0.22934362934362934,-0.010038610038610035,-0.013197969543147203,0.8794429665086037,0.8789962203089616,1373,7018,0.19446467589220684,0.20684632192279678,0.012381646030589943,0.015370705244122958,0.8854892888730335,0.8869240192837057,0.8825121623266653,0.8830741168690979,0.0005619545424325745,0.7837331334332833,0.7822338830584707,0.8219166005465927,0.8249140439037291,0.00792779897474405,0.022497307420832557,0.0060463223644298125,0.044917563490032536,False,False,True,-0.02856867478727016,False,False,False,False,False
mimic_race_matched,MIMIC race (matched cohort),phase2,phase2__mimic_cxr__densenet121__seed31337__pr0.02,densenet121,31337,0.02,pleural_effusion,BLACK_OR_AA,spec0.90,0.6999238385376999,0.8997374466688546,0.287353515625,WHITE,1295,6993,0.3521235521235521,0.3474903474903475,-0.004633204633204602,-0.0071513706793801665,0.8794429665086037,0.8789962203089616,1373,7018,0.3160961398397669,0.3117261471230881,-0.004369992716678817,-0.006389776357827492,0.8854892888730335,0.8869240192837057,0.8825121623266653,0.8830741168690979,0.0005619545424325745,0.6664167916041979,0.6709145427286357,0.88874195539099,0.8890064356872079,0.00792779897474405,0.03576420036725941,0.0060463223644298125,0.0360274122837852,False,False,True,-0.0007615943215526742,False,False,False,False,False
mimic_race_matched,MIMIC race (matched cohort),phase2,phase2__mimic_cxr__densenet121__seed31337__pr0.05,densenet121,31337,0.05,pleural_effusion,BLACK_OR_AA,t0.5,0.4325971058644326,0.9647193961273384,0.5,WHITE,1295,6993,0.6177606177606177,0.6030888030888031,-0.014671814671814665,-0.03838383838383837,0.8794429665086037,0.8809653458302107,1373,7018,0.5600873998543335,0.5287691187181355,-0.031318281136198056,-0.07119205298013233,0.8854892888730335,0.885733270456359,0.8825121623266653,0.8832487188037824,0.0007365564771171229,0.41191904047976013,0.4351574212893553,0.958829233888742,0.953451467865644,0.004767924626148279,0.0743196843706676,0.0060463223644298125,0.05767321790628421,False,False,True,0.03280821459629396,False,False,False,False,False
mimic_race_matched,MIMIC race (matched cohort),phase2,phase2__mimic_cxr__densenet121__seed31337__pr0.05,densenet121,31337,0.05,pleural_effusion,BLACK_OR_AA,youden_j,0.8263518659558263,0.8176895306859205,0.156005859375,WHITE,1295,6993,0.21776061776061775,0.17606177606177606,-0.04169884169884169,-0.05330700888450147,0.8794429665086037,0.8809653458302107,1373,7018,0.17188638018936636,0.15149308084486526,-0.020393299344501098,-0.02462620932277925,0.8854892888730335,0.885733270456359,0.8825121623266653,0.8832487188037824,0.0007365564771171229,0.8058470764617691,0.8365817091454273,0.8044609009962091,0.7742219871286256,0.004767924626148279,0.024568695216910796,0.0060463223644298125,0.04587423757125139,False,False,True,-0.028680799561722217,False,False,False,False,False
mimic_race_matched,MIMIC race (matched cohort),phase2,phase2__mimic_cxr__densenet121__seed31337__pr0.05,densenet121,31337,0.05,pleural_effusion,BLACK_OR_AA,sens0.80,0.7996953541507997,0.8386937971775517,0.17788085341453552,WHITE,1295,6993,0.23938223938223938,0.19768339768339768,-0.04169884169884169,-0.0548223350253807,0.8794429665086037,0.8809653458302107,1373,7018,0.19446467589220684,0.16605972323379461,-0.028404952658412225,-0.035262206148282085,0.8854892888730335,0.885733270456359,0.8825121623266653,0.8832487188037824,0.0007365564771171229,0.7837331334332833,0.8185907046476761,0.8219166005465927,0.7922948073701842,0.004767924626148279,0.03162367444960307,0.0060463223644298125,0.044917563490032536,False,False,True,-0.019560128877098612,False,False,False,False,False
mimic_race_matched,MIMIC race (matched cohort),phase2,phase2__mimic_cxr__densenet121__seed31337__pr0.05,densenet121,31337,0.05,pleural_effusion,BLACK_OR_AA,spec0.90,0.6999238385376999,0.8997374466688546,0.287353515625,WHITE,1295,6993,0.3521235521235521,0.30579150579150577,-0.04633204633204635,-0.07151370679380217,0.8794429665086037,0.8809653458302107,1373,7018,0.3160961398397669,0.27239621267297887,-0.043699927166788055,-0.06389776357827476,0.8854892888730335,0.885733270456359,0.8825121623266653,0.8832487188037824,0.0007365564771171229,0.6664167916041979,0.7113943028485757,0.88874195539099,0.8647624085338975,0.004767924626148279,0.0333952931185269,0.0060463223644298125,0.0360274122837852,False,False,True,-0.007615943215527415,False,False,False,False,False
mimic_race_matched,MIMIC race (matched cohort),phase2,phase2__mimic_cxr__densenet121__seed31337__pr0.10,densenet121,31337,0.1,pleural_effusion,BLACK_OR_AA,t0.5,0.4325971058644326,0.9647193961273384,0.5,WHITE,1295,6993,0.6177606177606177,0.6888030888030888,0.07104247104247108,0.18585858585858595,0.8794429665086037,0.8764196880026995,1373,7018,0.5600873998543335,0.5957756737072105,0.035688273852876984,0.08112582781456969,0.8854892888730335,0.8850437096038557,0.8825121623266653,0.880730869027269,-0.0017812932993962471,0.41191904047976013,0.35907046476761617,0.958829233888742,0.9654412412941903,0.008624021601156162,0.09302741509587831,0.0060463223644298125,0.05767321790628421,False,True,True,0.10473275804401626,False,True,True,False,False
mimic_race_matched,MIMIC race (matched cohort),phase2,phase2__mimic_cxr__densenet121__seed31337__pr0.10,densenet121,31337,0.1,pleural_effusion,BLACK_OR_AA,youden_j,0.8263518659558263,0.8176895306859205,0.156005859375,WHITE,1295,6993,0.21776061776061775,0.22239382239382238,0.0046332046332046295,0.005923000987166826,0.8794429665086037,0.8764196880026995,1373,7018,0.17188638018936636,0.17844136926438456,0.006554989075018197,0.007915567282321886,0.8854892888730335,0.8850437096038557,0.8825121623266653,0.880730869027269,-0.0017812932993962471,0.8058470764617691,0.8002248875562219,0.8044609009962091,0.8071938640571278,0.008624021601156162,0.043952453129437824,0.0060463223644298125,0.04587423757125139,False,False,True,-0.0019925662951550604,False,False,False,False,False
mimic_race_matched,MIMIC race (matched cohort),phase2,phase2__mimic_cxr__densenet121__seed31337__pr0.10,densenet121,31337,0.1,pleural_effusion,BLACK_OR_AA,sens0.80,0.7996953541507997,0.8386937971775517,0.17788085341453552,WHITE,1295,6993,0.23938223938223938,0.2501930501930502,0.01081081081081084,0.014213197969543184,0.8794429665086037,0.8764196880026995,1373,7018,0.19446467589220684,0.20538965768390385,0.010924981791697014,0.013562386980108499,0.8854892888730335,0.8850437096038557,0.8825121623266653,0.880730869027269,-0.0017812932993962471,0.7837331334332833,0.7728635682158921,0.8219166005465927,0.8245614035087719,0.008624021601156162,0.04480339250914636,0.0060463223644298125,0.044917563490032536,False,False,True,0.0006508109894346852,False,False,False,False,False
mimic_race_matched,MIMIC race (matched cohort),phase2,phase2__mimic_cxr__densenet121__seed31337__pr0.10,densenet121,31337,0.1,pleural_effusion,BLACK_OR_AA,spec0.90,0.6999238385376999,0.8997374466688546,0.287353515625,WHITE,1295,6993,0.3521235521235521,0.38764478764478766,0.03552123552123554,0.05482717520858168,0.8794429665086037,0.8764196880026995,1373,7018,0.3160961398397669,0.3168244719592134,0.0007283321194465064,0.001064962726304636,0.8854892888730335,0.8850437096038557,0.8825121623266653,0.880730869027269,-0.0017812932993962471,0.6664167916041979,0.6488005997001499,0.88874195539099,0.890152516970819,0.008624021601156162,0.07082031568557423,0.0060463223644298125,0.0360274122837852,False,True,True,0.05376221248227704,False,False,False,False,False
mimic_race_unmatched,MIMIC race (unmatched cohort),phase4,phase4__mimic_cxr_unmatched__convnext_tiny__seed7__pr0.0,convnext_tiny,7,0.0,pleural_effusion,BLACK_OR_AA,t0.5,0.6201249730661496,0.9218073372007517,0.5,WHITE,1295,6993,0.4826254826254826,0.4826254826254826,0.0,0.0,0.8894169328532263,0.8894169328532263,7852,26023,0.36551197147223635,0.36551197147223635,0.0,0.0,0.8889933824176073,0.8889933824176073,0.891206456007233,0.891206456007233,0.0,0.6179075106592326,0.6179075106592326,0.9124387280573129,0.9124387280573129,-0.0004235504356190356,0.11711351115324625,-0.0004235504356190356,0.11711351115324625,False,False,True,0.0,False,False,False,False,False
mimic_race_unmatched,MIMIC race (unmatched cohort),phase4,phase4__mimic_cxr_unmatched__convnext_tiny__seed7__pr0.0,convnext_tiny,7,0.0,pleural_effusion,BLACK_OR_AA,youden_j,0.8390433096315449,0.8074189067734292,0.261474609375,WHITE,1295,6993,0.23474903474903475,0.23474903474903475,0.0,0.0,0.8894169328532263,0.8894169328532263,7852,26023,0.1543555781966378,0.1543555781966378,0.0,0.0,0.8889933824176073,0.8889933824176073,0.891206456007233,0.891206456007233,0.0,0.834262599759484,0.834262599759484,0.7909003309732289,0.7909003309732289,-0.0004235504356190356,0.08039345655239694,-0.0004235504356190356,0.08039345655239694,False,False,True,0.0,False,False,False,False,False
mimic_race_unmatched,MIMIC race (unmatched cohort),phase4,phase4__mimic_cxr_unmatched__convnext_tiny__seed7__pr0.0,convnext_tiny,7,0.0,pleural_effusion,BLACK_OR_AA,sens0.80,0.8000430941607413,0.8404281395538851,0.314208984375,WHITE,1295,6993,0.28957528957528955,0.28957528957528955,0.0,0.0,0.8894169328532263,0.8894169328532263,7852,26023,0.19651044319918493,0.19651044319918493,0.0,0.0,0.8889933824176073,0.8889933824176073,0.891206456007233,0.891206456007233,0.0,0.7903137640756532,0.7903137640756532,0.8267208513134191,0.8267208513134191,-0.0004235504356190356,0.09306484637610463,-0.0004235504356190356,0.09306484637610463,False,False,True,0.0,False,False,False,False,False
mimic_race_unmatched,MIMIC race (unmatched cohort),phase4,phase4__mimic_cxr_unmatched__convnext_tiny__seed7__pr0.0,convnext_tiny,7,0.0,pleural_effusion,BLACK_OR_AA,spec0.90,0.6802413273001509,0.8999918293978266,0.4380859434604645,WHITE,1295,6993,0.40540540540540543,0.40540540540540543,0.0,0.0,0.8894169328532263,0.8894169328532263,7852,26023,0.30132450331125826,0.30132450331125826,0.0,0.0,0.8889933824176073,0.8889933824176073,0.891206456007233,0.891206456007233,0.0,0.6839400896468788,0.6839400896468788,0.8893962880723951,0.8893962880723951,-0.0004235504356190356,0.10408090209414717,-0.0004235504356190356,0.10408090209414717,False,False,True,0.0,False,False,False,False,False
mimic_race_unmatched,MIMIC race (unmatched cohort),phase4,phase4__mimic_cxr_unmatched__convnext_tiny__seed7__pr0.5,convnext_tiny,7,0.5,pleural_effusion,BLACK_OR_AA,t0.5,0.6201249730661496,0.9218073372007517,0.5,WHITE,1295,6993,0.4826254826254826,0.5621621621621622,0.07953667953667959,0.15373134328358218,0.8894169328532263,0.8842253801713261,7852,26023,0.36551197147223635,0.35825267447784004,-0.007259296994396314,-0.01144118827780005,0.8889933824176073,0.8880832289939973,0.891206456007233,0.889635815675375,-0.001570640331858053,0.6179075106592326,0.612878539411829,0.9124387280573129,0.9143659139469605,0.0038578488226711505,0.20390948768432215,-0.0004235504356190356,0.11711351115324625,False,True,True,0.16517253156138223,False,True,True,False,False
mimic_race_unmatched,MIMIC race (unmatched cohort),phase4,phase4__mimic_cxr_unmatched__convnext_tiny__seed7__pr0.5,convnext_tiny,7,0.5,pleural_effusion,BLACK_OR_AA,youden_j,0.8390433096315449,0.8074189067734292,0.261474609375,WHITE,1295,6993,0.23474903474903475,0.29884169884169887,0.06409266409266412,0.08375378405650862,0.8894169328532263,0.8842253801713261,7852,26023,0.1543555781966378,0.15040753948038715,-0.003948038716250657,-0.004668674698795204,0.8889933824176073,0.8880832289939973,0.891206456007233,0.889635815675375,-0.001570640331858053,0.834262599759484,0.82857767574068,0.7909003309732289,0.7920734006451883,0.0038578488226711505,0.1484341593613117,-0.0004235504356190356,0.08039345655239694,False,True,True,0.08842245875530381,False,False,False,False,False
mimic_race_unmatched,MIMIC race (unmatched cohort),phase4,phase4__mimic_cxr_unmatched__convnext_tiny__seed7__pr0.5,convnext_tiny,7,0.5,pleural_effusion,BLACK_OR_AA,sens0.80,0.8000430941607413,0.8404281395538851,0.314208984375,WHITE,1295,6993,0.28957528957528955,0.35366795366795367,0.06409266409266412,0.09021739130434786,0.8894169328532263,0.8842253801713261,7852,26023,0.19651044319918493,0.18772287315333672,-0.008787570045848209,-0.010936757013789844,0.8889933824176073,0.8880832289939973,0.891206456007233,0.889635815675375,-0.001570640331858053,0.7903137640756532,0.7887832076090522,0.8267208513134191,0.8271398047676903,0.0038578488226711505,0.16594508051461695,-0.0004235504356190356,0.09306484637610463,False,True,True,0.10115414831813771,False,False,False,False,False
mimic_race_unmatched,MIMIC race (unmatched cohort),phase4,phase4__mimic_cxr_unmatched__convnext_tiny__seed7__pr0.5,convnext_tiny,7,0.5,pleural_effusion,BLACK_OR_AA,spec0.90,0.6802413273001509,0.8999918293978266,0.4380859434604645,WHITE,1295,6993,0.40540540540540543,0.4980694980694981,0.09266409266409265,0.15584415584415584,0.8894169328532263,0.8842253801713261,7852,26023,0.30132450331125826,0.29190015282730514,-0.009424350483953126,-0.013488880787458976,0.8889933824176073,0.8880832289939973,0.891206456007233,0.889635815675375,-0.001570640331858053,0.6839400896468788,0.6789111183994753,0.8893962880723951,0.889689555490385,0.0038578488226711505,0.20616934524219294,-0.0004235504356190356,0.10408090209414717,False,True,True,0.1693330366316148,False,True,True,False,False
mimic_race_unmatched,MIMIC race (unmatched cohort),phase4,phase4__mimic_cxr_unmatched__convnext_tiny__seed7__pr0.75,convnext_tiny,7,0.75,pleural_effusion,BLACK_OR_AA,t0.5,0.6201249730661496,0.9218073372007517,0.5,WHITE,1295,6993,0.4826254826254826,0.6733590733590734,0.1907335907335908,0.36865671641791053,0.8894169328532263,0.8794952099971405,7852,26023,0.36551197147223635,0.3755731023942944,0.01006113092205807,0.015857085507828175,0.8889933824176073,0.8869607067886494,0.891206456007233,0.8870949090065113,-0.004111547000721694,0.6179075106592326,0.5822674100798075,0.9124387280573129,0.9205664250701747,0.007465496791508874,0.297785970964779,-0.0004235504356190356,0.11711351115324625,True,True,True,0.3527996309100824,True,True,True,True,True
mimic_race_unmatched,MIMIC race (unmatched cohort),phase4,phase4__mimic_cxr_unmatched__convnext_tiny__seed7__pr0.75,convnext_tiny,7,0.75,pleural_effusion,BLACK_OR_AA,youden_j,0.8390433096315449,0.8074189067734292,0.261474609375,WHITE,1295,6993,0.23474903474903475,0.3575289575289575,0.12277992277992278,0.16044399596367306,0.8894169328532263,0.8794952099971405,7852,26023,0.1543555781966378,0.1456953642384106,-0.00866021395822722,-0.010240963855421706,0.8889933824176073,0.8869607067886494,0.891206456007233,0.8870949090065113,-0.004111547000721694,0.834262599759484,0.824313982726577,0.7909003309732289,0.790607063555239,0.007465496791508874,0.21183359329054693,-0.0004235504356190356,0.08039345655239694,False,True,True,0.17068495981909476,False,True,True,False,False
mimic_race_unmatched,MIMIC race (unmatched cohort),phase4,phase4__mimic_cxr_unmatched__convnext_tiny__seed7__pr0.75,convnext_tiny,7,0.75,pleural_effusion,BLACK_OR_AA,sens0.80,0.8000430941607413,0.8404281395538851,0.314208984375,WHITE,1295,6993,0.28957528957528955,0.4277992277992278,0.13822393822393825,0.19456521739130436,0.8894169328532263,0.8794952099971405,7852,26023,0.19651044319918493,0.18517575140091697,-0.01133469179826796,-0.014106831510540499,0.8889933824176073,0.8869607067886494,0.891206456007233,0.8870949090065113,-0.004111547000721694,0.7903137640756532,0.7804744725046463,0.8267208513134191,0.8272235954585445,0.007465496791508874,0.24262347639831083,-0.0004235504356190356,0.09306484637610463,False,True,True,0.20867204890184488,False,True,True,False,False
mimic_race_unmatched,MIMIC race (unmatched cohort),phase4,phase4__mimic_cxr_unmatched__convnext_tiny__seed7__pr0.75,convnext_tiny,7,0.75,pleural_effusion,BLACK_OR_AA,spec0.90,0.6802413273001509,0.8999918293978266,0.4380859434604645,WHITE,1295,6993,0.40540540540540543,0.5984555984555985,0.19305019305019305,0.32467532467532473,0.8894169328532263,0.8794952099971405,7852,26023,0.30132450331125826,0.31138563423331633,0.01006113092205807,0.01440029165147648,0.8889933824176073,0.8869607067886494,0.891206456007233,0.8870949090065113,-0.004111547000721694,0.6839400896468788,0.6479720126817535,0.8893962880723951,0.8942980434873685,0.007465496791508874,0.28706996422228215,-0.0004235504356190356,0.10408090209414717,True,True,True,0.31027503302384823,True,True,True,True,True
mimic_race_unmatched,MIMIC race (unmatched cohort),phase4,phase4__mimic_cxr_unmatched__convnext_tiny__seed7__pr1.0,convnext_tiny,7,1.0,pleural_effusion,BLACK_OR_AA,t0.5,0.6201249730661496,0.9218073372007517,0.5,WHITE,1295,6993,0.4826254826254826,0.7583011583011583,0.2756756756756757,0.5328358208955224,0.8894169328532263,0.8783175970434658,7852,26023,0.36551197147223635,0.4900662251655629,0.12455425369332657,0.19630670413488563,0.8889933824176073,0.8787981985424986,0.891206456007233,0.8803548035138757,-0.010851652493357289,0.6179075106592326,0.47195801902263035,0.9124387280573129,0.9441116092002179,0.00048060149903284,0.2682349331355954,-0.0004235504356190356,0.11711351115324625,True,True,True,0.3365291167606368,True,True,True,True,True
mimic_race_unmatched,MIMIC race (unmatched cohort),phase4,phase4__mimic_cxr_unmatched__convnext_tiny__seed7__pr1.0,convnext_tiny,7,1.0,pleural_effusion,BLACK_OR_AA,youden_j,0.8390433096315449,0.8074189067734292,0.261474609375,WHITE,1295,6993,0.23474903474903475,0.3992277992277992,0.16447876447876447,0.21493440968718466,0.8894169328532263,0.8783175970434658,7852,26023,0.1543555781966378,0.19638308711156394,0.042027508914926126,0.049698795180722885,0.8889933824176073,0.8787981985424986,0.891206456007233,0.8803548035138757,-0.010851652493357289,0.834262599759484,0.7748988739477425,0.7909003309732289,0.8220704679710085,0.00048060149903284,0.20284471211623528,-0.0004235504356190356,0.08039345655239694,True,True,True,0.1652356145064618,True,True,True,True,False
mimic_race_unmatched,MIMIC race (unmatched cohort),phase4,phase4__mimic_cxr_unmatched__convnext_tiny__seed7__pr1.0,convnext_tiny,7,1.0,pleural_effusion,BLACK_OR_AA,sens0.80,0.8000430941607413,0.8404281395538851,0.314208984375,WHITE,1295,6993,0.28957528957528955,0.48185328185328186,0.1922779922779923,0.2706521739130435,0.8894169328532263,0.8783175970434658,7852,26023,0.19651044319918493,0.2562404482934284,0.05973000509424348,0.07433824694880325,0.8889933824176073,0.8787981985424986,0.891206456007233,0.8803548035138757,-0.010851652493357289,0.7903137640756532,0.7118180824313983,0.8267208513134191,0.8603628136913989,0.00048060149903284,0.22561283355985345,-0.0004235504356190356,0.09306484637610463,True,True,True,0.19631392696424027,True,True,True,True,False
mimic_race_unmatched,MIMIC race (unmatched cohort),phase4,phase4__mimic_cxr_unmatched__convnext_tiny__seed7__pr1.0,convnext_tiny,7,1.0,pleural_effusion,BLACK_OR_AA,spec0.90,0.6802413273001509,0.8999918293978266,0.4380859434604645,WHITE,1295,6993,0.40540540540540543,0.6702702702702703,0.2648648648648649,0.44545454545454555,0.8894169328532263,0.8783175970434658,7852,26023,0.30132450331125826,0.40257259296994397,0.1012480896586857,0.14491432737878238,0.8889933824176073,0.8787981985424986,0.891206456007233,0.8803548035138757,-0.010851652493357289,0.6839400896468788,0.5595277140045917,0.8893962880723951,0.9218651807784155,0.00048060149903284,0.26769767730032634,-0.0004235504356190356,0.10408090209414717,True,True,True,0.30054021807576314,True,True,True,True,True
mimic_race_unmatched,MIMIC race (unmatched cohort),phase4,phase4__mimic_cxr_unmatched__convnext_tiny__seed42__pr0.0,convnext_tiny,42,0.0,pleural_effusion,BLACK_OR_AA,t0.5,0.5740142210730446,0.9363510090693684,0.5,WHITE,1295,6993,0.5474903474903475,0.5474903474903475,0.0,0.0,0.889166286077483,0.889166286077483,7852,26023,0.42205807437595516,0.42205807437595516,0.0,0.0,0.8876041665702963,0.8876041665702963,0.8901088982640354,0.8901088982640354,0.0,0.5601836667759922,0.5601836667759922,0.9286941220830366,0.9286941220830366,-0.0015621195071867655,0.12543227311439237,-0.0015621195071867655,0.12543227311439237,False,False,True,0.0,False,False,False,False,False
mimic_race_unmatched,MIMIC race (unmatched cohort),phase4,phase4__mimic_cxr_unmatched__convnext_tiny__seed42__pr0.0,convnext_tiny,42,0.0,pleural_effusion,BLACK_OR_AA,youden_j,0.8166343460461107,0.8222076967072474,0.229736328125,WHITE,1295,6993,0.2594594594594595,0.2594594594594595,0.0,0.0,0.889166286077483,0.889166286077483,7852,26023,0.17142129393785022,0.17142129393785022,0.0,0.0,0.8876041665702963,0.8876041665702963,0.8901088982640354,0.8901088982640354,0.0,0.8161145730840713,0.8161145730840713,0.8066110855084,0.8066110855084,-0.0015621195071867655,0.08803816552160926,-0.0015621195071867655,0.08803816552160926,False,False,True,0.0,False,False,False,False,False
mimic_race_unmatched,MIMIC race (unmatched cohort),phase4,phase4__mimic_cxr_unmatched__convnext_tiny__seed42__pr0.0,convnext_tiny,42,0.0,pleural_effusion,BLACK_OR_AA,sens0.80,0.8000430941607413,0.8345453059890514,0.2493896484375,WHITE,1295,6993,0.2857142857142857,0.2857142857142857,0.0,0.0,0.889166286077483,0.889166286077483,7852,26023,0.18619460010188488,0.18619460010188488,0.0,0.0,0.8876041665702963,0.8876041665702963,0.8901088982640354,0.8901088982640354,0.0,0.7997157537990598,0.7997157537990598,0.819221584481964,0.819221584481964,-0.0015621195071867655,0.09951968561240082,-0.0015621195071867655,0.09951968561240082,False,False,True,0.0,False,False,False,False,False
mimic_race_unmatched,MIMIC race (unmatched cohort),phase4,phase4__mimic_cxr_unmatched__convnext_tiny__seed42__pr0.0,convnext_tiny,42,0.0,pleural_effusion,BLACK_OR_AA,spec0.90,0.6841198017668606,0.8999918293978266,0.38408201932907104,WHITE,1295,6993,0.42702702702702705,0.42702702702702705,0.0,0.0,0.889166286077483,0.889166286077483,7852,26023,0.3075649516046867,0.3075649516046867,0.0,0.0,0.8876041665702963,0.8876041665702963,0.8901088982640354,0.8901088982640354,0.0,0.6755220290805729,0.6755220290805729,0.8883489044367171,0.8883489044367171,-0.0015621195071867655,0.11946207542234033,-0.0015621195071867655,0.11946207542234033,False,False,True,0.0,False,False,False,False,False
mimic_race_unmatched,MIMIC race (unmatched cohort),phase4,phase4__mimic_cxr_unmatched__convnext_tiny__seed42__pr0.5,convnext_tiny,42,0.5,pleural_effusion,BLACK_OR_AA,t0.5,0.5740142210730446,0.9363510090693684,0.5,WHITE,1295,6993,0.5474903474903475,0.511969111969112,-0.03552123552123554,-0.0784982935153584,0.889166286077483,0.8837739584843831,7852,26023,0.42205807437595516,0.2812022414671421,-0.14085583290881304,-0.24371970030850595,0.8876041665702963,0.8863133256085639,0.8901088982640354,0.8881470148572472,-0.0019618834067881563,0.5601836667759922,0.6861265988848803,0.9286941220830366,0.8813104864049605,0.0025393671241807914,0.23076687050196987,-0.0015621195071867655,0.12543227311439237,False,True,True,0.16522140679314756,False,False,False,False,False
mimic_race_unmatched,MIMIC race (unmatched cohort),phase4,phase4__mimic_cxr_unmatched__convnext_tiny__seed42__pr0.5,convnext_tiny,42,0.5,pleural_effusion,BLACK_OR_AA,youden_j,0.8166343460461107,0.8222076967072474,0.229736328125,WHITE,1295,6993,0.2594594594594595,0.2416988416988417,-0.01776061776061777,-0.023983315954118886,0.889166286077483,0.8837739584843831,7852,26023,0.17142129393785022,0.1228986245542537,-0.04852266938359652,-0.05856132800491852,0.8876041665702963,0.8863133256085639,0.8901088982640354,0.8881470148572472,-0.0019618834067881563,0.8161145730840713,0.8602820596917022,0.8066110855084,0.7544513804516318,0.0025393671241807914,0.11880021714458801,-0.0015621195071867655,0.08803816552160926,False,False,True,0.034578012050799634,False,False,False,False,False
mimic_race_unmatched,MIMIC race (unmatched cohort),phase4,phase4__mimic_cxr_unmatched__convnext_tiny__seed42__pr0.5,convnext_tiny,42,0.5,pleural_effusion,BLACK_OR_AA,sens0.80,0.8000430941607413,0.8345453059890514,0.2493896484375,WHITE,1295,6993,0.2857142857142857,0.2594594594594595,-0.026254826254826225,-0.036756756756756714,0.889166286077483,0.8837739584843831,7852,26023,0.18619460010188488,0.13245033112582782,-0.05374426897605705,-0.06604068857589984,0.8876041665702963,0.8863133256085639,0.8901088982640354,0.8881470148572472,-0.0019618834067881563,0.7997157537990598,0.8495681644254947,0.819221584481964,0.76743893753404,0.0025393671241807914,0.12700912833363165,-0.0015621195071867655,0.09951968561240082,False,False,True,0.029283931819143127,False,False,False,False,False
mimic_race_unmatched,MIMIC race (unmatched cohort),phase4,phase4__mimic_cxr_unmatched__convnext_tiny__seed42__pr0.5,convnext_tiny,42,0.5,pleural_effusion,BLACK_OR_AA,spec0.90,0.6841198017668606,0.8999918293978266,0.38408201932907104,WHITE,1295,6993,0.42702702702702705,0.3907335907335907,-0.03629343629343634,-0.06334231805929928,0.889166286077483,0.8837739584843831,7852,26023,0.3075649516046867,0.20045848191543555,-0.10710646968925117,-0.15468089019679976,0.8876041665702963,0.8863133256085639,0.8901088982640354,0.8881470148572472,-0.0019618834067881563,0.6755220290805729,0.7726030392478408,0.8883489044367171,0.8351418157442708,0.0025393671241807914,0.19027510881815515,-0.0015621195071867655,0.11946207542234033,False,True,True,0.09133857213750048,False,False,False,False,False
mimic_race_unmatched,MIMIC race (unmatched cohort),phase4,phase4__mimic_cxr_unmatched__convnext_tiny__seed42__pr0.75,convnext_tiny,42,0.75,pleural_effusion,BLACK_OR_AA,t0.5,0.5740142210730446,0.9363510090693684,0.5,WHITE,1295,6993,0.5474903474903475,0.6563706563706564,0.10888030888030886,0.24061433447098973,0.889166286077483,0.8710646287866365,7852,26023,0.42205807437595516,0.30985736118186447,-0.1122007131940907,-0.1941383869546056,0.8876041665702963,0.8859041650031386,0.8901088982640354,0.8843713062035712,-0.005737592060464203,0.5601836667759922,0.6410845085820488,0.9286941220830366,0.8973564037035485,0.014839536216502136,0.3465132951887919,-0.0015621195071867655,0.12543227311439237,True,True,True,0.43475272142559535,True,True,True,True,False
mimic_race_unmatched,MIMIC race (unmatched cohort),phase4,phase4__mimic_cxr_unmatched__convnext_tiny__seed42__pr0.75,convnext_tiny,42,0.75,pleural_effusion,BLACK_OR_AA,youden_j,0.8166343460461107,0.8222076967072474,0.229736328125,WHITE,1295,6993,0.2594594594594595,0.3861003861003861,0.12664092664092663,0.17101147028154326,0.889166286077483,0.8710646287866365,7852,26023,0.17142129393785022,0.13856342333163527,-0.03285787060621495,-0.03965570242852748,0.8876041665702963,0.8859041650031386,0.8901088982640354,0.8843713062035712,-0.005737592060464203,0.8161145730840713,0.8263911665026785,0.8066110855084,0.7840713896686078,0.014839536216502136,0.24753696276875084,-0.0015621195071867655,0.08803816552160926,False,True,True,0.21066717271007074,False,True,True,False,False
mimic_race_unmatched,MIMIC race (unmatched cohort),phase4,phase4__mimic_cxr_unmatched__convnext_tiny__seed42__pr0.75,convnext_tiny,42,0.75,pleural_effusion,BLACK_OR_AA,sens0.80,0.8000430941607413,0.8345453059890514,0.2493896484375,WHITE,1295,6993,0.2857142857142857,0.4061776061776062,0.12046332046332048,0.16864864864864867,0.889166286077483,0.8710646287866365,7852,26023,0.18619460010188488,0.14824248599083037,-0.03795211411105451,-0.04663536776212832,0.8876041665702963,0.8859041650031386,0.8901088982640354,0.8843713062035712,-0.005737592060464203,0.7997157537990598,0.8152399693888707,0.819221584481964,0.7952993422430767,0.014839536216502136,0.2579351201867758,-0.0015621195071867655,0.09951968561240082,False,True,True,0.215284016410777,False,True,True,False,False
mimic_race_unmatched,MIMIC race (unmatched cohort),phase4,phase4__mimic_cxr_unmatched__convnext_tiny__seed42__pr0.75,convnext_tiny,42,0.75,pleural_effusion,BLACK_OR_AA,spec0.90,0.6841198017668606,0.8999918293978266,0.38408201932907104,WHITE,1295,6993,0.42702702702702705,0.5405405405405406,0.11351351351351352,0.19811320754716985,0.889166286077483,0.8710646287866365,7852,26023,0.3075649516046867,0.22860417727967397,-0.07896077432501275,-0.1140334743424683,0.8876041665702963,0.8859041650031386,0.8901088982640354,0.8843713062035712,-0.005737592060464203,0.6755220290805729,0.7272329725593091,0.8883489044367171,0.8567179186392392,0.014839536216502136,0.3119363632608666,-0.0015621195071867655,0.11946207542234033,False,True,True,0.3121466818896381,False,True,True,False,False
mimic_race_unmatched,MIMIC race (unmatched cohort),phase4,phase4__mimic_cxr_unmatched__convnext_tiny__seed42__pr1.0,convnext_tiny,42,1.0,pleural_effusion,BLACK_OR_AA,t0.5,0.5740142210730446,0.9363510090693684,0.5,WHITE,1295,6993,0.5474903474903475,0.6880308880308881,0.14054054054054055,0.31058020477815707,0.889166286077483,0.8523691168478813,7852,26023,0.42205807437595516,0.34946510443199186,-0.0725929699439633,-0.125605993829881,0.8876041665702963,0.8850309617360383,0.8901088982640354,0.8804335696946246,-0.00967532856941078,0.5601836667759922,0.6026019459932218,0.9286941220830366,0.9119359839121873,0.03266184488815704,0.3385657835988962,-0.0015621195071867655,0.12543227311439237,True,True,True,0.4361861986080381,True,True,True,True,True
mimic_race_unmatched,MIMIC race (unmatched cohort),phase4,phase4__mimic_cxr_unmatched__convnext_tiny__seed42__pr1.0,convnext_tiny,42,1.0,pleural_effusion,BLACK_OR_AA,youden_j,0.8166343460461107,0.8222076967072474,0.229736328125,WHITE,1295,6993,0.2594594594594595,0.3691119691119691,0.10965250965250961,0.14807090719499474,0.889166286077483,0.8523691168478813,7852,26023,0.17142129393785022,0.12162506367804381,-0.04979623025980641,-0.06009837073470641,0.8876041665702963,0.8850309617360383,0.8901088982640354,0.8804335696946246,-0.00967532856941078,0.8161145730840713,0.8433366130971903,0.8066110855084,0.7594788219028866,0.03266184488815704,0.24748690543392526,-0.0015621195071867655,0.08803816552160926,False,True,True,0.20816927792970116,False,True,False,False,False
mimic_race_unmatched,MIMIC race (unmatched cohort),phase4,phase4__mimic_cxr_unmatched__convnext_tiny__seed42__pr1.0,convnext_tiny,42,1.0,pleural_effusion,BLACK_OR_AA,sens0.80,0.8000430941607413,0.8345453059890514,0.2493896484375,WHITE,1295,6993,0.2857142857142857,0.4015444015444015,0.11583011583011582,0.16216216216216214,0.889166286077483,0.8523691168478813,7852,26023,0.18619460010188488,0.13512480896586856,-0.05106979113601631,-0.06275430359937403,0.8876041665702963,0.8850309617360383,0.8901088982640354,0.8804335696946246,-0.00967532856941078,0.7997157537990598,0.827156444735979,0.819221584481964,0.7758599019648917,0.03266184488815704,0.266419592578533,-0.0015621195071867655,0.09951968561240082,False,True,True,0.22491646576153618,False,True,True,False,False
mimic_race_unmatched,MIMIC race (unmatched cohort),phase4,phase4__mimic_cxr_unmatched__convnext_tiny__seed42__pr1.0,convnext_tiny,42,1.0,pleural_effusion,BLACK_OR_AA,spec0.90,0.6841198017668606,0.8999918293978266,0.38408201932907104,WHITE,1295,6993,0.42702702702702705,0.5498069498069498,0.12277992277992272,0.21428571428571422,0.889166286077483,0.8523691168478813,7852,26023,0.3075649516046867,0.2359908303616913,-0.07157412124299542,-0.103365826742689,0.8876041665702963,0.8850309617360383,0.8901088982640354,0.8804335696946246,-0.00967532856941078,0.6755220290805729,0.7195801902263037,0.8883489044367171,0.8603628136913989,0.03266184488815704,0.31381611944525845,-0.0015621195071867655,0.11946207542234033,True,True,True,0.3176515410284032,True,True,True,True,False
mimic_race_unmatched,MIMIC race (unmatched cohort),phase4,phase4__mimic_cxr_unmatched__convnext_tiny__seed123__pr0.0,convnext_tiny,123,0.0,pleural_effusion,BLACK_OR_AA,t0.5,0.616677440206852,0.9222158673094207,0.5,WHITE,1295,6993,0.5065637065637065,0.5065637065637065,0.0,0.0,0.8894831350429807,0.8894831350429807,7852,26023,0.3828323993886908,0.3828323993886908,0.0,0.0,0.8877091892600193,0.8877091892600193,0.8901173785561595,0.8901173785561595,0.0,0.5996501585219197,0.5996501585219197,0.9168377393271607,0.9168377393271607,-0.001773945782961417,0.12373130717501574,-0.001773945782961417,0.12373130717501574,False,False,True,0.0,False,False,False,False,False
mimic_race_unmatched,MIMIC race (unmatched cohort),phase4,phase4__mimic_cxr_unmatched__convnext_tiny__seed123__pr0.0,convnext_tiny,123,0.0,pleural_effusion,BLACK_OR_AA,youden_j,0.8431372549019608,0.8002287768608547,0.25439453125,WHITE,1295,6993,0.22084942084942086,0.22084942084942086,0.0,0.0,0.8894831350429807,0.8894831350429807,7852,26023,0.15371879775853287,0.15371879775853287,0.0,0.0,0.8877091892600193,0.8877091892600193,0.8901173785561595,0.8901173785561595,0.0,0.8367770853831857,0.8367770853831857,0.7872554359210692,0.7872554359210692,-0.001773945782961417,0.06713062309088799,-0.001773945782961417,0.06713062309088799,False,False,True,0.0,False,False,False,False,False
mimic_race_unmatched,MIMIC race (unmatched cohort),phase4,phase4__mimic_cxr_unmatched__convnext_tiny__seed123__pr0.0,convnext_tiny,123,0.0,pleural_effusion,BLACK_OR_AA,sens0.80,0.8004740357681535,0.8364245444889289,0.306396484375,WHITE,1295,6993,0.2756756756756757,0.2756756756756757,0.0,0.0,0.8894831350429807,0.8894831350429807,7852,26023,0.19421803362200712,0.19421803362200712,0.0,0.0,0.8877091892600193,0.8877091892600193,0.8901173785561595,0.8901173785561595,0.0,0.794249480704056,0.794249480704056,0.822279944698144,0.822279944698144,-0.001773945782961417,0.08145764205366857,-0.001773945782961417,0.08145764205366857,False,False,True,0.0,False,False,False,False,False
mimic_race_unmatched,MIMIC race (unmatched cohort),phase4,phase4__mimic_cxr_unmatched__convnext_tiny__seed123__pr0.0,convnext_tiny,123,0.0,pleural_effusion,BLACK_OR_AA,spec0.90,0.6873518638224521,0.8999918293978266,0.43632811307907104,WHITE,1295,6993,0.416988416988417,0.416988416988417,0.0,0.0,0.8894831350429807,0.8894831350429807,7852,26023,0.30934793683138057,0.30934793683138057,0.0,0.0,0.8877091892600193,0.8877091892600193,0.8901173785561595,0.8901173785561595,0.0,0.6754127036186728,0.6754127036186728,0.8911558925803343,0.8911558925803343,-0.001773945782961417,0.10764048015703642,-0.001773945782961417,0.10764048015703642,False,False,True,0.0,False,False,False,False,False
mimic_race_unmatched,MIMIC race (unmatched cohort),phase4,phase4__mimic_cxr_unmatched__convnext_tiny__seed123__pr0.5,convnext_tiny,123,0.5,pleural_effusion,BLACK_OR_AA,t0.5,0.616677440206852,0.9222158673094207,0.5,WHITE,1295,6993,0.5065637065637065,0.7444015444015444,0.23783783783783785,0.48200312989045385,0.8894831350429807,0.8854454790748227,7852,26023,0.3828323993886908,0.5315843097300051,0.14875191034131435,0.24102352455633522,0.8877091892600193,0.8841699922508401,0.8901173785561595,0.8868525096005815,-0.003264868955577982,0.5996501585219197,0.4382857767574068,0.9168377393271607,0.9553395617746868,-0.0012754868239825967,0.21281723467153923,-0.001773945782961417,0.12373130717501574,True,True,True,0.24097960533411864,True,True,True,True,True
mimic_race_unmatched,MIMIC race (unmatched cohort),phase4,phase4__mimic_cxr_unmatched__convnext_tiny__seed123__pr0.5,convnext_tiny,123,0.5,pleural_effusion,BLACK_OR_AA,youden_j,0.8431372549019608,0.8002287768608547,0.25439453125,WHITE,1295,6993,0.22084942084942086,0.322007722007722,0.10115830115830113,0.12983151635282453,0.8894831350429807,0.8854454790748227,7852,26023,0.15371879775853287,0.17880794701986755,0.02508914926133468,0.029646350639578618,0.8877091892600193,0.8841699922508401,0.8901173785561595,0.8868525096005815,-0.003264868955577982,0.8367770853831857,0.8009183338799607,0.7872554359210692,0.8136913988855838,-0.0012754868239825967,0.14319977498785444,-0.001773945782961417,0.06713062309088799,False,True,True,0.10018516571324591,False,True,False,False,False
mimic_race_unmatched,MIMIC race (unmatched cohort),phase4,phase4__mimic_cxr_unmatched__convnext_tiny__seed123__pr0.5,convnext_tiny,123,0.5,pleural_effusion,BLACK_OR_AA,sens0.80,0.8004740357681535,0.8364245444889289,0.306396484375,WHITE,1295,6993,0.2756756756756757,0.40308880308880307,0.12741312741312738,0.1759061833688699,0.8894831350429807,0.8854454790748227,7852,26023,0.19421803362200712,0.24083036169128885,0.04661232806928173,0.057847321005215765,0.8877091892600193,0.8841699922508401,0.8901173785561595,0.8868525096005815,-0.003264868955577982,0.794249480704056,0.7361976604351154,0.822279944698144,0.8577234069294901,-0.0012754868239825967,0.16225844139751422,-0.001773945782961417,0.08145764205366857,False,True,True,0.11805886236365414,False,True,True,False,False
mimic_race_unmatched,MIMIC race (unmatched cohort),phase4,phase4__mimic_cxr_unmatched__convnext_tiny__seed123__pr0.5,convnext_tiny,123,0.5,pleural_effusion,BLACK_OR_AA,spec0.90,0.6873518638224521,0.8999918293978266,0.43632811307907104,WHITE,1295,6993,0.416988416988417,0.6301158301158302,0.21312741312741318,0.3655629139072849,0.8894831350429807,0.8854454790748227,7852,26023,0.30934793683138057,0.42969943963321444,0.12035150280183388,0.17425779089065085,0.8877091892600193,0.8841699922508401,0.8901173785561595,0.8868525096005815,-0.003264868955577982,0.6754127036186728,0.5419263146386794,0.8911558925803343,0.9311659474632369,-0.0012754868239825967,0.20041639048261572,-0.001773945782961417,0.10764048015703642,True,True,True,0.19130512301663405,True,True,True,True,True
mimic_race_unmatched,MIMIC race (unmatched cohort),phase4,phase4__mimic_cxr_unmatched__convnext_tiny__seed123__pr0.75,convnext_tiny,123,0.75,pleural_effusion,BLACK_OR_AA,t0.5,0.616677440206852,0.9222158673094207,0.5,WHITE,1295,6993,0.5065637065637065,0.5876447876447877,0.08108108108108114,0.1643192488262912,0.8894831350429807,0.8808610621351933,7852,26023,0.3828323993886908,0.33278145695364236,-0.05005094243504843,-0.08109781262897241,0.8877091892600193,0.883538608554107,0.8901173785561595,0.8849607975767186,-0.005156580979440828,0.5996501585219197,0.6311358915491418,0.9168377393271607,0.9007499266831455,0.002677546418913712,0.2548633306911453,-0.001773945782961417,0.12373130717501574,False,True,True,0.2454170614552636,False,True,True,False,False
mimic_race_unmatched,MIMIC race (unmatched cohort),phase4,phase4__mimic_cxr_unmatched__convnext_tiny__seed123__pr0.75,convnext_tiny,123,0.75,pleural_effusion,BLACK_OR_AA,youden_j,0.8431372549019608,0.8002287768608547,0.25439453125,WHITE,1295,6993,0.22084942084942086,0.29034749034749036,0.0694980694980695,0.08919722497522299,0.8894831350429807,0.8808610621351933,7852,26023,0.15371879775853287,0.12837493632195618,-0.025343861436576687,-0.029947328818660666,0.8877091892600193,0.883538608554107,0.8901173785561595,0.8849607975767186,-0.005156580979440828,0.8367770853831857,0.8486935607302941,0.7872554359210692,0.766768612007206,0.002677546418913712,0.16197255402553418,-0.001773945782961417,0.06713062309088799,False,True,True,0.11914455379388365,False,False,False,False,False
mimic_race_unmatched,MIMIC race (unmatched cohort),phase4,phase4__mimic_cxr_unmatched__convnext_tiny__seed123__pr0.75,convnext_tiny,123,0.75,pleural_effusion,BLACK_OR_AA,sens0.80,0.8004740357681535,0.8364245444889289,0.306396484375,WHITE,1295,6993,0.2756756756756757,0.3567567567567568,0.08108108108108109,0.1119402985074627,0.8894831350429807,0.8808610621351933,7852,26023,0.19421803362200712,0.16658176260825266,-0.02763627101375446,-0.034297455350086936,0.8877091892600193,0.883538608554107,0.8901173785561595,0.8849607975767186,-0.005156580979440828,0.794249480704056,0.8064939324368645,0.822279944698144,0.8016674347479995,0.002677546418913712,0.1901749941485041,-0.001773945782961417,0.08145764205366857,False,True,True,0.14623775385754964,False,True,False,False,False
mimic_race_unmatched,MIMIC race (unmatched cohort),phase4,phase4__mimic_cxr_unmatched__convnext_tiny__seed123__pr0.75,convnext_tiny,123,0.75,pleural_effusion,BLACK_OR_AA,spec0.90,0.6873518638224521,0.8999918293978266,0.43632811307907104,WHITE,1295,6993,0.416988416988417,0.5065637065637065,0.08957528957528954,0.15364238410596023,0.8894831350429807,0.8808610621351933,7852,26023,0.30934793683138057,0.26795720835455933,-0.04139072847682124,-0.05992992808408636,0.8877091892600193,0.883538608554107,0.8901173785561595,0.8849607975767186,-0.005156580979440828,0.6754127036186728,0.6982617251557888,0.8911558925803343,0.8734760568100884,0.002677546418913712,0.2386064982091472,-0.001773945782961417,0.10764048015703642,False,True,True,0.2135723121900466,False,True,True,False,False
mimic_race_unmatched,MIMIC race (unmatched cohort),phase4,phase4__mimic_cxr_unmatched__convnext_tiny__seed123__pr1.0,convnext_tiny,123,1.0,pleural_effusion,BLACK_OR_AA,t0.5,0.616677440206852,0.9222158673094207,0.5,WHITE,1295,6993,0.5065637065637065,0.6486486486486487,0.14208494208494216,0.28794992175273876,0.8894831350429807,0.8616529406104696,7852,26023,0.3828323993886908,0.31444218033622007,-0.06839021905247072,-0.11081304168386302,0.8877091892600193,0.8836011897277556,0.8901173785561595,0.880263755451771,-0.00985362310438842,0.5996501585219197,0.6382420465726467,0.9168377393271607,0.8974820897398299,0.02194824911728599,0.3342064683124286,-0.001773945782961417,0.12373130717501574,True,True,True,0.3987629634366018,True,True,True,True,False
mimic_race_unmatched,MIMIC race (unmatched cohort),phase4,phase4__mimic_cxr_unmatched__convnext_tiny__seed123__pr1.0,convnext_tiny,123,1.0,pleural_effusion,BLACK_OR_AA,youden_j,0.8431372549019608,0.8002287768608547,0.25439453125,WHITE,1295,6993,0.22084942084942086,0.3945945945945946,0.17374517374517376,0.2229930624380575,0.8894831350429807,0.8616529406104696,7852,26023,0.15371879775853287,0.13245033112582782,-0.02126846663270504,-0.025131677953348378,0.8877091892600193,0.8836011897277556,0.8901173785561595,0.880263755451771,-0.00985362310438842,0.8367770853831857,0.8304362085929813,0.7872554359210692,0.7754409485106205,0.02194824911728599,0.2621442634687668,-0.001773945782961417,0.06713062309088799,True,True,True,0.24812474039140586,True,True,True,True,False
mimic_race_unmatched,MIMIC race (unmatched cohort),phase4,phase4__mimic_cxr_unmatched__convnext_tiny__seed123__pr1.0,convnext_tiny,123,1.0,pleural_effusion,BLACK_OR_AA,sens0.80,0.8004740357681535,0.8364245444889289,0.306396484375,WHITE,1295,6993,0.2756756756756757,0.4540540540540541,0.1783783783783784,0.24626865671641796,0.8894831350429807,0.8616529406104696,7852,26023,0.19421803362200712,0.16670911869587365,-0.02750891492613347,-0.034139402560455195,0.8877091892600193,0.8836011897277556,0.8901173785561595,0.880263755451771,-0.00985362310438842,0.794249480704056,0.7926095987755548,0.822279944698144,0.8077841551803595,0.02194824911728599,0.2873449353581804,-0.001773945782961417,0.08145764205366857,True,True,True,0.2804080592768732,True,True,True,True,False
mimic_race_unmatched,MIMIC race (unmatched cohort),phase4,phase4__mimic_cxr_unmatched__convnext_tiny__seed123__pr1.0,convnext_tiny,123,1.0,pleural_effusion,BLACK_OR_AA,spec0.90,0.6873518638224521,0.8999918293978266,0.43632811307907104,WHITE,1295,6993,0.416988416988417,0.5783783783783784,0.16138996138996137,0.2768211920529801,0.8894831350429807,0.8616529406104696,7852,26023,0.30934793683138057,0.260697911360163,-0.04865002547121755,-0.07044071547114147,0.8877091892600193,0.8836011897277556,0.8901173785561595,0.880263755451771,-0.00985362310438842,0.6754127036186728,0.694326008527386,0.8911558925803343,0.8718002429930035,0.02194824911728599,0.31768046701821534,-0.001773945782961417,0.10764048015703642,True,True,True,0.34726190752412156,True,True,True,True,False
mimic_race_unmatched,MIMIC race (unmatched cohort),phase2b,phase2b__mimic_cxr_unmatched__densenet121__seed7__pr0.0,densenet121,7,0.0,pleural_effusion,BLACK_OR_AA,t0.5,0.6395173453996983,0.9173135060053926,0.5,WHITE,1295,6993,0.4640926640926641,0.4640926640926641,0.0,0.0,0.8888491660692432,0.8888491660692432,7852,26023,0.3457717778909832,0.3457717778909832,0.0,0.0,0.8877733088553965,0.8877733088553965,0.8900580852147113,0.8900580852147113,0.0,0.6374767683393462,0.6374767683393462,0.9068666471155055,0.9068666471155055,-0.0010758572138467315,0.11832088620168091,-0.0010758572138467315,0.11832088620168091,False,False,True,0.0,False,False,False,False,False
mimic_race_unmatched,MIMIC race (unmatched cohort),phase2b,phase2b__mimic_cxr_unmatched__densenet121__seed7__pr0.0,densenet121,7,0.0,pleural_effusion,BLACK_OR_AA,youden_j,0.8282697694462401,0.8134651523817306,0.2447509765625,WHITE,1295,6993,0.2517374517374517,0.2517374517374517,0.0,0.0,0.8888491660692432,0.8888491660692432,7852,26023,0.16454406520631687,0.16454406520631687,0.0,0.0,0.8877733088553965,0.8877733088553965,0.8900580852147113,0.8900580852147113,0.0,0.8231114026456762,0.8231114026456762,0.8009133185303113,0.8009133185303113,-0.0010758572138467315,0.08719338653113484,-0.0010758572138467315,0.08719338653113484,False,False,True,0.0,False,False,False,False,False
mimic_race_unmatched,MIMIC race (unmatched cohort),phase2b,phase2b__mimic_cxr_unmatched__densenet121__seed7__pr0.0,densenet121,7,0.0,pleural_effusion,BLACK_OR_AA,sens0.80,0.8000430941607413,0.8357708963150584,0.286865234375,WHITE,1295,6993,0.27876447876447874,0.27876447876447874,0.0,0.0,0.8888491660692432,0.8888491660692432,7852,26023,0.19103413143148243,0.19103413143148243,0.0,0.0,0.8877733088553965,0.8877733088553965,0.8900580852147113,0.8900580852147113,0.0,0.7965453154039576,0.7965453154039576,0.8231178516066865,0.8231178516066865,-0.0010758572138467315,0.08773034733299631,-0.0010758572138467315,0.08773034733299631,False,False,True,0.0,False,False,False,False,False
mimic_race_unmatched,MIMIC race (unmatched cohort),phase2b,phase2b__mimic_cxr_unmatched__densenet121__seed7__pr0.0,densenet121,7,0.0,pleural_effusion,BLACK_OR_AA,spec0.90,0.687136393018746,0.8999918293978266,0.43974608182907104,WHITE,1295,6993,0.41235521235521233,0.41235521235521233,0.0,0.0,0.8888491660692432,0.8888491660692432,7852,26023,0.29750382068262865,0.29750382068262865,0.0,0.0,0.8877733088553965,0.8877733088553965,0.8900580852147113,0.8900580852147113,0.0,0.6862359243467804,0.6862359243467804,0.8861703464745067,0.8861703464745067,-0.0010758572138467315,0.11485139167258368,-0.0010758572138467315,0.11485139167258368,False,False,True,0.0,False,False,False,False,False
mimic_race_unmatched,MIMIC race (unmatched cohort),phase2b,phase2b__mimic_cxr_unmatched__densenet121__seed7__pr0.005,densenet121,7,0.005,pleural_effusion,BLACK_OR_AA,t0.5,0.6395173453996983,0.9173135060053926,0.5,WHITE,1295,6993,0.4640926640926641,0.4756756756756757,0.011583011583011615,0.021613832853026,0.8888491660692432,0.8885336045567706,7852,26023,0.3457717778909832,0.34742740703005603,0.0016556291390728561,0.002530659918240231,0.8877733088553965,0.8879356316218542,0.8900580852147113,0.890109986068183,5.1900853471731345e-05,0.6374767683393462,0.6344156554061441,0.9068666471155055,0.9061544262432444,-0.0005979729349163687,0.12824826864561967,-0.0010758572138467315,0.11832088620168091,False,False,True,0.01908317293478577,False,False,False,False,False
mimic_race_unmatched,MIMIC race (unmatched cohort),phase2b,phase2b__mimic_cxr_unmatched__densenet121__seed7__pr0.005,densenet121,7,0.005,pleural_effusion,BLACK_OR_AA,youden_j,0.8282697694462401,0.8134651523817306,0.2447509765625,WHITE,1295,6993,0.2517374517374517,0.23938223938223938,-0.012355212355212336,-0.016511867905056734,0.8888491660692432,0.8885336045567706,7852,26023,0.16454406520631687,0.15843097300050943,-0.006113092205807441,-0.007317073170731711,0.8877733088553965,0.8879356316218542,0.8900580852147113,0.890109986068183,5.1900853471731345e-05,0.8231114026456762,0.830108232207281,0.8009133185303113,0.7950060748250869,-0.0005979729349163687,0.08095126638172995,-0.0010758572138467315,0.08719338653113484,False,False,True,-0.009194794734325024,False,False,False,False,False
mimic_race_unmatched,MIMIC race (unmatched cohort),phase2b,phase2b__mimic_cxr_unmatched__densenet121__seed7__pr0.005,densenet121,7,0.005,pleural_effusion,BLACK_OR_AA,sens0.80,0.8000430941607413,0.8357708963150584,0.286865234375,WHITE,1295,6993,0.27876447876447874,0.27644787644787644,-0.002316602316602301,-0.0032119914346894858,0.8888491660692432,0.8885336045567706,7852,26023,0.19103413143148243,0.1860672440142639,-0.004966887417218541,-0.0061397984886649845,0.8877733088553965,0.8879356316218542,0.8900580852147113,0.890109986068183,5.1900853471731345e-05,0.7965453154039576,0.8011369848037608,0.8231178516066865,0.8206879215719134,-0.0005979729349163687,0.09038063243361255,-0.0010758572138467315,0.08773034733299631,False,False,True,0.0029278070539754987,False,False,False,False,False
mimic_race_unmatched,MIMIC race (unmatched cohort),phase2b,phase2b__mimic_cxr_unmatched__densenet121__seed7__pr0.005,densenet121,7,0.005,pleural_effusion,BLACK_OR_AA,spec0.90,0.687136393018746,0.8999918293978266,0.43974608182907104,WHITE,1295,6993,0.41235521235521233,0.42162162162162165,0.009266409266409315,0.015768725361366705,0.8888491660692432,0.8885336045567706,7852,26023,0.29750382068262865,0.2945746306673459,-0.0029291900152827455,-0.004169688179840485,0.8877733088553965,0.8879356316218542,0.8900580852147113,0.890109986068183,5.1900853471731345e-05,0.6862359243467804,0.6874385044276812,0.8861703464745067,0.8871758347647576,-0.0005979729349163687,0.12704699095427574,-0.0010758572138467315,0.11485139167258368,False,False,True,0.01993841354120719,False,False,False,False,False
mimic_race_unmatched,MIMIC race (unmatched cohort),phase2b,phase2b__mimic_cxr_unmatched__densenet121__seed7__pr0.01,densenet121,7,0.01,pleural_effusion,BLACK_OR_AA,t0.5,0.6395173453996983,0.9173135060053926,0.5,WHITE,1295,6993,0.4640926640926641,0.47953667953667956,0.015444015444015469,0.02881844380403463,0.8888491660692432,0.8898409114625331,7852,26023,0.3457717778909832,0.36041772796739685,0.014645950076413672,0.022386606969048112,0.8877733088553965,0.8890018419849266,0.8900580852147113,0.8912849290533906,0.0012268438386793257,0.6374767683393462,0.622717830982836,0.9068666471155055,0.9146591813649504,-0.00083906947760648,0.1191189515692827,-0.0010758572138467315,0.11832088620168091,False,False,True,0.006431836834986517,False,False,False,False,False
mimic_race_unmatched,MIMIC race (unmatched cohort),phase2b,phase2b__mimic_cxr_unmatched__densenet121__seed7__pr0.01,densenet121,7,0.01,pleural_effusion,BLACK_OR_AA,youden_j,0.8282697694462401,0.8134651523817306,0.2447509765625,WHITE,1295,6993,0.2517374517374517,0.2555984555984556,0.003861003861003909,0.0051599587203303016,0.8888491660692432,0.8898409114625331,7852,26023,0.16454406520631687,0.17180336220071318,0.007259296994396314,0.00868902439024388,0.8877733088553965,0.8890018419849266,0.8900580852147113,0.8912849290533906,0.0012268438386793257,0.8231114026456762,0.8163332240078714,0.8009133185303113,0.8078260505257866,-0.00083906947760648,0.08379509339774244,-0.0010758572138467315,0.08719338653113484,False,False,True,-0.003529065669913579,False,False,False,False,False
mimic_race_unmatched,MIMIC race (unmatched cohort),phase2b,phase2b__mimic_cxr_unmatched__densenet121__seed7__pr0.01,densenet121,7,0.01,pleural_effusion,BLACK_OR_AA,sens0.80,0.8000430941607413,0.8357708963150584,0.286865234375,WHITE,1295,6993,0.27876447876447874,0.2972972972972973,0.018532818532818573,0.025695931477516115,0.8888491660692432,0.8898409114625331,7852,26023,0.19103413143148243,0.2012226184411615,0.01018848700967906,0.012594458438287149,0.8877733088553965,0.8890018419849266,0.8900580852147113,0.8912849290533906,0.0012268438386793257,0.7965453154039576,0.7851754673663496,0.8231178516066865,0.8317482927646739,-0.00083906947760648,0.09607467885613583,-0.0010758572138467315,0.08773034733299631,False,False,True,0.013101473039228966,False,False,False,False,False
mimic_race_unmatched,MIMIC race (unmatched cohort),phase2b,phase2b__mimic_cxr_unmatched__densenet121__seed7__pr0.01,densenet121,7,0.01,pleural_effusion,BLACK_OR_AA,spec0.90,0.687136393018746,0.8999918293978266,0.43974608182907104,WHITE,1295,6993,0.41235521235521233,0.42316602316602314,0.010810810810810811,0.018396846254927726,0.8888491660692432,0.8898409114625331,7852,26023,0.29750382068262865,0.31227712684666326,0.014773306164034605,0.021029731689630116,0.8877733088553965,0.8890018419849266,0.8900580852147113,0.8912849290533906,0.0012268438386793257,0.6862359243467804,0.6720236142997704,0.8861703464745067,0.8960995433407348,-0.00083906947760648,0.11088889631935989,-0.0010758572138467315,0.11485139167258368,False,False,True,-0.00263288543470239,False,False,False,False,False
mimic_race_unmatched,MIMIC race (unmatched cohort),phase2b,phase2b__mimic_cxr_unmatched__densenet121__seed7__pr0.02,densenet121,7,0.02,pleural_effusion,BLACK_OR_AA,t0.5,0.6395173453996983,0.9173135060053926,0.5,WHITE,1295,6993,0.4640926640926641,0.4833976833976834,0.019305019305019322,0.03602305475504326,0.8888491660692432,0.8868622872483878,7852,26023,0.3457717778909832,0.36156393275598575,0.015792154865002572,0.02413860229706058,0.8877733088553965,0.8869472815183924,0.8900580852147113,0.8891413777737098,-0.0009167074410014742,0.6374767683393462,0.6211872745162348,0.9068666471155055,0.9114332397670619,8.499427000463466e-05,0.12183375064169766,-0.0010758572138467315,0.11832088620168091,False,False,True,0.011884452457982683,False,False,False,False,False
mimic_race_unmatched,MIMIC race (unmatched cohort),phase2b,phase2b__mimic_cxr_unmatched__densenet121__seed7__pr0.02,densenet121,7,0.02,pleural_effusion,BLACK_OR_AA,youden_j,0.8282697694462401,0.8134651523817306,0.2447509765625,WHITE,1295,6993,0.2517374517374517,0.2594594594594595,0.007722007722007762,0.010319917440660529,0.8888491660692432,0.8868622872483878,7852,26023,0.16454406520631687,0.16569026999490577,0.0011462047885889004,0.001371951219512202,0.8877733088553965,0.8869472815183924,0.8900580852147113,0.8891413777737098,-0.0009167074410014742,0.8231114026456762,0.8210342188695747,0.8009133185303113,0.8027148183836775,8.499427000463466e-05,0.0937691894645537,-0.0010758572138467315,0.08719338653113484,False,False,True,0.008947966221148327,False,False,False,False,False
mimic_race_unmatched,MIMIC race (unmatched cohort),phase2b,phase2b__mimic_cxr_unmatched__densenet121__seed7__pr0.02,densenet121,7,0.02,pleural_effusion,BLACK_OR_AA,sens0.80,0.8000430941607413,0.8357708963150584,0.286865234375,WHITE,1295,6993,0.27876447876447874,0.29266409266409266,0.013899613899613916,0.01927194860813707,0.8888491660692432,0.8868622872483878,7852,26023,0.19103413143148243,0.19421803362200712,0.0031839021905246956,0.003935768261964721,0.8877733088553965,0.8869472815183924,0.8900580852147113,0.8891413777737098,-0.0009167074410014742,0.7965453154039576,0.7918443205422543,0.8231178516066865,0.8258410490594496,8.499427000463466e-05,0.09844605904208553,-0.0010758572138467315,0.08773034733299631,False,False,True,0.015336180346172349,False,False,False,False,False
mimic_race_unmatched,MIMIC race (unmatched cohort),phase2b,phase2b__mimic_cxr_unmatched__densenet121__seed7__pr0.02,densenet121,7,0.02,pleural_effusion,BLACK_OR_AA,spec0.90,0.687136393018746,0.8999918293978266,0.43974608182907104,WHITE,1295,6993,0.41235521235521233,0.42625482625482625,0.013899613899613916,0.02365308804204996,0.8888491660692432,0.8868622872483878,7852,26023,0.29750382068262865,0.3087111563932756,0.01120733571064697,0.01595358955765047,0.8877733088553965,0.8869472815183924,0.8900580852147113,0.8891413777737098,-0.0009167074410014742,0.6862359243467804,0.6746474253853723,0.8861703464745067,0.891030206544053,8.499427000463466e-05,0.11754366986155063,-0.0010758572138467315,0.11485139167258368,False,False,True,0.007699498484399488,False,False,False,False,False
mimic_race_unmatched,MIMIC race (unmatched cohort),phase2b,phase2b__mimic_cxr_unmatched__densenet121__seed7__pr0.05,densenet121,7,0.05,pleural_effusion,BLACK_OR_AA,t0.5,0.6395173453996983,0.9173135060053926,0.5,WHITE,1295,6993,0.4640926640926641,0.48725868725868726,0.023166023166023175,0.043227665706051896,0.8888491660692432,0.888409263698839,7852,26023,0.3457717778909832,0.36576668364747833,0.01999490575649515,0.030562585166439546,0.8877733088553965,0.8882107042304537,0.8900580852147113,0.890359842085281,0.0003017568705696583,0.6374767683393462,0.6170329069640319,0.9068666471155055,0.9133185303112824,-0.00019855946838531757,0.12149200361120893,-0.0010758572138467315,0.11832088620168091,False,False,True,0.01266508053961235,False,False,False,False,False
mimic_race_unmatched,MIMIC race (unmatched cohort),phase2b,phase2b__mimic_cxr_unmatched__densenet121__seed7__pr0.05,densenet121,7,0.05,pleural_effusion,BLACK_OR_AA,youden_j,0.8282697694462401,0.8134651523817306,0.2447509765625,WHITE,1295,6993,0.2517374517374517,0.2579150579150579,0.00617760617760621,0.008255933952528422,0.8888491660692432,0.888409263698839,7852,26023,0.16454406520631687,0.1641619969434539,-0.0003820682628629668,-0.000457317073170734,0.8877733088553965,0.8882107042304537,0.8900580852147113,0.890359842085281,0.0003017568705696583,0.8231114026456762,0.8225647753361758,0.8009133185303113,0.7968494700238804,-0.00019855946838531757,0.09375306097160402,-0.0010758572138467315,0.08719338653113484,False,False,True,0.008713251025699156,False,False,False,False,False
mimic_race_unmatched,MIMIC race (unmatched cohort),phase2b,phase2b__mimic_cxr_unmatched__densenet121__seed7__pr0.05,densenet121,7,0.05,pleural_effusion,BLACK_OR_AA,sens0.80,0.8000430941607413,0.8357708963150584,0.286865234375,WHITE,1295,6993,0.27876447876447874,0.2857142857142857,0.006949806949806958,0.009635974304068535,0.8888491660692432,0.888409263698839,7852,26023,0.19103413143148243,0.19154355578196638,0.0005094243504839557,0.0006297229219143609,0.8877733088553965,0.8882107042304537,0.8900580852147113,0.890359842085281,0.0003017568705696583,0.7965453154039576,0.7951240843992566,0.8231178516066865,0.8244585026603545,-0.00019855946838531757,0.09417072993231931,-0.0010758572138467315,0.08773034733299631,False,False,True,0.009006251382154173,False,False,False,False,False
mimic_race_unmatched,MIMIC race (unmatched cohort),phase2b,phase2b__mimic_cxr_unmatched__densenet121__seed7__pr0.05,densenet121,7,0.05,pleural_effusion,BLACK_OR_AA,spec0.90,0.687136393018746,0.8999918293978266,0.43974608182907104,WHITE,1295,6993,0.41235521235521233,0.43243243243243246,0.020077220077220126,0.03416557161629443,0.8888491660692432,0.888409263698839,7852,26023,0.29750382068262865,0.30973000509424353,0.012226184411614882,0.01740391588107325,0.8877733088553965,0.8882107042304537,0.8900580852147113,0.890359842085281,0.0003017568705696583,0.6862359243467804,0.6728982179949711,0.8861703464745067,0.8919100087980225,-0.00019855946838531757,0.12270242733818892,-0.0010758572138467315,0.11485139167258368,False,False,True,0.01676165573522118,False,False,False,False,False
mimic_race_unmatched,MIMIC race (unmatched cohort),phase2b,phase2b__mimic_cxr_unmatched__densenet121__seed7__pr0.10,densenet121,7,0.1,pleural_effusion,BLACK_OR_AA,t0.5,0.6395173453996983,0.9173135060053926,0.5,WHITE,1295,6993,0.4640926640926641,0.5104247104247104,0.046332046332046295,0.08645533141210368,0.8888491660692432,0.884504960759787,7852,26023,0.3457717778909832,0.3815588385124809,0.035787060621497724,0.054701187463500126,0.8877733088553965,0.8852317625676018,0.8900580852147113,0.8874389184802915,-0.0026191667344197533,0.6374767683393462,0.6001967858314201,0.9068666471155055,0.9156227743097742,0.0007268018078148142,0.12886587191222948,-0.0010758572138467315,0.11832088620168091,False,False,True,0.031754143948603555,False,False,False,False,False
mimic_race_unmatched,MIMIC race (unmatched cohort),phase2b,phase2b__mimic_cxr_unmatched__densenet121__seed7__pr0.10,densenet121,7,0.1,pleural_effusion,BLACK_OR_AA,youden_j,0.8282697694462401,0.8134651523817306,0.2447509765625,WHITE,1295,6993,0.2517374517374517,0.2694980694980695,0.01776061776061777,0.023735810113519103,0.8888491660692432,0.884504960759787,7852,26023,0.16454406520631687,0.17447784004075395,0.009933774834437081,0.011890243902439018,0.8877733088553965,0.8852317625676018,0.8900580852147113,0.8874389184802915,-0.0026191667344197533,0.8231114026456762,0.8120695309937684,0.8009133185303113,0.8036365159830743,0.0007268018078148142,0.09502022945731553,-0.0010758572138467315,0.08719338653113484,False,False,True,0.011845566211080086,False,False,False,False,False
mimic_race_unmatched,MIMIC race (unmatched cohort),phase2b,phase2b__mimic_cxr_unmatched__densenet121__seed7__pr0.10,densenet121,7,0.1,pleural_effusion,BLACK_OR_AA,sens0.80,0.8000430941607413,0.8357708963150584,0.286865234375,WHITE,1295,6993,0.27876447876447874,0.311969111969112,0.03320463320463324,0.046038543897216316,0.8888491660692432,0.884504960759787,7852,26023,0.19103413143148243,0.2032603158430973,0.012226184411614882,0.015113350125944593,0.8877733088553965,0.8852317625676018,0.8900580852147113,0.8874389184802915,-0.0026191667344197533,0.7965453154039576,0.781349076199847,0.8231178516066865,0.8292764673844736,0.0007268018078148142,0.10870879612601467,-0.0010758572138467315,0.08773034733299631,False,False,True,0.030925193771271724,False,False,False,False,False
mimic_race_unmatched,MIMIC race (unmatched cohort),phase2b,phase2b__mimic_cxr_unmatched__densenet121__seed7__pr0.10,densenet121,7,0.1,pleural_effusion,BLACK_OR_AA,spec0.90,0.687136393018746,0.8999918293978266,0.43974608182907104,WHITE,1295,6993,0.41235521235521233,0.4517374517374517,0.03938223938223939,0.06701708278580816,0.8888491660692432,0.884504960759787,7852,26023,0.29750382068262865,0.32539480387162506,0.02789098318899641,0.039702683103698296,0.8877733088553965,0.8852317625676018,0.8900580852147113,0.8874389184802915,-0.0026191667344197533,0.6862359243467804,0.6567180496337597,0.8861703464745067,0.8968536595584231,0.0007268018078148142,0.12634264786582666,-0.0010758572138467315,0.11485139167258368,False,False,True,0.027314399682109865,False,False,False,False,False
mimic_race_unmatched,MIMIC race (unmatched cohort),revision/EXP-3/runs,rev3__mimic_unmatched__densenet121__seed7__pr0.25,densenet121,7,0.25,pleural_effusion,BLACK_OR_AA,t0.5,0.6395173453996983,0.9173135060053926,0.5,WHITE,1295,6993,0.4640926640926641,0.5235521235521235,0.05945945945945946,0.11095100864553316,0.8888491660692432,0.8874925971451069,7852,26023,0.3457717778909832,0.35303107488537955,0.007259296994396369,0.011095970410745629,0.8877733088553965,0.8872185693992766,0.8900580852147113,0.8896471563198789,-0.00041092889483240747,0.6374767683393462,0.622827156444736,0.9068666471155055,0.9104277514768109,-0.00027402774583029643,0.170521048666744,-0.0010758572138467315,0.11832088620168091,False,True,True,0.09985503823478753,False,True,False,False,False
mimic_race_unmatched,MIMIC race (unmatched cohort),revision/EXP-3/runs,rev3__mimic_unmatched__densenet121__seed7__pr0.25,densenet121,7,0.25,pleural_effusion,BLACK_OR_AA,youden_j,0.8282697694462401,0.8134651523817306,0.2447509765625,WHITE,1295,6993,0.2517374517374517,0.261003861003861,0.009266409266409315,0.012383900928792635,0.8888491660692432,0.8874925971451069,7852,26023,0.16454406520631687,0.1544829342842588,-0.01006113092205807,-0.012042682926829263,0.8877733088553965,0.8872185693992766,0.8900580852147113,0.8896471563198789,-0.00041092889483240747,0.8231114026456762,0.8304362085929813,0.8009133185303113,0.7952574468976497,-0.00027402774583029643,0.10652092671960223,-0.0010758572138467315,0.08719338653113484,False,False,True,0.024426583855621898,False,False,False,False,False
mimic_race_unmatched,MIMIC race (unmatched cohort),revision/EXP-3/runs,rev3__mimic_unmatched__densenet121__seed7__pr0.25,densenet121,7,0.25,pleural_effusion,BLACK_OR_AA,sens0.80,0.8000430941607413,0.8357708963150584,0.286865234375,WHITE,1295,6993,0.27876447876447874,0.3127413127413127,0.03397683397683399,0.04710920770877945,0.8888491660692432,0.8874925971451069,7852,26023,0.19103413143148243,0.18211920529801323,-0.008914926133469198,-0.011020151133501282,0.8877733088553965,0.8872185693992766,0.8900580852147113,0.8896471563198789,-0.00041092889483240747,0.7965453154039576,0.7993877774133595,0.8231178516066865,0.8198081193179437,-0.00027402774583029643,0.1306221074432995,-0.0010758572138467315,0.08773034733299631,False,True,True,0.05812935884228074,False,False,False,False,False
mimic_race_unmatched,MIMIC race (unmatched cohort),revision/EXP-3/runs,rev3__mimic_unmatched__densenet121__seed7__pr0.25,densenet121,7,0.25,pleural_effusion,BLACK_OR_AA,spec0.90,0.687136393018746,0.8999918293978266,0.43974608182907104,WHITE,1295,6993,0.41235521235521233,0.4664092664092664,0.05405405405405406,0.09198423127463863,0.8888491660692432,0.8874925971451069,7852,26023,0.29750382068262865,0.29521141110545085,-0.002292409577177801,-0.003263234227701249,0.8877733088553965,0.8872185693992766,0.8900580852147113,0.8896471563198789,-0.00041092889483240747,0.6862359243467804,0.6805510003279764,0.8861703464745067,0.8888935439272697,-0.00027402774583029643,0.17119785530381554,-0.0010758572138467315,0.11485139167258368,False,True,True,0.09524746550233988,False,False,False,False,False
mimic_race_unmatched,MIMIC race (unmatched cohort),revision/EXP-3/runs,rev3__mimic_unmatched__densenet121__seed7__pr0.5,densenet121,7,0.5,pleural_effusion,BLACK_OR_AA,t0.5,0.6395173453996983,0.9173135060053926,0.5,WHITE,1295,6993,0.4640926640926641,0.6084942084942085,0.14440154440154446,0.26945244956772346,0.8888491660692432,0.8869298446518523,7852,26023,0.3457717778909832,0.3772287315333673,0.0314569536423841,0.048082538446564134,0.8877733088553965,0.8866216792904157,0.8900580852147113,0.8889709245890516,-0.0010871606256597222,0.6374767683393462,0.590029517874713,0.9068666471155055,0.9203988436884663,-0.00030816536143662976,0.23126547696084127,-0.0010758572138467315,0.11832088620168091,True,True,True,0.22136991112115934,True,True,True,True,False
mimic_race_unmatched,MIMIC race (unmatched cohort),revision/EXP-3/runs,rev3__mimic_unmatched__densenet121__seed7__pr0.5,densenet121,7,0.5,pleural_effusion,BLACK_OR_AA,youden_j,0.8282697694462401,0.8134651523817306,0.2447509765625,WHITE,1295,6993,0.2517374517374517,0.3150579150579151,0.06332046332046337,0.08462332301341596,0.8888491660692432,0.8869298446518523,7852,26023,0.16454406520631687,0.1674732552215996,0.0029291900152827177,0.0035060975609755942,0.8877733088553965,0.8866216792904157,0.8900580852147113,0.8889709245890516,-0.0010871606256597222,0.8231114026456762,0.8116322291461682,0.8009133185303113,0.8107168293602581,-0.00030816536143662976,0.1475846598363155,-0.0010758572138467315,0.08719338653113484,False,True,True,0.08111722545244036,False,False,False,False,False
mimic_race_unmatched,MIMIC race (unmatched cohort),revision/EXP-3/runs,rev3__mimic_unmatched__densenet121__seed7__pr0.5,densenet121,7,0.5,pleural_effusion,BLACK_OR_AA,sens0.80,0.8000430941607413,0.8357708963150584,0.286865234375,WHITE,1295,6993,0.27876447876447874,0.36602316602316604,0.0872586872586873,0.12098501070663817,0.8888491660692432,0.8869298446518523,7852,26023,0.19103413143148243,0.20020376974019358,0.009169638308711148,0.011335012594458427,0.8877733088553965,0.8866216792904157,0.8900580852147113,0.8889709245890516,-0.0010871606256597222,0.7965453154039576,0.7763201049524434,0.8231178516066865,0.8354350831622607,-0.00030816536143662976,0.16581939628297246,-0.0010758572138467315,0.08773034733299631,False,True,True,0.10964999811217974,False,True,False,False,False
mimic_race_unmatched,MIMIC race (unmatched cohort),revision/EXP-3/runs,rev3__mimic_unmatched__densenet121__seed7__pr0.5,densenet121,7,0.5,pleural_effusion,BLACK_OR_AA,spec0.90,0.687136393018746,0.8999918293978266,0.43974608182907104,WHITE,1295,6993,0.41235521235521233,0.538996138996139,0.12664092664092663,0.2155059132720105,0.8888491660692432,0.8869298446518523,7852,26023,0.29750382068262865,0.32208354559347935,0.024579724910850698,0.03498912255257427,0.8877733088553965,0.8866216792904157,0.8900580852147113,0.8889709245890516,-0.0010871606256597222,0.6862359243467804,0.647206734448453,0.8861703464745067,0.9005404499560099,-0.00030816536143662976,0.21691259340265961,-0.0010758572138467315,0.11485139167258368,True,True,True,0.18051679071943622,True,True,True,True,False
mimic_race_unmatched,MIMIC race (unmatched cohort),revision/EXP-3/runs,rev3__mimic_unmatched__densenet121__seed7__pr0.6,densenet121,7,0.6,pleural_effusion,BLACK_OR_AA,t0.5,0.6395173453996983,0.9173135060053926,0.5,WHITE,1295,6993,0.4640926640926641,0.5853281853281853,0.12123552123552123,0.22622478386167147,0.8888491660692432,0.8834325801507268,7852,26023,0.3457717778909832,0.36156393275598575,0.015792154865002572,0.02413860229706058,0.8877733088553965,0.8840138512063176,0.8900580852147113,0.886350699821966,-0.0037073853927452882,0.6374767683393462,0.6067563135454247,0.9068666471155055,0.9137374837655536,0.000581271055590804,0.22376425257219956,-0.0010758572138467315,0.11832088620168091,True,True,True,0.2020861815646109,True,True,True,True,False
mimic_race_unmatched,MIMIC race (unmatched cohort),revision/EXP-3/runs,rev3__mimic_unmatched__densenet121__seed7__pr0.6,densenet121,7,0.6,pleural_effusion,BLACK_OR_AA,youden_j,0.8282697694462401,0.8134651523817306,0.2447509765625,WHITE,1295,6993,0.2517374517374517,0.3335907335907336,0.08185328185328189,0.10939112487100108,0.8888491660692432,0.8834325801507268,7852,26023,0.16454406520631687,0.17753438614365766,0.012990320937340788,0.015548780487804857,0.8877733088553965,0.8840138512063176,0.8900580852147113,0.886350699821966,-0.0037073853927452882,0.8231114026456762,0.8003717065704603,0.8009133185303113,0.813775189576438,0.000581271055590804,0.15605634744707594,-0.0010758572138467315,0.08719338653113484,False,True,True,0.09384234438319622,False,True,False,False,False
mimic_race_unmatched,MIMIC race (unmatched cohort),revision/EXP-3/runs,rev3__mimic_unmatched__densenet121__seed7__pr0.6,densenet121,7,0.6,pleural_effusion,BLACK_OR_AA,sens0.80,0.8000430941607413,0.8357708963150584,0.286865234375,WHITE,1295,6993,0.27876447876447874,0.37683397683397685,0.0980694980694981,0.13597430406852254,0.8888491660692432,0.8834325801507268,7852,26023,0.19103413143148243,0.20988283239938868,0.01884870096790625,0.023299748110831214,0.8877733088553965,0.8840138512063176,0.8900580852147113,0.886350699821966,-0.0037073853927452882,0.7965453154039576,0.7664808133814366,0.8231178516066865,0.8361473040345218,0.000581271055590804,0.16695114443458817,-0.0010758572138467315,0.08773034733299631,False,True,True,0.11267455595769132,False,True,False,False,False
mimic_race_unmatched,MIMIC race (unmatched cohort),revision/EXP-3/runs,rev3__mimic_unmatched__densenet121__seed7__pr0.6,densenet121,7,0.6,pleural_effusion,BLACK_OR_AA,spec0.90,0.687136393018746,0.8999918293978266,0.43974608182907104,WHITE,1295,6993,0.41235521235521233,0.5359073359073359,0.12355212355212353,0.21024967148488827,0.8888491660692432,0.8834325801507268,7852,26023,0.29750382068262865,0.31329597554763117,0.015792154865002517,0.022480058013052893,0.8877733088553965,0.8840138512063176,0.8900580852147113,0.886350699821966,-0.0037073853927452882,0.6862359243467804,0.6551874931671586,0.8861703464745067,0.8959738573044534,0.000581271055590804,0.2226113603597047,-0.0010758572138467315,0.11485139167258368,True,True,True,0.18776961347183538,True,True,True,True,False
mimic_race_unmatched,MIMIC race (unmatched cohort),revision/EXP-3/runs,rev3__mimic_unmatched__densenet121__seed7__pr0.65,densenet121,7,0.65,pleural_effusion,BLACK_OR_AA,t0.5,0.6395173453996983,0.9173135060053926,0.5,WHITE,1295,6993,0.4640926640926641,0.7374517374517374,0.27335907335907333,0.5100864553314121,0.8888491660692432,0.8782454996740711,7852,26023,0.3457717778909832,0.4493122771268467,0.1035404992358635,0.15826357796379215,0.8877733088553965,0.8831195340646942,0.8900580852147113,0.8842913995460527,-0.005766685668658567,0.6374767683393462,0.5098939543019569,0.9068666471155055,0.9407180862206209,0.004874034390623172,0.28813946032489074,-0.0010758572138467315,0.11832088620168091,True,True,True,0.3518228773676199,True,True,True,True,True
mimic_race_unmatched,MIMIC race (unmatched cohort),revision/EXP-3/runs,rev3__mimic_unmatched__densenet121__seed7__pr0.65,densenet121,7,0.65,pleural_effusion,BLACK_OR_AA,youden_j,0.8282697694462401,0.8134651523817306,0.2447509765625,WHITE,1295,6993,0.2517374517374517,0.4409266409266409,0.1891891891891892,0.2528379772961817,0.8888491660692432,0.8782454996740711,7852,26023,0.16454406520631687,0.21790626591951096,0.053362200713194086,0.06387195121951218,0.8877733088553965,0.8831195340646942,0.8900580852147113,0.8842913995460527,-0.005766685668658567,0.8231114026456762,0.7505192959440253,0.8009133185303113,0.8446520591562278,0.004874034390623172,0.22302037500712996,-0.0010758572138467315,0.08719338653113484,True,True,True,0.1889660260766695,True,True,True,True,False
mimic_race_unmatched,MIMIC race (unmatched cohort),revision/EXP-3/runs,rev3__mimic_unmatched__densenet121__seed7__pr0.65,densenet121,7,0.65,pleural_effusion,BLACK_OR_AA,sens0.80,0.8000430941607413,0.8357708963150584,0.286865234375,WHITE,1295,6993,0.27876447876447874,0.4972972972972973,0.21853281853281858,0.30299785867237694,0.8888491660692432,0.8782454996740711,7852,26023,0.19103413143148243,0.25509424350483956,0.06406011207335713,0.0791876574307305,0.8877733088553965,0.8831195340646942,0.8900580852147113,0.8842913995460527,-0.005766685668658567,0.7965453154039576,0.7106155023504974,0.8231178516066865,0.8686580920859692,0.004874034390623172,0.24220305379245777,-0.0010758572138467315,0.08773034733299631,True,True,True,0.22381020124164644,True,True,True,True,True
mimic_race_unmatched,MIMIC race (unmatched cohort),revision/EXP-3/runs,rev3__mimic_unmatched__densenet121__seed7__pr0.65,densenet121,7,0.65,pleural_effusion,BLACK_OR_AA,spec0.90,0.687136393018746,0.8999918293978266,0.43974608182907104,WHITE,1295,6993,0.41235521235521233,0.667953667953668,0.2555984555984556,0.4349540078843627,0.8888491660692432,0.8782454996740711,7852,26023,0.29750382068262865,0.3948038716250637,0.09730005094243505,0.13850616388687453,0.8877733088553965,0.8831195340646942,0.8900580852147113,0.8842913995460527,-0.005766685668658567,0.6862359243467804,0.5665245435661965,0.8861703464745067,0.924085634086053,0.004874034390623172,0.27314979632860426,-0.0010758572138467315,0.11485139167258368,True,True,True,0.2964478439974882,True,True,True,True,True
mimic_race_unmatched,MIMIC race (unmatched cohort),phase2b,phase2b__mimic_cxr_unmatched__densenet121__seed7__pr0.75,densenet121,7,0.75,pleural_effusion,BLACK_OR_AA,t0.5,0.6395173453996983,0.9173135060053926,0.5,WHITE,1295,6993,0.4640926640926641,0.677992277992278,0.21389961389961393,0.399135446685879,0.8888491660692432,0.876628119871363,7852,26023,0.3457717778909832,0.38728986245542535,0.04151808456444217,0.06346116410356238,0.8877733088553965,0.8855649938254271,0.8900580852147113,0.8858007243658048,-0.0042573608489064885,0.6374767683393462,0.5715535148136001,0.9068666471155055,0.925091122376304,0.008936873954064062,0.29070241553685267,-0.0010758572138467315,0.11832088620168091,True,True,True,0.33567428258231663,True,True,True,True,True
mimic_race_unmatched,MIMIC race (unmatched cohort),phase2b,phase2b__mimic_cxr_unmatched__densenet121__seed7__pr0.75,densenet121,7,0.75,pleural_effusion,BLACK_OR_AA,youden_j,0.8282697694462401,0.8134651523817306,0.2447509765625,WHITE,1295,6993,0.2517374517374517,0.4301158301158301,0.1783783783783784,0.238390092879257,0.8888491660692432,0.876628119871363,7852,26023,0.16454406520631687,0.18428425878757004,0.019740193581253174,0.02362804878048779,0.8877733088553965,0.8855649938254271,0.8900580852147113,0.8858007243658048,-0.0042573608489064885,0.8231114026456762,0.7809117743522467,0.8009133185303113,0.8262181071682936,0.008936873954064062,0.24583157132826006,-0.0010758572138467315,0.08719338653113484,True,True,True,0.2147620440987692,True,True,True,True,False
mimic_race_unmatched,MIMIC race (unmatched cohort),phase2b,phase2b__mimic_cxr_unmatched__densenet121__seed7__pr0.75,densenet121,7,0.75,pleural_effusion,BLACK_OR_AA,sens0.80,0.8000430941607413,0.8357708963150584,0.286865234375,WHITE,1295,6993,0.27876447876447874,0.4756756756756757,0.19691119691119696,0.2730192719486082,0.8888491660692432,0.876628119871363,7852,26023,0.19103413143148243,0.2162506367804381,0.02521650534895567,0.031171284634760692,0.8877733088553965,0.8855649938254271,0.8900580852147113,0.8858007243658048,-0.0042573608489064885,0.7965453154039576,0.747020881163223,0.8231178516066865,0.8478361054086891,0.008936873954064062,0.2594250388952376,-0.0010758572138467315,0.08773034733299631,True,True,True,0.24184798731384752,True,True,True,True,False
mimic_race_unmatched,MIMIC race (unmatched cohort),phase2b,phase2b__mimic_cxr_unmatched__densenet121__seed7__pr0.75,densenet121,7,0.75,pleural_effusion,BLACK_OR_AA,spec0.90,0.687136393018746,0.8999918293978266,0.43974608182907104,WHITE,1295,6993,0.41235521235521233,0.6262548262548262,0.21389961389961387,0.36399474375821284,0.8888491660692432,0.876628119871363,7852,26023,0.29750382068262865,0.33532857870606214,0.03782475802343349,0.0538433647570703,0.8877733088553965,0.8855649938254271,0.8900580852147113,0.8858007243658048,-0.0042573608489064885,0.6862359243467804,0.6234831092161365,0.8861703464745067,0.9074112866060581,0.008936873954064062,0.29092624754876406,-0.0010758572138467315,0.11485139167258368,True,True,True,0.31015137900114254,True,True,True,True,True
mimic_race_unmatched,MIMIC race (unmatched cohort),revision/EXP-3/runs,rev3__mimic_unmatched__densenet121__seed7__pr0.85,densenet121,7,0.85,pleural_effusion,BLACK_OR_AA,t0.5,0.6395173453996983,0.9173135060053926,0.5,WHITE,1295,6993,0.4640926640926641,0.6957528957528958,0.2316602316602317,0.4322766570605188,0.8888491660692432,0.8674116502301831,7852,26023,0.3457717778909832,0.39722363728986243,0.05145185939887925,0.07864512361300369,0.8877733088553965,0.8843558784517033,0.8900580852147113,0.8829426391987281,-0.00711544601598324,0.6374767683393462,0.5605116431616923,0.9068666471155055,0.9254681804851481,0.016944228221520197,0.29852925846303335,-0.0010758572138467315,0.11832088620168091,True,True,True,0.35363153344751513,True,True,True,True,True
mimic_race_unmatched,MIMIC race (unmatched cohort),revision/EXP-3/runs,rev3__mimic_unmatched__densenet121__seed7__pr0.85,densenet121,7,0.85,pleural_effusion,BLACK_OR_AA,youden_j,0.8282697694462401,0.8134651523817306,0.2447509765625,WHITE,1295,6993,0.2517374517374517,0.4416988416988417,0.18996138996139,0.2538699690402477,0.8888491660692432,0.8674116502301831,7852,26023,0.16454406520631687,0.1749872643912379,0.010443199184921037,0.012499999999999997,0.8877733088553965,0.8843558784517033,0.8900580852147113,0.8829426391987281,-0.00711544601598324,0.8231114026456762,0.7872526511424511,0.8009133185303113,0.8175457706648791,0.016944228221520197,0.2667115773076038,-0.0010758572138467315,0.08719338653113484,True,True,True,0.2413699690402477,True,True,True,True,False
mimic_race_unmatched,MIMIC race (unmatched cohort),revision/EXP-3/runs,rev3__mimic_unmatched__densenet121__seed7__pr0.85,densenet121,7,0.85,pleural_effusion,BLACK_OR_AA,sens0.80,0.8000430941607413,0.8357708963150584,0.286865234375,WHITE,1295,6993,0.27876447876447874,0.4864864864864865,0.20772200772200777,0.28800856531049257,0.8888491660692432,0.8674116502301831,7852,26023,0.19103413143148243,0.20720835455934794,0.01617422312786551,0.019993702770780854,0.8877733088553965,0.8843558784517033,0.8900580852147113,0.8829426391987281,-0.00711544601598324,0.7965453154039576,0.7532524324915273,0.8231178516066865,0.8434789894842682,0.016944228221520197,0.2792781319271386,-0.0010758572138467315,0.08773034733299631,True,True,True,0.26801486253971174,True,True,True,True,False
mimic_race_unmatched,MIMIC race (unmatched cohort),revision/EXP-3/runs,rev3__mimic_unmatched__densenet121__seed7__pr0.85,densenet121,7,0.85,pleural_effusion,BLACK_OR_AA,spec0.90,0.687136393018746,0.8999918293978266,0.43974608182907104,WHITE,1295,6993,0.41235521235521233,0.633976833976834,0.2216216216216217,0.3771353482260185,0.8888491660692432,0.8674116502301831,7852,26023,0.29750382068262865,0.3404228222109017,0.04291900152827305,0.06109499637418418,0.8877733088553965,0.8843558784517033,0.8900580852147113,0.8829426391987281,-0.00711544601598324,0.6862359243467804,0.6180168361211326,0.8861703464745067,0.9072018098789224,0.016944228221520197,0.2935540117659323,-0.0010758572138467315,0.11485139167258368,True,True,True,0.3160403518518343,True,True,True,True,True
mimic_race_unmatched,MIMIC race (unmatched cohort),phase2b,phase2b__mimic_cxr_unmatched__densenet121__seed7__pr0.9,densenet121,7,0.9,pleural_effusion,BLACK_OR_AA,t0.5,0.6395173453996983,0.9173135060053926,0.5,WHITE,1295,6993,0.4640926640926641,0.7135135135135136,0.24942084942084947,0.4654178674351586,0.8888491660692432,0.8642739239264337,7852,26023,0.3457717778909832,0.3926388181355069,0.046867040244523706,0.0716371423009539,0.8877733088553965,0.8857131308717071,0.8900580852147113,0.8829296977645413,-0.007128387450169971,0.6374767683393462,0.5619328741663934,0.9068666471155055,0.9268507268842432,0.02143920694527346,0.32087469537800667,-0.0010758572138467315,0.11832088620168091,True,True,True,0.3937807251342047,True,True,True,True,True
mimic_race_unmatched,MIMIC race (unmatched cohort),phase2b,phase2b__mimic_cxr_unmatched__densenet121__seed7__pr0.9,densenet121,7,0.9,pleural_effusion,BLACK_OR_AA,youden_j,0.8282697694462401,0.8134651523817306,0.2447509765625,WHITE,1295,6993,0.2517374517374517,0.4664092664092664,0.21467181467181468,0.2868937048503612,0.8888491660692432,0.8642739239264337,7852,26023,0.16454406520631687,0.1781711665817626,0.013627101375445733,0.01631097560975608,0.8877733088553965,0.8857131308717071,0.8900580852147113,0.8829296977645413,-0.007128387450169971,0.8231114026456762,0.7810210998141467,0.8009133185303113,0.8224475260798525,0.02143920694527346,0.2882380998275038,-0.0010758572138467315,0.08719338653113484,True,True,True,0.2705827292406051,True,True,True,True,False
mimic_race_unmatched,MIMIC race (unmatched cohort),phase2b,phase2b__mimic_cxr_unmatched__densenet121__seed7__pr0.9,densenet121,7,0.9,pleural_effusion,BLACK_OR_AA,sens0.80,0.8000430941607413,0.8357708963150584,0.286865234375,WHITE,1295,6993,0.27876447876447874,0.5196911196911197,0.24092664092664096,0.3340471092077088,0.8888491660692432,0.8642739239264337,7852,26023,0.19103413143148243,0.20860927152317882,0.01757514009169639,0.021725440806045347,0.8877733088553965,0.8857131308717071,0.8900580852147113,0.8829296977645413,-0.007128387450169971,0.7965453154039576,0.7473488575489231,0.8231178516066865,0.846118396246177,0.02143920694527346,0.3110818481679409,-0.0010758572138467315,0.08773034733299631,True,True,True,0.3123216684016635,True,True,True,True,True
mimic_race_unmatched,MIMIC race (unmatched cohort),phase2b,phase2b__mimic_cxr_unmatched__densenet121__seed7__pr0.9,densenet121,7,0.9,pleural_effusion,BLACK_OR_AA,spec0.90,0.687136393018746,0.8999918293978266,0.43974608182907104,WHITE,1295,6993,0.41235521235521233,0.6656370656370656,0.25328185328185326,0.431011826544021,0.8888491660692432,0.8642739239264337,7852,26023,0.29750382068262865,0.33622007131940906,0.038716250636780414,0.05511240029006523,0.8877733088553965,0.8857131308717071,0.8900580852147113,0.8829296977645413,-0.007128387450169971,0.6862359243467804,0.617142232425932,0.8861703464745067,0.9090033097322887,0.02143920694527346,0.32941699431765653,-0.0010758572138467315,0.11485139167258368,True,True,True,0.3758994262539558,True,True,True,True,True
mimic_race_unmatched,MIMIC race (unmatched cohort),phase2b,phase2b__mimic_cxr_unmatched__densenet121__seed7__pr1.0,densenet121,7,1.0,pleural_effusion,BLACK_OR_AA,t0.5,0.6395173453996983,0.9173135060053926,0.5,WHITE,1295,6993,0.4640926640926641,0.6996138996138996,0.23552123552123555,0.4394812680115275,0.8888491660692432,0.8370152231156092,7852,26023,0.3457717778909832,0.40741212429954154,0.061640346408558366,0.09421841541755895,0.8877733088553965,0.8825192026571144,0.8900580852147113,0.8768339043938691,-0.013224180820842202,0.6374767683393462,0.5512189789001859,0.9068666471155055,0.9285684360467552,0.0455039795415052,0.2922017753143581,-0.0010758572138467315,0.11832088620168091,True,True,True,0.34526285259396855,True,True,True,True,True
mimic_race_unmatched,MIMIC race (unmatched cohort),phase2b,phase2b__mimic_cxr_unmatched__densenet121__seed7__pr1.0,densenet121,7,1.0,pleural_effusion,BLACK_OR_AA,youden_j,0.8282697694462401,0.8134651523817306,0.2447509765625,WHITE,1295,6993,0.2517374517374517,0.4857142857142857,0.233976833976834,0.31269349845201244,0.8888491660692432,0.8370152231156092,7852,26023,0.16454406520631687,0.19816607233825778,0.03362200713194091,0.04024390243902439,0.8877733088553965,0.8825192026571144,0.8900580852147113,0.8768339043938691,-0.013224180820842202,0.8231114026456762,0.7611238657483328,0.8009133185303113,0.833172734509196,0.0455039795415052,0.28754821337602793,-0.0010758572138467315,0.08719338653113484,True,True,True,0.27244959601298807,True,True,True,True,True
mimic_race_unmatched,MIMIC race (unmatched cohort),phase2b,phase2b__mimic_cxr_unmatched__densenet121__seed7__pr1.0,densenet121,7,1.0,pleural_effusion,BLACK_OR_AA,sens0.80,0.8000430941607413,0.8357708963150584,0.286865234375,WHITE,1295,6993,0.27876447876447874,0.532046332046332,0.25328185328185326,0.3511777301927195,0.8888491660692432,0.8370152231156092,7852,26023,0.19103413143148243,0.2306418746816098,0.039607743250127364,0.048960957178841316,0.8877733088553965,0.8825192026571144,0.8900580852147113,0.8768339043938691,-0.013224180820842202,0.7965453154039576,0.7266863452498087,0.8231178516066865,0.8543298839498932,0.0455039795415052,0.3014044573647222,-0.0010758572138467315,0.08773034733299631,True,True,True,0.30221677301387817,True,True,True,True,True
mimic_race_unmatched,MIMIC race (unmatched cohort),phase2b,phase2b__mimic_cxr_unmatched__densenet121__seed7__pr1.0,densenet121,7,1.0,pleural_effusion,BLACK_OR_AA,spec0.90,0.687136393018746,0.8999918293978266,0.43974608182907104,WHITE,1295,6993,0.41235521235521233,0.6463320463320463,0.233976833976834,0.39816031537450725,0.8888491660692432,0.8370152231156092,7852,26023,0.29750382068262865,0.358634742740703,0.061130922058074355,0.08701957940536617,0.8877733088553965,0.8825192026571144,0.8900580852147113,0.8768339043938691,-0.013224180820842202,0.6862359243467804,0.6006340876790205,0.8861703464745067,0.9113913444216347,0.0455039795415052,0.2876973035913433,-0.0010758572138467315,0.11485139167258368,True,True,True,0.31114073596914105,True,True,True,True,True
mimic_race_unmatched,MIMIC race (unmatched cohort),phase2b,phase2b__mimic_cxr_unmatched__densenet121__seed42__pr0.0,densenet121,42,0.0,pleural_effusion,BLACK_OR_AA,t0.5,0.6341305753070459,0.9219707492442193,0.5,WHITE,1295,6993,0.4810810810810811,0.4810810810810811,0.0,0.0,0.8876603726024576,0.8876603726024576,7852,26023,0.358762098828324,0.358762098828324,0.0,0.0,0.8881451688665607,0.8881451688665607,0.8901726138156084,0.8901726138156084,0.0,0.6239204110637367,0.6239204110637367,0.9121035652938958,0.9121035652938958,0.0004847962641031378,0.12231898225275711,0.0004847962641031378,0.12231898225275711,False,False,True,0.0,False,False,False,False,False
mimic_race_unmatched,MIMIC race (unmatched cohort),phase2b,phase2b__mimic_cxr_unmatched__densenet121__seed42__pr0.0,densenet121,42,0.0,pleural_effusion,BLACK_OR_AA,youden_j,0.845722904546434,0.7991665985783152,0.279296875,WHITE,1295,6993,0.23166023166023167,0.23166023166023167,0.0,0.0,0.8876603726024576,0.8876603726024576,7852,26023,0.1490066225165563,0.1490066225165563,0.0,0.0,0.8881451688665607,0.8881451688665607,0.8901726138156084,0.8901726138156084,0.0,0.8392915710068874,0.8392915710068874,0.7823536805060958,0.7823536805060958,0.0004847962641031378,0.08265360914367537,0.0004847962641031378,0.08265360914367537,False,False,True,0.0,False,False,False,False,False
mimic_race_unmatched,MIMIC race (unmatched cohort),phase2b,phase2b__mimic_cxr_unmatched__densenet121__seed42__pr0.0,densenet121,42,0.0,pleural_effusion,BLACK_OR_AA,sens0.80,0.8000430941607413,0.8364245444889289,0.3330078125,WHITE,1295,6993,0.2972972972972973,0.2972972972972973,0.0,0.0,0.8876603726024576,0.8876603726024576,7852,26023,0.18950585838003056,0.18950585838003056,0.0,0.0,0.8881451688665607,0.8881451688665607,0.8901726138156084,0.8901726138156084,0.0,0.7952334098611566,0.7952334098611566,0.8230759562612594,0.8230759562612594,0.0004847962641031378,0.10779143891726675,0.0004847962641031378,0.10779143891726675,False,False,True,0.0,False,False,False,False,False
mimic_race_unmatched,MIMIC race (unmatched cohort),phase2b,phase2b__mimic_cxr_unmatched__densenet121__seed42__pr0.0,densenet121,42,0.0,pleural_effusion,BLACK_OR_AA,spec0.90,0.6907993966817496,0.8999101233760928,0.445068359375,WHITE,1295,6993,0.4138996138996139,0.4138996138996139,0.0,0.0,0.8876603726024576,0.8876603726024576,7852,26023,0.29610290371879777,0.29610290371879777,0.0,0.0,0.8881451688665607,0.8881451688665607,0.8901726138156084,0.8901726138156084,0.0,0.687219853503881,0.687219853503881,0.8876785789098831,0.8876785789098831,0.0004847962641031378,0.11779671018081611,0.0004847962641031378,0.11779671018081611,False,False,True,0.0,False,False,False,False,False
mimic_race_unmatched,MIMIC race (unmatched cohort),phase2b,phase2b__mimic_cxr_unmatched__densenet121__seed42__pr0.005,densenet121,42,0.005,pleural_effusion,BLACK_OR_AA,t0.5,0.6341305753070459,0.9219707492442193,0.5,WHITE,1295,6993,0.4810810810810811,0.5297297297297298,0.04864864864864865,0.09375,0.8876603726024576,0.889289000678962,7852,26023,0.358762098828324,0.38576158940397354,0.026999490575649543,0.04210526315789478,0.8881451688665607,0.8889895941855144,0.8901726138156084,0.8912048231559546,0.0010322093403462018,0.6239204110637367,0.5938559090412157,0.9121035652938958,0.92165570405128,-0.00029940649344761816,0.14396814032575622,0.0004847962641031378,0.12231898225275711,False,True,True,0.05164473684210522,False,False,False,False,False
mimic_race_unmatched,MIMIC race (unmatched cohort),phase2b,phase2b__mimic_cxr_unmatched__densenet121__seed42__pr0.005,densenet121,42,0.005,pleural_effusion,BLACK_OR_AA,youden_j,0.845722904546434,0.7991665985783152,0.279296875,WHITE,1295,6993,0.23166023166023167,0.2525096525096525,0.020849420849420847,0.027135678391959794,0.8876603726024576,0.889289000678962,7852,26023,0.1490066225165563,0.16581762608252673,0.016811003565970428,0.019754564501646185,0.8881451688665607,0.8889895941855144,0.8901726138156084,0.8912048231559546,0.0010322093403462018,0.8392915710068874,0.8219088225647754,0.7823536805060958,0.8035946206376472,-0.00029940649344761816,0.08669202642712578,0.0004847962641031378,0.08265360914367537,False,False,True,0.007381113890313609,False,False,False,False,False
mimic_race_unmatched,MIMIC race (unmatched cohort),phase2b,phase2b__mimic_cxr_unmatched__densenet121__seed42__pr0.005,densenet121,42,0.005,pleural_effusion,BLACK_OR_AA,sens0.80,0.8000430941607413,0.8364245444889289,0.3330078125,WHITE,1295,6993,0.2972972972972973,0.3065637065637066,0.009266409266409259,0.013186813186813178,0.8876603726024576,0.889289000678962,7852,26023,0.18950585838003056,0.21013754457463066,0.020631686194600096,0.025455688246385912,0.8881451688665607,0.8889895941855144,0.8901726138156084,0.8912048231559546,0.0010322093403462018,0.7952334098611566,0.7762107794905434,0.8230759562612594,0.8402111525409527,-0.00029940649344761816,0.09642616198907591,0.0004847962641031378,0.10779143891726675,False,False,True,-0.012268875059572734,False,False,False,False,False
mimic_race_unmatched,MIMIC race (unmatched cohort),phase2b,phase2b__mimic_cxr_unmatched__densenet121__seed42__pr0.005,densenet121,42,0.005,pleural_effusion,BLACK_OR_AA,spec0.90,0.6907993966817496,0.8999101233760928,0.445068359375,WHITE,1295,6993,0.4138996138996139,0.45714285714285713,0.043243243243243246,0.07378129117259552,0.8876603726024576,0.889289000678962,7852,26023,0.29610290371879777,0.3248853795211411,0.028782475802343332,0.04089017550208067,0.8881451688665607,0.8889895941855144,0.8901726138156084,0.8912048231559546,0.0010322093403462018,0.687219853503881,0.6563900732480594,0.8876785789098831,0.9001214965017387,-0.00029940649344761816,0.13225747762171602,0.0004847962641031378,0.11779671018081611,False,False,True,0.03289111567051485,False,False,False,False,False
mimic_race_unmatched,MIMIC race (unmatched cohort),phase2b,phase2b__mimic_cxr_unmatched__densenet121__seed42__pr0.01,densenet121,42,0.01,pleural_effusion,BLACK_OR_AA,t0.5,0.6341305753070459,0.9219707492442193,0.5,WHITE,1295,6993,0.4810810810810811,0.488030888030888,0.006949806949806903,0.013392857142857052,0.8876603726024576,0.8882247513521644,7852,26023,0.358762098828324,0.36538461538461536,0.006622516556291369,0.01032770605759679,0.8881451688665607,0.8891367079535605,0.8901726138156084,0.891156982674596,0.000984368858987561,0.6239204110637367,0.617251557887832,0.9121035652938958,0.9144497046378147,0.0009119566013960911,0.12264627264627265,0.0004847962641031378,0.12231898225275711,False,False,True,0.0030651510852602627,False,False,False,False,False
mimic_race_unmatched,MIMIC race (unmatched cohort),phase2b,phase2b__mimic_cxr_unmatched__densenet121__seed42__pr0.01,densenet121,42,0.01,pleural_effusion,BLACK_OR_AA,youden_j,0.845722904546434,0.7991665985783152,0.279296875,WHITE,1295,6993,0.23166023166023167,0.261003861003861,0.029343629343629357,0.038190954773869364,0.8876603726024576,0.8882247513521644,7852,26023,0.1490066225165563,0.1674732552215996,0.018466632705043284,0.021700089793474986,0.8881451688665607,0.8891367079535605,0.8901726138156084,0.891156982674596,0.000984368858987561,0.8392915710068874,0.8192850114791735,0.7823536805060958,0.8082868993254849,0.0009119566013960911,0.09353060578226144,0.0004847962641031378,0.08265360914367537,False,False,True,0.016490864980394378,False,False,False,False,False
mimic_race_unmatched,MIMIC race (unmatched cohort),phase2b,phase2b__mimic_cxr_unmatched__densenet121__seed42__pr0.01,densenet121,42,0.01,pleural_effusion,BLACK_OR_AA,sens0.80,0.8000430941607413,0.8364245444889289,0.3330078125,WHITE,1295,6993,0.2972972972972973,0.3250965250965251,0.027799227799227777,0.03956043956043953,0.8876603726024576,0.8882247513521644,7852,26023,0.18950585838003056,0.21102903718797758,0.02152317880794702,0.02655562539283469,0.8881451688665607,0.8891367079535605,0.8901726138156084,0.891156982674596,0.000984368858987561,0.7952334098611566,0.7728216901716409,0.8230759562612594,0.8390380828689933,0.0009119566013960911,0.11406748790854751,0.0004847962641031378,0.10779143891726675,False,False,True,0.01300481416760484,False,False,False,False,False
mimic_race_unmatched,MIMIC race (unmatched cohort),phase2b,phase2b__mimic_cxr_unmatched__densenet121__seed42__pr0.01,densenet121,42,0.01,pleural_effusion,BLACK_OR_AA,spec0.90,0.6907993966817496,0.8999101233760928,0.445068359375,WHITE,1295,6993,0.4138996138996139,0.43938223938223936,0.025482625482625476,0.0434782608695652,0.8876603726024576,0.8882247513521644,7852,26023,0.29610290371879777,0.30960264900662254,0.013499745287824771,0.01917857789035645,0.8881451688665607,0.8891367079535605,0.8901726138156084,0.891156982674596,0.000984368858987561,0.687219853503881,0.6720236142997704,0.8876785789098831,0.892370857597721,0.0009119566013960911,0.12977959037561682,0.0004847962641031378,0.11779671018081611,False,False,True,0.024299682979208752,False,False,False,False,False
mimic_race_unmatched,MIMIC race (unmatched cohort),phase2b,phase2b__mimic_cxr_unmatched__densenet121__seed42__pr0.02,densenet121,42,0.02,pleural_effusion,BLACK_OR_AA,t0.5,0.6341305753070459,0.9219707492442193,0.5,WHITE,1295,6993,0.4810810810810811,0.461003861003861,-0.020077220077220126,-0.03869047619047628,0.8876603726024576,0.8895122721377547,7852,26023,0.358762098828324,0.35672440142638817,-0.002037697401935823,-0.0031777557100298075,0.8881451688665607,0.887541150853836,0.8901726138156084,0.8900021216990119,-0.00017049211659647678,0.6239204110637367,0.62851208046354,0.9121035652938958,0.9089614143868616,-0.001971121283918742,0.10427945957747281,0.0004847962641031378,0.12231898225275711,False,False,True,-0.03551272048044647,False,False,False,False,False
mimic_race_unmatched,MIMIC race (unmatched cohort),phase2b,phase2b__mimic_cxr_unmatched__densenet121__seed42__pr0.02,densenet121,42,0.02,pleural_effusion,BLACK_OR_AA,youden_j,0.845722904546434,0.7991665985783152,0.279296875,WHITE,1295,6993,0.23166023166023167,0.2416988416988417,0.010038610038610035,0.013065326633165824,0.8876603726024576,0.8895122721377547,7852,26023,0.1490066225165563,0.16161487519103412,0.012608252674477821,0.014815923376234637,0.8881451688665607,0.887541150853836,0.8901726138156084,0.8900021216990119,-0.00017049211659647678,0.8392915710068874,0.8270471192740789,0.7823536805060958,0.7965143072604634,-0.001971121283918742,0.08008396650780758,0.0004847962641031378,0.08265360914367537,False,False,True,-0.0017505967430688132,False,False,False,False,False
mimic_race_unmatched,MIMIC race (unmatched cohort),phase2b,phase2b__mimic_cxr_unmatched__densenet121__seed42__pr0.02,densenet121,42,0.02,pleural_effusion,BLACK_OR_AA,sens0.80,0.8000430941607413,0.8364245444889289,0.3330078125,WHITE,1295,6993,0.2972972972972973,0.29034749034749036,-0.006949806949806958,-0.009890109890109904,0.8876603726024576,0.8895122721377547,7852,26023,0.18950585838003056,0.20071319409067753,0.01120733571064697,0.013827781269641737,0.8881451688665607,0.887541150853836,0.8901726138156084,0.8900021216990119,-0.00017049211659647678,0.7952334098611566,0.7865966983710506,0.8230759562612594,0.8302400603292974,-0.001971121283918742,0.08963429625681282,0.0004847962641031378,0.10779143891726675,False,False,True,-0.02371789115975164,False,False,False,False,False
mimic_race_unmatched,MIMIC race (unmatched cohort),phase2b,phase2b__mimic_cxr_unmatched__densenet121__seed42__pr0.02,densenet121,42,0.02,pleural_effusion,BLACK_OR_AA,spec0.90,0.6907993966817496,0.8999101233760928,0.445068359375,WHITE,1295,6993,0.4138996138996139,0.3915057915057915,-0.02239382239382237,-0.03820816864295121,0.8876603726024576,0.8895122721377547,7852,26023,0.29610290371879777,0.29915944982170145,0.003056546102903679,0.004342319522344796,0.8881451688665607,0.887541150853836,0.8901726138156084,0.8900021216990119,-0.00017049211659647678,0.687219853503881,0.6877664808133814,0.8876785789098831,0.8868825673467677,-0.001971121283918742,0.09234634168409006,0.0004847962641031378,0.11779671018081611,False,False,True,-0.042550488165296003,False,False,False,False,False
mimic_race_unmatched,MIMIC race (unmatched cohort),phase2b,phase2b__mimic_cxr_unmatched__densenet121__seed42__pr0.05,densenet121,42,0.05,pleural_effusion,BLACK_OR_AA,t0.5,0.6341305753070459,0.9219707492442193,0.5,WHITE,1295,6993,0.4810810810810811,0.5451737451737452,0.06409266409266406,0.1235119047619047,0.8876603726024576,0.8885728379936874,7852,26023,0.358762098828324,0.40906775343861435,0.05030565461029035,0.07845084409136044,0.8881451688665607,0.8876661765304099,0.8901726138156084,0.8900959957617869,-7.661805382153108e-05,0.6239204110637367,0.5716628402755002,0.9121035652938958,0.9284427500104738,-0.0009066614632774472,0.13610599173513083,0.0004847962641031378,0.12231898225275711,False,False,True,0.04506106067054426,False,False,False,False,False
mimic_race_unmatched,MIMIC race (unmatched cohort),phase2b,phase2b__mimic_cxr_unmatched__densenet121__seed42__pr0.05,densenet121,42,0.05,pleural_effusion,BLACK_OR_AA,youden_j,0.845722904546434,0.7991665985783152,0.279296875,WHITE,1295,6993,0.23166023166023167,0.277992277992278,0.04633204633204632,0.060301507537688426,0.8876603726024576,0.8885728379936874,7852,26023,0.1490066225165563,0.1782985226693836,0.029291900152827288,0.03442083208620172,0.8881451688665607,0.8876661765304099,0.8901726138156084,0.8900959957617869,-7.661805382153108e-05,0.8392915710068874,0.8075871870558653,0.7823536805060958,0.8123507478319159,-0.0009066614632774472,0.0996937553228944,0.0004847962641031378,0.08265360914367537,False,False,True,0.025880675451486708,False,False,False,False,False
mimic_race_unmatched,MIMIC race (unmatched cohort),phase2b,phase2b__mimic_cxr_unmatched__densenet121__seed42__pr0.05,densenet121,42,0.05,pleural_effusion,BLACK_OR_AA,sens0.80,0.8000430941607413,0.8364245444889289,0.3330078125,WHITE,1295,6993,0.2972972972972973,0.34054054054054056,0.043243243243243246,0.06153846153846155,0.8876603726024576,0.8885728379936874,7852,26023,0.18950585838003056,0.22452878247580235,0.03502292409577179,0.043211816467630434,0.8881451688665607,0.8876661765304099,0.8901726138156084,0.8900959957617869,-7.661805382153108e-05,0.7952334098611566,0.7590466819722314,0.8230759562612594,0.8483807448992416,-0.0009066614632774472,0.11601175806473821,0.0004847962641031378,0.10779143891726675,False,False,True,0.018326645070831114,False,False,False,False,False
mimic_race_unmatched,MIMIC race (unmatched cohort),phase2b,phase2b__mimic_cxr_unmatched__densenet121__seed42__pr0.05,densenet121,42,0.05,pleural_effusion,BLACK_OR_AA,spec0.90,0.6907993966817496,0.8999101233760928,0.445068359375,WHITE,1295,6993,0.4138996138996139,0.47335907335907335,0.05945945945945946,0.10144927536231883,0.8876603726024576,0.8885728379936874,7852,26023,0.29610290371879777,0.3442435048395313,0.04814060112073354,0.06839153247693139,0.8881451688665607,0.8876661765304099,0.8901726138156084,0.8900959957617869,-7.661805382153108e-05,0.687219853503881,0.6374767683393462,0.8876785789098831,0.907746449369475,-0.0009066614632774472,0.12911556851954203,0.0004847962641031378,0.11779671018081611,False,False,True,0.033057742885387445,False,False,False,False,False
mimic_race_unmatched,MIMIC race (unmatched cohort),phase2b,phase2b__mimic_cxr_unmatched__densenet121__seed42__pr0.10,densenet121,42,0.1,pleural_effusion,BLACK_OR_AA,t0.5,0.6341305753070459,0.9219707492442193,0.5,WHITE,1295,6993,0.4810810810810811,0.5135135135135135,0.03243243243243238,0.062499999999999896,0.8876603726024576,0.8895664129254863,7852,26023,0.358762098828324,0.3740448293428426,0.015282730514518617,0.023833167825223472,0.8881451688665607,0.8876395818094548,0.8901726138156084,0.8902553785353926,8.276471978418964e-05,0.6239204110637367,0.6062096862359243,0.9121035652938958,0.9144497046378147,-0.0019268311160315355,0.13946868417067088,0.0004847962641031378,0.12231898225275711,False,False,True,0.03866683217477643,False,False,False,False,False
mimic_race_unmatched,MIMIC race (unmatched cohort),phase2b,phase2b__mimic_cxr_unmatched__densenet121__seed42__pr0.10,densenet121,42,0.1,pleural_effusion,BLACK_OR_AA,youden_j,0.845722904546434,0.7991665985783152,0.279296875,WHITE,1295,6993,0.23166023166023167,0.2571428571428571,0.02548262548262545,0.0331658291457286,0.8876603726024576,0.8895664129254863,7852,26023,0.1490066225165563,0.1674732552215996,0.018466632705043284,0.021700089793474986,0.8881451688665607,0.8876395818094548,0.8901726138156084,0.8902553785353926,8.276471978418964e-05,0.8392915710068874,0.8198316387886739,0.7823536805060958,0.8041392601281998,-0.0019268311160315355,0.08966960192125753,0.0004847962641031378,0.08265360914367537,False,False,True,0.01146573935225361,False,False,False,False,False
mimic_race_unmatched,MIMIC race (unmatched cohort),phase2b,phase2b__mimic_cxr_unmatched__densenet121__seed42__pr0.10,densenet121,42,0.1,pleural_effusion,BLACK_OR_AA,sens0.80,0.8000430941607413,0.8364245444889289,0.3330078125,WHITE,1295,6993,0.2972972972972973,0.31814671814671813,0.02084942084942082,0.02967032967032963,0.8876603726024576,0.8895664129254863,7852,26023,0.18950585838003056,0.2097554763117677,0.02024961793173713,0.02498428661219358,0.8881451688665607,0.8876395818094548,0.8901726138156084,0.8902553785353926,8.276471978418964e-05,0.7952334098611566,0.7748988739477425,0.8230759562612594,0.8385353387238678,-0.0019268311160315355,0.10839124183495044,0.0004847962641031378,0.10779143891726675,False,False,True,0.004686043058136052,False,False,False,False,False
mimic_race_unmatched,MIMIC race (unmatched cohort),phase2b,phase2b__mimic_cxr_unmatched__densenet121__seed42__pr0.10,densenet121,42,0.1,pleural_effusion,BLACK_OR_AA,spec0.90,0.6907993966817496,0.8999101233760928,0.445068359375,WHITE,1295,6993,0.4138996138996139,0.44555984555984557,0.031660231660231686,0.054018445322793186,0.8876603726024576,0.8895664129254863,7852,26023,0.29610290371879777,0.3127865511971472,0.01668364747834944,0.02370182739279895,0.8881451688665607,0.8876395818094548,0.8901726138156084,0.8902553785353926,8.276471978418964e-05,0.687219853503881,0.6684158740570679,0.8876785789098831,0.8925384389794294,-0.0019268311160315355,0.13277329436269836,0.0004847962641031378,0.11779671018081611,False,False,True,0.030316617929994235,False,False,False,False,False
mimic_race_unmatched,MIMIC race (unmatched cohort),revision/EXP-3/runs,rev3__mimic_unmatched__densenet121__seed42__pr0.25,densenet121,42,0.25,pleural_effusion,BLACK_OR_AA,t0.5,0.6341305753070459,0.9219707492442193,0.5,WHITE,1295,6993,0.4810810810810811,0.5305019305019305,0.0494208494208494,0.09523809523809519,0.8876603726024576,0.8891561897353403,7852,26023,0.358762098828324,0.35468670402445235,-0.004075394803871646,-0.006355511420059615,0.8881451688665607,0.8883030200473102,0.8901726138156084,0.8908219321267649,0.0006493183111564438,0.6239204110637367,0.6204219962829343,0.9121035652938958,0.9106372282039465,-0.0008531696880300643,0.17581522647747816,0.0004847962641031378,0.12231898225275711,False,True,True,0.10159360665815481,False,False,False,False,False
mimic_race_unmatched,MIMIC race (unmatched cohort),revision/EXP-3/runs,rev3__mimic_unmatched__densenet121__seed42__pr0.25,densenet121,42,0.25,pleural_effusion,BLACK_OR_AA,youden_j,0.845722904546434,0.7991665985783152,0.279296875,WHITE,1295,6993,0.23166023166023167,0.27953667953667954,0.047876447876447875,0.06231155778894472,0.8876603726024576,0.8891561897353403,7852,26023,0.1490066225165563,0.1619969434538971,0.012990320937340788,0.015264890751272055,0.8881451688665607,0.8883030200473102,0.8901726138156084,0.8908219321267649,0.0006493183111564438,0.8392915710068874,0.821362195255275,0.7823536805060958,0.8030918764925217,-0.0008531696880300643,0.11753973608278245,0.0004847962641031378,0.08265360914367537,False,False,True,0.047046667037672664,False,False,False,False,False
mimic_race_unmatched,MIMIC race (unmatched cohort),revision/EXP-3/runs,rev3__mimic_unmatched__densenet121__seed42__pr0.25,densenet121,42,0.25,pleural_effusion,BLACK_OR_AA,sens0.80,0.8000430941607413,0.8364245444889289,0.3330078125,WHITE,1295,6993,0.2972972972972973,0.32895752895752894,0.03166023166023163,0.04505494505494502,0.8876603726024576,0.8891561897353403,7852,26023,0.18950585838003056,0.20160468670402446,0.012098828323993893,0.014927718416090516,0.8881451688665607,0.8883030200473102,0.8901726138156084,0.8908219321267649,0.0006493183111564438,0.7952334098611566,0.7803651470427463,0.8230759562612594,0.8374879550881897,-0.0008531696880300643,0.1273528422535045,0.0004847962641031378,0.10779143891726675,False,False,True,0.030127226638854504,False,False,False,False,False
mimic_race_unmatched,MIMIC race (unmatched cohort),revision/EXP-3/runs,rev3__mimic_unmatched__densenet121__seed42__pr0.25,densenet121,42,0.25,pleural_effusion,BLACK_OR_AA,spec0.90,0.6907993966817496,0.8999101233760928,0.445068359375,WHITE,1295,6993,0.4138996138996139,0.46872586872586874,0.05482625482625486,0.09354413702239794,0.8876603726024576,0.8891561897353403,7852,26023,0.29610290371879777,0.29865002547121755,0.0025471217524197787,0.0036185996019540622,0.8881451688665607,0.8883030200473102,0.8901726138156084,0.8908219321267649,0.0006493183111564438,0.687219853503881,0.6772712364709741,0.8876785789098831,0.8898152415266664,-0.0008531696880300643,0.1700758432546512,0.0004847962641031378,0.11779671018081611,False,True,True,0.08992553742044389,False,False,False,False,False
mimic_race_unmatched,MIMIC race (unmatched cohort),phase2b,phase2b__mimic_cxr_unmatched__densenet121__seed42__pr0.5,densenet121,42,0.5,pleural_effusion,BLACK_OR_AA,t0.5,0.6341305753070459,0.9219707492442193,0.5,WHITE,1295,6993,0.4810810810810811,0.532046332046332,0.0509652509652509,0.09821428571428557,0.8876603726024576,0.8848568419996992,7852,26023,0.358762098828324,0.3248853795211411,-0.03387671930718289,-0.05283018867924529,0.8881451688665607,0.8875240880397194,0.8901726138156084,0.8894077134511169,-0.0007649003644915053,0.6239204110637367,0.6457855034437521,0.9121035652938958,0.9049394612258578,0.0026672460400202214,0.2071609525251909,0.0004847962641031378,0.12231898225275711,False,True,True,0.15104447439353086,False,False,False,False,False
mimic_race_unmatched,MIMIC race (unmatched cohort),phase2b,phase2b__mimic_cxr_unmatched__densenet121__seed42__pr0.5,densenet121,42,0.5,pleural_effusion,BLACK_OR_AA,youden_j,0.845722904546434,0.7991665985783152,0.279296875,WHITE,1295,6993,0.23166023166023167,0.277992277992278,0.04633204633204632,0.060301507537688426,0.8876603726024576,0.8848568419996992,7852,26023,0.1490066225165563,0.14645950076413652,-0.0025471217524197787,-0.002993115833582775,0.8881451688665607,0.8875240880397194,0.8901726138156084,0.8894077134511169,-0.0007649003644915053,0.8392915710068874,0.8349185525308844,0.7823536805060958,0.7867107964305166,0.0026672460400202214,0.13153277722814147,0.0004847962641031378,0.08265360914367537,False,True,True,0.0632946233712712,False,False,False,False,False
mimic_race_unmatched,MIMIC race (unmatched cohort),phase2b,phase2b__mimic_cxr_unmatched__densenet121__seed42__pr0.5,densenet121,42,0.5,pleural_effusion,BLACK_OR_AA,sens0.80,0.8000430941607413,0.8364245444889289,0.3330078125,WHITE,1295,6993,0.2972972972972973,0.33436293436293435,0.037065637065637036,0.05274725274725271,0.8876603726024576,0.8848568419996992,7852,26023,0.18950585838003056,0.18555781966377993,-0.003948038716250629,-0.00487115021998742,0.8881451688665607,0.8875240880397194,0.8901726138156084,0.8894077134511169,-0.0007649003644915053,0.7952334098611566,0.7933748770088553,0.8230759562612594,0.8219028865892999,0.0026672460400202214,0.14880511469915442,0.0004847962641031378,0.10779143891726675,False,True,True,0.057618402967240134,False,False,False,False,False
mimic_race_unmatched,MIMIC race (unmatched cohort),phase2b,phase2b__mimic_cxr_unmatched__densenet121__seed42__pr0.5,densenet121,42,0.5,pleural_effusion,BLACK_OR_AA,spec0.90,0.6907993966817496,0.8999101233760928,0.445068359375,WHITE,1295,6993,0.4138996138996139,0.46795366795366794,0.05405405405405406,0.0922266139657444,0.8876603726024576,0.8848568419996992,7852,26023,0.29610290371879777,0.271777890983189,-0.024325012735608775,-0.03455762619866114,0.8881451688665607,0.8875240880397194,0.8901726138156084,0.8894077134511169,-0.0007649003644915053,0.687219853503881,0.7004482343937903,0.8876785789098831,0.8805982655326993,0.0026672460400202214,0.19617577697047894,0.0004847962641031378,0.11779671018081611,False,True,True,0.12678424016440554,False,False,False,False,False
mimic_race_unmatched,MIMIC race (unmatched cohort),revision/EXP-3/runs,rev3__mimic_unmatched__densenet121__seed42__pr0.6,densenet121,42,0.6,pleural_effusion,BLACK_OR_AA,t0.5,0.6341305753070459,0.9219707492442193,0.5,WHITE,1295,6993,0.4810810810810811,0.5915057915057915,0.11042471042471041,0.212797619047619,0.8876603726024576,0.88028740017157,7852,26023,0.358762098828324,0.33660213958227203,-0.022159959246051963,-0.03455809334657398,0.8881451688665607,0.8861812876725839,0.8901726138156084,0.8874107294671253,-0.0027618843484831235,0.6239204110637367,0.6273095003826391,0.9121035652938958,0.9070761238426411,0.005893887501013828,0.2549036519235195,0.0004847962641031378,0.12231898225275711,True,True,True,0.247355712394193,True,True,True,True,False
mimic_race_unmatched,MIMIC race (unmatched cohort),revision/EXP-3/runs,rev3__mimic_unmatched__densenet121__seed42__pr0.6,densenet121,42,0.6,pleural_effusion,BLACK_OR_AA,youden_j,0.845722904546434,0.7991665985783152,0.279296875,WHITE,1295,6993,0.23166023166023167,0.3104247104247104,0.07876447876447876,0.10251256281407034,0.8876603726024576,0.88028740017157,7852,26023,0.1490066225165563,0.15180845644421803,0.002801833927661729,0.0032924274169410196,0.8881451688665607,0.8861812876725839,0.8901726138156084,0.8874107294671253,-0.0027618843484831235,0.8392915710068874,0.825735213731278,0.7823536805060958,0.7897691566466966,0.005893887501013828,0.1586162539804924,0.0004847962641031378,0.08265360914367537,False,True,True,0.09922013539712932,False,True,False,False,False
mimic_race_unmatched,MIMIC race (unmatched cohort),revision/EXP-3/runs,rev3__mimic_unmatched__densenet121__seed42__pr0.6,densenet121,42,0.6,pleural_effusion,BLACK_OR_AA,sens0.80,0.8000430941607413,0.8364245444889289,0.3330078125,WHITE,1295,6993,0.2972972972972973,0.3837837837837838,0.08648648648648649,0.1230769230769231,0.8876603726024576,0.88028740017157,7852,26023,0.18950585838003056,0.18835965359144166,-0.0011462047885889004,-0.0014142049025770028,0.8881451688665607,0.8861812876725839,0.8901726138156084,0.8874107294671253,-0.0027618843484831235,0.7952334098611566,0.7839728872854488,0.8230759562612594,0.8266370606225648,0.005893887501013828,0.19542413019234214,0.0004847962641031378,0.10779143891726675,False,True,True,0.1244911279795001,False,True,False,False,False
mimic_race_unmatched,MIMIC race (unmatched cohort),revision/EXP-3/runs,rev3__mimic_unmatched__densenet121__seed42__pr0.6,densenet121,42,0.6,pleural_effusion,BLACK_OR_AA,spec0.90,0.6907993966817496,0.8999101233760928,0.445068359375,WHITE,1295,6993,0.4138996138996139,0.5243243243243243,0.11042471042471041,0.18840579710144922,0.8876603726024576,0.88028740017157,7852,26023,0.29610290371879777,0.28107488537952113,-0.015028018339276639,-0.02134973765152889,0.8881451688665607,0.8861812876725839,0.8901726138156084,0.8874107294671253,-0.0027618843484831235,0.687219853503881,0.6844867169563792,0.8876785789098831,0.8831538816037539,0.005893887501013828,0.24324943894480316,0.0004847962641031378,0.11779671018081611,False,True,True,0.20975553475297812,False,True,True,False,False
mimic_race_unmatched,MIMIC race (unmatched cohort),revision/EXP-3/runs,rev3__mimic_unmatched__densenet121__seed42__pr0.65,densenet121,42,0.65,pleural_effusion,BLACK_OR_AA,t0.5,0.6341305753070459,0.9219707492442193,0.5,WHITE,1295,6993,0.4810810810810811,0.6185328185328185,0.1374517374517374,0.2648809523809522,0.8876603726024576,0.8814024700125086,7852,26023,0.358762098828324,0.34220580743759554,-0.01655629139072845,-0.025819265143992014,0.8881451688665607,0.8854845648570986,0.8901726138156084,0.8868822055087564,-0.0032904083068520107,0.6239204110637367,0.6186727888925331,0.9121035652938958,0.9113913444216347,0.00408209484458999,0.27632701109522295,0.0004847962641031378,0.12231898225275711,True,True,True,0.29070021752494424,True,True,True,True,False
mimic_race_unmatched,MIMIC race (unmatched cohort),revision/EXP-3/runs,rev3__mimic_unmatched__densenet121__seed42__pr0.65,densenet121,42,0.65,pleural_effusion,BLACK_OR_AA,youden_j,0.845722904546434,0.7991665985783152,0.279296875,WHITE,1295,6993,0.23166023166023167,0.35057915057915057,0.1189189189189189,0.15477386934673365,0.8876603726024576,0.8814024700125086,7852,26023,0.1490066225165563,0.1608507386653082,0.011844116148751888,0.013917988626159805,0.8881451688665607,0.8854845648570986,0.8901726138156084,0.8868822055087564,-0.0032904083068520107,0.8392915710068874,0.8122881819175686,0.7823536805060958,0.8000335162763417,0.00408209484458999,0.18972841191384238,0.0004847962641031378,0.08265360914367537,False,True,True,0.14085588072057384,False,True,True,False,False
mimic_race_unmatched,MIMIC race (unmatched cohort),revision/EXP-3/runs,rev3__mimic_unmatched__densenet121__seed42__pr0.65,densenet121,42,0.65,pleural_effusion,BLACK_OR_AA,sens0.80,0.8000430941607413,0.8364245444889289,0.3330078125,WHITE,1295,6993,0.2972972972972973,0.41621621621621624,0.11891891891891893,0.16923076923076927,0.8876603726024576,0.8814024700125086,7852,26023,0.18950585838003056,0.19854814060112072,0.009042282221090159,0.011156505342551842,0.8881451688665607,0.8854845648570986,0.8901726138156084,0.8868822055087564,-0.0032904083068520107,0.7952334098611566,0.7706351809336395,0.8230759562612594,0.8327537810549248,0.00408209484458999,0.21766807561509552,0.0004847962641031378,0.10779143891726675,False,True,True,0.15807426388821744,False,True,True,False,False
mimic_race_unmatched,MIMIC race (unmatched cohort),revision/EXP-3/runs,rev3__mimic_unmatched__densenet121__seed42__pr0.65,densenet121,42,0.65,pleural_effusion,BLACK_OR_AA,spec0.90,0.6907993966817496,0.8999101233760928,0.445068359375,WHITE,1295,6993,0.4138996138996139,0.5428571428571428,0.12895752895752893,0.220026350461133,0.8876603726024576,0.8814024700125086,7852,26023,0.29610290371879777,0.2890983188996434,-0.007004584819154391,-0.009951148905373672,0.8881451688665607,0.8854845648570986,0.8901726138156084,0.8868822055087564,-0.0032904083068520107,0.687219853503881,0.6749754017710725,0.8876785789098831,0.8894381834178223,0.00408209484458999,0.25375882395749944,0.0004847962641031378,0.11779671018081611,True,True,True,0.2299774993665067,True,True,True,True,False
mimic_race_unmatched,MIMIC race (unmatched cohort),phase2b,phase2b__mimic_cxr_unmatched__densenet121__seed42__pr0.75,densenet121,42,0.75,pleural_effusion,BLACK_OR_AA,t0.5,0.6341305753070459,0.9219707492442193,0.5,WHITE,1295,6993,0.4810810810810811,0.6501930501930502,0.16911196911196907,0.32589285714285704,0.8876603726024576,0.8727898158400089,7852,26023,0.358762098828324,0.33863983698420785,-0.02012226184411614,-0.03138033763654418,0.8881451688665607,0.8856811253918699,0.8901726138156084,0.8849155174428067,-0.005257096372801695,0.6239204110637367,0.617251557887832,0.9121035652938958,0.9078721354057564,0.012891309551861019,0.31155321320884233,0.0004847962641031378,0.12231898225275711,True,True,True,0.3572731947794012,True,True,True,True,True
mimic_race_unmatched,MIMIC race (unmatched cohort),phase2b,phase2b__mimic_cxr_unmatched__densenet121__seed42__pr0.75,densenet121,42,0.75,pleural_effusion,BLACK_OR_AA,youden_j,0.845722904546434,0.7991665985783152,0.279296875,WHITE,1295,6993,0.23166023166023167,0.4,0.16833976833976835,0.2190954773869347,0.8876603726024576,0.8727898158400089,7852,26023,0.1490066225165563,0.16505348955680083,0.016046867040244522,0.018856629751571385,0.8881451688665607,0.8856811253918699,0.8901726138156084,0.8849155174428067,-0.005257096372801695,0.8392915710068874,0.8016836121132612,0.7823536805060958,0.8073652017260883,0.012891309551861019,0.2349465104431992,0.0004847962641031378,0.08265360914367537,True,True,True,0.20023884763536332,True,True,True,True,False
mimic_race_unmatched,MIMIC race (unmatched cohort),phase2b,phase2b__mimic_cxr_unmatched__densenet121__seed42__pr0.75,densenet121,42,0.75,pleural_effusion,BLACK_OR_AA,sens0.80,0.8000430941607413,0.8364245444889289,0.3330078125,WHITE,1295,6993,0.2972972972972973,0.4548262548262548,0.15752895752895751,0.22417582417582418,0.8876603726024576,0.8727898158400089,7852,26023,0.18950585838003056,0.20071319409067753,0.01120733571064697,0.013827781269641737,0.8881451688665607,0.8856811253918699,0.8901726138156084,0.8849155174428067,-0.005257096372801695,0.7952334098611566,0.7633103749863344,0.8230759562612594,0.8387029201055762,0.012891309551861019,0.25411306073557727,0.0004847962641031378,0.10779143891726675,True,True,True,0.21034804290618245,True,True,True,True,False
mimic_race_unmatched,MIMIC race (unmatched cohort),phase2b,phase2b__mimic_cxr_unmatched__densenet121__seed42__pr0.75,densenet121,42,0.75,pleural_effusion,BLACK_OR_AA,spec0.90,0.6907993966817496,0.8999101233760928,0.445068359375,WHITE,1295,6993,0.4138996138996139,0.5861003861003861,0.17220077220077218,0.2938076416337285,0.8876603726024576,0.8727898158400089,7852,26023,0.29610290371879777,0.28565970453387673,-0.010443199184921037,-0.014836258368011578,0.8881451688665607,0.8856811253918699,0.8901726138156084,0.8849155174428067,-0.005257096372801695,0.687219853503881,0.6718049633759703,0.8876785789098831,0.8882232184004357,0.012891309551861019,0.3004406815665093,0.0004847962641031378,0.11779671018081611,True,True,True,0.3086439000017401,True,True,True,True,False
mimic_race_unmatched,MIMIC race (unmatched cohort),revision/EXP-3/runs,rev3__mimic_unmatched__densenet121__seed42__pr0.85,densenet121,42,0.85,pleural_effusion,BLACK_OR_AA,t0.5,0.6341305753070459,0.9219707492442193,0.5,WHITE,1295,6993,0.4810810810810811,0.7250965250965251,0.244015444015444,0.4702380952380952,0.8876603726024576,0.8644678550083956,7852,26023,0.358762098828324,0.38550687722873156,0.026744778400407565,0.04170804369414105,0.8881451688665607,0.8837586904707537,0.8901726138156084,0.8818100793532286,-0.008362534462379778,0.6239204110637367,0.5664152181042965,0.9121035652938958,0.9227449830323851,0.019290835462358102,0.33958964786779355,0.0004847962641031378,0.12231898225275711,True,True,True,0.4285300515439541,True,True,True,True,True
mimic_race_unmatched,MIMIC race (unmatched cohort),revision/EXP-3/runs,rev3__mimic_unmatched__densenet121__seed42__pr0.85,densenet121,42,0.85,pleural_effusion,BLACK_OR_AA,youden_j,0.845722904546434,0.7991665985783152,0.279296875,WHITE,1295,6993,0.23166023166023167,0.4803088803088803,0.24864864864864863,0.32361809045226125,0.8876603726024576,0.8644678550083956,7852,26023,0.1490066225165563,0.18835965359144166,0.03935303107488536,0.04624363962885361,0.8881451688665607,0.8837586904707537,0.8901726138156084,0.8818100793532286,-0.008362534462379778,0.8392915710068874,0.7703072045479392,0.7823536805060958,0.8250450374963342,0.019290835462358102,0.2919492267174386,0.0004847962641031378,0.08265360914367537,True,True,True,0.2773744508234076,True,True,True,True,True
mimic_race_unmatched,MIMIC race (unmatched cohort),revision/EXP-3/runs,rev3__mimic_unmatched__densenet121__seed42__pr0.85,densenet121,42,0.85,pleural_effusion,BLACK_OR_AA,sens0.80,0.8000430941607413,0.8364245444889289,0.3330078125,WHITE,1295,6993,0.2972972972972973,0.5420849420849421,0.24478764478764475,0.34835164835164834,0.8876603726024576,0.8644678550083956,7852,26023,0.18950585838003056,0.228222109016811,0.03871625063678044,0.047768698931489634,0.8881451688665607,0.8837586904707537,0.8901726138156084,0.8818100793532286,-0.008362534462379778,0.7952334098611566,0.7273422980212091,0.8230759562612594,0.8555029536218526,0.019290835462358102,0.31386283306813106,0.0004847962641031378,0.10779143891726675,True,True,True,0.30058294942015873,True,True,True,True,True
mimic_race_unmatched,MIMIC race (unmatched cohort),revision/EXP-3/runs,rev3__mimic_unmatched__densenet121__seed42__pr0.85,densenet121,42,0.85,pleural_effusion,BLACK_OR_AA,spec0.90,0.6907993966817496,0.8999101233760928,0.445068359375,WHITE,1295,6993,0.4138996138996139,0.661003861003861,0.2471042471042471,0.4216073781291172,0.8876603726024576,0.8644678550083956,7852,26023,0.29610290371879777,0.33163525216505346,0.03553234844625569,0.05047946444725886,0.8881451688665607,0.8837586904707537,0.8901726138156084,0.8818100793532286,-0.008362534462379778,0.687219853503881,0.6217339018257352,0.8876785789098831,0.904688089153295,0.019290835462358102,0.32936860883880753,0.0004847962641031378,0.11779671018081611,True,True,True,0.3711279136818583,True,True,True,True,True
mimic_race_unmatched,MIMIC race (unmatched cohort),phase2b,phase2b__mimic_cxr_unmatched__densenet121__seed42__pr0.9,densenet121,42,0.9,pleural_effusion,BLACK_OR_AA,t0.5,0.6341305753070459,0.9219707492442193,0.5,WHITE,1295,6993,0.4810810810810811,0.7436293436293436,0.2625482625482625,0.5059523809523809,0.8876603726024576,0.8548849355799163,7852,26023,0.358762098828324,0.4034640855832909,0.044701986754966894,0.06971201588877857,0.8881451688665607,0.8835843932463301,0.8901726138156084,0.8792403974020159,-0.010932216413592544,0.6239204110637367,0.5483765168907838,0.9121035652938958,0.9308726800452469,0.028699457666413797,0.34016525804605274,0.0004847962641031378,0.12231898225275711,True,True,True,0.43624036506360236,True,True,True,True,True
mimic_race_unmatched,MIMIC race (unmatched cohort),phase2b,phase2b__mimic_cxr_unmatched__densenet121__seed42__pr0.9,densenet121,42,0.9,pleural_effusion,BLACK_OR_AA,youden_j,0.845722904546434,0.7991665985783152,0.279296875,WHITE,1295,6993,0.23166023166023167,0.5173745173745173,0.2857142857142857,0.371859296482412,0.8876603726024576,0.8548849355799163,7852,26023,0.1490066225165563,0.18033622007131941,0.03132959755476311,0.03681532475306794,0.8881451688665607,0.8835843932463301,0.8901726138156084,0.8792403974020159,-0.010932216413592544,0.8392915710068874,0.7719470864764404,0.7823536805060958,0.8201013867359337,0.028699457666413797,0.3370382973031979,0.0004847962641031378,0.08265360914367537,True,True,True,0.3350439717293441,True,True,True,True,True
mimic_race_unmatched,MIMIC race (unmatched cohort),phase2b,phase2b__mimic_cxr_unmatched__densenet121__seed42__pr0.9,densenet121,42,0.9,pleural_effusion,BLACK_OR_AA,sens0.80,0.8000430941607413,0.8364245444889289,0.3330078125,WHITE,1295,6993,0.2972972972972973,0.57992277992278,0.28262548262548265,0.40219780219780227,0.8876603726024576,0.8548849355799163,7852,26023,0.18950585838003056,0.22325522159959246,0.0337493632195619,0.04164047768698932,0.8881451688665607,0.8835843932463301,0.8901726138156084,0.8792403974020159,-0.010932216413592544,0.7952334098611566,0.7262490434022084,0.8230759562612594,0.8542879886044661,0.028699457666413797,0.35666755832318753,0.0004847962641031378,0.10779143891726675,True,True,True,0.36055732451081296,True,True,True,True,True
mimic_race_unmatched,MIMIC race (unmatched cohort),phase2b,phase2b__mimic_cxr_unmatched__densenet121__seed42__pr0.9,densenet121,42,0.9,pleural_effusion,BLACK_OR_AA,spec0.90,0.6907993966817496,0.8999101233760928,0.445068359375,WHITE,1295,6993,0.4138996138996139,0.6926640926640927,0.2787644787644788,0.4756258234519104,0.8876603726024576,0.8548849355799163,7852,26023,0.29610290371879777,0.33622007131940906,0.04011716760061129,0.056992943730776166,0.8881451688665607,0.8835843932463301,0.8901726138156084,0.8792403974020159,-0.010932216413592544,0.687219853503881,0.6133158412594293,0.8876785789098831,0.9080816121328921,0.028699457666413797,0.3564440213446836,0.0004847962641031378,0.11779671018081611,True,True,True,0.4186328797211342,True,True,True,True,True
mimic_race_unmatched,MIMIC race (unmatched cohort),phase2b,phase2b__mimic_cxr_unmatched__densenet121__seed42__pr1.0,densenet121,42,1.0,pleural_effusion,BLACK_OR_AA,t0.5,0.6341305753070459,0.9219707492442193,0.5,WHITE,1295,6993,0.4810810810810811,0.7791505791505792,0.29806949806949806,0.5744047619047619,0.8876603726024576,0.8465656174150382,7852,26023,0.358762098828324,0.42435048395313296,0.06558838512480897,0.10228401191658391,0.8881451688665607,0.8826038088434396,0.8901726138156084,0.8767240178540402,-0.013448595961568222,0.6239204110637367,0.5254181698917678,0.9121035652938958,0.9340986216431354,0.03603819142840137,0.3548000951974462,0.0004847962641031378,0.12231898225275711,True,True,True,0.47212074998817793,True,True,True,True,True
mimic_race_unmatched,MIMIC race (unmatched cohort),phase2b,phase2b__mimic_cxr_unmatched__densenet121__seed42__pr1.0,densenet121,42,1.0,pleural_effusion,BLACK_OR_AA,youden_j,0.845722904546434,0.7991665985783152,0.279296875,WHITE,1295,6993,0.23166023166023167,0.5451737451737452,0.31351351351351353,0.40804020100502514,0.8876603726024576,0.8465656174150382,7852,26023,0.1490066225165563,0.21917982679572084,0.07017320427916454,0.08246034121520503,0.8881451688665607,0.8826038088434396,0.8901726138156084,0.8767240178540402,-0.013448595961568222,0.8392915710068874,0.7346671039685143,0.7823536805060958,0.8451129079559261,0.03603819142840137,0.3259939183780243,0.0004847962641031378,0.08265360914367537,True,True,True,0.3255798597898201,True,True,True,True,True
mimic_race_unmatched,MIMIC race (unmatched cohort),phase2b,phase2b__mimic_cxr_unmatched__densenet121__seed42__pr1.0,densenet121,42,1.0,pleural_effusion,BLACK_OR_AA,sens0.80,0.8000430941607413,0.8364245444889289,0.3330078125,WHITE,1295,6993,0.2972972972972973,0.6061776061776062,0.3088803088803089,0.4395604395604396,0.8876603726024576,0.8465656174150382,7852,26023,0.18950585838003056,0.2619714722363729,0.07246561385634234,0.08940917661847896,0.8881451688665607,0.8826038088434396,0.8901726138156084,0.8767240178540402,-0.013448595961568222,0.7952334098611566,0.6892970372799825,0.8230759562612594,0.8718002429930035,0.03603819142840137,0.3442061339412333,0.0004847962641031378,0.10779143891726675,True,True,True,0.35015126294196064,True,True,True,True,True
mimic_race_unmatched,MIMIC race (unmatched cohort),phase2b,phase2b__mimic_cxr_unmatched__densenet121__seed42__pr1.0,densenet121,42,1.0,pleural_effusion,BLACK_OR_AA,spec0.90,0.6907993966817496,0.8999101233760928,0.445068359375,WHITE,1295,6993,0.4138996138996139,0.7173745173745174,0.3034749034749035,0.5177865612648221,0.8876603726024576,0.8465656174150382,7852,26023,0.29610290371879777,0.3672949566989302,0.07119205298013243,0.10113985887461549,0.8881451688665607,0.8826038088434396,0.8901726138156084,0.8767240178540402,-0.013448595961568222,0.687219853503881,0.5831420137750082,0.8876785789098831,0.9166282626000252,0.03603819142840137,0.3500795606755872,0.0004847962641031378,0.11779671018081611,True,True,True,0.4166467023902066,True,True,True,True,True
mimic_race_unmatched,MIMIC race (unmatched cohort),phase2b,phase2b__mimic_cxr_unmatched__densenet121__seed123__pr0.0,densenet121,123,0.0,pleural_effusion,BLACK_OR_AA,t0.5,0.6492135315664728,0.9124111447013645,0.5,WHITE,1295,6993,0.46023166023166023,0.46023166023166023,0.0,0.0,0.8909957568258726,0.8909957568258726,7852,26023,0.35201222618441164,0.35201222618441164,0.0,0.0,0.8880016891379968,0.8880016891379968,0.8907735443081614,0.8907735443081614,0.0,0.6326664480157429,0.6326664480157429,0.9060706355523901,0.9060706355523901,-0.002994067687875801,0.1082194340472486,-0.002994067687875801,0.1082194340472486,False,False,True,0.0,False,False,False,False,False
mimic_race_unmatched,MIMIC race (unmatched cohort),phase2b,phase2b__mimic_cxr_unmatched__densenet121__seed123__pr0.0,densenet121,123,0.0,pleural_effusion,BLACK_OR_AA,youden_j,0.8291316526610645,0.8172236293814854,0.288330078125,WHITE,1295,6993,0.24092664092664093,0.24092664092664093,0.0,0.0,0.8909957568258726,0.8909957568258726,7852,26023,0.16874681609780948,0.16874681609780948,0.0,0.0,0.8880016891379968,0.8880016891379968,0.8907735443081614,0.8907735443081614,0.0,0.8210342188695747,0.8210342188695747,0.8061502367087017,0.8061502367087017,-0.002994067687875801,0.07217982482883145,-0.002994067687875801,0.07217982482883145,False,False,True,0.0,False,False,False,False,False
mimic_race_unmatched,MIMIC race (unmatched cohort),phase2b,phase2b__mimic_cxr_unmatched__densenet121__seed123__pr0.0,densenet121,123,0.0,pleural_effusion,BLACK_OR_AA,sens0.80,0.8000430941607413,0.841326905792957,0.32861328125,WHITE,1295,6993,0.29034749034749036,0.29034749034749036,0.0,0.0,0.8909957568258726,0.8909957568258726,7852,26023,0.19905756495160468,0.19905756495160468,0.0,0.0,0.8880016891379968,0.8880016891379968,0.8907735443081614,0.8907735443081614,0.0,0.7880179293757517,0.7880179293757517,0.8293183627299007,0.8293183627299007,-0.002994067687875801,0.09128992539588568,-0.002994067687875801,0.09128992539588568,False,False,True,0.0,False,False,False,False,False
mimic_race_unmatched,MIMIC race (unmatched cohort),phase2b,phase2b__mimic_cxr_unmatched__densenet121__seed123__pr0.0,densenet121,123,0.0,pleural_effusion,BLACK_OR_AA,spec0.90,0.6845507433742728,0.899828417354359,0.462890625,WHITE,1295,6993,0.41544401544401544,0.41544401544401544,0.0,0.0,0.8909957568258726,0.8909957568258726,7852,26023,0.31915435557819666,0.31915435557819666,0.0,0.0,0.8880016891379968,0.8880016891379968,0.8907735443081614,0.8907735443081614,0.0,0.667213293976167,0.667213293976167,0.892077590179731,0.892077590179731,-0.002994067687875801,0.09628965986581878,-0.002994067687875801,0.09628965986581878,False,False,True,0.0,False,False,False,False,False
mimic_race_unmatched,MIMIC race (unmatched cohort),phase2b,phase2b__mimic_cxr_unmatched__densenet121__seed123__pr0.005,densenet121,123,0.005,pleural_effusion,BLACK_OR_AA,t0.5,0.6492135315664728,0.9124111447013645,0.5,WHITE,1295,6993,0.46023166023166023,0.4725868725868726,0.012355212355212364,0.02288984263233192,0.8909957568258726,0.8930450432380934,7852,26023,0.35201222618441164,0.37238920020376975,0.02037697401935812,0.03144654088050314,0.8880016891379968,0.8885864400831485,0.8907735443081614,0.8915306124827894,0.0007570681746280616,0.6326664480157429,0.6134251667213294,0.9060706355523901,0.9157484603460555,-0.004458603154944951,0.10019767238310284,-0.002994067687875801,0.1082194340472486,False,False,True,-0.008556698248171218,False,False,False,False,False
mimic_race_unmatched,MIMIC race (unmatched cohort),phase2b,phase2b__mimic_cxr_unmatched__densenet121__seed123__pr0.005,densenet121,123,0.005,pleural_effusion,BLACK_OR_AA,youden_j,0.8291316526610645,0.8172236293814854,0.288330078125,WHITE,1295,6993,0.24092664092664093,0.2555984555984556,0.014671814671814692,0.019328585961342855,0.8909957568258726,0.8930450432380934,7852,26023,0.16874681609780948,0.1791900152827305,0.010443199184921037,0.012563199019457636,0.8880016891379968,0.8885864400831485,0.8907735443081614,0.8915306124827894,0.0007570681746280616,0.8210342188695747,0.809992347217667,0.8061502367087017,0.8143617244124178,-0.004458603154944951,0.0764084403157251,-0.002994067687875801,0.07217982482883145,False,False,True,0.006765386941885219,False,False,False,False,False
mimic_race_unmatched,MIMIC race (unmatched cohort),phase2b,phase2b__mimic_cxr_unmatched__densenet121__seed123__pr0.005,densenet121,123,0.005,pleural_effusion,BLACK_OR_AA,sens0.80,0.8000430941607413,0.841326905792957,0.32861328125,WHITE,1295,6993,0.29034749034749036,0.3027027027027027,0.012355212355212364,0.017410228509249195,0.8909957568258726,0.8930450432380934,7852,26023,0.19905756495160468,0.21255731023942945,0.013499745287824771,0.016854825886468455,0.8880016891379968,0.8885864400831485,0.8907735443081614,0.8915306124827894,0.0007570681746280616,0.7880179293757517,0.7746802230239422,0.8293183627299007,0.8390380828689933,-0.004458603154944951,0.09014539246327327,-0.002994067687875801,0.09128992539588568,False,False,True,0.0005554026227807402,False,False,False,False,False
mimic_race_unmatched,MIMIC race (unmatched cohort),phase2b,phase2b__mimic_cxr_unmatched__densenet121__seed123__pr0.005,densenet121,123,0.005,pleural_effusion,BLACK_OR_AA,spec0.90,0.6845507433742728,0.899828417354359,0.462890625,WHITE,1295,6993,0.41544401544401544,0.43243243243243246,0.01698841698841702,0.029062087186261614,0.8909957568258726,0.8930450432380934,7852,26023,0.31915435557819666,0.33392766174223126,0.014773306164034605,0.021698466142910534,0.8880016891379968,0.8885864400831485,0.8907735443081614,0.8915306124827894,0.0007570681746280616,0.667213293976167,0.6521263802339565,0.892077590179731,0.9025095311910847,-0.004458603154944951,0.0985047706902012,-0.002994067687875801,0.09628965986581878,False,False,True,0.00736362104335108,False,False,False,False,False
mimic_race_unmatched,MIMIC race (unmatched cohort),phase2b,phase2b__mimic_cxr_unmatched__densenet121__seed123__pr0.01,densenet121,123,0.01,pleural_effusion,BLACK_OR_AA,t0.5,0.6492135315664728,0.9124111447013645,0.5,WHITE,1295,6993,0.46023166023166023,0.488030888030888,0.027799227799227777,0.051502145922746746,0.8909957568258726,0.8906860904930404,7852,26023,0.35201222618441164,0.3792664289353031,0.027254202750891465,0.04205974842767291,0.8880016891379968,0.8868120090419668,0.8907735443081614,0.8896555862294951,-0.0011179580786662147,0.6326664480157429,0.6053350825407238,0.9060706355523901,0.9161674138003267,-0.0038740814510735966,0.10876445909558491,-0.002994067687875801,0.1082194340472486,False,False,True,0.009442397495073834,False,False,False,False,False
mimic_race_unmatched,MIMIC race (unmatched cohort),phase2b,phase2b__mimic_cxr_unmatched__densenet121__seed123__pr0.01,densenet121,123,0.01,pleural_effusion,BLACK_OR_AA,youden_j,0.8291316526610645,0.8172236293814854,0.288330078125,WHITE,1295,6993,0.24092664092664093,0.2579150579150579,0.016988416988416993,0.022380467955239073,0.8909957568258726,0.8906860904930404,7852,26023,0.16874681609780948,0.17435048395313296,0.005603667855323485,0.006741228742148002,0.8880016891379968,0.8868120090419668,0.8907735443081614,0.8896555862294951,-0.0011179580786662147,0.8210342188695747,0.8138187383841696,0.8061502367087017,0.8079098412166408,-0.0038740814510735966,0.08356457396192496,-0.002994067687875801,0.07217982482883145,False,False,True,0.015639239213091072,False,False,False,False,False
mimic_race_unmatched,MIMIC race (unmatched cohort),phase2b,phase2b__mimic_cxr_unmatched__densenet121__seed123__pr0.01,densenet121,123,0.01,pleural_effusion,BLACK_OR_AA,sens0.80,0.8000430941607413,0.841326905792957,0.32861328125,WHITE,1295,6993,0.29034749034749036,0.2972972972972973,0.006949806949806958,0.009793253536452677,0.8909957568258726,0.8906860904930404,7852,26023,0.19905756495160468,0.206571574121243,0.007514009169638319,0.009381459691524898,0.8880016891379968,0.8868120090419668,0.8907735443081614,0.8896555862294951,-0.0011179580786662147,0.7880179293757517,0.7805837979665464,0.8293183627299007,0.8344714902174368,-0.0038740814510735966,0.09072572317605432,-0.002994067687875801,0.09128992539588568,False,False,True,0.00041179384492777936,False,False,False,False,False
mimic_race_unmatched,MIMIC race (unmatched cohort),phase2b,phase2b__mimic_cxr_unmatched__densenet121__seed123__pr0.01,densenet121,123,0.01,pleural_effusion,BLACK_OR_AA,spec0.90,0.6845507433742728,0.899828417354359,0.462890625,WHITE,1295,6993,0.41544401544401544,0.4494208494208494,0.03397683397683399,0.05812417437252313,0.8909957568258726,0.8906860904930404,7852,26023,0.31915435557819666,0.33965868568517577,0.020504330106979107,0.030115974560418993,0.8880016891379968,0.8868120090419668,0.8907735443081614,0.8896555862294951,-0.0011179580786662147,0.667213293976167,0.6448015742866514,0.892077590179731,0.9019648917005321,-0.0038740814510735966,0.10976216373567366,-0.002994067687875801,0.09628965986581878,False,False,True,0.02800819981210414,False,False,False,False,False
mimic_race_unmatched,MIMIC race (unmatched cohort),phase2b,phase2b__mimic_cxr_unmatched__densenet121__seed123__pr0.02,densenet121,123,0.02,pleural_effusion,BLACK_OR_AA,t0.5,0.6492135315664728,0.9124111447013645,0.5,WHITE,1295,6993,0.46023166023166023,0.4617760617760618,0.0015444015444015524,0.002861230329041503,0.8909957568258726,0.8919406795854672,7852,26023,0.35201222618441164,0.35812531839021905,0.006113092205807413,0.009433962264150907,0.8880016891379968,0.8901923911665801,0.8907735443081614,0.8926247098637403,0.0018511655555789597,0.6326664480157429,0.6272001749207391,0.9060706355523901,0.912522518748167,-0.0017482884188870784,0.10365074338584274,-0.002994067687875801,0.1082194340472486,False,False,True,-0.006572731935109403,False,False,False,False,False
mimic_race_unmatched,MIMIC race (unmatched cohort),phase2b,phase2b__mimic_cxr_unmatched__densenet121__seed123__pr0.02,densenet121,123,0.02,pleural_effusion,BLACK_OR_AA,youden_j,0.8291316526610645,0.8172236293814854,0.288330078125,WHITE,1295,6993,0.24092664092664093,0.2478764478764479,0.006949806949806958,0.009155645981688719,0.8909957568258726,0.8919406795854672,7852,26023,0.16874681609780948,0.16683647478349464,-0.001910341314314834,-0.002298146162095921,0.8880016891379968,0.8901923911665801,0.8907735443081614,0.8926247098637403,0.0018511655555789597,0.8210342188695747,0.8216901716409751,0.8061502367087017,0.8049352716913151,-0.0017482884188870784,0.08103997309295324,-0.002994067687875801,0.07217982482883145,False,False,True,0.01145379214378464,False,False,False,False,False
mimic_race_unmatched,MIMIC race (unmatched cohort),phase2b,phase2b__mimic_cxr_unmatched__densenet121__seed123__pr0.02,densenet121,123,0.02,pleural_effusion,BLACK_OR_AA,sens0.80,0.8000430941607413,0.841326905792957,0.32861328125,WHITE,1295,6993,0.29034749034749036,0.2942084942084942,0.0038610038610038533,0.005440696409140359,0.8909957568258726,0.8919406795854672,7852,26023,0.19905756495160468,0.19778400407539481,-0.0012735608762098616,-0.0015900779138177505,0.8880016891379968,0.8901923911665801,0.8907735443081614,0.8926247098637403,0.0018511655555789597,0.7880179293757517,0.788564556685252,0.8293183627299007,0.8316226067283925,-0.0017482884188870784,0.0964244901330994,-0.002994067687875801,0.09128992539588568,False,False,True,0.007030774322958109,False,False,False,False,False
mimic_race_unmatched,MIMIC race (unmatched cohort),phase2b,phase2b__mimic_cxr_unmatched__densenet121__seed123__pr0.02,densenet121,123,0.02,pleural_effusion,BLACK_OR_AA,spec0.90,0.6845507433742728,0.899828417354359,0.462890625,WHITE,1295,6993,0.41544401544401544,0.4247104247104247,0.009266409266409259,0.015852047556142654,0.8909957568258726,0.8919406795854672,7852,26023,0.31915435557819666,0.32030056036678556,0.0011462047885889004,0.001683501683501692,0.8880016891379968,0.8901923911665801,0.8907735443081614,0.8926247098637403,0.0018511655555789597,0.667213293976167,0.6649174592762654,0.892077590179731,0.8989065314843521,-0.0017482884188870784,0.10440986434363914,-0.002994067687875801,0.09628965986581878,False,False,True,0.014168545872640962,False,False,False,False,False
mimic_race_unmatched,MIMIC race (unmatched cohort),phase2b,phase2b__mimic_cxr_unmatched__densenet121__seed123__pr0.05,densenet121,123,0.05,pleural_effusion,BLACK_OR_AA,t0.5,0.6492135315664728,0.9124111447013645,0.5,WHITE,1295,6993,0.46023166023166023,0.4911196911196911,0.030888030888030882,0.05722460658082975,0.8909957568258726,0.8918816600283781,7852,26023,0.35201222618441164,0.3839786041772797,0.031966377992868056,0.049331761006289304,0.8880016891379968,0.8871909303738221,0.8907735443081614,0.8902978784709146,-0.0004756658372467859,0.6326664480157429,0.6008527386028206,0.9060706355523901,0.9160417277640455,-0.00469072965455597,0.10714108694241142,-0.002994067687875801,0.1082194340472486,False,False,True,0.007892845574540445,False,False,False,False,False
mimic_race_unmatched,MIMIC race (unmatched cohort),phase2b,phase2b__mimic_cxr_unmatched__densenet121__seed123__pr0.05,densenet121,123,0.05,pleural_effusion,BLACK_OR_AA,youden_j,0.8291316526610645,0.8172236293814854,0.288330078125,WHITE,1295,6993,0.24092664092664093,0.2617760617760618,0.020849420849420847,0.027466937945066123,0.8909957568258726,0.8918816600283781,7852,26023,0.16874681609780948,0.1770249617931737,0.008278145695364225,0.009958633369082258,0.8880016891379968,0.8871909303738221,0.8907735443081614,0.8902978784709146,-0.0004756658372467859,0.8210342188695747,0.8109762763747677,0.8061502367087017,0.8112614688508106,-0.00469072965455597,0.08475109998288807,-0.002994067687875801,0.07217982482883145,False,False,True,0.017508304575983867,False,False,False,False,False
mimic_race_unmatched,MIMIC race (unmatched cohort),phase2b,phase2b__mimic_cxr_unmatched__densenet121__seed123__pr0.05,densenet121,123,0.05,pleural_effusion,BLACK_OR_AA,sens0.80,0.8000430941607413,0.841326905792957,0.32861328125,WHITE,1295,6993,0.29034749034749036,0.3019305019305019,0.01158301158301156,0.016322089227421076,0.8909957568258726,0.8918816600283781,7852,26023,0.19905756495160468,0.21268466632705044,0.01362710137544576,0.01701383367785023,0.8880016891379968,0.8871909303738221,0.8907735443081614,0.8902978784709146,-0.0004756658372467859,0.7880179293757517,0.7746802230239422,0.8293183627299007,0.837236583015627,-0.00469072965455597,0.08924583560345148,-0.002994067687875801,0.09128992539588568,False,False,True,-0.0006917444504291534,False,False,False,False,False
mimic_race_unmatched,MIMIC race (unmatched cohort),phase2b,phase2b__mimic_cxr_unmatched__densenet121__seed123__pr0.05,densenet121,123,0.05,pleural_effusion,BLACK_OR_AA,spec0.90,0.6845507433742728,0.899828417354359,0.462890625,WHITE,1295,6993,0.41544401544401544,0.4532818532818533,0.03783783783783784,0.06472919418758256,0.8909957568258726,0.8918816600283781,7852,26023,0.31915435557819666,0.3414416709118696,0.022287315333672952,0.03273475495697718,0.8880016891379968,0.8871909303738221,0.8907735443081614,0.8902978784709146,-0.0004756658372467859,0.667213293976167,0.6427243905105499,0.892077590179731,0.9032636474087729,-0.00469072965455597,0.11184018236998367,-0.002994067687875801,0.09628965986581878,False,False,True,0.03199443923060538,False,False,False,False,False
mimic_race_unmatched,MIMIC race (unmatched cohort),phase2b,phase2b__mimic_cxr_unmatched__densenet121__seed123__pr0.10,densenet121,123,0.1,pleural_effusion,BLACK_OR_AA,t0.5,0.6492135315664728,0.9124111447013645,0.5,WHITE,1295,6993,0.46023166023166023,0.4957528957528958,0.03552123552123554,0.06580829756795425,0.8909957568258726,0.8906911047837689,7852,26023,0.35201222618441164,0.36665817626082525,0.014645950076413616,0.02260220125786158,0.8880016891379968,0.8877969669079948,0.8907735443081614,0.8905897580798234,-0.00018378622833792324,0.6326664480157429,0.6150650486498306,0.9060706355523901,0.9127738908207298,-0.002894137875774083,0.12909471949207052,-0.002994067687875801,0.1082194340472486,False,False,True,0.04320609631009267,False,False,False,False,False
mimic_race_unmatched,MIMIC race (unmatched cohort),phase2b,phase2b__mimic_cxr_unmatched__densenet121__seed123__pr0.10,densenet121,123,0.1,pleural_effusion,BLACK_OR_AA,youden_j,0.8291316526610645,0.8172236293814854,0.288330078125,WHITE,1295,6993,0.24092664092664093,0.2571428571428571,0.01621621621621619,0.021363173957273617,0.8909957568258726,0.8906911047837689,7852,26023,0.16874681609780948,0.17677024961793172,0.008023433520122247,0.009652213880802802,0.8880016891379968,0.8877969669079948,0.8907735443081614,0.8905897580798234,-0.00018378622833792324,0.8210342188695747,0.8118508800699683,0.8061502367087017,0.8107168293602581,-0.002894137875774083,0.0803726075249254,-0.002994067687875801,0.07217982482883145,False,False,True,0.011710960076470815,False,False,False,False,False
mimic_race_unmatched,MIMIC race (unmatched cohort),phase2b,phase2b__mimic_cxr_unmatched__densenet121__seed123__pr0.10,densenet121,123,0.1,pleural_effusion,BLACK_OR_AA,sens0.80,0.8000430941607413,0.841326905792957,0.32861328125,WHITE,1295,6993,0.29034749034749036,0.29806949806949806,0.007722007722007707,0.010881392818280718,0.8909957568258726,0.8906911047837689,7852,26023,0.19905756495160468,0.20899133978604179,0.009933774834437109,0.01240260772777869,0.8880016891379968,0.8877969669079948,0.8907735443081614,0.8905897580798234,-0.00018378622833792324,0.7880179293757517,0.7783972887285449,0.8293183627299007,0.8363567807616574,-0.002894137875774083,0.08907815828345628,-0.002994067687875801,0.09128992539588568,False,False,True,-0.0015212149094979716,False,False,False,False,False
mimic_race_unmatched,MIMIC race (unmatched cohort),phase2b,phase2b__mimic_cxr_unmatched__densenet121__seed123__pr0.10,densenet121,123,0.1,pleural_effusion,BLACK_OR_AA,spec0.90,0.6845507433742728,0.899828417354359,0.462890625,WHITE,1295,6993,0.41544401544401544,0.4416988416988417,0.02625482625482628,0.04491413474240427,0.8909957568258726,0.8906911047837689,7852,26023,0.31915435557819666,0.3250127356087621,0.0058583800305654354,0.008604564160119678,0.8880016891379968,0.8877969669079948,0.8907735443081614,0.8905897580798234,-0.00018378622833792324,0.667213293976167,0.658467257024161,0.892077590179731,0.8984456826846537,-0.002894137875774083,0.11668610609007962,-0.002994067687875801,0.09628965986581878,False,False,True,0.036309570582284595,False,False,False,False,False
mimic_race_unmatched,MIMIC race (unmatched cohort),revision/EXP-3/runs,rev3__mimic_unmatched__densenet121__seed123__pr0.25,densenet121,123,0.25,pleural_effusion,BLACK_OR_AA,t0.5,0.6492135315664728,0.9124111447013645,0.5,WHITE,1295,6993,0.46023166023166023,0.4934362934362934,0.03320463320463318,0.06151645207439196,0.8909957568258726,0.8897434715967534,7852,26023,0.35201222618441164,0.3325267447784004,-0.01948548140601125,-0.0300707547169812,0.8880016891379968,0.887582001382519,0.8907735443081614,0.8903445235127675,-0.00042902079539386406,0.6326664480157429,0.6446922488247513,0.9060706355523901,0.9020905777368134,-0.0021614702142344067,0.16090954865789303,-0.002994067687875801,0.1082194340472486,False,True,True,0.09158720679137317,False,False,False,False,False
mimic_race_unmatched,MIMIC race (unmatched cohort),revision/EXP-3/runs,rev3__mimic_unmatched__densenet121__seed123__pr0.25,densenet121,123,0.25,pleural_effusion,BLACK_OR_AA,youden_j,0.8291316526610645,0.8172236293814854,0.288330078125,WHITE,1295,6993,0.24092664092664093,0.2648648648648649,0.02393822393822395,0.03153611393692779,0.8909957568258726,0.8897434715967534,7852,26023,0.16874681609780948,0.15613856342333163,-0.012608252674477849,-0.015167764669833012,0.8880016891379968,0.887582001382519,0.8907735443081614,0.8903445235127675,-0.00042902079539386406,0.8210342188695747,0.82846835027878,0.8061502367087017,0.7956764003519209,-0.0021614702142344067,0.10872630144153325,-0.002994067687875801,0.07217982482883145,False,False,True,0.0467038786067608,False,False,False,False,False
mimic_race_unmatched,MIMIC race (unmatched cohort),revision/EXP-3/runs,rev3__mimic_unmatched__densenet121__seed123__pr0.25,densenet121,123,0.25,pleural_effusion,BLACK_OR_AA,sens0.80,0.8000430941607413,0.841326905792957,0.32861328125,WHITE,1295,6993,0.29034749034749036,0.3088803088803089,0.018532818532818518,0.026115342763873752,0.8909957568258726,0.8897434715967534,7852,26023,0.19905756495160468,0.18402954661232807,-0.015028018339276611,-0.01876291938304976,0.8880016891379968,0.887582001382519,0.8907735443081614,0.8903445235127675,-0.00042902079539386406,0.7880179293757517,0.7982945227943588,0.8293183627299007,0.8219447819347271,-0.0021614702142344067,0.12485076226798081,-0.002994067687875801,0.09128992539588568,False,False,True,0.04487826214692352,False,False,False,False,False
mimic_race_unmatched,MIMIC race (unmatched cohort),revision/EXP-3/runs,rev3__mimic_unmatched__densenet121__seed123__pr0.25,densenet121,123,0.25,pleural_effusion,BLACK_OR_AA,spec0.90,0.6845507433742728,0.899828417354359,0.462890625,WHITE,1295,6993,0.41544401544401544,0.4555984555984556,0.04015444015444014,0.0686922060766182,0.8909957568258726,0.8897434715967534,7852,26023,0.31915435557819666,0.29737646459500766,-0.021777890983188997,-0.03198653198653199,0.8880016891379968,0.887582001382519,0.8907735443081614,0.8903445235127675,-0.00042902079539386406,0.667213293976167,0.6802230239422762,0.892077590179731,0.8877204742553102,-0.0021614702142344067,0.15822199100344791,-0.002994067687875801,0.09628965986581878,False,True,True,0.1006787380631502,False,False,False,False,False
mimic_race_unmatched,MIMIC race (unmatched cohort),revision/EXP-3/runs,rev3__mimic_unmatched__densenet121__seed123__pr0.5,densenet121,123,0.5,pleural_effusion,BLACK_OR_AA,t0.5,0.6492135315664728,0.9124111447013645,0.5,WHITE,1295,6993,0.46023166023166023,0.7305019305019305,0.27027027027027023,0.5007153075822603,0.8909957568258726,0.8833791169698506,7852,26023,0.35201222618441164,0.5,0.14798777381558836,0.22838050314465405,0.8880016891379968,0.8854252217282732,0.8907735443081614,0.8873478841588707,-0.003425660149290688,0.6326664480157429,0.46736634962282714,0.9060706355523901,0.9499769575600151,0.0020461047584225955,0.23050193050193046,-0.002994067687875801,0.1082194340472486,True,True,True,0.27233480443760627,True,True,True,True,True
mimic_race_unmatched,MIMIC race (unmatched cohort),revision/EXP-3/runs,rev3__mimic_unmatched__densenet121__seed123__pr0.5,densenet121,123,0.5,pleural_effusion,BLACK_OR_AA,youden_j,0.8291316526610645,0.8172236293814854,0.288330078125,WHITE,1295,6993,0.24092664092664093,0.43938223938223936,0.19845559845559843,0.2614445574771109,0.8909957568258726,0.8833791169698506,7852,26023,0.16874681609780948,0.23700967906265918,0.06826286296484971,0.08212042285889382,0.8880016891379968,0.8854252217282732,0.8907735443081614,0.8873478841588707,-0.003425660149290688,0.8210342188695747,0.734339127582814,0.8061502367087017,0.8592316393648666,0.0020461047584225955,0.20237256031958017,-0.002994067687875801,0.07217982482883145,True,True,True,0.17932413461821706,True,True,True,True,False
mimic_race_unmatched,MIMIC race (unmatched cohort),revision/EXP-3/runs,rev3__mimic_unmatched__densenet121__seed123__pr0.5,densenet121,123,0.5,pleural_effusion,BLACK_OR_AA,sens0.80,0.8000430941607413,0.841326905792957,0.32861328125,WHITE,1295,6993,0.29034749034749036,0.4988416988416988,0.20849420849420847,0.2937976060935799,0.8909957568258726,0.8833791169698506,7852,26023,0.19905756495160468,0.2761079979623026,0.07705043301069794,0.09619971378597555,0.8880016891379968,0.8854252217282732,0.8907735443081614,0.8873478841588707,-0.003425660149290688,0.7880179293757517,0.6923581502131847,0.8293183627299007,0.8803887888055637,0.0020461047584225955,0.2227337008793962,-0.002994067687875801,0.09128992539588568,True,True,True,0.19759789230760436,True,True,True,True,False
mimic_race_unmatched,MIMIC race (unmatched cohort),revision/EXP-3/runs,rev3__mimic_unmatched__densenet121__seed123__pr0.5,densenet121,123,0.5,pleural_effusion,BLACK_OR_AA,spec0.90,0.6845507433742728,0.899828417354359,0.462890625,WHITE,1295,6993,0.41544401544401544,0.6841698841698842,0.2687258687258688,0.4597093791281375,0.8909957568258726,0.8833791169698506,7852,26023,0.31915435557819666,0.44600101884870097,0.1268466632705043,0.18630751964085293,0.8880016891379968,0.8854252217282732,0.8907735443081614,0.8873478841588707,-0.003425660149290688,0.667213293976167,0.5202798731824642,0.892077590179731,0.9379110980770037,0.0020461047584225955,0.23816886532118325,-0.002994067687875801,0.09628965986581878,True,True,True,0.27340185948728457,True,True,True,True,True
mimic_race_unmatched,MIMIC race (unmatched cohort),revision/EXP-3/runs,rev3__mimic_unmatched__densenet121__seed123__pr0.6,densenet121,123,0.6,pleural_effusion,BLACK_OR_AA,t0.5,0.6492135315664728,0.9124111447013645,0.5,WHITE,1295,6993,0.46023166023166023,0.6285714285714286,0.16833976833976833,0.31187410586552217,0.8909957568258726,0.8826147086764847,7852,26023,0.35201222618441164,0.36653082017320426,0.014518593988792627,0.022405660377358434,0.8880016891379968,0.8860681593576706,0.8907735443081614,0.8873081987734489,-0.0034653455347124495,0.6326664480157429,0.5963703946649175,0.9060706355523901,0.915580878964347,0.0034534506811858545,0.2620406083982243,-0.002994067687875801,0.1082194340472486,True,True,True,0.28946844548816375,True,True,True,True,True
mimic_race_unmatched,MIMIC race (unmatched cohort),revision/EXP-3/runs,rev3__mimic_unmatched__densenet121__seed123__pr0.6,densenet121,123,0.6,pleural_effusion,BLACK_OR_AA,youden_j,0.8291316526610645,0.8172236293814854,0.288330078125,WHITE,1295,6993,0.24092664092664093,0.40077220077220077,0.15984555984555984,0.2105798575788403,0.8909957568258726,0.8826147086764847,7852,26023,0.16874681609780948,0.18122771268466634,0.01248089658685686,0.015014554925693285,0.8880016891379968,0.8860681593576706,0.8907735443081614,0.8873081987734489,-0.0034653455347124495,0.8210342188695747,0.7876899529900514,0.8061502367087017,0.8218609912438728,0.0034534506811858545,0.21954448808753443,-0.002994067687875801,0.07217982482883145,True,True,True,0.195565302653147,True,True,True,True,False
mimic_race_unmatched,MIMIC race (unmatched cohort),revision/EXP-3/runs,rev3__mimic_unmatched__densenet121__seed123__pr0.6,densenet121,123,0.6,pleural_effusion,BLACK_OR_AA,sens0.80,0.8000430941607413,0.841326905792957,0.32861328125,WHITE,1295,6993,0.29034749034749036,0.4416988416988417,0.15135135135135136,0.2132752992383025,0.8909957568258726,0.8826147086764847,7852,26023,0.19905756495160468,0.2088639836984208,0.00980641874681612,0.01224359993639691,0.8880016891379968,0.8860681593576706,0.8907735443081614,0.8873081987734489,-0.0034653455347124495,0.7880179293757517,0.7581720782770307,0.8293183627299007,0.8455737567556244,0.0034534506811858545,0.23283485800042092,-0.002994067687875801,0.09128992539588568,True,True,True,0.2010316993019056,True,True,True,True,False
mimic_race_unmatched,MIMIC race (unmatched cohort),revision/EXP-3/runs,rev3__mimic_unmatched__densenet121__seed123__pr0.6,densenet121,123,0.6,pleural_effusion,BLACK_OR_AA,spec0.90,0.6845507433742728,0.899828417354359,0.462890625,WHITE,1295,6993,0.41544401544401544,0.5915057915057915,0.1760617760617761,0.30118890356671074,0.8909957568258726,0.8826147086764847,7852,26023,0.31915435557819666,0.3306164034640856,0.011462047885888949,0.016835016835016838,0.8880016891379968,0.8860681593576706,0.8907735443081614,0.8873081987734489,-0.0034653455347124495,0.667213293976167,0.6324477970919428,0.892077590179731,0.9033893334450542,0.0034534506811858545,0.2608893880417059,-0.002994067687875801,0.09628965986581878,True,True,True,0.28435388673169393,True,True,True,True,True
mimic_race_unmatched,MIMIC race (unmatched cohort),revision/EXP-3/runs,rev3__mimic_unmatched__densenet121__seed123__pr0.65,densenet121,123,0.65,pleural_effusion,BLACK_OR_AA,t0.5,0.6492135315664728,0.9124111447013645,0.5,WHITE,1295,6993,0.46023166023166023,0.6810810810810811,0.22084942084942089,0.40915593705293285,0.8909957568258726,0.8816922147037979,7852,26023,0.35201222618441164,0.44396332144676515,0.09195109526235351,0.1419025157232704,0.8880016891379968,0.8860621248195911,0.8907735443081614,0.8876738246332292,-0.0030997196749321665,0.6326664480157429,0.5224663824204657,0.9060706355523901,0.9374502492773052,0.004369910115793241,0.23711775963431597,-0.002994067687875801,0.1082194340472486,True,True,True,0.26725342132966246,True,True,True,True,True
mimic_race_unmatched,MIMIC race (unmatched cohort),revision/EXP-3/runs,rev3__mimic_unmatched__densenet121__seed123__pr0.65,densenet121,123,0.65,pleural_effusion,BLACK_OR_AA,youden_j,0.8291316526610645,0.8172236293814854,0.288330078125,WHITE,1295,6993,0.24092664092664093,0.39768339768339767,0.15675675675675674,0.2065106815869786,0.8909957568258726,0.8816922147037979,7852,26023,0.16874681609780948,0.21548650025471217,0.04673968415690269,0.0562279760992799,0.8880016891379968,0.8860621248195911,0.8907735443081614,0.8876738246332292,-0.0030997196749321665,0.8210342188695747,0.7587187055865311,0.8061502367087017,0.8452804893376346,0.004369910115793241,0.1821968974286855,-0.002994067687875801,0.07217982482883145,True,True,True,0.1502827054876987,True,True,True,True,False
mimic_race_unmatched,MIMIC race (unmatched cohort),revision/EXP-3/runs,rev3__mimic_unmatched__densenet121__seed123__pr0.65,densenet121,123,0.65,pleural_effusion,BLACK_OR_AA,sens0.80,0.8000430941607413,0.841326905792957,0.32861328125,WHITE,1295,6993,0.29034749034749036,0.4640926640926641,0.17374517374517373,0.2448313384113166,0.8909957568258726,0.8816922147037979,7852,26023,0.19905756495160468,0.250254712175242,0.0511971472236373,0.06392113213547465,0.8880016891379968,0.8860621248195911,0.8907735443081614,0.8876738246332292,-0.0030997196749321665,0.7880179293757517,0.7194708647644036,0.8293183627299007,0.8672336503414471,0.004369910115793241,0.2138379519174221,-0.002994067687875801,0.09128992539588568,True,True,True,0.18091020627584195,True,True,True,True,False
mimic_race_unmatched,MIMIC race (unmatched cohort),revision/EXP-3/runs,rev3__mimic_unmatched__densenet121__seed123__pr0.65,densenet121,123,0.65,pleural_effusion,BLACK_OR_AA,spec0.90,0.6845507433742728,0.899828417354359,0.462890625,WHITE,1295,6993,0.41544401544401544,0.6362934362934363,0.22084942084942083,0.3778071334214002,0.8909957568258726,0.8816922147037979,7852,26023,0.31915435557819666,0.3974783494651044,0.07832399388690775,0.1150392817059483,0.8880016891379968,0.8860621248195911,0.8907735443081614,0.8876738246332292,-0.0030997196749321665,0.667213293976167,0.5687110528041981,0.892077590179731,0.9245045875403243,0.004369910115793241,0.23881508682833186,-0.002994067687875801,0.09628965986581878,True,True,True,0.2627678517154519,True,True,True,True,True
mimic_race_unmatched,MIMIC race (unmatched cohort),phase2b,phase2b__mimic_cxr_unmatched__densenet121__seed123__pr0.75,densenet121,123,0.75,pleural_effusion,BLACK_OR_AA,t0.5,0.6492135315664728,0.9124111447013645,0.5,WHITE,1295,6993,0.46023166023166023,0.6077220077220077,0.14749034749034745,0.273247496423462,0.8909957568258726,0.873060045453868,7852,26023,0.35201222618441164,0.31138563423331633,-0.0406265919510953,-0.06269654088050321,0.8880016891379968,0.8853642665857914,0.8907735443081614,0.8846983092908234,-0.0060752350173379766,0.6326664480157429,0.6466601071389526,0.9060706355523901,0.8960995433407348,0.01230422113192342,0.29633637348869135,-0.002994067687875801,0.1082194340472486,True,True,True,0.3359440373039652,True,True,True,True,False
mimic_race_unmatched,MIMIC race (unmatched cohort),phase2b,phase2b__mimic_cxr_unmatched__densenet121__seed123__pr0.75,densenet121,123,0.75,pleural_effusion,BLACK_OR_AA,youden_j,0.8291316526610645,0.8172236293814854,0.288330078125,WHITE,1295,6993,0.24092664092664093,0.3969111969111969,0.155984555984556,0.20549338758901323,0.8909957568258726,0.873060045453868,7852,26023,0.16874681609780948,0.15422822210901682,-0.014518593988792655,-0.017465910831928902,0.8880016891379968,0.8853642665857914,0.8907735443081614,0.8846983092908234,-0.0060752350173379766,0.8210342188695747,0.811413578222368,0.8061502367087017,0.7996145628220704,0.01230422113192342,0.2426829748021801,-0.002994067687875801,0.07217982482883145,True,True,True,0.22295929842094214,True,True,True,True,False
mimic_race_unmatched,MIMIC race (unmatched cohort),phase2b,phase2b__mimic_cxr_unmatched__densenet121__seed123__pr0.75,densenet121,123,0.75,pleural_effusion,BLACK_OR_AA,sens0.80,0.8000430941607413,0.841326905792957,0.32861328125,WHITE,1295,6993,0.29034749034749036,0.43166023166023165,0.1413127413127413,0.1991294885745375,0.8909957568258726,0.873060045453868,7852,26023,0.19905756495160468,0.17957208354559348,-0.019485481406011196,-0.024328192081411973,0.8880016891379968,0.8853642665857914,0.8907735443081614,0.8846983092908234,-0.0060752350173379766,0.7880179293757517,0.7847381655187493,0.8293183627299007,0.8219866772801542,0.01230422113192342,0.2520881481146382,-0.002994067687875801,0.09128992539588568,False,True,True,0.22345768065594945,False,True,True,False,False
mimic_race_unmatched,MIMIC race (unmatched cohort),phase2b,phase2b__mimic_cxr_unmatched__densenet121__seed123__pr0.75,densenet121,123,0.75,pleural_effusion,BLACK_OR_AA,spec0.90,0.6845507433742728,0.899828417354359,0.462890625,WHITE,1295,6993,0.41544401544401544,0.5637065637065637,0.14826254826254825,0.2536327608982827,0.8909957568258726,0.873060045453868,7852,26023,0.31915435557819666,0.2812022414671421,-0.037952114111054536,-0.05574261129816689,0.8880016891379968,0.8853642665857914,0.8907735443081614,0.8846983092908234,-0.0060752350173379766,0.667213293976167,0.6788017929375751,0.892077590179731,0.8816875445138045,0.01230422113192342,0.28250432223942157,-0.002994067687875801,0.09628965986581878,True,True,True,0.30937537219644956,True,True,True,True,False
mimic_race_unmatched,MIMIC race (unmatched cohort),revision/EXP-3/runs,rev3__mimic_unmatched__densenet121__seed123__pr0.85,densenet121,123,0.85,pleural_effusion,BLACK_OR_AA,t0.5,0.6492135315664728,0.9124111447013645,0.5,WHITE,1295,6993,0.46023166023166023,0.7853281853281854,0.32509652509652515,0.6022889842632333,0.8909957568258726,0.8708360042336876,7852,26023,0.35201222618441164,0.456316861946001,0.10430463576158938,0.16096698113207544,0.8880016891379968,0.8851548099417677,0.8907735443081614,0.8838700277314027,-0.006903516576758695,0.6326664480157429,0.49710287525964797,0.9060706355523901,0.9425614814194143,0.014318805708080085,0.32901132338218436,-0.002994067687875801,0.1082194340472486,True,True,True,0.4413220031311579,True,True,True,True,True
mimic_race_unmatched,MIMIC race (unmatched cohort),revision/EXP-3/runs,rev3__mimic_unmatched__densenet121__seed123__pr0.85,densenet121,123,0.85,pleural_effusion,BLACK_OR_AA,youden_j,0.8291316526610645,0.8172236293814854,0.288330078125,WHITE,1295,6993,0.24092664092664093,0.518918918918919,0.277992277992278,0.3662258392675483,0.8909957568258726,0.8708360042336876,7852,26023,0.16874681609780948,0.2258023433520122,0.05705552725420274,0.0686379653745978,0.8880016891379968,0.8851548099417677,0.8907735443081614,0.8838700277314027,-0.006903516576758695,0.8210342188695747,0.7326992456543129,0.8061502367087017,0.8541623025681847,0.014318805708080085,0.29311657556690673,-0.002994067687875801,0.07217982482883145,True,True,True,0.2975878738929505,True,True,True,True,True
mimic_race_unmatched,MIMIC race (unmatched cohort),revision/EXP-3/runs,rev3__mimic_unmatched__densenet121__seed123__pr0.85,densenet121,123,0.85,pleural_effusion,BLACK_OR_AA,sens0.80,0.8000430941607413,0.841326905792957,0.32861328125,WHITE,1295,6993,0.29034749034749036,0.5791505791505791,0.28880308880308875,0.40696409140369955,0.8909957568258726,0.8708360042336876,7852,26023,0.19905756495160468,0.2632450331125828,0.06418746816097812,0.080139926856416,0.8880016891379968,0.8851548099417677,0.8907735443081614,0.8838700277314027,-0.006903516576758695,0.7880179293757517,0.6920301738274844,0.8293183627299007,0.8749004985546106,0.014318805708080085,0.3159055460379963,-0.002994067687875801,0.09128992539588568,True,True,True,0.3268241645472836,True,True,True,True,True
mimic_race_unmatched,MIMIC race (unmatched cohort),revision/EXP-3/runs,rev3__mimic_unmatched__densenet121__seed123__pr0.85,densenet121,123,0.85,pleural_effusion,BLACK_OR_AA,spec0.90,0.6845507433742728,0.899828417354359,0.462890625,WHITE,1295,6993,0.41544401544401544,0.7513513513513513,0.3359073359073359,0.5746367239101717,0.8909957568258726,0.8708360042336876,7852,26023,0.31915435557819666,0.4105960264900662,0.09144167091186955,0.13430602319491203,0.8880016891379968,0.8851548099417677,0.8907735443081614,0.8838700277314027,-0.006903516576758695,0.667213293976167,0.5411610364053788,0.892077590179731,0.9314173195357995,0.014318805708080085,0.3407553248612851,-0.002994067687875801,0.09628965986581878,True,True,True,0.4403307007152597,True,True,True,True,True
mimic_race_unmatched,MIMIC race (unmatched cohort),phase2b,phase2b__mimic_cxr_unmatched__densenet121__seed123__pr0.9,densenet121,123,0.9,pleural_effusion,BLACK_OR_AA,t0.5,0.6492135315664728,0.9124111447013645,0.5,WHITE,1295,6993,0.46023166023166023,0.7891891891891892,0.328957528957529,0.609442060085837,0.8909957568258726,0.8711271718993727,7852,26023,0.35201222618441164,0.489047376464595,0.13703515028018337,0.21147798742138363,0.8880016891379968,0.8857557546154124,0.8907735443081614,0.8847580285934747,-0.0060155157146866145,0.6326664480157429,0.4684596042418279,0.9060706355523901,0.9494323180694625,0.014628582716039729,0.3001418127245942,-0.002994067687875801,0.1082194340472486,True,True,True,0.3979640726644534,True,True,True,True,True
mimic_race_unmatched,MIMIC race (unmatched cohort),phase2b,phase2b__mimic_cxr_unmatched__densenet121__seed123__pr0.9,densenet121,123,0.9,pleural_effusion,BLACK_OR_AA,youden_j,0.8291316526610645,0.8172236293814854,0.288330078125,WHITE,1295,6993,0.24092664092664093,0.5436293436293437,0.3027027027027027,0.39877924720244157,0.8909957568258726,0.8711271718993727,7852,26023,0.16874681609780948,0.2422312786551197,0.07348446255731023,0.08840202236862263,0.8880016891379968,0.8857557546154124,0.8907735443081614,0.8847580285934747,-0.0060155157146866145,0.8210342188695747,0.7150978462884006,0.8061502367087017,0.865180778415518,0.014628582716039729,0.30139806497422394,-0.002994067687875801,0.07217982482883145,True,True,True,0.3103772248338189,True,True,True,True,True
mimic_race_unmatched,MIMIC race (unmatched cohort),phase2b,phase2b__mimic_cxr_unmatched__densenet121__seed123__pr0.9,densenet121,123,0.9,pleural_effusion,BLACK_OR_AA,sens0.80,0.8000430941607413,0.841326905792957,0.32861328125,WHITE,1295,6993,0.29034749034749036,0.5884169884169884,0.29806949806949806,0.4200217627856365,0.8909957568258726,0.8711271718993727,7852,26023,0.19905756495160468,0.28425878757004586,0.08520122261844118,0.1063762124344093,0.8880016891379968,0.8857557546154124,0.8907735443081614,0.8847580285934747,-0.0060155157146866145,0.7880179293757517,0.6726795670711708,0.8293183627299007,0.8868406720013406,0.014628582716039729,0.30415820084694256,-0.002994067687875801,0.09128992539588568,True,True,True,0.3136455503512272,True,True,True,True,True
mimic_race_unmatched,MIMIC race (unmatched cohort),phase2b,phase2b__mimic_cxr_unmatched__densenet121__seed123__pr0.9,densenet121,123,0.9,pleural_effusion,BLACK_OR_AA,spec0.90,0.6845507433742728,0.899828417354359,0.462890625,WHITE,1295,6993,0.41544401544401544,0.7482625482625482,0.3328185328185328,0.5693527080581241,0.8909957568258726,0.8711271718993727,7852,26023,0.31915435557819666,0.44256240448293427,0.12340804890473761,0.18125701459034785,0.8880016891379968,0.8857557546154124,0.8907735443081614,0.8847580285934747,-0.0060155157146866145,0.667213293976167,0.51415764731606,0.892077590179731,0.9385395282584105,0.014628582716039729,0.30570014377961396,-0.002994067687875801,0.09628965986581878,True,True,True,0.3880956934677763,True,True,True,True,True
mimic_race_unmatched,MIMIC race (unmatched cohort),phase2b,phase2b__mimic_cxr_unmatched__densenet121__seed123__pr1.0,densenet121,123,1.0,pleural_effusion,BLACK_OR_AA,t0.5,0.6492135315664728,0.9124111447013645,0.5,WHITE,1295,6993,0.46023166023166023,0.7189189189189189,0.25868725868725867,0.47925608011444926,0.8909957568258726,0.8322161403242483,7852,26023,0.35201222618441164,0.369332654100866,0.017320427916454384,0.02672955974842764,0.8880016891379968,0.884969063916005,0.8907735443081614,0.8760361248627494,-0.014737419445411959,0.6326664480157429,0.5811741554608069,0.9060706355523901,0.9187230298713813,0.05275292359175676,0.3495862648180529,-0.002994067687875801,0.1082194340472486,True,True,True,0.4525265203660216,True,True,True,True,True
mimic_race_unmatched,MIMIC race (unmatched cohort),phase2b,phase2b__mimic_cxr_unmatched__densenet121__seed123__pr1.0,densenet121,123,1.0,pleural_effusion,BLACK_OR_AA,youden_j,0.8291316526610645,0.8172236293814854,0.288330078125,WHITE,1295,6993,0.24092664092664093,0.5158301158301158,0.2749034749034749,0.3621566632756867,0.8909957568258726,0.8322161403242483,7852,26023,0.16874681609780948,0.17333163525216505,0.004584819154355574,0.005515550789030177,0.8880016891379968,0.884969063916005,0.8907735443081614,0.8760361248627494,-0.014737419445411959,0.8210342188695747,0.7781786378047447,0.8061502367087017,0.8196824332816625,0.05275292359175676,0.3424984805779508,-0.002994067687875801,0.07217982482883145,True,True,True,0.35664111248665653,True,True,True,True,True
mimic_race_unmatched,MIMIC race (unmatched cohort),phase2b,phase2b__mimic_cxr_unmatched__densenet121__seed123__pr1.0,densenet121,123,1.0,pleural_effusion,BLACK_OR_AA,sens0.80,0.8000430941607413,0.841326905792957,0.32861328125,WHITE,1295,6993,0.29034749034749036,0.555984555984556,0.26563706563706563,0.3743199129488574,0.8909957568258726,0.8322161403242483,7852,26023,0.19905756495160468,0.20287824758023434,0.003820682628629668,0.004770233741453356,0.8880016891379968,0.884969063916005,0.8907735443081614,0.8760361248627494,-0.014737419445411959,0.7880179293757517,0.747130206625123,0.8293183627299007,0.8423897105031631,0.05275292359175676,0.35310630840432167,-0.002994067687875801,0.09128992539588568,True,True,True,0.36954967920740406,True,True,True,True,True
mimic_race_unmatched,MIMIC race (unmatched cohort),phase2b,phase2b__mimic_cxr_unmatched__densenet121__seed123__pr1.0,densenet121,123,1.0,pleural_effusion,BLACK_OR_AA,spec0.90,0.6845507433742728,0.899828417354359,0.462890625,WHITE,1295,6993,0.41544401544401544,0.6810810810810811,0.2656370656370657,0.4544253632760899,0.8909957568258726,0.8322161403242483,7852,26023,0.31915435557819666,0.3251400916963831,0.005985736118186424,0.008791619902730977,0.8880016891379968,0.884969063916005,0.8907735443081614,0.8760361248627494,-0.014737419445411959,0.667213293976167,0.6244670383732371,0.892077590179731,0.9032217520633458,0.05275292359175676,0.35594098938469804,-0.002994067687875801,0.09628965986581878,True,True,True,0.4456337433733589,True,True,True,True,True
mimic_race_unmatched,MIMIC race (unmatched cohort),phase4,phase4__mimic_cxr_unmatched__efficientnet_b4__seed7__pr0.0,efficientnet_b4,7,0.0,pleural_effusion,BLACK_OR_AA,t0.5,0.5718595130359836,0.9288340550698586,0.5,WHITE,1295,6993,0.522007722007722,0.522007722007722,0.0,0.0,0.8797790595087892,0.8797790595087892,7852,26023,0.413143148242486,0.413143148242486,0.0,0.0,0.8795884321675727,0.8795884321675727,0.8819169429425839,0.8819169429425839,0.0,0.5714441893517,0.5714441893517,0.9201893669613306,0.9201893669613306,-0.00019062734121655378,0.10886457376523606,-0.00019062734121655378,0.10886457376523606,False,False,True,0.0,False,False,False,False,False
mimic_race_unmatched,MIMIC race (unmatched cohort),phase4,phase4__mimic_cxr_unmatched__efficientnet_b4__seed7__pr0.0,efficientnet_b4,7,0.0,pleural_effusion,BLACK_OR_AA,youden_j,0.8248222365869424,0.8057030803170193,0.235595703125,WHITE,1295,6993,0.2594594594594595,0.2594594594594595,0.0,0.0,0.8797790595087892,0.8797790595087892,7852,26023,0.1728222109016811,0.1728222109016811,0.0,0.0,0.8795884321675727,0.8795884321675727,0.8819169429425839,0.8819169429425839,0.0,0.8149119930031704,0.8149119930031704,0.7913611797729272,0.7913611797729272,-0.00019062734121655378,0.08663724855777838,-0.00019062734121655378,0.08663724855777838,False,False,True,0.0,False,False,False,False,False
mimic_race_unmatched,MIMIC race (unmatched cohort),phase4,phase4__mimic_cxr_unmatched__efficientnet_b4__seed7__pr0.0,efficientnet_b4,7,0.0,pleural_effusion,BLACK_OR_AA,sens0.80,0.8002585649644474,0.8269466459678079,0.265625,WHITE,1295,6993,0.27953667953667954,0.27953667953667954,0.0,0.0,0.8797790595087892,0.8797790595087892,7852,26023,0.19651044319918493,0.19651044319918493,0.0,0.0,0.8795884321675727,0.8795884321675727,0.8819169429425839,0.8819169429425839,0.0,0.7917349950803542,0.7917349950803542,0.8128115966316142,0.8128115966316142,-0.00019062734121655378,0.08302623633749462,-0.00019062734121655378,0.08302623633749462,False,False,True,0.0,False,False,False,False,False
mimic_race_unmatched,MIMIC race (unmatched cohort),phase4,phase4__mimic_cxr_unmatched__efficientnet_b4__seed7__pr0.0,efficientnet_b4,7,0.0,pleural_effusion,BLACK_OR_AA,spec0.90,0.6602025425554837,0.8999101233760928,0.414306640625,WHITE,1295,6993,0.42393822393822395,0.42393822393822395,0.0,0.0,0.8797790595087892,0.8797790595087892,7852,26023,0.32654100866021396,0.32654100866021396,0.0,0.0,0.8795884321675727,0.8795884321675727,0.8819169429425839,0.8819169429425839,0.0,0.6596698371050618,0.6596698371050618,0.8883489044367171,0.8883489044367171,-0.00019062734121655378,0.09739721527800999,-0.00019062734121655378,0.09739721527800999,False,False,True,0.0,False,False,False,False,False
mimic_race_unmatched,MIMIC race (unmatched cohort),phase4,phase4__mimic_cxr_unmatched__efficientnet_b4__seed7__pr0.5,efficientnet_b4,7,0.5,pleural_effusion,BLACK_OR_AA,t0.5,0.5718595130359836,0.9288340550698586,0.5,WHITE,1295,6993,0.522007722007722,0.684942084942085,0.16293436293436292,0.3408723747980614,0.8797790595087892,0.8730431052824874,7852,26023,0.413143148242486,0.46357615894039733,0.05043301069791134,0.08593749999999997,0.8795884321675727,0.8778021703479032,0.8819169429425839,0.8797165075213779,-0.0022004354212060706,0.5714441893517,0.5050836339783535,0.9201893669613306,0.935983912187356,0.004759065065415791,0.22136592600168764,-0.00019062734121655378,0.10886457376523606,True,True,True,0.25493487479806143,True,True,True,True,True
mimic_race_unmatched,MIMIC race (unmatched cohort),phase4,phase4__mimic_cxr_unmatched__efficientnet_b4__seed7__pr0.5,efficientnet_b4,7,0.5,pleural_effusion,BLACK_OR_AA,youden_j,0.8248222365869424,0.8057030803170193,0.235595703125,WHITE,1295,6993,0.2594594594594595,0.33976833976833976,0.08030888030888028,0.10844629822732009,0.8797790595087892,0.8730431052824874,7852,26023,0.1728222109016811,0.19230769230769232,0.019485481406011224,0.023556581986143205,0.8795884321675727,0.8778021703479032,0.8819169429425839,0.8797165075213779,-0.0022004354212060706,0.8149119930031704,0.7868153492948508,0.7913611797729272,0.8098789224517157,0.004759065065415791,0.14746064746064744,-0.00019062734121655378,0.08663724855777838,False,True,True,0.08488971624117689,False,True,False,False,False
mimic_race_unmatched,MIMIC race (unmatched cohort),phase4,phase4__mimic_cxr_unmatched__efficientnet_b4__seed7__pr0.5,efficientnet_b4,7,0.5,pleural_effusion,BLACK_OR_AA,sens0.80,0.8002585649644474,0.8269466459678079,0.265625,WHITE,1295,6993,0.27953667953667954,0.37915057915057915,0.0996138996138996,0.1382636655948553,0.8797790595087892,0.8730431052824874,7852,26023,0.19651044319918493,0.21548650025471217,0.01897605705552724,0.0236170550007925,0.8795884321675727,0.8778021703479032,0.8819169429425839,0.8797165075213779,-0.0022004354212060706,0.7917349950803542,0.7613425166721329,0.8128115966316142,0.8306171184381416,0.004759065065415791,0.16366407889586698,-0.00019062734121655378,0.08302623633749462,False,True,True,0.11464661059406281,False,True,False,False,False
mimic_race_unmatched,MIMIC race (unmatched cohort),phase4,phase4__mimic_cxr_unmatched__efficientnet_b4__seed7__pr0.5,efficientnet_b4,7,0.5,pleural_effusion,BLACK_OR_AA,spec0.90,0.6602025425554837,0.8999101233760928,0.414306640625,WHITE,1295,6993,0.42393822393822395,0.5737451737451738,0.1498069498069498,0.26005361930294907,0.8797790595087892,0.8730431052824874,7852,26023,0.32654100866021396,0.36385634233316355,0.03731533367294959,0.05540847201210291,0.8795884321675727,0.8778021703479032,0.8819169429425839,0.8797165075213779,-0.0022004354212060706,0.6596698371050618,0.6064283371597246,0.8883489044367171,0.9058192634798274,0.004759065065415791,0.2098888314120102,-0.00019062734121655378,0.09739721527800999,True,True,True,0.20464514729084615,True,True,True,True,False
mimic_race_unmatched,MIMIC race (unmatched cohort),phase4,phase4__mimic_cxr_unmatched__efficientnet_b4__seed7__pr0.75,efficientnet_b4,7,0.75,pleural_effusion,BLACK_OR_AA,t0.5,0.5718595130359836,0.9288340550698586,0.5,WHITE,1295,6993,0.522007722007722,0.7559845559845559,0.2339768339768339,0.4894991922455572,0.8797790595087892,0.8717164865813515,7852,26023,0.413143148242486,0.47771268466632705,0.06456953642384106,0.11002604166666666,0.8795884321675727,0.8779027670088257,0.8819169429425839,0.8790412697000244,-0.002875673242559551,0.5714441893517,0.482890565212638,0.9201893669613306,0.9399639700029326,0.006186280427474267,0.2782718713182289,-0.00019062734121655378,0.10886457376523606,True,True,True,0.37947315057889053,True,True,True,True,True
mimic_race_unmatched,MIMIC race (unmatched cohort),phase4,phase4__mimic_cxr_unmatched__efficientnet_b4__seed7__pr0.75,efficientnet_b4,7,0.75,pleural_effusion,BLACK_OR_AA,youden_j,0.8248222365869424,0.8057030803170193,0.235595703125,WHITE,1295,6993,0.2594594594594595,0.39845559845559847,0.138996138996139,0.18769551616266944,0.8797790595087892,0.8717164865813515,7852,26023,0.1728222109016811,0.18224656138563422,0.009424350483953126,0.011393379522709766,0.8795884321675727,0.8779027670088257,0.8819169429425839,0.8790412697000244,-0.002875673242559551,0.8149119930031704,0.787143325680551,0.7913611797729272,0.8113452595416649,0.006186280427474267,0.21620903706996425,-0.00019062734121655378,0.08663724855777838,False,True,True,0.17630213663995967,False,True,True,False,False
mimic_race_unmatched,MIMIC race (unmatched cohort),phase4,phase4__mimic_cxr_unmatched__efficientnet_b4__seed7__pr0.75,efficientnet_b4,7,0.75,pleural_effusion,BLACK_OR_AA,sens0.80,0.8002585649644474,0.8269466459678079,0.265625,WHITE,1295,6993,0.27953667953667954,0.43397683397683395,0.1544401544401544,0.21436227224008572,0.8797790595087892,0.8717164865813515,7852,26023,0.19651044319918493,0.20822720326031585,0.011716760061130926,0.014582342685053103,0.8795884321675727,0.8779027670088257,0.8819169429425839,0.8790412697000244,-0.002875673242559551,0.7917349950803542,0.7598119602055319,0.8128115966316142,0.833130839163769,0.006186280427474267,0.2257496307165181,-0.00019062734121655378,0.08302623633749462,True,True,True,0.19977992955503263,True,True,True,True,False
mimic_race_unmatched,MIMIC race (unmatched cohort),phase4,phase4__mimic_cxr_unmatched__efficientnet_b4__seed7__pr0.75,efficientnet_b4,7,0.75,pleural_effusion,BLACK_OR_AA,spec0.90,0.6602025425554837,0.8999101233760928,0.414306640625,WHITE,1295,6993,0.42393822393822395,0.6393822393822394,0.21544401544401542,0.373994638069705,0.8797790595087892,0.8717164865813515,7852,26023,0.32654100866021396,0.3658940397350993,0.03935303107488536,0.05843419062027228,0.8795884321675727,0.8779027670088257,0.8819169429425839,0.8790412697000244,-0.002875673242559551,0.6596698371050618,0.5953864655078168,0.8883489044367171,0.9094641585319871,0.006186280427474267,0.27348819964714005,-0.00019062734121655378,0.09739721527800999,True,True,True,0.31556044744943273,True,True,True,True,True
mimic_race_unmatched,MIMIC race (unmatched cohort),phase4,phase4__mimic_cxr_unmatched__efficientnet_b4__seed7__pr1.0,efficientnet_b4,7,1.0,pleural_effusion,BLACK_OR_AA,t0.5,0.5718595130359836,0.9288340550698586,0.5,WHITE,1295,6993,0.522007722007722,0.6918918918918919,0.16988416988416988,0.3554119547657512,0.8797790595087892,0.8593767914231234,7852,26023,0.413143148242486,0.39684156902699946,-0.016301579215486528,-0.027777777777777825,0.8795884321675727,0.8749427735151931,0.8819169429425839,0.873703923152605,-0.008213019789978904,0.5714441893517,0.561386246856893,0.9201893669613306,0.9170891113997235,0.015565982092069719,0.29505032286489247,-0.00019062734121655378,0.10886457376523606,True,True,True,0.38318973254352906,True,True,True,True,True
mimic_race_unmatched,MIMIC race (unmatched cohort),phase4,phase4__mimic_cxr_unmatched__efficientnet_b4__seed7__pr1.0,efficientnet_b4,7,1.0,pleural_effusion,BLACK_OR_AA,youden_j,0.8248222365869424,0.8057030803170193,0.235595703125,WHITE,1295,6993,0.2594594594594595,0.37683397683397685,0.11737451737451737,0.15849843587069865,0.8797790595087892,0.8593767914231234,7852,26023,0.1728222109016811,0.14811512990320938,-0.024707080998471714,-0.029869130100076965,0.8795884321675727,0.8749427735151931,0.8819169429425839,0.873703923152605,-0.008213019789978904,0.8149119930031704,0.8195036624029737,0.7913611797729272,0.7737232393481084,0.015565982092069719,0.22871884693076747,-0.00019062734121655378,0.08663724855777838,False,True,True,0.1883675659707756,False,True,True,False,False
mimic_race_unmatched,MIMIC race (unmatched cohort),phase4,phase4__mimic_cxr_unmatched__efficientnet_b4__seed7__pr1.0,efficientnet_b4,7,1.0,pleural_effusion,BLACK_OR_AA,sens0.80,0.8002585649644474,0.8269466459678079,0.265625,WHITE,1295,6993,0.27953667953667954,0.41312741312741313,0.1335907335907336,0.18542336548767419,0.8797790595087892,0.8593767914231234,7852,26023,0.19651044319918493,0.17002037697401937,-0.02649006622516556,-0.032968774766207,0.8795884321675727,0.8749427735151931,0.8819169429425839,0.873703923152605,-0.008213019789978904,0.7917349950803542,0.7955613862468569,0.8128115966316142,0.7965980979513176,0.015565982092069719,0.24310703615339377,-0.00019062734121655378,0.08302623633749462,False,True,True,0.21839214025388118,False,True,True,False,False
mimic_race_unmatched,MIMIC race (unmatched cohort),phase4,phase4__mimic_cxr_unmatched__efficientnet_b4__seed7__pr1.0,efficientnet_b4,7,1.0,pleural_effusion,BLACK_OR_AA,spec0.90,0.6602025425554837,0.8999101233760928,0.414306640625,WHITE,1295,6993,0.42393822393822395,0.5899613899613899,0.16602316602316597,0.2882037533512063,0.8797790595087892,0.8593767914231234,7852,26023,0.32654100866021396,0.30399898115129903,-0.02254202750891493,-0.03347201210287444,0.8795884321675727,0.8749427735151931,0.8819169429425839,0.873703923152605,-0.008213019789978904,0.6596698371050618,0.6555154695528589,0.8883489044367171,0.8803049981147094,0.015565982092069719,0.2859624088100909,-0.00019062734121655378,0.09739721527800999,True,True,True,0.3216757654540807,True,True,True,True,False
mimic_race_unmatched,MIMIC race (unmatched cohort),phase4,phase4__mimic_cxr_unmatched__efficientnet_b4__seed42__pr0.0,efficientnet_b4,42,0.0,pleural_effusion,BLACK_OR_AA,t0.5,0.5686274509803921,0.9277718767873192,0.5,WHITE,1295,6993,0.505019305019305,0.505019305019305,0.0,0.0,0.8824735631685439,0.8824735631685439,7852,26023,0.40753948038716253,0.40753948038716253,0.0,0.0,0.8817877935129934,0.8817877935129934,0.8841648043345154,0.8841648043345154,0.0,0.578659669837105,0.578659669837105,0.9210691692153001,0.9210691692153001,-0.00068576965555045,0.0974798246321425,-0.00068576965555045,0.0974798246321425,False,False,True,0.0,False,False,False,False,False
mimic_race_unmatched,MIMIC race (unmatched cohort),phase4,phase4__mimic_cxr_unmatched__efficientnet_b4__seed42__pr0.0,efficientnet_b4,42,0.0,pleural_effusion,BLACK_OR_AA,youden_j,0.8213747037276449,0.8073372007516953,0.25244140625,WHITE,1295,6993,0.2579150579150579,0.2579150579150579,0.0,0.0,0.8824735631685439,0.8824735631685439,7852,26023,0.16938359653591442,0.16938359653591442,0.0,0.0,0.8817877935129934,0.8817877935129934,0.8841648043345154,0.8841648043345154,0.0,0.8180824313982726,0.8180824313982726,0.7921990866814697,0.7921990866814697,-0.00068576965555045,0.0885314613791435,-0.00068576965555045,0.0885314613791435,False,False,True,0.0,False,False,False,False,False
mimic_race_unmatched,MIMIC race (unmatched cohort),phase4,phase4__mimic_cxr_unmatched__efficientnet_b4__seed42__pr0.0,efficientnet_b4,42,0.0,pleural_effusion,BLACK_OR_AA,sens0.80,0.8000430941607413,0.8250674074679304,0.276611328125,WHITE,1295,6993,0.28725868725868725,0.28725868725868725,0.0,0.0,0.8824735631685439,0.8824735631685439,7852,26023,0.19077941925624045,0.19077941925624045,0.0,0.0,0.8817877935129934,0.8817877935129934,0.8841648043345154,0.8841648043345154,0.0,0.7955613862468569,0.7955613862468569,0.8102559805605597,0.8102559805605597,-0.00068576965555045,0.0964792680024468,-0.00068576965555045,0.0964792680024468,False,False,True,0.0,False,False,False,False,False
mimic_race_unmatched,MIMIC race (unmatched cohort),phase4,phase4__mimic_cxr_unmatched__efficientnet_b4__seed42__pr0.0,efficientnet_b4,42,0.0,pleural_effusion,BLACK_OR_AA,spec0.90,0.6550312432665374,0.8999918293978266,0.42412108182907104,WHITE,1295,6993,0.42625482625482625,0.42625482625482625,0.0,0.0,0.8824735631685439,0.8824735631685439,7852,26023,0.3237391747325522,0.3237391747325522,0.0,0.0,0.8817877935129934,0.8817877935129934,0.8841648043345154,0.8841648043345154,0.0,0.6617470208811632,0.6617470208811632,0.8892706020361137,0.8892706020361137,-0.00068576965555045,0.10251565152227404,-0.00068576965555045,0.10251565152227404,False,False,True,0.0,False,False,False,False,False
mimic_race_unmatched,MIMIC race (unmatched cohort),phase4,phase4__mimic_cxr_unmatched__efficientnet_b4__seed42__pr0.5,efficientnet_b4,42,0.5,pleural_effusion,BLACK_OR_AA,t0.5,0.5686274509803921,0.9277718767873192,0.5,WHITE,1295,6993,0.505019305019305,0.6177606177606177,0.11274131274131272,0.22776911076443054,0.8824735631685439,0.8778590604845431,7852,26023,0.40753948038716253,0.413015792154865,0.005476311767702469,0.009243336199484047,0.8817877935129934,0.8801190965501702,0.8841648043345154,0.8821658645931718,-0.001998939741343575,0.578659669837105,0.5579971575379906,0.9210691692153001,0.924085634086053,0.00226003606562708,0.20474482560575274,-0.00068576965555045,0.0974798246321425,True,True,True,0.21852577456494648,True,True,True,True,False
mimic_race_unmatched,MIMIC race (unmatched cohort),phase4,phase4__mimic_cxr_unmatched__efficientnet_b4__seed42__pr0.5,efficientnet_b4,42,0.5,pleural_effusion,BLACK_OR_AA,youden_j,0.8213747037276449,0.8073372007516953,0.25244140625,WHITE,1295,6993,0.2579150579150579,0.3382239382239382,0.08030888030888028,0.10822060353798124,0.8824735631685439,0.8778590604845431,7852,26023,0.16938359653591442,0.173841059602649,0.004457463066734585,0.005366452008586317,0.8817877935129934,0.8801190965501702,0.8841648043345154,0.8821658645931718,-0.001998939741343575,0.8180824313982726,0.802886192194162,0.7921990866814697,0.8023377602748335,0.00226003606562708,0.1643828786212892,-0.00068576965555045,0.0885314613791435,False,True,True,0.10285415152939492,False,True,False,False,False
mimic_race_unmatched,MIMIC race (unmatched cohort),phase4,phase4__mimic_cxr_unmatched__efficientnet_b4__seed42__pr0.5,efficientnet_b4,42,0.5,pleural_effusion,BLACK_OR_AA,sens0.80,0.8000430941607413,0.8250674074679304,0.276611328125,WHITE,1295,6993,0.28725868725868725,0.36525096525096523,0.07799227799227798,0.1094257854821235,0.8824735631685439,0.8778590604845431,7852,26023,0.19077941925624045,0.19268976057055529,0.001910341314314834,0.002360717658168095,0.8817877935129934,0.8801190965501702,0.8841648043345154,0.8821658645931718,-0.001998939741343575,0.7955613862468569,0.782879632666448,0.8102559805605597,0.8194310612090997,0.00226003606562708,0.17256120468040995,-0.00068576965555045,0.0964792680024468,False,True,True,0.1070650678239554,False,True,False,False,False
mimic_race_unmatched,MIMIC race (unmatched cohort),phase4,phase4__mimic_cxr_unmatched__efficientnet_b4__seed42__pr0.5,efficientnet_b4,42,0.5,pleural_effusion,BLACK_OR_AA,spec0.90,0.6550312432665374,0.8999918293978266,0.42412108182907104,WHITE,1295,6993,0.42625482625482625,0.5305019305019305,0.10424710424710426,0.18169582772543744,0.8824735631685439,0.8778590604845431,7852,26023,0.3237391747325522,0.326158940397351,0.0024197656647987897,0.003578154425612071,0.8817877935129934,0.8801190965501702,0.8841648043345154,0.8821658645931718,-0.001998939741343575,0.6617470208811632,0.6449108997485514,0.8892706020361137,0.8957224852318907,0.00226003606562708,0.2043429901045795,-0.00068576965555045,0.10251565152227404,False,True,True,0.17811767329982536,False,True,True,False,False
mimic_race_unmatched,MIMIC race (unmatched cohort),phase4,phase4__mimic_cxr_unmatched__efficientnet_b4__seed42__pr0.75,efficientnet_b4,42,0.75,pleural_effusion,BLACK_OR_AA,t0.5,0.5686274509803921,0.9277718767873192,0.5,WHITE,1295,6993,0.505019305019305,0.7034749034749035,0.19845559845559846,0.4009360374414977,0.8824735631685439,0.8673803447934721,7852,26023,0.40753948038716253,0.4396332144676516,0.032093734080489045,0.05417024935511608,0.8817877935129934,0.8778007896231625,0.8841648043345154,0.8780228308151309,-0.006141973519384503,0.578659669837105,0.5230130097299661,0.9210691692153001,0.9315430055720809,0.0104204448296904,0.2638416890072519,-0.00068576965555045,0.0974798246321425,True,True,True,0.3467657880863816,True,True,True,True,True
mimic_race_unmatched,MIMIC race (unmatched cohort),phase4,phase4__mimic_cxr_unmatched__efficientnet_b4__seed42__pr0.75,efficientnet_b4,42,0.75,pleural_effusion,BLACK_OR_AA,youden_j,0.8213747037276449,0.8073372007516953,0.25244140625,WHITE,1295,6993,0.2579150579150579,0.3945945945945946,0.1366795366795367,0.18418314255983353,0.8824735631685439,0.8673803447934721,7852,26023,0.16938359653591442,0.17740703005603667,0.008023433520122247,0.009659613615455365,0.8817877935129934,0.8778007896231625,0.8841648043345154,0.8780228308151309,-0.006141973519384503,0.8180824313982726,0.7918443205422543,0.7921990866814697,0.8076165737986509,0.0104204448296904,0.21718756453855795,-0.00068576965555045,0.0885314613791435,False,True,True,0.17452352894437817,False,True,True,False,False
mimic_race_unmatched,MIMIC race (unmatched cohort),phase4,phase4__mimic_cxr_unmatched__efficientnet_b4__seed42__pr0.75,efficientnet_b4,42,0.75,pleural_effusion,BLACK_OR_AA,sens0.80,0.8000430941607413,0.8250674074679304,0.276611328125,WHITE,1295,6993,0.28725868725868725,0.42316602316602314,0.1359073359073359,0.19068255687973998,0.8824735631685439,0.8673803447934721,7852,26023,0.19077941925624045,0.1988028527763627,0.008023433520122247,0.009915014164305931,0.8817877935129934,0.8778007896231625,0.8841648043345154,0.8780228308151309,-0.006141973519384503,0.7955613862468569,0.7694326008527386,0.8102559805605597,0.8259248397503037,0.0104204448296904,0.22436317038966044,-0.00068576965555045,0.0964792680024468,False,True,True,0.18076754271543405,False,True,True,False,False
mimic_race_unmatched,MIMIC race (unmatched cohort),phase4,phase4__mimic_cxr_unmatched__efficientnet_b4__seed42__pr0.75,efficientnet_b4,42,0.75,pleural_effusion,BLACK_OR_AA,spec0.90,0.6550312432665374,0.8999918293978266,0.42412108182907104,WHITE,1295,6993,0.42625482625482625,0.616988416988417,0.19073359073359075,0.33243606998654107,0.8824735631685439,0.8673803447934721,7852,26023,0.3237391747325522,0.3490830361691289,0.025343861436576687,0.03747645951035784,0.8817877935129934,0.8778007896231625,0.8841648043345154,0.8780228308151309,-0.006141973519384503,0.6617470208811632,0.6129878648737291,0.8892706020361137,0.9035569148267627,0.0104204448296904,0.2679053808192881,-0.00068576965555045,0.10251565152227404,True,True,True,0.29495961047618324,True,True,True,True,True
mimic_race_unmatched,MIMIC race (unmatched cohort),phase4,phase4__mimic_cxr_unmatched__efficientnet_b4__seed42__pr1.0,efficientnet_b4,42,1.0,pleural_effusion,BLACK_OR_AA,t0.5,0.5686274509803921,0.9277718767873192,0.5,WHITE,1295,6993,0.505019305019305,0.7428571428571429,0.23783783783783785,0.4804992199687988,0.8824735631685439,0.8474392559334644,7852,26023,0.40753948038716253,0.44969434538970965,0.042154865002547115,0.07115219260533104,0.8817877935129934,0.8744477731825575,0.8841648043345154,0.8708275766165308,-0.013337227717984623,0.578659669837105,0.5088006996829562,0.9210691692153001,0.9317943776446437,0.027008517249093145,0.29316279746743323,-0.00068576965555045,0.0974798246321425,True,True,True,0.40934702736346773,True,True,True,True,True
mimic_race_unmatched,MIMIC race (unmatched cohort),phase4,phase4__mimic_cxr_unmatched__efficientnet_b4__seed42__pr1.0,efficientnet_b4,42,1.0,pleural_effusion,BLACK_OR_AA,youden_j,0.8213747037276449,0.8073372007516953,0.25244140625,WHITE,1295,6993,0.2579150579150579,0.4911196911196911,0.2332046332046332,0.3142559833506764,0.8824735631685439,0.8474392559334644,7852,26023,0.16938359653591442,0.18657666836474784,0.017193071828833423,0.02069917203311868,0.8817877935129934,0.8744477731825575,0.8841648043345154,0.8708275766165308,-0.013337227717984623,0.8180824313982726,0.7703072045479392,0.7921990866814697,0.8138589802672923,0.027008517249093145,0.30454302275494327,-0.00068576965555045,0.0885314613791435,True,True,True,0.29355681131755773,True,True,True,True,True
mimic_race_unmatched,MIMIC race (unmatched cohort),phase4,phase4__mimic_cxr_unmatched__efficientnet_b4__seed42__pr1.0,efficientnet_b4,42,1.0,pleural_effusion,BLACK_OR_AA,sens0.80,0.8000430941607413,0.8250674074679304,0.276611328125,WHITE,1295,6993,0.28725868725868725,0.5096525096525096,0.22239382239382238,0.3120260021668472,0.8824735631685439,0.8474392559334644,7852,26023,0.19077941925624045,0.21013754457463066,0.019358125318390207,0.023921938936103226,0.8817877935129934,0.8744477731825575,0.8841648043345154,0.8708275766165308,-0.013337227717984623,0.7955613862468569,0.7474581830108232,0.8102559805605597,0.8304076417110059,0.027008517249093145,0.299514965077879,-0.00068576965555045,0.0964792680024468,True,True,True,0.288104063230744,True,True,True,True,True
mimic_race_unmatched,MIMIC race (unmatched cohort),phase4,phase4__mimic_cxr_unmatched__efficientnet_b4__seed42__pr1.0,efficientnet_b4,42,1.0,pleural_effusion,BLACK_OR_AA,spec0.90,0.6550312432665374,0.8999918293978266,0.42412108182907104,WHITE,1295,6993,0.42625482625482625,0.6671814671814672,0.24092664092664096,0.41991924629878874,0.8824735631685439,0.8474392559334644,7852,26023,0.3237391747325522,0.358634742740703,0.0348955680081508,0.051600753295668565,0.8817877935129934,0.8744477731825575,0.8841648043345154,0.8708275766165308,-0.013337227717984623,0.6617470208811632,0.5976823002077184,0.8892706020361137,0.9047299844987222,0.027008517249093145,0.3085467244407642,-0.00068576965555045,0.10251565152227404,True,True,True,0.3683184930031202,True,True,True,True,True
mimic_race_unmatched,MIMIC race (unmatched cohort),phase4,phase4__mimic_cxr_unmatched__efficientnet_b4__seed123__pr0.0,efficientnet_b4,123,0.0,pleural_effusion,BLACK_OR_AA,t0.5,0.5712131006248653,0.9284255249611897,0.5,WHITE,1295,6993,0.5235521235521235,0.5235521235521235,0.0,0.0,0.8846030104717364,0.8846030104717364,7852,26023,0.41683647478349467,0.41683647478349467,0.0,0.0,0.880029079604963,0.880029079604963,0.8831660329486122,0.8831660329486122,0.0,0.5680551000327977,0.5680551000327977,0.9209434831790189,0.9209434831790189,-0.004573930866773379,0.10671564876862888,-0.004573930866773379,0.10671564876862888,False,False,True,0.0,False,False,False,False,False
mimic_race_unmatched,MIMIC race (unmatched cohort),phase4,phase4__mimic_cxr_unmatched__efficientnet_b4__seed123__pr0.0,efficientnet_b4,123,0.0,pleural_effusion,BLACK_OR_AA,youden_j,0.8224520577461754,0.8036604297736744,0.2274169921875,WHITE,1295,6993,0.2494208494208494,0.2494208494208494,0.0,0.0,0.8846030104717364,0.8846030104717364,7852,26023,0.16683647478349464,0.16683647478349464,0.0,0.0,0.880029079604963,0.880029079604963,0.8831660329486122,0.8831660329486122,0.0,0.821471520717175,0.821471520717175,0.7891407264652897,0.7891407264652897,-0.004573930866773379,0.08258437463735477,-0.004573930866773379,0.08258437463735477,False,False,True,0.0,False,False,False,False,False
mimic_race_unmatched,MIMIC race (unmatched cohort),phase4,phase4__mimic_cxr_unmatched__efficientnet_b4__seed123__pr0.0,efficientnet_b4,123,0.0,pleural_effusion,BLACK_OR_AA,sens0.80,0.8000430941607413,0.821145518424708,0.2587890625,WHITE,1295,6993,0.27722007722007724,0.27722007722007724,0.0,0.0,0.8846030104717364,0.8846030104717364,7852,26023,0.19001528273051452,0.19001528273051452,0.0,0.0,0.880029079604963,0.880029079604963,0.8831660329486122,0.8831660329486122,0.0,0.7976385700229583,0.7976385700229583,0.8121831664502074,0.8121831664502074,-0.004573930866773379,0.08720479448956273,-0.004573930866773379,0.08720479448956273,False,False,True,0.0,False,False,False,False,False
mimic_race_unmatched,MIMIC race (unmatched cohort),phase4,phase4__mimic_cxr_unmatched__efficientnet_b4__seed123__pr0.0,efficientnet_b4,123,0.0,pleural_effusion,BLACK_OR_AA,spec0.90,0.6494290023701789,0.899828417354359,0.419677734375,WHITE,1295,6993,0.42934362934362935,0.42934362934362935,0.0,0.0,0.8846030104717364,0.8846030104717364,7852,26023,0.3349465104431992,0.3349465104431992,0.0,0.0,0.880029079604963,0.880029079604963,0.8831660329486122,0.8831660329486122,0.0,0.6516890783863561,0.6516890783863561,0.8926641250157108,0.8926641250157108,-0.004573930866773379,0.09439711890043018,-0.004573930866773379,0.09439711890043018,False,False,True,0.0,False,False,False,False,False
mimic_race_unmatched,MIMIC race (unmatched cohort),phase4,phase4__mimic_cxr_unmatched__efficientnet_b4__seed123__pr0.75,efficientnet_b4,123,0.75,pleural_effusion,BLACK_OR_AA,t0.5,0.5712131006248653,0.9284255249611897,0.5,WHITE,1295,6993,0.5235521235521235,0.7405405405405405,0.21698841698841698,0.4554294975688817,0.8846030104717364,0.8781844472964164,7852,26023,0.41683647478349467,0.5042027508914926,0.08736627610799791,0.14981436994977063,0.880029079604963,0.8777826019038638,0.8831660329486122,0.8802564889200644,-0.002909544028547817,0.5680551000327977,0.46233737837542366,0.9209434831790189,0.946206376471574,-0.0004018453925526133,0.23633778964904795,-0.004573930866773379,0.10671564876862888,True,True,True,0.305615127619111,True,True,True,True,True
mimic_race_unmatched,MIMIC race (unmatched cohort),phase4,phase4__mimic_cxr_unmatched__efficientnet_b4__seed123__pr0.75,efficientnet_b4,123,0.75,pleural_effusion,BLACK_OR_AA,youden_j,0.8224520577461754,0.8036604297736744,0.2274169921875,WHITE,1295,6993,0.2494208494208494,0.3528957528957529,0.10347490347490351,0.1378600823045268,0.8846030104717364,0.8781844472964164,7852,26023,0.16683647478349464,0.18313805399898114,0.0163015792154865,0.019565881993274227,0.880029079604963,0.8777826019038638,0.8831660329486122,0.8802564889200644,-0.002909544028547817,0.821471520717175,0.792828249699355,0.7891407264652897,0.8098789224517157,-0.0004018453925526133,0.16975769889677178,-0.004573930866773379,0.08258437463735477,False,True,True,0.11829420031125257,False,True,False,False,False
mimic_race_unmatched,MIMIC race (unmatched cohort),phase4,phase4__mimic_cxr_unmatched__efficientnet_b4__seed123__pr0.75,efficientnet_b4,123,0.75,pleural_effusion,BLACK_OR_AA,sens0.80,0.8000430941607413,0.821145518424708,0.2587890625,WHITE,1295,6993,0.27722007722007724,0.4115830115830116,0.13436293436293434,0.18589743589743588,0.8846030104717364,0.8781844472964164,7852,26023,0.19001528273051452,0.2142129393785023,0.024197656647987786,0.029874213836478,0.880029079604963,0.8777826019038638,0.8831660329486122,0.8802564889200644,-0.002909544028547817,0.7976385700229583,0.7578441018913304,0.8121831664502074,0.8334660019271859,-0.0004018453925526133,0.19737007220450928,-0.004573930866773379,0.08720479448956273,False,True,True,0.15602322206095787,False,True,True,False,False
mimic_race_unmatched,MIMIC race (unmatched cohort),phase4,phase4__mimic_cxr_unmatched__efficientnet_b4__seed123__pr0.75,efficientnet_b4,123,0.75,pleural_effusion,BLACK_OR_AA,spec0.90,0.6494290023701789,0.899828417354359,0.419677734375,WHITE,1295,6993,0.42934362934362935,0.6424710424710425,0.21312741312741312,0.37347767253044656,0.8846030104717364,0.8781844472964164,7852,26023,0.3349465104431992,0.3978604177279674,0.0629139072847682,0.09459977020298735,0.880029079604963,0.8777826019038638,0.8831660329486122,0.8802564889200644,-0.002909544028547817,0.6516890783863561,0.5675084727232973,0.8926641250157108,0.9204407390338933,-0.0004018453925526133,0.2446106247430751,-0.004573930866773379,0.09439711890043018,True,True,True,0.27887790232745924,True,True,True,True,True
mimic_race_unmatched,MIMIC race (unmatched cohort),phase4,phase4__mimic_cxr_unmatched__efficientnet_b4__seed123__pr1.0,efficientnet_b4,123,1.0,pleural_effusion,BLACK_OR_AA,t0.5,0.5712131006248653,0.9284255249611897,0.5,WHITE,1295,6993,0.5235521235521235,0.8154440154440155,0.2918918918918919,0.6126418152350082,0.8846030104717364,0.8615439814281513,7852,26023,0.41683647478349467,0.5254712175241977,0.108634742740703,0.18628521511246998,0.880029079604963,0.8747555906946497,0.8831660329486122,0.8741020457299764,-0.009063987218635772,0.5680551000327977,0.4334754564338034,0.9209434831790189,0.9514851899953916,0.013211609266498447,0.2899727979198178,-0.004573930866773379,0.10671564876862888,True,True,True,0.4263566001225382,True,True,True,True,True
mimic_race_unmatched,MIMIC race (unmatched cohort),phase4,phase4__mimic_cxr_unmatched__efficientnet_b4__seed123__pr1.0,efficientnet_b4,123,1.0,pleural_effusion,BLACK_OR_AA,youden_j,0.8224520577461754,0.8036604297736744,0.2274169921875,WHITE,1295,6993,0.2494208494208494,0.46254826254826253,0.21312741312741312,0.2839506172839506,0.8846030104717364,0.8615439814281513,7852,26023,0.16683647478349464,0.18543046357615894,0.0185939887926643,0.02231733414857843,0.880029079604963,0.8747555906946497,0.8831660329486122,0.8741020457299764,-0.009063987218635772,0.821471520717175,0.7753361757953428,0.7891407264652897,0.8092923876157359,0.013211609266498447,0.2771177989721036,-0.004573930866773379,0.08258437463735477,True,True,True,0.26163328313537215,True,True,True,True,False
mimic_race_unmatched,MIMIC race (unmatched cohort),phase4,phase4__mimic_cxr_unmatched__efficientnet_b4__seed123__pr1.0,efficientnet_b4,123,1.0,pleural_effusion,BLACK_OR_AA,sens0.80,0.8000430941607413,0.821145518424708,0.2587890625,WHITE,1295,6993,0.27722007722007724,0.5088803088803089,0.23166023166023164,0.3205128205128205,0.8846030104717364,0.8615439814281513,7852,26023,0.19001528273051452,0.2152317880794702,0.02521650534895567,0.0311320754716981,0.880029079604963,0.8747555906946497,0.8831660329486122,0.8741020457299764,-0.009063987218635772,0.7976385700229583,0.7431944899967202,0.8121831664502074,0.8334241065817588,0.013211609266498447,0.2936485208008387,-0.004573930866773379,0.08720479448956273,True,True,True,0.2893807450411224,True,True,True,True,True
mimic_race_unmatched,MIMIC race (unmatched cohort),phase4,phase4__mimic_cxr_unmatched__efficientnet_b4__seed123__pr1.0,efficientnet_b4,123,1.0,pleural_effusion,BLACK_OR_AA,spec0.90,0.6494290023701789,0.899828417354359,0.419677734375,WHITE,1295,6993,0.42934362934362935,0.7343629343629343,0.30501930501930496,0.5345060893098781,0.8846030104717364,0.8615439814281513,7852,26023,0.3349465104431992,0.41467142129393786,0.07972491085073868,0.11987744159325932,0.880029079604963,0.8747555906946497,0.8831660329486122,0.8741020457299764,-0.009063987218635772,0.6516890783863561,0.540067781786378,0.8926641250157108,0.9226192969961038,0.013211609266498447,0.31969151306899646,-0.004573930866773379,0.09439711890043018,True,True,True,0.4146286477166188,True,True,True,True,True
mimic_race_unmatched,MIMIC race (unmatched cohort),phase4,phase4__mimic_cxr_unmatched__resnet50__seed7__pr0.0,resnet50,7,0.0,pleural_effusion,BLACK_OR_AA,t0.5,0.5875888817065288,0.9301413514175995,0.5,WHITE,1295,6993,0.5181467181467182,0.5181467181467182,0.0,0.0,0.8825836742825159,0.8825836742825159,7852,26023,0.40282730514518594,0.40282730514518594,0.0,0.0,0.8824746164620012,0.8824746164620012,0.884826246509162,0.884826246509162,0.0,0.5808461790751066,0.5808461790751066,0.9224517156143952,0.9224517156143952,-0.00010905782051473523,0.11531941300153226,-0.00010905782051473523,0.11531941300153226,False,False,True,0.0,False,False,False,False,False
mimic_race_unmatched,MIMIC race (unmatched cohort),phase4,phase4__mimic_cxr_unmatched__resnet50__seed7__pr0.0,resnet50,7,0.0,pleural_effusion,BLACK_OR_AA,youden_j,0.85477267830209,0.7780047389492606,0.189208984375,WHITE,1295,6993,0.21776061776061775,0.21776061776061775,0.0,0.0,0.8825836742825159,0.8825836742825159,7852,26023,0.14161996943453897,0.14161996943453897,0.0,0.0,0.8824746164620012,0.8824746164620012,0.884826246509162,0.884826246509162,0.0,0.8476003061112933,0.8476003061112933,0.7614479031379614,0.7614479031379614,-0.00010905782051473523,0.07614064832607878,-0.00010905782051473523,0.07614064832607878,False,False,True,0.0,False,False,False,False,False
mimic_race_unmatched,MIMIC race (unmatched cohort),phase4,phase4__mimic_cxr_unmatched__resnet50__seed7__pr0.0,resnet50,7,0.0,pleural_effusion,BLACK_OR_AA,sens0.80,0.8002585649644474,0.8245771713375276,0.257568359375,WHITE,1295,6993,0.2857142857142857,0.2857142857142857,0.0,0.0,0.8825836742825159,0.8825836742825159,7852,26023,0.19205298013245034,0.19205298013245034,0.0,0.0,0.8824746164620012,0.8824746164620012,0.884826246509162,0.884826246509162,0.0,0.7946867825516563,0.7946867825516563,0.8142779337215635,0.8142779337215635,-0.00010905782051473523,0.09366130558183536,-0.00010905782051473523,0.09366130558183536,False,False,True,0.0,False,False,False,False,False
mimic_race_unmatched,MIMIC race (unmatched cohort),phase4,phase4__mimic_cxr_unmatched__resnet50__seed7__pr0.0,resnet50,7,0.0,pleural_effusion,BLACK_OR_AA,spec0.90,0.6722689075630253,0.8999918293978266,0.40800780057907104,WHITE,1295,6993,0.4301158301158301,0.4301158301158301,0.0,0.0,0.8825836742825159,0.8825836742825159,7852,26023,0.3160978094752929,0.3160978094752929,0.0,0.0,0.8824746164620012,0.8824746164620012,0.884826246509162,0.884826246509162,0.0,0.6677599212856674,0.6677599212856674,0.8896476601449579,0.8896476601449579,-0.00010905782051473523,0.11401802064053718,-0.00010905782051473523,0.11401802064053718,False,False,True,0.0,False,False,False,False,False
mimic_race_unmatched,MIMIC race (unmatched cohort),phase4,phase4__mimic_cxr_unmatched__resnet50__seed7__pr0.5,resnet50,7,0.5,pleural_effusion,BLACK_OR_AA,t0.5,0.5875888817065288,0.9301413514175995,0.5,WHITE,1295,6993,0.5181467181467182,0.6123552123552124,0.0942084942084942,0.1955128205128205,0.8825836742825159,0.8774989124409973,7852,26023,0.40282730514518594,0.41237901171676006,0.009551706571574115,0.01599488163787587,0.8824746164620012,0.8795467475970413,0.884826246509162,0.8816487934948927,-0.0031774530142693047,0.5808461790751066,0.5593090630807915,0.9224517156143952,0.9244626921948972,0.002047835156044009,0.19997620063845234,-0.00010905782051473523,0.11531941300153226,False,True,True,0.17951793887494463,False,True,True,False,False
mimic_race_unmatched,MIMIC race (unmatched cohort),phase4,phase4__mimic_cxr_unmatched__resnet50__seed7__pr0.5,resnet50,7,0.5,pleural_effusion,BLACK_OR_AA,youden_j,0.85477267830209,0.7780047389492606,0.189208984375,WHITE,1295,6993,0.21776061776061775,0.2671814671814672,0.04942084942084943,0.06317867719644621,0.8825836742825159,0.8774989124409973,7852,26023,0.14161996943453897,0.1357615894039735,-0.005858380030565463,-0.0068249258160237415,0.8824746164620012,0.8795467475970413,0.884826246509162,0.8816487934948927,-0.0031774530142693047,0.8476003061112933,0.8456324477970919,0.7614479031379614,0.7625371821190666,0.002047835156044009,0.13141987777749367,-0.00010905782051473523,0.07614064832607878,False,True,True,0.07000360301246995,False,False,False,False,False
mimic_race_unmatched,MIMIC race (unmatched cohort),phase4,phase4__mimic_cxr_unmatched__resnet50__seed7__pr0.5,resnet50,7,0.5,pleural_effusion,BLACK_OR_AA,sens0.80,0.8002585649644474,0.8245771713375276,0.257568359375,WHITE,1295,6993,0.2857142857142857,0.3436293436293436,0.05791505791505791,0.08108108108108107,0.8825836742825159,0.8774989124409973,7852,26023,0.19205298013245034,0.1891237901171676,-0.0029291900152827455,-0.0036254728877679883,0.8824746164620012,0.8795467475970413,0.884826246509162,0.8816487934948927,-0.0031774530142693047,0.7946867825516563,0.7890018585328523,0.8142779337215635,0.8131467593950312,0.002047835156044009,0.154505553512176,-0.00010905782051473523,0.09366130558183536,False,True,True,0.08470655396884906,False,False,False,False,False
mimic_race_unmatched,MIMIC race (unmatched cohort),phase4,phase4__mimic_cxr_unmatched__resnet50__seed7__pr0.5,resnet50,7,0.5,pleural_effusion,BLACK_OR_AA,spec0.90,0.6722689075630253,0.8999918293978266,0.40800780057907104,WHITE,1295,6993,0.4301158301158301,0.5173745173745173,0.08725868725868724,0.15311653116531163,0.8825836742825159,0.8774989124409973,7852,26023,0.3160978094752929,0.31444218033622007,-0.0016556291390728561,-0.002420856610800757,0.8824746164620012,0.8795467475970413,0.884826246509162,0.8816487934948927,-0.0031774530142693047,0.6677599212856674,0.6568273750956598,0.8896476601449579,0.8911139972349073,0.002047835156044009,0.20293233703829727,-0.00010905782051473523,0.11401802064053718,False,True,True,0.1555373877761124,False,True,True,False,False
mimic_race_unmatched,MIMIC race (unmatched cohort),phase4,phase4__mimic_cxr_unmatched__resnet50__seed7__pr0.75,resnet50,7,0.75,pleural_effusion,BLACK_OR_AA,t0.5,0.5875888817065288,0.9301413514175995,0.5,WHITE,1295,6993,0.5181467181467182,0.6787644787644788,0.16061776061776056,0.33333333333333326,0.8825836742825159,0.8702639685265168,7852,26023,0.40282730514518594,0.40741212429954154,0.004584819154355602,0.007677543186180462,0.8824746164620012,0.877950713901975,0.884826246509162,0.8787494313131675,-0.006076815195994456,0.5808461790751066,0.5541707663714879,0.9224517156143952,0.923373413213792,0.007686745375458215,0.2713523544649372,-0.00010905782051473523,0.11531941300153226,True,True,True,0.3256557901471528,True,True,True,True,True
mimic_race_unmatched,MIMIC race (unmatched cohort),phase4,phase4__mimic_cxr_unmatched__resnet50__seed7__pr0.75,resnet50,7,0.75,pleural_effusion,BLACK_OR_AA,youden_j,0.85477267830209,0.7780047389492606,0.189208984375,WHITE,1295,6993,0.21776061776061775,0.2972972972972973,0.07953667953667956,0.10167818361303063,0.8825836742825159,0.8702639685265168,7852,26023,0.14161996943453897,0.1250636780438105,-0.016556291390728478,-0.01928783382789318,0.8824746164620012,0.877950713901975,0.884826246509162,0.8787494313131675,-0.006076815195994456,0.8476003061112933,0.8505520935825954,0.7614479031379614,0.7468683229293226,0.007686745375458215,0.17223361925348682,-0.00010905782051473523,0.07614064832607878,False,True,True,0.1209660174409238,False,True,False,False,False
mimic_race_unmatched,MIMIC race (unmatched cohort),phase4,phase4__mimic_cxr_unmatched__resnet50__seed7__pr0.75,resnet50,7,0.75,pleural_effusion,BLACK_OR_AA,sens0.80,0.8002585649644474,0.8245771713375276,0.257568359375,WHITE,1295,6993,0.2857142857142857,0.38996138996138996,0.10424710424710426,0.14594594594594595,0.8825836742825159,0.8702639685265168,7852,26023,0.19205298013245034,0.17868059093224656,-0.013372389200203783,-0.016551071878940747,0.8824746164620012,0.877950713901975,0.884826246509162,0.8787494313131675,-0.006076815195994456,0.7946867825516563,0.791407018694654,0.8142779337215635,0.8060245506724203,0.007686745375458215,0.2112807990291434,-0.00010905782051473523,0.09366130558183536,False,True,True,0.1624970178248867,False,True,False,False,False
mimic_race_unmatched,MIMIC race (unmatched cohort),phase4,phase4__mimic_cxr_unmatched__resnet50__seed7__pr0.75,resnet50,7,0.75,pleural_effusion,BLACK_OR_AA,spec0.90,0.6722689075630253,0.8999918293978266,0.40800780057907104,WHITE,1295,6993,0.4301158301158301,0.5691119691119692,0.13899613899613905,0.24390243902439032,0.8825836742825159,0.8702639685265168,7852,26023,0.3160978094752929,0.30629139072847683,-0.009806418746816092,-0.014338919925512096,0.8824746164620012,0.877950713901975,0.884826246509162,0.8787494313131675,-0.006076815195994456,0.6677599212856674,0.6564993987099595,0.8896476601449579,0.8884745904729985,0.007686745375458215,0.2628205783834923,-0.00010905782051473523,0.11401802064053718,True,True,True,0.2582413589499024,True,True,True,True,False
mimic_race_unmatched,MIMIC race (unmatched cohort),phase4,phase4__mimic_cxr_unmatched__resnet50__seed7__pr1.0,resnet50,7,1.0,pleural_effusion,BLACK_OR_AA,t0.5,0.5875888817065288,0.9301413514175995,0.5,WHITE,1295,6993,0.5181467181467182,0.7544401544401544,0.23629343629343624,0.4903846153846153,0.8825836742825159,0.8393285729193065,7852,26023,0.40282730514518594,0.42231278655119714,0.019485481406011196,0.03262955854126678,0.8824746164620012,0.8760474724565039,0.884826246509162,0.87091565211067,-0.01391059439849196,0.5808461790751066,0.5306657920629715,0.9224517156143952,0.9273534710293686,0.036718899537197425,0.3321273678889573,-0.00010905782051473523,0.11531941300153226,True,True,True,0.45775505684334855,True,True,True,True,True
mimic_race_unmatched,MIMIC race (unmatched cohort),phase4,phase4__mimic_cxr_unmatched__resnet50__seed7__pr1.0,resnet50,7,1.0,pleural_effusion,BLACK_OR_AA,youden_j,0.85477267830209,0.7780047389492606,0.189208984375,WHITE,1295,6993,0.21776061776061775,0.41621621621621624,0.1984555984555985,0.2537018756169793,0.8825836742825159,0.8393285729193065,7852,26023,0.14161996943453897,0.1335965359144167,-0.008023433520122275,-0.009347181008902094,0.8824746164620012,0.8760474724565039,0.884826246509162,0.87091565211067,-0.01391059439849196,0.8476003061112933,0.8263911665026785,0.7614479031379614,0.7678997863337383,0.036718899537197425,0.2826196803017995,-0.00010905782051473523,0.07614064832607878,True,True,True,0.2630490566258814,True,True,True,True,False
mimic_race_unmatched,MIMIC race (unmatched cohort),phase4,phase4__mimic_cxr_unmatched__resnet50__seed7__pr1.0,resnet50,7,1.0,pleural_effusion,BLACK_OR_AA,sens0.80,0.8002585649644474,0.8245771713375276,0.257568359375,WHITE,1295,6993,0.2857142857142857,0.49266409266409267,0.20694980694980697,0.28972972972972977,0.8825836742825159,0.8393285729193065,7852,26023,0.19205298013245034,0.1891237901171676,-0.0029291900152827455,-0.0036254728877679883,0.8824746164620012,0.8760474724565039,0.884826246509162,0.87091565211067,-0.01391059439849196,0.7946867825516563,0.7679020443861375,0.8142779337215635,0.8171268172106079,0.036718899537197425,0.3035403025469251,-0.00010905782051473523,0.09366130558183536,True,True,True,0.29335520261749776,True,True,True,True,False
mimic_race_unmatched,MIMIC race (unmatched cohort),phase4,phase4__mimic_cxr_unmatched__resnet50__seed7__pr1.0,resnet50,7,1.0,pleural_effusion,BLACK_OR_AA,spec0.90,0.6722689075630253,0.8999918293978266,0.40800780057907104,WHITE,1295,6993,0.4301158301158301,0.6517374517374518,0.2216216216216217,0.388888888888889,0.8825836742825159,0.8393285729193065,7852,26023,0.3160978094752929,0.3239938869077942,0.007896077432501258,0.011545623836126607,0.8824746164620012,0.8760474724565039,0.884826246509162,0.87091565211067,-0.01391059439849196,0.6677599212856674,0.6296053350825407,0.8896476601449579,0.8948845783233482,0.036718899537197425,0.3277435648296576,-0.00010905782051473523,0.11401802064053718,True,True,True,0.3773432650527624,True,True,True,True,True
mimic_race_unmatched,MIMIC race (unmatched cohort),phase4,phase4__mimic_cxr_unmatched__resnet50__seed42__pr0.0,resnet50,42,0.0,pleural_effusion,BLACK_OR_AA,t0.5,0.5651799181210946,0.9350437127216276,0.5,WHITE,1295,6993,0.5444015444015444,0.5444015444015444,0.0,0.0,0.8834749983398632,0.8834749983398632,7852,26023,0.42435048395313296,0.42435048395313296,0.0,0.0,0.8827546162253855,0.8827546162253855,0.8852224064588395,0.8852224064588395,0.0,0.558653110309391,0.558653110309391,0.9280237965562026,0.9280237965562026,-0.000720382114477669,0.12005106044841146,-0.000720382114477669,0.12005106044841146,False,False,True,0.0,False,False,False,False,False
mimic_race_unmatched,MIMIC race (unmatched cohort),phase4,phase4__mimic_cxr_unmatched__resnet50__seed42__pr0.0,resnet50,42,0.0,pleural_effusion,BLACK_OR_AA,youden_j,0.8422753716871364,0.791404526513604,0.1798095703125,WHITE,1295,6993,0.2362934362934363,0.2362934362934363,0.0,0.0,0.8834749983398632,0.8834749983398632,7852,26023,0.15066225165562913,0.15066225165562913,0.0,0.0,0.8827546162253855,0.8827546162253855,0.8852224064588395,0.8852224064588395,0.0,0.837214387230786,0.837214387230786,0.7766978088734342,0.7766978088734342,-0.000720382114477669,0.08563118463780717,-0.000720382114477669,0.08563118463780717,False,False,True,0.0,False,False,False,False,False
mimic_race_unmatched,MIMIC race (unmatched cohort),phase4,phase4__mimic_cxr_unmatched__resnet50__seed42__pr0.0,resnet50,42,0.0,pleural_effusion,BLACK_OR_AA,sens0.80,0.8000430941607413,0.8270283519895416,0.2310791015625,WHITE,1295,6993,0.2833976833976834,0.2833976833976834,0.0,0.0,0.8834749983398632,0.8834749983398632,7852,26023,0.1872134488028528,0.1872134488028528,0.0,0.0,0.8827546162253855,0.8827546162253855,0.8852224064588395,0.8852224064588395,0.0,0.7991691264895594,0.7991691264895594,0.8138589802672923,0.8138589802672923,-0.000720382114477669,0.09618423459483061,-0.000720382114477669,0.09618423459483061,False,False,True,0.0,False,False,False,False,False
mimic_race_unmatched,MIMIC race (unmatched cohort),phase4,phase4__mimic_cxr_unmatched__resnet50__seed42__pr0.0,resnet50,42,0.0,pleural_effusion,BLACK_OR_AA,spec0.90,0.6785175608705021,0.8999101233760928,0.380615234375,WHITE,1295,6993,0.4308880308880309,0.4308880308880309,0.0,0.0,0.8834749983398632,0.8834749983398632,7852,26023,0.3166072338257769,0.3166072338257769,0.0,0.0,0.8827546162253855,0.8827546162253855,0.8852224064588395,0.8852224064588395,0.0,0.667213293976167,0.667213293976167,0.8888097532364154,0.8888097532364154,-0.000720382114477669,0.11428079706225402,-0.000720382114477669,0.11428079706225402,False,False,True,0.0,False,False,False,False,False
mimic_race_unmatched,MIMIC race (unmatched cohort),phase4,phase4__mimic_cxr_unmatched__resnet50__seed42__pr0.5,resnet50,42,0.5,pleural_effusion,BLACK_OR_AA,t0.5,0.5651799181210946,0.9350437127216276,0.5,WHITE,1295,6993,0.5444015444015444,0.6131274131274131,0.06872586872586872,0.15084745762711865,0.8834749983398632,0.8796894798825301,7852,26023,0.42435048395313296,0.4086856851757514,-0.015664798777381583,-0.027212389380531013,0.8827546162253855,0.8820167625310162,0.8852224064588395,0.8839764653595549,-0.0012459410992846642,0.558653110309391,0.5623701760139936,0.9280237965562026,0.9256776572122837,0.0023272826484861397,0.20444172795166177,-0.000720382114477669,0.12005106044841146,False,True,True,0.17805984700764965,False,True,True,False,False
mimic_race_unmatched,MIMIC race (unmatched cohort),phase4,phase4__mimic_cxr_unmatched__resnet50__seed42__pr0.5,resnet50,42,0.5,pleural_effusion,BLACK_OR_AA,youden_j,0.8422753716871364,0.791404526513604,0.1798095703125,WHITE,1295,6993,0.2362934362934363,0.27644787644787644,0.04015444015444014,0.052578361981799784,0.8834749983398632,0.8796894798825301,7852,26023,0.15066225165562913,0.13869077941925623,-0.011971472236372904,-0.01409506672664568,0.8827546162253855,0.8820167625310162,0.8852224064588395,0.8839764653595549,-0.0012459410992846642,0.837214387230786,0.8418060566305893,0.7766978088734342,0.770832460513637,0.0023272826484861397,0.1377570970286202,-0.000720382114477669,0.08563118463780717,False,True,True,0.06667342870844546,False,False,False,False,False
mimic_race_unmatched,MIMIC race (unmatched cohort),phase4,phase4__mimic_cxr_unmatched__resnet50__seed42__pr0.5,resnet50,42,0.5,pleural_effusion,BLACK_OR_AA,sens0.80,0.8000430941607413,0.8270283519895416,0.2310791015625,WHITE,1295,6993,0.2833976833976834,0.32664092664092664,0.043243243243243246,0.060344827586206906,0.8834749983398632,0.8796894798825301,7852,26023,0.1872134488028528,0.17524197656647988,-0.011971472236372904,-0.014728925101848957,0.8827546162253855,0.8820167625310162,0.8852224064588395,0.8839764653595549,-0.0012459410992846642,0.7991691264895594,0.8033234940417623,0.8138589802672923,0.8090410155431732,0.0023272826484861397,0.15139895007444676,-0.000720382114477669,0.09618423459483061,False,True,True,0.07507375268805586,False,False,False,False,False
mimic_race_unmatched,MIMIC race (unmatched cohort),phase4,phase4__mimic_cxr_unmatched__resnet50__seed42__pr0.5,resnet50,42,0.5,pleural_effusion,BLACK_OR_AA,spec0.90,0.6785175608705021,0.8999101233760928,0.380615234375,WHITE,1295,6993,0.4308880308880309,0.4826254826254826,0.0517374517374517,0.09090909090909086,0.8834749983398632,0.8796894798825301,7852,26023,0.3166072338257769,0.2908813041263372,-0.025725929699439654,-0.03764442787923968,0.8827546162253855,0.8820167625310162,0.8852224064588395,0.8839764653595549,-0.0012459410992846642,0.667213293976167,0.6819722313326774,0.8888097532364154,0.8834890443671708,0.0023272826484861397,0.19174417849914538,-0.000720382114477669,0.11428079706225402,False,True,True,0.12855351878833055,False,False,False,False,False
mimic_race_unmatched,MIMIC race (unmatched cohort),phase4,phase4__mimic_cxr_unmatched__resnet50__seed42__pr0.75,resnet50,42,0.75,pleural_effusion,BLACK_OR_AA,t0.5,0.5651799181210946,0.9350437127216276,0.5,WHITE,1295,6993,0.5444015444015444,0.7127413127413127,0.16833976833976827,0.36949152542372865,0.8834749983398632,0.8745067360897476,7852,26023,0.42435048395313296,0.4602649006622517,0.03591441670911871,0.062389380530973475,0.8827546162253855,0.879838900541645,0.8852224064588395,0.8810022576722403,-0.004220148786599265,0.558653110309391,0.5039903793593528,0.9280237965562026,0.9384557375675563,0.0053321644518974365,0.252476412079061,-0.000720382114477669,0.12005106044841146,True,True,True,0.30710214489275517,True,True,True,True,True
mimic_race_unmatched,MIMIC race (unmatched cohort),phase4,phase4__mimic_cxr_unmatched__resnet50__seed42__pr0.75,resnet50,42,0.75,pleural_effusion,BLACK_OR_AA,youden_j,0.8422753716871364,0.791404526513604,0.1798095703125,WHITE,1295,6993,0.2362934362934363,0.3250965250965251,0.08880308880308879,0.11627906976744186,0.8834749983398632,0.8745067360897476,7852,26023,0.15066225165562913,0.14289353031074886,-0.0077687213448802694,-0.009146798620482812,0.8827546162253855,0.879838900541645,0.8852224064588395,0.8810022576722403,-0.004220148786599265,0.837214387230786,0.8313108122881819,0.7766978088734342,0.7728434370941388,0.0053321644518974365,0.18220299478577623,-0.000720382114477669,0.08563118463780717,False,True,True,0.12542586838792466,False,True,False,False,False
mimic_race_unmatched,MIMIC race (unmatched cohort),phase4,phase4__mimic_cxr_unmatched__resnet50__seed42__pr0.75,resnet50,42,0.75,pleural_effusion,BLACK_OR_AA,sens0.80,0.8000430941607413,0.8270283519895416,0.2310791015625,WHITE,1295,6993,0.2833976833976834,0.39305019305019306,0.10965250965250967,0.1530172413793104,0.8834749983398632,0.8745067360897476,7852,26023,0.1872134488028528,0.18402954661232807,-0.0031839021905247233,-0.003917267314321549,0.8827546162253855,0.879838900541645,0.8852224064588395,0.8810022576722403,-0.004220148786599265,0.7991691264895594,0.7863780474472505,0.8138589802672923,0.8136913988855838,0.0053321644518974365,0.209020646437865,-0.000720382114477669,0.09618423459483061,False,True,True,0.15693450869363193,False,True,True,False,False
mimic_race_unmatched,MIMIC race (unmatched cohort),phase4,phase4__mimic_cxr_unmatched__resnet50__seed42__pr0.75,resnet50,42,0.75,pleural_effusion,BLACK_OR_AA,spec0.90,0.6785175608705021,0.8999101233760928,0.380615234375,WHITE,1295,6993,0.4308880308880309,0.5768339768339769,0.14594594594594595,0.25644504748982366,0.8834749983398632,0.8745067360897476,7852,26023,0.3166072338257769,0.32450331125827814,0.007896077432501258,0.011554230339172545,0.8827546162253855,0.879838900541645,0.8852224064588395,0.8810022576722403,-0.004220148786599265,0.667213293976167,0.6397726030392479,0.8888097532364154,0.8973564037035485,0.0053321644518974365,0.2523306655756987,-0.000720382114477669,0.11428079706225402,True,True,True,0.2448908171506511,True,True,True,True,False
mimic_race_unmatched,MIMIC race (unmatched cohort),phase4,phase4__mimic_cxr_unmatched__resnet50__seed42__pr1.0,resnet50,42,1.0,pleural_effusion,BLACK_OR_AA,t0.5,0.5651799181210946,0.9350437127216276,0.5,WHITE,1295,6993,0.5444015444015444,0.728957528957529,0.18455598455598454,0.40508474576271186,0.8834749983398632,0.8427603805982185,7852,26023,0.42435048395313296,0.3888181355068772,-0.035532348446255746,-0.06172566371681418,0.8827546162253855,0.8773817151337495,0.8852224064588395,0.872517884565091,-0.012704521893748488,0.558653110309391,0.5630261287853942,0.9280237965562026,0.9183459717625372,0.03462133453553107,0.34013939345065175,-0.000720382114477669,0.12005106044841146,True,True,True,0.466810409479526,True,True,True,True,True
mimic_race_unmatched,MIMIC race (unmatched cohort),phase4,phase4__mimic_cxr_unmatched__resnet50__seed42__pr1.0,resnet50,42,1.0,pleural_effusion,BLACK_OR_AA,youden_j,0.8422753716871364,0.791404526513604,0.1798095703125,WHITE,1295,6993,0.2362934362934363,0.4015444015444015,0.16525096525096522,0.21638018200202222,0.8834749983398632,0.8427603805982185,7852,26023,0.15066225165562913,0.12468160978094753,-0.025980641874681604,-0.030589293747188474,0.8827546162253855,0.8773817151337495,0.8852224064588395,0.872517884565091,-0.012704521893748488,0.837214387230786,0.8361211326117853,0.7766978088734342,0.7551217059784658,0.03462133453553107,0.27686279176345396,-0.000720382114477669,0.08563118463780717,True,True,True,0.2469694757492107,True,True,True,True,False
mimic_race_unmatched,MIMIC race (unmatched cohort),phase4,phase4__mimic_cxr_unmatched__resnet50__seed42__pr1.0,resnet50,42,1.0,pleural_effusion,BLACK_OR_AA,sens0.80,0.8000430941607413,0.8270283519895416,0.2310791015625,WHITE,1295,6993,0.2833976833976834,0.4617760617760618,0.1783783783783784,0.24892241379310348,0.8834749983398632,0.8427603805982185,7852,26023,0.1872134488028528,0.15944982170147734,-0.02776362710137545,-0.034158570980883735,0.8827546162253855,0.8773817151337495,0.8852224064588395,0.872517884565091,-0.012704521893748488,0.7991691264895594,0.7977478954848585,0.8138589802672923,0.7934140516988563,0.03462133453553107,0.3023262400745844,-0.000720382114477669,0.09618423459483061,True,True,True,0.28308098477398724,True,True,True,True,False
mimic_race_unmatched,MIMIC race (unmatched cohort),phase4,phase4__mimic_cxr_unmatched__resnet50__seed42__pr1.0,resnet50,42,1.0,pleural_effusion,BLACK_OR_AA,spec0.90,0.6785175608705021,0.8999101233760928,0.380615234375,WHITE,1295,6993,0.4308880308880309,0.6185328185328185,0.1876447876447876,0.3297150610583446,0.8834749983398632,0.8427603805982185,7852,26023,0.3166072338257769,0.2782730514518594,-0.0383341823739175,-0.05609392471114428,0.8827546162253855,0.8773817151337495,0.8852224064588395,0.872517884565091,-0.012704521893748488,0.667213293976167,0.6735541707663715,0.8888097532364154,0.8728895219741086,0.03462133453553107,0.3402597670809591,-0.000720382114477669,0.11428079706225402,True,True,True,0.38580898576948885,True,True,True,True,True
mimic_race_unmatched,MIMIC race (unmatched cohort),phase4,phase4__mimic_cxr_unmatched__resnet50__seed123__pr0.0,resnet50,123,0.0,pleural_effusion,BLACK_OR_AA,t0.5,0.5931911226028873,0.9261377563526432,0.5,WHITE,1295,6993,0.5011583011583012,0.5011583011583012,0.0,0.0,0.8830844935092039,0.8830844935092039,7852,26023,0.4009169638308711,0.4009169638308711,0.0,0.0,0.8814379199663535,0.8814379199663535,0.8841118843803155,0.8841118843803155,0.0,0.5848912211654094,0.5848912211654094,0.9174242741631404,0.9174242741631404,-0.0016465735428504713,0.10024133732743007,-0.0016465735428504713,0.10024133732743007,False,False,True,0.0,False,False,False,False,False
mimic_race_unmatched,MIMIC race (unmatched cohort),phase4,phase4__mimic_cxr_unmatched__resnet50__seed123__pr0.0,resnet50,123,0.0,pleural_effusion,BLACK_OR_AA,youden_j,0.8468002585649644,0.7810278617534112,0.2069091796875,WHITE,1295,6993,0.22162162162162163,0.22162162162162163,0.0,0.0,0.8830844935092039,0.8830844935092039,7852,26023,0.14607743250127356,0.14607743250127356,0.0,0.0,0.8814379199663535,0.8814379199663535,0.8841118843803155,0.8841118843803155,0.0,0.8432272876352903,0.8432272876352903,0.7658469144078093,0.7658469144078093,-0.0016465735428504713,0.07554418912034808,-0.0016465735428504713,0.07554418912034808,False,False,True,0.0,False,False,False,False,False
mimic_race_unmatched,MIMIC race (unmatched cohort),phase4,phase4__mimic_cxr_unmatched__resnet50__seed123__pr0.0,resnet50,123,0.0,pleural_effusion,BLACK_OR_AA,sens0.80,0.8000430941607413,0.8215540485333769,0.26611328125,WHITE,1295,6993,0.277992277992278,0.277992277992278,0.0,0.0,0.8830844935092039,0.8830844935092039,7852,26023,0.18925114620478858,0.18925114620478858,0.0,0.0,0.8814379199663535,0.8814379199663535,0.8841118843803155,0.8841118843803155,0.0,0.7981851973324587,0.7981851973324587,0.808328794670912,0.808328794670912,-0.0016465735428504713,0.08874113178748941,-0.0016465735428504713,0.08874113178748941,False,False,True,0.0,False,False,False,False,False
mimic_race_unmatched,MIMIC race (unmatched cohort),phase4,phase4__mimic_cxr_unmatched__resnet50__seed123__pr0.0,resnet50,123,0.0,pleural_effusion,BLACK_OR_AA,spec0.90,0.6668821374703727,0.8999101233760928,0.4248046875,WHITE,1295,6993,0.4193050193050193,0.4193050193050193,0.0,0.0,0.8830844935092039,0.8830844935092039,7852,26023,0.325904228222109,0.325904228222109,0.0,0.0,0.8814379199663535,0.8814379199663535,0.8841118843803155,0.8841118843803155,0.0,0.6608724171859626,0.6608724171859626,0.8913653693074699,0.8913653693074699,-0.0016465735428504713,0.09340079108291027,-0.0016465735428504713,0.09340079108291027,False,False,True,0.0,False,False,False,False,False
mimic_race_unmatched,MIMIC race (unmatched cohort),phase4,phase4__mimic_cxr_unmatched__resnet50__seed123__pr0.5,resnet50,123,0.5,pleural_effusion,BLACK_OR_AA,t0.5,0.5931911226028873,0.9261377563526432,0.5,WHITE,1295,6993,0.5011583011583012,0.5984555984555985,0.0972972972972973,0.195046439628483,0.8830844935092039,0.8785941284010782,7852,26023,0.4009169638308711,0.3835965359144167,-0.017320427916454384,-0.028911564625850306,0.8814379199663535,0.88134328775596,0.8841118843803155,0.883222571282924,-0.0008893130973914865,0.5848912211654094,0.5859844757844102,0.9174242741631404,0.9192257740165067,0.002749159354881847,0.21485906254118176,-0.0016465735428504713,0.10024133732743007,False,True,True,0.22395800425433332,False,True,True,False,False
mimic_race_unmatched,MIMIC race (unmatched cohort),phase4,phase4__mimic_cxr_unmatched__resnet50__seed123__pr0.5,resnet50,123,0.5,pleural_effusion,BLACK_OR_AA,youden_j,0.8468002585649644,0.7810278617534112,0.2069091796875,WHITE,1295,6993,0.22162162162162163,0.27644787644787644,0.054826254826254806,0.07043650793650791,0.8830844935092039,0.8785941284010782,7852,26023,0.14607743250127356,0.13843606724401428,-0.0076413652572592805,-0.00894854586129752,0.8814379199663535,0.88134328775596,0.8841118843803155,0.883222571282924,-0.0008893130973914865,0.8432272876352903,0.8420247075543894,0.7658469144078093,0.7662239725166534,0.002749159354881847,0.13801180920386216,-0.0016465735428504713,0.07554418912034808,False,True,True,0.07938505379780543,False,False,False,False,False
mimic_race_unmatched,MIMIC race (unmatched cohort),phase4,phase4__mimic_cxr_unmatched__resnet50__seed123__pr0.5,resnet50,123,0.5,pleural_effusion,BLACK_OR_AA,sens0.80,0.8000430941607413,0.8215540485333769,0.26611328125,WHITE,1295,6993,0.277992277992278,0.338996138996139,0.061003861003861015,0.08449197860962568,0.8830844935092039,0.8785941284010782,7852,26023,0.18925114620478858,0.18390219052470708,-0.0053489556800815075,-0.006597549481621111,0.8814379199663535,0.88134328775596,0.8841118843803155,0.883222571282924,-0.0008893130973914865,0.7981851973324587,0.7941401552421559,0.808328794670912,0.8086639574343291,0.002749159354881847,0.15509394847143193,-0.0016465735428504713,0.08874113178748941,False,True,True,0.09108952809124679,False,False,False,False,False
mimic_race_unmatched,MIMIC race (unmatched cohort),phase4,phase4__mimic_cxr_unmatched__resnet50__seed123__pr0.5,resnet50,123,0.5,pleural_effusion,BLACK_OR_AA,spec0.90,0.6668821374703727,0.8999101233760928,0.4248046875,WHITE,1295,6993,0.4193050193050193,0.5142857142857142,0.09498069498069495,0.16356382978723397,0.8830844935092039,0.8785941284010782,7852,26023,0.325904228222109,0.3080743759551707,-0.01782985226693834,-0.026450028339316044,0.8814379199663535,0.88134328775596,0.8841118843803155,0.883222571282924,-0.0008893130973914865,0.6608724171859626,0.6627309500382639,0.8913653693074699,0.889354392726968,0.002749159354881847,0.20621133833054356,-0.0016465735428504713,0.09340079108291027,False,True,True,0.19001385812655,False,True,True,False,False
mimic_race_unmatched,MIMIC race (unmatched cohort),phase4,phase4__mimic_cxr_unmatched__resnet50__seed123__pr0.75,resnet50,123,0.75,pleural_effusion,BLACK_OR_AA,t0.5,0.5931911226028873,0.9261377563526432,0.5,WHITE,1295,6993,0.5011583011583012,0.6270270270270271,0.12586872586872588,0.25232198142414863,0.8830844935092039,0.871560840286709,7852,26023,0.4009169638308711,0.3623280692817117,-0.038588894549159425,-0.06441326530612242,0.8814379199663535,0.8789316942995244,0.8841118843803155,0.8796345306008078,-0.004477353779507753,0.5848912211654094,0.6001967858314201,0.9174242741631404,0.909087100423143,0.007370854012815453,0.2646989577453154,-0.0016465735428504713,0.10024133732743007,True,True,True,0.31673524673027104,True,True,True,True,False
mimic_race_unmatched,MIMIC race (unmatched cohort),phase4,phase4__mimic_cxr_unmatched__resnet50__seed123__pr0.75,resnet50,123,0.75,pleural_effusion,BLACK_OR_AA,youden_j,0.8468002585649644,0.7810278617534112,0.2069091796875,WHITE,1295,6993,0.22162162162162163,0.3081081081081081,0.08648648648648649,0.1111111111111111,0.8830844935092039,0.871560840286709,7852,26023,0.14607743250127356,0.12022414671421294,-0.025853285787060615,-0.03027591349739,0.8814379199663535,0.8789316942995244,0.8841118843803155,0.8796345306008078,-0.004477353779507753,0.8432272876352903,0.8531759046681973,0.7658469144078093,0.7491725669278143,0.007370854012815453,0.18788396139389518,-0.0016465735428504713,0.07554418912034808,False,True,True,0.1413870246085011,False,True,False,False,False
mimic_race_unmatched,MIMIC race (unmatched cohort),phase4,phase4__mimic_cxr_unmatched__resnet50__seed123__pr0.75,resnet50,123,0.75,pleural_effusion,BLACK_OR_AA,sens0.80,0.8000430941607413,0.8215540485333769,0.26611328125,WHITE,1295,6993,0.277992277992278,0.3583011583011583,0.08030888030888028,0.11122994652406414,0.8830844935092039,0.871560840286709,7852,26023,0.18925114620478858,0.15728476821192053,-0.031966377992868056,-0.0394282123782595,0.8814379199663535,0.8789316942995244,0.8841118843803155,0.8796345306008078,-0.004477353779507753,0.7981851973324587,0.81425604023177,0.808328794670912,0.7908584356278018,0.007370854012815453,0.20101639008923775,-0.0016465735428504713,0.08874113178748941,False,True,True,0.15065815890232365,False,True,False,False,False
mimic_race_unmatched,MIMIC race (unmatched cohort),phase4,phase4__mimic_cxr_unmatched__resnet50__seed123__pr0.75,resnet50,123,0.75,pleural_effusion,BLACK_OR_AA,spec0.90,0.6668821374703727,0.8999101233760928,0.4248046875,WHITE,1295,6993,0.4193050193050193,0.5382239382239382,0.11891891891891893,0.2047872340425532,0.8830844935092039,0.871560840286709,7852,26023,0.325904228222109,0.28183902190524707,-0.04406520631686195,-0.06536935575288116,0.8814379199663535,0.8789316942995244,0.8841118843803155,0.8796345306008078,-0.004477353779507753,0.6608724171859626,0.6818629058707774,0.8913653693074699,0.8774980099710922,0.007370854012815453,0.25638491631869115,-0.0016465735428504713,0.09340079108291027,True,True,True,0.27015658979543433,True,True,True,True,False
mimic_race_unmatched,MIMIC race (unmatched cohort),phase4,phase4__mimic_cxr_unmatched__resnet50__seed123__pr1.0,resnet50,123,1.0,pleural_effusion,BLACK_OR_AA,t0.5,0.5931911226028873,0.9261377563526432,0.5,WHITE,1295,6993,0.5011583011583012,0.7135135135135136,0.21235521235521237,0.4256965944272446,0.8830844935092039,0.8442471855599268,7852,26023,0.4009169638308711,0.42205807437595516,0.021141110545084052,0.0352891156462585,0.8814379199663535,0.8770752292851128,0.8841118843803155,0.8725470720679592,-0.011564812312356287,0.5848912211654094,0.5366786924674757,0.9174242741631404,0.9248397503037412,0.032828043725185996,0.2914554391375584,-0.0016465735428504713,0.10024133732743007,True,True,True,0.39040747878098614,True,True,True,True,True
mimic_race_unmatched,MIMIC race (unmatched cohort),phase4,phase4__mimic_cxr_unmatched__resnet50__seed123__pr1.0,resnet50,123,1.0,pleural_effusion,BLACK_OR_AA,youden_j,0.8468002585649644,0.7810278617534112,0.2069091796875,WHITE,1295,6993,0.22162162162162163,0.4247104247104247,0.20308880308880306,0.2609126984126984,0.8830844935092039,0.8442471855599268,7852,26023,0.14607743250127356,0.15244523688232298,0.006367804381049419,0.007457121551081289,0.8814379199663535,0.8770752292851128,0.8841118843803155,0.8725470720679592,-0.011564812312356287,0.8432272876352903,0.8090084180605663,0.7658469144078093,0.7853282500314215,0.032828043725185996,0.2722651878281017,-0.0016465735428504713,0.07554418912034808,True,True,True,0.25345557686161707,True,True,True,True,False
mimic_race_unmatched,MIMIC race (unmatched cohort),phase4,phase4__mimic_cxr_unmatched__resnet50__seed123__pr1.0,resnet50,123,1.0,pleural_effusion,BLACK_OR_AA,sens0.80,0.8000430941607413,0.8215540485333769,0.26611328125,WHITE,1295,6993,0.277992277992278,0.4918918918918919,0.21389961389961393,0.2962566844919787,0.8830844935092039,0.8442471855599268,7852,26023,0.18925114620478858,0.19510952623535405,0.005858380030565463,0.007225887527489792,0.8814379199663535,0.8770752292851128,0.8841118843803155,0.8725470720679592,-0.011564812312356287,0.7981851973324587,0.762873073138734,0.808328794670912,0.8231597469521136,0.032828043725185996,0.29678236565653787,-0.0016465735428504713,0.08874113178748941,True,True,True,0.28903079696448886,True,True,True,True,False
mimic_race_unmatched,MIMIC race (unmatched cohort),phase4,phase4__mimic_cxr_unmatched__resnet50__seed123__pr1.0,resnet50,123,1.0,pleural_effusion,BLACK_OR_AA,spec0.90,0.6668821374703727,0.8999101233760928,0.4248046875,WHITE,1295,6993,0.4193050193050193,0.6525096525096525,0.23320463320463325,0.40159574468085113,0.8830844935092039,0.8442471855599268,7852,26023,0.325904228222109,0.336984207845135,0.011079979623025982,0.01643680332514642,0.8814379199663535,0.8770752292851128,0.8841118843803155,0.8725470720679592,-0.011564812312356287,0.6608724171859626,0.6183448125068328,0.8913653693074699,0.8988227407934979,0.032828043725185996,0.31552544466451754,-0.0016465735428504713,0.09340079108291027,True,True,True,0.3851589413557047,True,True,True,True,True
mimic_race_unmatched,MIMIC race (unmatched cohort),phase4,phase4__mimic_cxr_unmatched__swin_tiny_patch4_window7_224__seed7__pr0.0,swin_tiny_patch4_window7_224,7,0.0,pleural_effusion,BLACK_OR_AA,t0.5,0.6522301228183581,0.9142903832012419,0.5,WHITE,1295,6993,0.46872586872586874,0.46872586872586874,0.0,0.0,0.8909214911145411,0.8909214911145411,7852,26023,0.3430973000509424,0.3430973000509424,0.0,0.0,0.8908358894963798,0.8908358894963798,0.8929652887467558,0.8929652887467558,0.0,0.6391166502678474,0.6391166502678474,0.9078721354057564,0.9078721354057564,-8.560161816129064e-05,0.12562856867492633,-8.560161816129064e-05,0.12562856867492633,False,False,True,0.0,False,False,False,False,False
mimic_race_unmatched,MIMIC race (unmatched cohort),phase4,phase4__mimic_cxr_unmatched__swin_tiny_patch4_window7_224__seed7__pr0.0,swin_tiny_patch4_window7_224,7,0.0,pleural_effusion,BLACK_OR_AA,youden_j,0.834733893557423,0.8109322657079827,0.286376953125,WHITE,1295,6993,0.23938223938223938,0.23938223938223938,0.0,0.0,0.8909214911145411,0.8909214911145411,7852,26023,0.15486500254712177,0.15486500254712177,0.0,0.0,0.8908358894963798,0.8908358894963798,0.8929652887467558,0.8929652887467558,0.0,0.8331693451404832,0.8331693451404832,0.795341237588504,0.795341237588504,-8.560161816129064e-05,0.08451723683511761,-8.560161816129064e-05,0.08451723683511761,False,False,True,0.0,False,False,False,False,False
mimic_race_unmatched,MIMIC race (unmatched cohort),phase4,phase4__mimic_cxr_unmatched__swin_tiny_patch4_window7_224__seed7__pr0.0,swin_tiny_patch4_window7_224,7,0.0,pleural_effusion,BLACK_OR_AA,sens0.80,0.8002585649644474,0.8384671950322738,0.333740234375,WHITE,1295,6993,0.28494208494208495,0.28494208494208495,0.0,0.0,0.8909214911145411,0.8909214911145411,7852,26023,0.19154355578196638,0.19154355578196638,0.0,0.0,0.8908358894963798,0.8908358894963798,0.8929652887467558,0.8929652887467558,0.0,0.7952334098611566,0.7952334098611566,0.8263018978591479,0.8263018978591479,-8.560161816129064e-05,0.09339852916011857,-8.560161816129064e-05,0.09339852916011857,False,False,True,0.0,False,False,False,False,False
mimic_race_unmatched,MIMIC race (unmatched cohort),phase4,phase4__mimic_cxr_unmatched__swin_tiny_patch4_window7_224__seed7__pr0.0,swin_tiny_patch4_window7_224,7,0.0,pleural_effusion,BLACK_OR_AA,spec0.90,0.6936005171299289,0.8999918293978266,0.46000975370407104,WHITE,1295,6993,0.4355212355212355,0.4355212355212355,0.0,0.0,0.8909214911145411,0.8909214911145411,7852,26023,0.2999235863474274,0.2999235863474274,0.0,0.0,0.8908358894963798,0.8908358894963798,0.8929652887467558,0.8929652887467558,0.0,0.6808789767136766,0.6808789767136766,0.8898571368720936,0.8898571368720936,-8.560161816129064e-05,0.13559764917380812,-8.560161816129064e-05,0.13559764917380812,False,False,True,0.0,False,False,False,False,False
mimic_race_unmatched,MIMIC race (unmatched cohort),phase4,phase4__mimic_cxr_unmatched__swin_tiny_patch4_window7_224__seed7__pr0.5,swin_tiny_patch4_window7_224,7,0.5,pleural_effusion,BLACK_OR_AA,t0.5,0.6522301228183581,0.9142903832012419,0.5,WHITE,1295,6993,0.46872586872586874,0.5938223938223938,0.12509652509652502,0.23546511627906963,0.8909214911145411,0.890168602137714,7852,26023,0.3430973000509424,0.369587366276108,0.026490066225165587,0.04032570763861965,0.8908358894963798,0.8899472459419518,0.8929652887467558,0.8922979060164057,-0.0006673827303501634,0.6391166502678474,0.5986662293648191,0.9078721354057564,0.9201055762704764,-0.0002213561957621346,0.22423502754628577,-8.560161816129064e-05,0.12562856867492633,True,True,True,0.19513940864044999,True,True,True,True,False
mimic_race_unmatched,MIMIC race (unmatched cohort),phase4,phase4__mimic_cxr_unmatched__swin_tiny_patch4_window7_224__seed7__pr0.5,swin_tiny_patch4_window7_224,7,0.5,pleural_effusion,BLACK_OR_AA,youden_j,0.834733893557423,0.8109322657079827,0.286376953125,WHITE,1295,6993,0.23938223938223938,0.3590733590733591,0.1196911196911197,0.15736040609137056,0.8909214911145411,0.890168602137714,7852,26023,0.15486500254712177,0.19167091186958737,0.03680590932246561,0.043550331525015064,0.8908358894963798,0.8899472459419518,0.8929652887467558,0.8922979060164057,-0.0006673827303501634,0.8331693451404832,0.7846288400568492,0.795341237588504,0.8323767229460807,-0.0002213561957621346,0.1674024472037717,-8.560161816129064e-05,0.08451723683511761,False,True,True,0.1138100745663555,False,True,True,False,False
mimic_race_unmatched,MIMIC race (unmatched cohort),phase4,phase4__mimic_cxr_unmatched__swin_tiny_patch4_window7_224__seed7__pr0.5,swin_tiny_patch4_window7_224,7,0.5,pleural_effusion,BLACK_OR_AA,sens0.80,0.8002585649644474,0.8384671950322738,0.333740234375,WHITE,1295,6993,0.28494208494208495,0.41776061776061774,0.1328185328185328,0.18574514038876885,0.8909214911145411,0.890168602137714,7852,26023,0.19154355578196638,0.22796739684156903,0.03642384105960264,0.04505356017643351,0.8908358894963798,0.8899472459419518,0.8929652887467558,0.8922979060164057,-0.0006673827303501634,0.7952334098611566,0.7451623483109217,0.8263018978591479,0.8553772675855712,-0.0002213561957621346,0.1897932209190487,-8.560161816129064e-05,0.09339852916011857,False,True,True,0.14069158021233535,False,True,True,False,False
mimic_race_unmatched,MIMIC race (unmatched cohort),phase4,phase4__mimic_cxr_unmatched__swin_tiny_patch4_window7_224__seed7__pr0.5,swin_tiny_patch4_window7_224,7,0.5,pleural_effusion,BLACK_OR_AA,spec0.90,0.6936005171299289,0.8999918293978266,0.46000975370407104,WHITE,1295,6993,0.4355212355212355,0.5505791505791506,0.11505791505791513,0.20383036935704524,0.8909214911145411,0.890168602137714,7852,26023,0.2999235863474274,0.32896077432501275,0.029037187977585366,0.0414771693651083,0.8908358894963798,0.8899472459419518,0.8929652887467558,0.8922979060164057,-0.0006673827303501634,0.6808789767136766,0.6396632775773478,0.8898571368720936,0.9092546818048515,-0.0002213561957621346,0.22161837625413788,-8.560161816129064e-05,0.13559764917380812,True,True,True,0.16235319999193693,True,True,True,True,False
mimic_race_unmatched,MIMIC race (unmatched cohort),phase4,phase4__mimic_cxr_unmatched__swin_tiny_patch4_window7_224__seed7__pr0.75,swin_tiny_patch4_window7_224,7,0.75,pleural_effusion,BLACK_OR_AA,t0.5,0.6522301228183581,0.9142903832012419,0.5,WHITE,1295,6993,0.46872586872586874,0.7722007722007722,0.30347490347490347,0.5712209302325582,0.8909214911145411,0.8835053551269767,7852,26023,0.3430973000509424,0.4736372898624554,0.130539989811513,0.1987204342768515,0.8908358894963798,0.8878887605726018,0.8929652887467558,0.8890091282707184,-0.003956160476037418,0.6391166502678474,0.48409314529353886,0.9078721354057564,0.9485106204700657,0.004383405445625099,0.2985634823383168,-8.560161816129064e-05,0.12562856867492633,True,True,True,0.37250049595570667,True,True,True,True,True
mimic_race_unmatched,MIMIC race (unmatched cohort),phase4,phase4__mimic_cxr_unmatched__swin_tiny_patch4_window7_224__seed7__pr0.75,swin_tiny_patch4_window7_224,7,0.75,pleural_effusion,BLACK_OR_AA,youden_j,0.834733893557423,0.8109322657079827,0.286376953125,WHITE,1295,6993,0.23938223938223938,0.5034749034749034,0.2640926640926641,0.3472081218274111,0.8909214911145411,0.8835053551269767,7852,26023,0.15486500254712177,0.23522669383596537,0.0803616912888436,0.09508740204942737,0.8908358894963798,0.8878887605726018,0.8929652887467558,0.8890091282707184,-0.003956160476037418,0.8331693451404832,0.7267956707117088,0.795341237588504,0.8631698018350161,0.004383405445625099,0.26824820963893803,-8.560161816129064e-05,0.08451723683511761,True,True,True,0.2521207197779838,True,True,True,True,True
mimic_race_unmatched,MIMIC race (unmatched cohort),phase4,phase4__mimic_cxr_unmatched__swin_tiny_patch4_window7_224__seed7__pr0.75,swin_tiny_patch4_window7_224,7,0.75,pleural_effusion,BLACK_OR_AA,sens0.80,0.8002585649644474,0.8384671950322738,0.333740234375,WHITE,1295,6993,0.28494208494208495,0.572972972972973,0.28803088803088805,0.4028077753779698,0.8909214911145411,0.8835053551269767,7852,26023,0.19154355578196638,0.2848955680081508,0.09335201222618442,0.11546943919344675,0.8908358894963798,0.8878887605726018,0.8929652887467558,0.8890091282707184,-0.003956160476037418,0.7952334098611566,0.674319448999672,0.8263018978591479,0.8878042649461645,0.004383405445625099,0.2880774049648222,-8.560161816129064e-05,0.09339852916011857,True,True,True,0.28733833618452304,True,True,True,True,True
mimic_race_unmatched,MIMIC race (unmatched cohort),phase4,phase4__mimic_cxr_unmatched__swin_tiny_patch4_window7_224__seed7__pr0.75,swin_tiny_patch4_window7_224,7,0.75,pleural_effusion,BLACK_OR_AA,spec0.90,0.6936005171299289,0.8999918293978266,0.46000975370407104,WHITE,1295,6993,0.4355212355212355,0.7281853281853282,0.2926640926640927,0.518467852257182,0.8909214911145411,0.8835053551269767,7852,26023,0.2999235863474274,0.4275343861436577,0.1276107997962303,0.18228124431508103,0.8908358894963798,0.8878887605726018,0.8929652887467558,0.8890091282707184,-0.003956160476037418,0.6808789767136766,0.529900513829671,0.8898571368720936,0.937701621349868,0.004383405445625099,0.30065094204167053,-8.560161816129064e-05,0.13559764917380812,True,True,True,0.3361866079421009,True,True,True,True,True
mimic_race_unmatched,MIMIC race (unmatched cohort),phase4,phase4__mimic_cxr_unmatched__swin_tiny_patch4_window7_224__seed7__pr1.0,swin_tiny_patch4_window7_224,7,1.0,pleural_effusion,BLACK_OR_AA,t0.5,0.6522301228183581,0.9142903832012419,0.5,WHITE,1295,6993,0.46872586872586874,0.6362934362934363,0.16756756756756752,0.315406976744186,0.8909214911145411,0.8682125815330448,7852,26023,0.3430973000509424,0.3196637799286806,-0.023433520122261797,-0.03567274137262497,0.8908358894963798,0.8856613221545373,0.8929652887467558,0.8844426432545198,-0.008522645492236025,0.6391166502678474,0.6355089100251449,0.9078721354057564,0.9005404499560099,0.017448740621492487,0.31662965636475565,-8.560161816129064e-05,0.12562856867492633,True,True,True,0.351079718116811,True,True,True,True,True
mimic_race_unmatched,MIMIC race (unmatched cohort),phase4,phase4__mimic_cxr_unmatched__swin_tiny_patch4_window7_224__seed7__pr1.0,swin_tiny_patch4_window7_224,7,1.0,pleural_effusion,BLACK_OR_AA,youden_j,0.834733893557423,0.8109322657079827,0.286376953125,WHITE,1295,6993,0.23938223938223938,0.43166023166023165,0.19227799227799228,0.2527918781725888,0.8909214911145411,0.8682125815330448,7852,26023,0.15486500254712177,0.17371370351502802,0.01884870096790625,0.02230259192284507,0.8908358894963798,0.8856613221545373,0.8929652887467558,0.8844426432545198,-0.008522645492236025,0.8331693451404832,0.7897671367661528,0.795341237588504,0.8167078637563366,0.017448740621492487,0.25794652814520364,-8.560161816129064e-05,0.08451723683511761,True,True,True,0.23048928624974374,True,True,True,True,False
mimic_race_unmatched,MIMIC race (unmatched cohort),phase4,phase4__mimic_cxr_unmatched__swin_tiny_patch4_window7_224__seed7__pr1.0,swin_tiny_patch4_window7_224,7,1.0,pleural_effusion,BLACK_OR_AA,sens0.80,0.8002585649644474,0.8384671950322738,0.333740234375,WHITE,1295,6993,0.28494208494208495,0.4718146718146718,0.18687258687258684,0.2613390928725702,0.8909214911145411,0.8682125815330448,7852,26023,0.19154355578196638,0.1998217014773306,0.008278145695364225,0.010239445494643966,0.8908358894963798,0.8856613221545373,0.8929652887467558,0.8844426432545198,-0.008522645492236025,0.7952334098611566,0.7616704930578332,0.8263018978591479,0.8376555364698982,0.017448740621492487,0.27199297033734116,-8.560161816129064e-05,0.09339852916011857,True,True,True,0.2510996473779262,True,True,True,True,False
mimic_race_unmatched,MIMIC race (unmatched cohort),phase4,phase4__mimic_cxr_unmatched__swin_tiny_patch4_window7_224__seed7__pr1.0,swin_tiny_patch4_window7_224,7,1.0,pleural_effusion,BLACK_OR_AA,spec0.90,0.6936005171299289,0.8999918293978266,0.46000975370407104,WHITE,1295,6993,0.4355212355212355,0.5969111969111969,0.16138996138996137,0.28590971272229815,0.8909214911145411,0.8682125815330448,7852,26023,0.2999235863474274,0.29037187977585327,-0.009551706571574115,-0.01364380571220665,0.8908358894963798,0.8856613221545373,0.8929652887467558,0.8844426432545198,-0.008522645492236025,0.6808789767136766,0.6662293648190664,0.8898571368720936,0.8878042649461645,0.017448740621492487,0.3065393171353436,-8.560161816129064e-05,0.13559764917380812,True,True,True,0.2995535184345048,True,True,True,True,False
mimic_race_unmatched,MIMIC race (unmatched cohort),phase4,phase4__mimic_cxr_unmatched__swin_tiny_patch4_window7_224__seed42__pr0.0,swin_tiny_patch4_window7_224,42,0.0,pleural_effusion,BLACK_OR_AA,t0.5,0.6186166774402069,0.9238499877440968,0.5,WHITE,1295,6993,0.4942084942084942,0.4942084942084942,0.0,0.0,0.8917275044688173,0.8917275044688173,7852,26023,0.3716250636780438,0.3716250636780438,0.0,0.0,0.8901881403566554,0.8901881403566554,0.8925717807490846,0.8925717807490846,0.0,0.6110200065595277,0.6110200065595277,0.9175499601994218,0.9175499601994218,-0.001539364112161934,0.1225834305304504,-0.001539364112161934,0.1225834305304504,False,False,True,0.0,False,False,False,False,False
mimic_race_unmatched,MIMIC race (unmatched cohort),phase4,phase4__mimic_cxr_unmatched__swin_tiny_patch4_window7_224__seed42__pr0.0,swin_tiny_patch4_window7_224,42,0.0,pleural_effusion,BLACK_OR_AA,youden_j,0.8315018315018315,0.8110139717297165,0.2327880859375,WHITE,1295,6993,0.23938223938223938,0.23938223938223938,0.0,0.0,0.8917275044688173,0.8917275044688173,7852,26023,0.16046867040244522,0.16046867040244522,0.0,0.0,0.8901881403566554,0.8901881403566554,0.8925717807490846,0.8925717807490846,0.0,0.8283590248168798,0.8283590248168798,0.7970170514055889,0.7970170514055889,-0.001539364112161934,0.07891356897979415,-0.001539364112161934,0.07891356897979415,False,False,True,0.0,False,False,False,False,False
mimic_race_unmatched,MIMIC race (unmatched cohort),phase4,phase4__mimic_cxr_unmatched__swin_tiny_patch4_window7_224__seed42__pr0.0,swin_tiny_patch4_window7_224,42,0.0,pleural_effusion,BLACK_OR_AA,sens0.80,0.8000430941607413,0.8384671950322738,0.278564453125,WHITE,1295,6993,0.27876447876447874,0.27876447876447874,0.0,0.0,0.8917275044688173,0.8917275044688173,7852,26023,0.19205298013245034,0.19205298013245034,0.0,0.0,0.8901881403566554,0.8901881403566554,0.8925717807490846,0.8925717807490846,0.0,0.7956707117087569,0.7956707117087569,0.8259248397503037,0.8259248397503037,-0.001539364112161934,0.0867114986320284,-0.001539364112161934,0.0867114986320284,False,False,True,0.0,False,False,False,False,False
mimic_race_unmatched,MIMIC race (unmatched cohort),phase4,phase4__mimic_cxr_unmatched__swin_tiny_patch4_window7_224__seed42__pr0.0,swin_tiny_patch4_window7_224,42,0.0,pleural_effusion,BLACK_OR_AA,spec0.90,0.6847662141779789,0.8999101233760928,0.420654296875,WHITE,1295,6993,0.41776061776061774,0.41776061776061774,0.0,0.0,0.8917275044688173,0.8917275044688173,7852,26023,0.30399898115129903,0.30399898115129903,0.0,0.0,0.8901881403566554,0.8901881403566554,0.8925717807490846,0.8925717807490846,0.0,0.6798950475565759,0.6798950475565759,0.8915329506891785,0.8915329506891785,-0.001539364112161934,0.1137616366093187,-0.001539364112161934,0.1137616366093187,False,False,True,0.0,False,False,False,False,False
mimic_race_unmatched,MIMIC race (unmatched cohort),phase4,phase4__mimic_cxr_unmatched__swin_tiny_patch4_window7_224__seed42__pr0.5,swin_tiny_patch4_window7_224,42,0.5,pleural_effusion,BLACK_OR_AA,t0.5,0.6186166774402069,0.9238499877440968,0.5,WHITE,1295,6993,0.4942084942084942,0.7027027027027027,0.20849420849420852,0.41221374045801534,0.8917275044688173,0.8895756961394027,7852,26023,0.3716250636780438,0.4737646459500764,0.10213958227203257,0.16254560194568296,0.8901881403566554,0.8886889746648363,0.8925717807490846,0.8911814067403542,-0.0013903740087304328,0.6110200065595277,0.4938231114026457,0.9175499601994218,0.9481335623612217,-0.0008867214745663654,0.22893805675262635,-0.001539364112161934,0.1225834305304504,True,True,True,0.24966813851233238,True,True,True,True,True
mimic_race_unmatched,MIMIC race (unmatched cohort),phase4,phase4__mimic_cxr_unmatched__swin_tiny_patch4_window7_224__seed42__pr0.5,swin_tiny_patch4_window7_224,42,0.5,pleural_effusion,BLACK_OR_AA,youden_j,0.8315018315018315,0.8110139717297165,0.2327880859375,WHITE,1295,6993,0.23938223938223938,0.3598455598455598,0.12046332046332045,0.15837563451776648,0.8917275044688173,0.8895756961394027,7852,26023,0.16046867040244522,0.20287824758023434,0.04240957717778912,0.050515776699029145,0.8901881403566554,0.8886889746648363,0.8925717807490846,0.8911814067403542,-0.0013903740087304328,0.8283590248168798,0.7748988739477425,0.7970170514055889,0.8345971762537182,-0.0008867214745663654,0.15696731226532548,-0.001539364112161934,0.07891356897979415,False,True,True,0.10785985781873733,False,True,True,False,False
mimic_race_unmatched,MIMIC race (unmatched cohort),phase4,phase4__mimic_cxr_unmatched__swin_tiny_patch4_window7_224__seed42__pr0.5,swin_tiny_patch4_window7_224,42,0.5,pleural_effusion,BLACK_OR_AA,sens0.80,0.8000430941607413,0.8384671950322738,0.278564453125,WHITE,1295,6993,0.27876447876447874,0.42702702702702705,0.1482625482625483,0.20556745182012853,0.8917275044688173,0.8895756961394027,7852,26023,0.19205298013245034,0.2475802343352012,0.05552725420275087,0.06872635561160148,0.8901881403566554,0.8886889746648363,0.8925717807490846,0.8911814067403542,-0.0013903740087304328,0.7956707117087569,0.7270143216355089,0.8259248397503037,0.8639658133981315,-0.0008867214745663654,0.17944679269182584,-0.001539364112161934,0.0867114986320284,True,True,True,0.13684109620852705,True,True,True,True,False
mimic_race_unmatched,MIMIC race (unmatched cohort),phase4,phase4__mimic_cxr_unmatched__swin_tiny_patch4_window7_224__seed42__pr0.5,swin_tiny_patch4_window7_224,42,0.5,pleural_effusion,BLACK_OR_AA,spec0.90,0.6847662141779789,0.8999101233760928,0.420654296875,WHITE,1295,6993,0.41776061776061774,0.6077220077220077,0.18996138996138995,0.32625994694960203,0.8917275044688173,0.8895756961394027,7852,26023,0.30399898115129903,0.3863983698420784,0.0823993886907794,0.1183897529734675,0.8901881403566554,0.8886889746648363,0.8925717807490846,0.8911814067403542,-0.0013903740087304328,0.6798950475565759,0.5822674100798075,0.8915329506891785,0.9263479827391177,-0.0008867214745663654,0.22132363787992926,-0.001539364112161934,0.1137616366093187,True,True,True,0.20787019397613454,True,True,True,True,True
mimic_race_unmatched,MIMIC race (unmatched cohort),phase4,phase4__mimic_cxr_unmatched__swin_tiny_patch4_window7_224__seed42__pr0.75,swin_tiny_patch4_window7_224,42,0.75,pleural_effusion,BLACK_OR_AA,t0.5,0.6186166774402069,0.9238499877440968,0.5,WHITE,1295,6993,0.4942084942084942,0.7583011583011583,0.2640926640926641,0.5221374045801527,0.8917275044688173,0.8782273398103514,7852,26023,0.3716250636780438,0.45071319409067756,0.07908813041263374,0.12586137008512366,0.8901881403566554,0.8870172534242184,0.8925717807490846,0.8871689277809482,-0.005402852968136362,0.6110200065595277,0.505739586749754,0.9175499601994218,0.9438602371276551,0.00878991361386705,0.30758796421048074,-0.001539364112161934,0.1225834305304504,True,True,True,0.396276034495029,True,True,True,True,True
mimic_race_unmatched,MIMIC race (unmatched cohort),phase4,phase4__mimic_cxr_unmatched__swin_tiny_patch4_window7_224__seed42__pr0.75,swin_tiny_patch4_window7_224,42,0.75,pleural_effusion,BLACK_OR_AA,youden_j,0.8315018315018315,0.8110139717297165,0.2327880859375,WHITE,1295,6993,0.23938223938223938,0.4471042471042471,0.20772200772200775,0.27309644670050764,0.8917275044688173,0.8782273398103514,7852,26023,0.16046867040244522,0.18976057055527254,0.029291900152827316,0.03489077669902914,0.8901881403566554,0.8870172534242184,0.8925717807490846,0.8871689277809482,-0.005402852968136362,0.8283590248168798,0.7738056193287417,0.7970170514055889,0.8274330721856802,0.00878991361386705,0.2573436765489746,-0.001539364112161934,0.07891356897979415,True,True,True,0.23820567000147852,True,True,True,True,False
mimic_race_unmatched,MIMIC race (unmatched cohort),phase4,phase4__mimic_cxr_unmatched__swin_tiny_patch4_window7_224__seed42__pr0.75,swin_tiny_patch4_window7_224,42,0.75,pleural_effusion,BLACK_OR_AA,sens0.80,0.8000430941607413,0.8384671950322738,0.278564453125,WHITE,1295,6993,0.27876447876447874,0.5127413127413127,0.233976833976834,0.32441113490364026,0.8917275044688173,0.8782273398103514,7852,26023,0.19205298013245034,0.22809475292919001,0.036041772796739674,0.04460907944514501,0.8901881403566554,0.8870172534242184,0.8925717807490846,0.8871689277809482,-0.005402852968136362,0.7956707117087569,0.7316059910353121,0.8259248397503037,0.8561313838032595,0.00878991361386705,0.2846465598121227,-0.001539364112161934,0.0867114986320284,True,True,True,0.27980205545849524,True,True,True,True,True
mimic_race_unmatched,MIMIC race (unmatched cohort),phase4,phase4__mimic_cxr_unmatched__swin_tiny_patch4_window7_224__seed42__pr0.75,swin_tiny_patch4_window7_224,42,0.75,pleural_effusion,BLACK_OR_AA,spec0.90,0.6847662141779789,0.8999101233760928,0.420654296875,WHITE,1295,6993,0.41776061776061774,0.6818532818532819,0.26409266409266413,0.4535809018567639,0.8917275044688173,0.8782273398103514,7852,26023,0.30399898115129903,0.3674223127865512,0.06342333163525216,0.09112534309240622,0.8901881403566554,0.8870172534242184,0.8925717807490846,0.8871689277809482,-0.005402852968136362,0.6798950475565759,0.5880616595605116,0.8915329506891785,0.9191838786710796,0.00878991361386705,0.3144309690667307,-0.001539364112161934,0.1137616366093187,True,True,True,0.3624555587643577,True,True,True,True,True
mimic_race_unmatched,MIMIC race (unmatched cohort),phase4,phase4__mimic_cxr_unmatched__swin_tiny_patch4_window7_224__seed42__pr1.0,swin_tiny_patch4_window7_224,42,1.0,pleural_effusion,BLACK_OR_AA,t0.5,0.6186166774402069,0.9238499877440968,0.5,WHITE,1295,6993,0.4942084942084942,0.7783783783783784,0.2841698841698842,0.5618320610687023,0.8917275044688173,0.8652489324303996,7852,26023,0.3716250636780438,0.42345899133978604,0.05183392766174222,0.08248885285772191,0.8901881403566554,0.8871670585541954,0.8925717807490846,0.8844908020617237,-0.008080978687360907,0.6110200065595277,0.5262927735869684,0.9175499601994218,0.9371988772047426,0.021918126123795845,0.3549193870385924,-0.001539364112161934,0.1225834305304504,True,True,True,0.4793432082109804,True,True,True,True,True
mimic_race_unmatched,MIMIC race (unmatched cohort),phase4,phase4__mimic_cxr_unmatched__swin_tiny_patch4_window7_224__seed42__pr1.0,swin_tiny_patch4_window7_224,42,1.0,pleural_effusion,BLACK_OR_AA,youden_j,0.8315018315018315,0.8110139717297165,0.2327880859375,WHITE,1295,6993,0.23938223938223938,0.4934362934362934,0.254054054054054,0.3340101522842639,0.8917275044688173,0.8652489324303996,7852,26023,0.16046867040244522,0.19052470708099847,0.03005603667855325,0.03580097087378642,0.8901881403566554,0.8871670585541954,0.8925717807490846,0.8844908020617237,-0.008080978687360907,0.8283590248168798,0.7665901388433366,0.7970170514055889,0.8366500481796473,0.021918126123795845,0.3029115863552949,-0.001539364112161934,0.07891356897979415,True,True,True,0.2982091814104775,True,True,True,True,True
mimic_race_unmatched,MIMIC race (unmatched cohort),phase4,phase4__mimic_cxr_unmatched__swin_tiny_patch4_window7_224__seed42__pr1.0,swin_tiny_patch4_window7_224,42,1.0,pleural_effusion,BLACK_OR_AA,sens0.80,0.8000430941607413,0.8384671950322738,0.278564453125,WHITE,1295,6993,0.27876447876447874,0.555984555984556,0.27722007722007724,0.38436830835117775,0.8917275044688173,0.8652489324303996,7852,26023,0.19205298013245034,0.22733061640346408,0.03527763627101374,0.04366330390920553,0.8901881403566554,0.8871670585541954,0.8925717807490846,0.8844908020617237,-0.008080978687360907,0.7956707117087569,0.7261397179403083,0.8259248397503037,0.8586451045288869,0.021918126123795845,0.3286539395810919,-0.001539364112161934,0.0867114986320284,True,True,True,0.3407050044419722,True,True,True,True,True
mimic_race_unmatched,MIMIC race (unmatched cohort),phase4,phase4__mimic_cxr_unmatched__swin_tiny_patch4_window7_224__seed42__pr1.0,swin_tiny_patch4_window7_224,42,1.0,pleural_effusion,BLACK_OR_AA,spec0.90,0.6847662141779789,0.8999101233760928,0.420654296875,WHITE,1295,6993,0.41776061776061774,0.7019305019305019,0.28416988416988415,0.4880636604774535,0.8917275044688173,0.8652489324303996,7852,26023,0.30399898115129903,0.34730005094243505,0.043301069791136015,0.06221408966148216,0.8901881403566554,0.8871670585541954,0.8925717807490846,0.8844908020617237,-0.008080978687360907,0.6798950475565759,0.6024926205313218,0.8915329506891785,0.9153714022372115,0.021918126123795845,0.35463045098806684,-0.001539364112161934,0.1137616366093187,True,True,True,0.4258495708159713,True,True,True,True,True
mimic_race_unmatched,MIMIC race (unmatched cohort),phase4,phase4__mimic_cxr_unmatched__swin_tiny_patch4_window7_224__seed123__pr0.0,swin_tiny_patch4_window7_224,123,0.0,pleural_effusion,BLACK_OR_AA,t0.5,0.5895281189398837,0.9289974671133262,0.5,WHITE,1295,6993,0.5142857142857142,0.5142857142857142,0.0,0.0,0.8915074177622441,0.8915074177622441,7852,26023,0.3984971981660723,0.3984971981660723,0.0,0.0,0.8901226225146499,0.8901226225146499,0.8924887435057349,0.8924887435057349,0.0,0.5851098720892096,0.5851098720892096,0.9247978549583141,0.9247978549583141,-0.0013847952475941616,0.11578851611964192,-0.0013847952475941616,0.11578851611964192,False,False,True,0.0,False,False,False,False,False
mimic_race_unmatched,MIMIC race (unmatched cohort),phase4,phase4__mimic_cxr_unmatched__swin_tiny_patch4_window7_224__seed123__pr0.0,swin_tiny_patch4_window7_224,123,0.0,pleural_effusion,BLACK_OR_AA,youden_j,0.8586511527687998,0.7854399869270365,0.17724609375,WHITE,1295,6993,0.20386100386100386,0.20386100386100386,0.0,0.0,0.8915074177622441,0.8915074177622441,7852,26023,0.13385124808965868,0.13385124808965868,0.0,0.0,0.8901226225146499,0.8901226225146499,0.8924887435057349,0.8924887435057349,0.0,0.8562370176013994,0.8562370176013994,0.7709581465499183,0.7709581465499183,-0.0013847952475941616,0.07000975577134519,-0.0013847952475941616,0.07000975577134519,False,False,True,0.0,False,False,False,False,False
mimic_race_unmatched,MIMIC race (unmatched cohort),phase4,phase4__mimic_cxr_unmatched__swin_tiny_patch4_window7_224__seed123__pr0.0,swin_tiny_patch4_window7_224,123,0.0,pleural_effusion,BLACK_OR_AA,sens0.80,0.8000430941607413,0.8380586649236049,0.255615234375,WHITE,1295,6993,0.28416988416988415,0.28416988416988415,0.0,0.0,0.8915074177622441,0.8915074177622441,7852,26023,0.19498217014773306,0.19498217014773306,0.0,0.0,0.8901226225146499,0.8901226225146499,0.8924887435057349,0.8924887435057349,0.0,0.7923909478517547,0.7923909478517547,0.8259248397503037,0.8259248397503037,-0.0013847952475941616,0.08918771402215109,-0.0013847952475941616,0.08918771402215109,False,False,True,0.0,False,False,False,False,False
mimic_race_unmatched,MIMIC race (unmatched cohort),phase4,phase4__mimic_cxr_unmatched__swin_tiny_patch4_window7_224__seed123__pr0.0,swin_tiny_patch4_window7_224,123,0.0,pleural_effusion,BLACK_OR_AA,spec0.90,0.6836888601594484,0.8999918293978266,0.39824217557907104,WHITE,1295,6993,0.41853281853281854,0.41853281853281854,0.0,0.0,0.8915074177622441,0.8915074177622441,7852,26023,0.3080743759551707,0.3080743759551707,0.0,0.0,0.8901226225146499,0.8901226225146499,0.8924887435057349,0.8924887435057349,0.0,0.6762873073138734,0.6762873073138734,0.8929154970882734,0.8929154970882734,-0.0013847952475941616,0.11045844257764786,-0.0013847952475941616,0.11045844257764786,False,False,True,0.0,False,False,False,False,False
mimic_race_unmatched,MIMIC race (unmatched cohort),phase4,phase4__mimic_cxr_unmatched__swin_tiny_patch4_window7_224__seed123__pr0.5,swin_tiny_patch4_window7_224,123,0.5,pleural_effusion,BLACK_OR_AA,t0.5,0.5895281189398837,0.9289974671133262,0.5,WHITE,1295,6993,0.5142857142857142,0.6532818532818533,0.13899613899613905,0.2861685214626392,0.8915074177622441,0.8898387431205964,7852,26023,0.3984971981660723,0.40206316861946,0.00356597045338769,0.00592843531653613,0.8901226225146499,0.8888281019565276,0.8924887435057349,0.8912324396406219,-0.0012563038651129954,0.5851098720892096,0.5623701760139936,0.9247978549583141,0.9304956219364029,-0.001010641164068793,0.2512186846623933,-0.0013847952475941616,0.11578851611964192,True,True,True,0.2802400861461031,True,True,True,True,False
mimic_race_unmatched,MIMIC race (unmatched cohort),phase4,phase4__mimic_cxr_unmatched__swin_tiny_patch4_window7_224__seed123__pr0.5,swin_tiny_patch4_window7_224,123,0.5,pleural_effusion,BLACK_OR_AA,youden_j,0.8586511527687998,0.7854399869270365,0.17724609375,WHITE,1295,6993,0.20386100386100386,0.27876447876447874,0.07490347490347488,0.09408341416100868,0.8915074177622441,0.8898387431205964,7852,26023,0.13385124808965868,0.13397860417727966,0.00012735608762098893,0.0001470372004117049,0.8901226225146499,0.8888281019565276,0.8924887435057349,0.8912324396406219,-0.0012563038651129954,0.8562370176013994,0.8455231223351919,0.7709581465499183,0.7812225061795635,-0.001010641164068793,0.14478587458719908,-0.0013847952475941616,0.07000975577134519,False,True,True,0.09393637696059698,False,False,False,False,False
mimic_race_unmatched,MIMIC race (unmatched cohort),phase4,phase4__mimic_cxr_unmatched__swin_tiny_patch4_window7_224__seed123__pr0.5,swin_tiny_patch4_window7_224,123,0.5,pleural_effusion,BLACK_OR_AA,sens0.80,0.8000430941607413,0.8380586649236049,0.255615234375,WHITE,1295,6993,0.28416988416988415,0.37142857142857144,0.0872586872586873,0.12189859762675301,0.8915074177622441,0.8898387431205964,7852,26023,0.19498217014773306,0.19268976057055529,-0.002292409577177773,-0.0028476506881822297,0.8901226225146499,0.8888281019565276,0.8924887435057349,0.8912324396406219,-0.0012563038651129954,0.7923909478517547,0.7820050289712474,0.8259248397503037,0.8346809669445725,-0.001010641164068793,0.17873881085801616,-0.0013847952475941616,0.08918771402215109,False,True,True,0.12474624831493523,False,True,False,False,False
mimic_race_unmatched,MIMIC race (unmatched cohort),phase4,phase4__mimic_cxr_unmatched__swin_tiny_patch4_window7_224__seed123__pr0.5,swin_tiny_patch4_window7_224,123,0.5,pleural_effusion,BLACK_OR_AA,spec0.90,0.6836888601594484,0.8999918293978266,0.39824217557907104,WHITE,1295,6993,0.41853281853281854,0.5459459459459459,0.12741312741312738,0.21912350597609556,0.8915074177622441,0.8898387431205964,7852,26023,0.3080743759551707,0.30743759551706573,-0.0006367804381049447,-0.00092030185900976,0.8901226225146499,0.8888281019565276,0.8924887435057349,0.8912324396406219,-0.0012563038651129954,0.6762873073138734,0.6587952334098611,0.8929154970882734,0.8998701244291759,-0.001010641164068793,0.2385083504288802,-0.0013847952475941616,0.11045844257764786,True,True,True,0.22004380783510533,True,True,True,True,False
mimic_race_unmatched,MIMIC race (unmatched cohort),phase4,phase4__mimic_cxr_unmatched__swin_tiny_patch4_window7_224__seed123__pr0.75,swin_tiny_patch4_window7_224,123,0.75,pleural_effusion,BLACK_OR_AA,t0.5,0.5895281189398837,0.9289974671133262,0.5,WHITE,1295,6993,0.5142857142857142,0.6864864864864865,0.17220077220077223,0.35453100158982515,0.8915074177622441,0.8835897171804508,7852,26023,0.3984971981660723,0.39085583290881304,-0.0076413652572592805,-0.012703789964005901,0.8901226225146499,0.8874521957350154,0.8924887435057349,0.8884989000330569,-0.003989843472678056,0.5851098720892096,0.567289821799497,0.9247978549583141,0.9265155641208261,0.0038624785545646745,0.29563065357767343,-0.0013847952475941616,0.11578851611964192,True,True,True,0.36723479155383104,True,True,True,True,True
mimic_race_unmatched,MIMIC race (unmatched cohort),phase4,phase4__mimic_cxr_unmatched__swin_tiny_patch4_window7_224__seed123__pr0.75,swin_tiny_patch4_window7_224,123,0.75,pleural_effusion,BLACK_OR_AA,youden_j,0.8586511527687998,0.7854399869270365,0.17724609375,WHITE,1295,6993,0.20386100386100386,0.3081081081081081,0.10424710424710426,0.1309408341416101,0.8915074177622441,0.8835897171804508,7852,26023,0.13385124808965868,0.12480896586856852,-0.009042282221090159,-0.010439641229230984,0.8901226225146499,0.8874521957350154,0.8924887435057349,0.8884989000330569,-0.003989843472678056,0.8562370176013994,0.8492401880397945,0.7709581465499183,0.767774100297457,0.0038624785545646745,0.1832991422395396,-0.0013847952475941616,0.07000975577134519,False,True,True,0.14138047537084109,False,True,False,False,False
mimic_race_unmatched,MIMIC race (unmatched cohort),phase4,phase4__mimic_cxr_unmatched__swin_tiny_patch4_window7_224__seed123__pr0.75,swin_tiny_patch4_window7_224,123,0.75,pleural_effusion,BLACK_OR_AA,sens0.80,0.8000430941607413,0.8380586649236049,0.255615234375,WHITE,1295,6993,0.28416988416988415,0.4223938223938224,0.13822393822393825,0.1930960086299892,0.8915074177622441,0.8835897171804508,7852,26023,0.19498217014773306,0.17473255221599593,-0.02024961793173713,-0.02515424774560986,0.8901226225146499,0.8874521957350154,0.8924887435057349,0.8884989000330569,-0.003989843472678056,0.7923909478517547,0.7902044386137531,0.8259248397503037,0.8210649796807574,0.0038624785545646745,0.24766127017782646,-0.0013847952475941616,0.08918771402215109,False,True,True,0.21825025637559908,False,True,True,False,False
mimic_race_unmatched,MIMIC race (unmatched cohort),phase4,phase4__mimic_cxr_unmatched__swin_tiny_patch4_window7_224__seed123__pr0.75,swin_tiny_patch4_window7_224,123,0.75,pleural_effusion,BLACK_OR_AA,spec0.90,0.6836888601594484,0.8999918293978266,0.39824217557907104,WHITE,1295,6993,0.41853281853281854,0.5891891891891892,0.17065637065637063,0.2934926958831341,0.8915074177622441,0.8835897171804508,7852,26023,0.3080743759551707,0.29266428935303107,-0.015410086602139605,-0.022271304988036113,0.8901226225146499,0.8874521957350154,0.8924887435057349,0.8884989000330569,-0.003989843472678056,0.6762873073138734,0.6653547611238657,0.8929154970882734,0.8919100087980225,0.0038624785545646745,0.2965248998361581,-0.0013847952475941616,0.11045844257764786,True,True,True,0.3157640008711702,True,True,True,True,False
mimic_race_unmatched,MIMIC race (unmatched cohort),phase4,phase4__mimic_cxr_unmatched__swin_tiny_patch4_window7_224__seed123__pr1.0,swin_tiny_patch4_window7_224,123,1.0,pleural_effusion,BLACK_OR_AA,t0.5,0.5895281189398837,0.9289974671133262,0.5,WHITE,1295,6993,0.5142857142857142,0.7953667953667953,0.2810810810810811,0.5786963434022258,0.8915074177622441,0.8681793787971395,7852,26023,0.3984971981660723,0.5225420275089149,0.12404482934284256,0.20622485708236285,0.8901226225146499,0.8850706943682942,0.8924887435057349,0.8837062456488121,-0.008782497856922866,0.5851098720892096,0.43883240406690716,0.9247978549583141,0.9565964221375005,0.016891315571154752,0.27282476785788046,-0.0013847952475941616,0.11578851611964192,True,True,True,0.37247148631986293,True,True,True,True,True
mimic_race_unmatched,MIMIC race (unmatched cohort),phase4,phase4__mimic_cxr_unmatched__swin_tiny_patch4_window7_224__seed123__pr1.0,swin_tiny_patch4_window7_224,123,1.0,pleural_effusion,BLACK_OR_AA,youden_j,0.8586511527687998,0.7854399869270365,0.17724609375,WHITE,1295,6993,0.20386100386100386,0.3274131274131274,0.12355212355212353,0.15518913676042673,0.8915074177622441,0.8681793787971395,7852,26023,0.13385124808965868,0.12213448802852776,-0.011716760061130913,-0.013527422437876772,0.8901226225146499,0.8850706943682942,0.8924887435057349,0.8837062456488121,-0.008782497856922866,0.8562370176013994,0.8488028861921941,0.7709581465499183,0.7633331936821819,0.016891315571154752,0.20527863938459961,-0.0013847952475941616,0.07000975577134519,False,True,True,0.1687165591983035,False,True,True,False,False
mimic_race_unmatched,MIMIC race (unmatched cohort),phase4,phase4__mimic_cxr_unmatched__swin_tiny_patch4_window7_224__seed123__pr1.0,swin_tiny_patch4_window7_224,123,1.0,pleural_effusion,BLACK_OR_AA,sens0.80,0.8000430941607413,0.8380586649236049,0.255615234375,WHITE,1295,6993,0.28416988416988415,0.461003861003861,0.17683397683397684,0.24703344120819848,0.8915074177622441,0.8681793787971395,7852,26023,0.19498217014773306,0.2054253693326541,0.010443199184921037,0.012972630912830244,0.8901226225146499,0.8850706943682942,0.8924887435057349,0.8837062456488121,-0.008782497856922866,0.7923909478517547,0.7583907292008308,0.8259248397503037,0.8381163852695965,0.016891315571154752,0.2555784916712069,-0.0013847952475941616,0.08918771402215109,True,True,True,0.23406081029536824,True,True,True,True,False
mimic_race_unmatched,MIMIC race (unmatched cohort),phase4,phase4__mimic_cxr_unmatched__swin_tiny_patch4_window7_224__seed123__pr1.0,swin_tiny_patch4_window7_224,123,1.0,pleural_effusion,BLACK_OR_AA,spec0.90,0.6836888601594484,0.8999918293978266,0.39824217557907104,WHITE,1295,6993,0.41853281853281854,0.6756756756756757,0.2571428571428571,0.4422310756972111,0.8915074177622441,0.8681793787971395,7852,26023,0.3080743759551707,0.3851248089658686,0.07705043301069792,0.1113565249401804,0.8901226225146499,0.8850706943682942,0.8924887435057349,0.8837062456488121,-0.008782497856922866,0.6762873073138734,0.5737400240516016,0.8929154970882734,0.9209015878335917,0.016891315571154752,0.29055086670980707,-0.0013847952475941616,0.11045844257764786,True,True,True,0.3308745507570307,True,True,True,True,True
mimic_race_unmatched,MIMIC race (unmatched cohort),phase4,phase4__mimic_cxr_unmatched__vit_base_patch16_224__seed7__pr0.0,vit_base_patch16_224,7,0.0,pleural_effusion,BLACK_OR_AA,t0.5,0.6171083818142642,0.9146172072881772,0.5,WHITE,1295,6993,0.5003861003861004,0.5003861003861004,0.0,0.0,0.8822147173498526,0.8822147173498526,7852,26023,0.3686958736627611,0.3686958736627611,0.0,0.0,0.8830721899244773,0.8830721899244773,0.8851663971408605,0.8851663971408605,0.0,0.6126598884880289,0.6126598884880289,0.908416774896309,0.908416774896309,0.0008574725746247625,0.13169022672333935,0.0008574725746247625,0.13169022672333935,False,False,True,0.0,False,False,False,False,False
mimic_race_unmatched,MIMIC race (unmatched cohort),phase4,phase4__mimic_cxr_unmatched__vit_base_patch16_224__seed7__pr0.0,vit_base_patch16_224,7,0.0,pleural_effusion,BLACK_OR_AA,youden_j,0.8330101271277742,0.7977775962088406,0.2490234375,WHITE,1295,6993,0.23011583011583012,0.23011583011583012,0.0,0.0,0.8822147173498526,0.8822147173498526,7852,26023,0.163143148242486,0.163143148242486,0.0,0.0,0.8830721899244773,0.8830721899244773,0.8851663971408605,0.8851663971408605,0.0,0.8273750956597792,0.8273750956597792,0.7859985755582555,0.7859985755582555,0.0008574725746247625,0.06697268187334413,0.0008574725746247625,0.06697268187334413,False,False,True,0.0,False,False,False,False,False
mimic_race_unmatched,MIMIC race (unmatched cohort),phase4,phase4__mimic_cxr_unmatched__vit_base_patch16_224__seed7__pr0.0,vit_base_patch16_224,7,0.0,pleural_effusion,BLACK_OR_AA,sens0.80,0.8000430941607413,0.822779638859384,0.28759765625,WHITE,1295,6993,0.2671814671814672,0.2671814671814672,0.0,0.0,0.8822147173498526,0.8822147173498526,7852,26023,0.1912888436067244,0.1912888436067244,0.0,0.0,0.8830721899244773,0.8830721899244773,0.8851663971408605,0.8851663971408605,0.0,0.7979665464086586,0.7979665464086586,0.8119736897230717,0.8119736897230717,0.0008574725746247625,0.07589262357474277,0.0008574725746247625,0.07589262357474277,False,False,True,0.0,False,False,False,False,False
mimic_race_unmatched,MIMIC race (unmatched cohort),phase4,phase4__mimic_cxr_unmatched__vit_base_patch16_224__seed7__pr0.0,vit_base_patch16_224,7,0.0,pleural_effusion,BLACK_OR_AA,spec0.90,0.6621417797888386,0.8999918293978266,0.45170897245407104,WHITE,1295,6993,0.44324324324324327,0.44324324324324327,0.0,0.0,0.8822147173498526,0.8822147173498526,7852,26023,0.32437595517065715,0.32437595517065715,0.0,0.0,0.8830721899244773,0.8830721899244773,0.8851663971408605,0.8851663971408605,0.0,0.6587952334098611,0.6587952334098611,0.891030206544053,0.891030206544053,0.0008574725746247625,0.11886728807258612,0.0008574725746247625,0.11886728807258612,False,False,True,0.0,False,False,False,False,False
mimic_race_unmatched,MIMIC race (unmatched cohort),phase4,phase4__mimic_cxr_unmatched__vit_base_patch16_224__seed7__pr0.5,vit_base_patch16_224,7,0.5,pleural_effusion,BLACK_OR_AA,t0.5,0.6171083818142642,0.9146172072881772,0.5,WHITE,1295,6993,0.5003861003861004,0.6857142857142857,0.1853281853281853,0.3709428129829984,0.8822147173498526,0.879264823666368,7852,26023,0.3686958736627611,0.4696892511462048,0.10099337748344372,0.15997579180956226,0.8830721899244773,0.880422747357398,0.8851663971408605,0.8826834601275557,-0.00248293701330482,0.6126598884880289,0.4997266863452498,0.908416774896309,0.9405086094934852,0.0011579236910299606,0.21602503456808092,0.0008574725746247625,0.13169022672333935,True,True,True,0.21096702117343616,True,True,True,True,True
mimic_race_unmatched,MIMIC race (unmatched cohort),phase4,phase4__mimic_cxr_unmatched__vit_base_patch16_224__seed7__pr0.5,vit_base_patch16_224,7,0.5,pleural_effusion,BLACK_OR_AA,youden_j,0.8330101271277742,0.7977775962088406,0.2490234375,WHITE,1295,6993,0.23011583011583012,0.3575289575289575,0.1274131274131274,0.16549648946840523,0.8822147173498526,0.879264823666368,7852,26023,0.163143148242486,0.20313295975547632,0.03998981151299033,0.047785725155988446,0.8830721899244773,0.880422747357398,0.8851663971408605,0.8826834601275557,-0.00248293701330482,0.8273750956597792,0.7750081994096425,0.7859985755582555,0.8245841886966359,0.0011579236910299606,0.1543959977734812,0.0008574725746247625,0.06697268187334413,False,True,True,0.11771076431241678,False,True,True,False,False
mimic_race_unmatched,MIMIC race (unmatched cohort),phase4,phase4__mimic_cxr_unmatched__vit_base_patch16_224__seed7__pr0.5,vit_base_patch16_224,7,0.5,pleural_effusion,BLACK_OR_AA,sens0.80,0.8000430941607413,0.822779638859384,0.28759765625,WHITE,1295,6993,0.2671814671814672,0.4038610038610039,0.1366795366795367,0.18651211801896736,0.8822147173498526,0.879264823666368,7852,26023,0.1912888436067244,0.23993886907794193,0.04865002547121752,0.060157480314960626,0.8830721899244773,0.880422747357398,0.8851663971408605,0.8826834601275557,-0.00248293701330482,0.7979665464086586,0.7368536132065158,0.8119736897230717,0.8503917214797436,0.0011579236910299606,0.16392213478306195,0.0008574725746247625,0.07589262357474277,False,True,True,0.12635463770400673,False,True,True,False,False
mimic_race_unmatched,MIMIC race (unmatched cohort),phase4,phase4__mimic_cxr_unmatched__vit_base_patch16_224__seed7__pr0.5,vit_base_patch16_224,7,0.5,pleural_effusion,BLACK_OR_AA,spec0.90,0.6621417797888386,0.8999918293978266,0.45170897245407104,WHITE,1295,6993,0.44324324324324327,0.6270270270270271,0.1837837837837838,0.3300970873786408,0.8822147173498526,0.879264823666368,7852,26023,0.32437595517065715,0.4118695873662761,0.08749363219561895,0.1295004712535344,0.8830721899244773,0.880422747357398,0.8851663971408605,0.8826834601275557,-0.00248293701330482,0.6587952334098611,0.5576691811522904,0.891030206544053,0.9255519711760023,0.0011579236910299606,0.21515743966075096,0.0008574725746247625,0.11886728807258612,True,True,True,0.2005966161251064,True,True,True,True,True
mimic_race_unmatched,MIMIC race (unmatched cohort),phase4,phase4__mimic_cxr_unmatched__vit_base_patch16_224__seed7__pr0.75,vit_base_patch16_224,7,0.75,pleural_effusion,BLACK_OR_AA,t0.5,0.6171083818142642,0.9146172072881772,0.5,WHITE,1295,6993,0.5003861003861004,0.7521235521235521,0.25173745173745166,0.5038639876352394,0.8822147173498526,0.8720790062488906,7852,26023,0.3686958736627611,0.5161742231278655,0.14747834946510446,0.23360903772443012,0.8830721899244773,0.8782881083602868,0.8851663971408605,0.8797747657313003,-0.005391631409560227,0.6126598884880289,0.4504209030283153,0.908416774896309,0.9500188529054422,0.0062091021113962475,0.23594932899568655,0.0008574725746247625,0.13169022672333935,True,True,True,0.27025494991080934,True,True,True,True,True
mimic_race_unmatched,MIMIC race (unmatched cohort),phase4,phase4__mimic_cxr_unmatched__vit_base_patch16_224__seed7__pr0.75,vit_base_patch16_224,7,0.75,pleural_effusion,BLACK_OR_AA,youden_j,0.8330101271277742,0.7977775962088406,0.2490234375,WHITE,1295,6993,0.23011583011583012,0.4409266409266409,0.2108108108108108,0.2738214643931795,0.8822147173498526,0.8720790062488906,7852,26023,0.163143148242486,0.22987773815588386,0.06673458991339787,0.07974433115203167,0.8830721899244773,0.8782881083602868,0.8851663971408605,0.8797747657313003,-0.005391631409560227,0.8273750956597792,0.7402427025254181,0.7859985755582555,0.8459089195190415,0.0062091021113962475,0.21104890277075705,0.0008574725746247625,0.06697268187334413,True,True,True,0.19407713324114784,True,True,True,True,False
mimic_race_unmatched,MIMIC race (unmatched cohort),phase4,phase4__mimic_cxr_unmatched__vit_base_patch16_224__seed7__pr0.75,vit_base_patch16_224,7,0.75,pleural_effusion,BLACK_OR_AA,sens0.80,0.8000430941607413,0.822779638859384,0.28759765625,WHITE,1295,6993,0.2671814671814672,0.48725868725868726,0.22007722007722008,0.30031612223393045,0.8822147173498526,0.8720790062488906,7852,26023,0.1912888436067244,0.27139582272032603,0.08010697911360162,0.0990551181102362,0.8830721899244773,0.8782881083602868,0.8851663971408605,0.8797747657313003,-0.005391631409560227,0.7979665464086586,0.6980430742319886,0.8119736897230717,0.8676944991411454,0.0062091021113962475,0.21586286453836123,0.0008574725746247625,0.07589262357474277,True,True,True,0.20126100412369424,True,True,True,True,True
mimic_race_unmatched,MIMIC race (unmatched cohort),phase4,phase4__mimic_cxr_unmatched__vit_base_patch16_224__seed7__pr0.75,vit_base_patch16_224,7,0.75,pleural_effusion,BLACK_OR_AA,spec0.90,0.6621417797888386,0.8999918293978266,0.45170897245407104,WHITE,1295,6993,0.44324324324324327,0.7027027027027027,0.2594594594594595,0.4660194174757282,0.8822147173498526,0.8720790062488906,7852,26023,0.32437595517065715,0.46064696892511464,0.1362710137544575,0.20169651272384545,0.8830721899244773,0.8782881083602868,0.8851663971408605,0.8797747657313003,-0.005391631409560227,0.6587952334098611,0.5050836339783535,0.891030206544053,0.9346851564791152,0.0062091021113962475,0.2420557337775881,0.0008574725746247625,0.11886728807258612,True,True,True,0.2643229047518828,True,True,True,True,True
mimic_race_unmatched,MIMIC race (unmatched cohort),phase4,phase4__mimic_cxr_unmatched__vit_base_patch16_224__seed7__pr1.0,vit_base_patch16_224,7,1.0,pleural_effusion,BLACK_OR_AA,t0.5,0.6171083818142642,0.9146172072881772,0.5,WHITE,1295,6993,0.5003861003861004,0.6872586872586872,0.1868725868725868,0.37403400309118995,0.8822147173498526,0.8660448494425328,7852,26023,0.3686958736627611,0.43861436576668367,0.06991849210392259,0.11075247125277388,0.8830721899244773,0.8741824812916003,0.8851663971408605,0.875291588191903,-0.009874808948957536,0.6126598884880289,0.5261834481250683,0.908416774896309,0.9275210524110772,0.008137631849067462,0.24864432149200355,0.0008574725746247625,0.13169022672333935,True,True,True,0.26328153183841607,True,True,True,True,True
mimic_race_unmatched,MIMIC race (unmatched cohort),phase4,phase4__mimic_cxr_unmatched__vit_base_patch16_224__seed7__pr1.0,vit_base_patch16_224,7,1.0,pleural_effusion,BLACK_OR_AA,youden_j,0.8330101271277742,0.7977775962088406,0.2490234375,WHITE,1295,6993,0.23011583011583012,0.3637065637065637,0.13359073359073356,0.17352056168505514,0.8822147173498526,0.8660448494425328,7852,26023,0.163143148242486,0.17524197656647988,0.012098828323993893,0.014457464617257654,0.8830721899244773,0.8741824812916003,0.8851663971408605,0.875291588191903,-0.009874808948957536,0.8273750956597792,0.7980758718705586,0.7859985755582555,0.7943776446436801,0.008137631849067462,0.1884645871400838,0.0008574725746247625,0.06697268187334413,False,True,True,0.15906309706779748,False,True,True,False,False
mimic_race_unmatched,MIMIC race (unmatched cohort),phase4,phase4__mimic_cxr_unmatched__vit_base_patch16_224__seed7__pr1.0,vit_base_patch16_224,7,1.0,pleural_effusion,BLACK_OR_AA,sens0.80,0.8000430941607413,0.822779638859384,0.28759765625,WHITE,1295,6993,0.2671814671814672,0.42393822393822395,0.15675675675675677,0.21390937829293996,0.8822147173498526,0.8660448494425328,7852,26023,0.1912888436067244,0.2087366276107998,0.0174477840040754,0.021574803149606307,0.8830721899244773,0.8741824812916003,0.8851663971408605,0.875291588191903,-0.009874808948957536,0.7979665464086586,0.7607958893626325,0.8119736897230717,0.8229083748795509,0.008137631849067462,0.21520159632742414,0.0008574725746247625,0.07589262357474277,True,True,True,0.19233457514333366,True,True,True,True,False
mimic_race_unmatched,MIMIC race (unmatched cohort),phase4,phase4__mimic_cxr_unmatched__vit_base_patch16_224__seed7__pr1.0,vit_base_patch16_224,7,1.0,pleural_effusion,BLACK_OR_AA,spec0.90,0.6621417797888386,0.8999918293978266,0.45170897245407104,WHITE,1295,6993,0.44324324324324327,0.623938223938224,0.1806949806949807,0.3245492371705964,0.8822147173498526,0.8660448494425328,7852,26023,0.32437595517065715,0.37659195109526233,0.052215995924605185,0.07728557964184729,0.8830721899244773,0.8741824812916003,0.8851663971408605,0.875291588191903,-0.009874808948957536,0.6587952334098611,0.5883896359462119,0.891030206544053,0.9096736352591227,0.008137631849067462,0.24734627284296162,0.0008574725746247625,0.11886728807258612,True,True,True,0.24726365752874913,True,True,True,True,True
mimic_race_unmatched,MIMIC race (unmatched cohort),phase4,phase4__mimic_cxr_unmatched__vit_base_patch16_224__seed42__pr0.0,vit_base_patch16_224,42,0.0,pleural_effusion,BLACK_OR_AA,t0.5,0.6399482870071105,0.9102050821145519,0.5,WHITE,1295,6993,0.4749034749034749,0.4749034749034749,0.0,0.0,0.883464698715664,0.883464698715664,7852,26023,0.36258278145695366,0.36258278145695366,0.0,0.0,0.8820488170721386,0.8820488170721386,0.8844843164588895,0.8844843164588895,0.0,0.621515250901935,0.621515250901935,0.904311031044451,0.904311031044451,-0.0014158816435254629,0.11232069344652124,-0.0014158816435254629,0.11232069344652124,False,False,True,0.0,False,False,False,False,False
mimic_race_unmatched,MIMIC race (unmatched cohort),phase4,phase4__mimic_cxr_unmatched__vit_base_patch16_224__seed42__pr0.0,vit_base_patch16_224,42,0.0,pleural_effusion,BLACK_OR_AA,youden_j,0.856927386339151,0.7764523245363183,0.2281494140625,WHITE,1295,6993,0.2023166023166023,0.2023166023166023,0.0,0.0,0.883464698715664,0.883464698715664,7852,26023,0.14072847682119205,0.14072847682119205,0.0,0.0,0.8820488170721386,0.8820488170721386,0.8844843164588895,0.8844843164588895,0.0,0.8505520935825954,0.8505520935825954,0.7645900540449956,0.7645900540449956,-0.0014158816435254629,0.06158812549541026,-0.0014158816435254629,0.06158812549541026,False,False,True,0.0,False,False,False,False,False
mimic_race_unmatched,MIMIC race (unmatched cohort),phase4,phase4__mimic_cxr_unmatched__vit_base_patch16_224__seed42__pr0.0,vit_base_patch16_224,42,0.0,pleural_effusion,BLACK_OR_AA,sens0.80,0.8000430941607413,0.8258844676852684,0.305908203125,WHITE,1295,6993,0.26872586872586873,0.26872586872586873,0.0,0.0,0.883464698715664,0.883464698715664,7852,26023,0.19638308711156394,0.19638308711156394,0.0,0.0,0.8820488170721386,0.8820488170721386,0.8844843164588895,0.8844843164588895,0.0,0.7933748770088553,0.7933748770088553,0.8159118521932214,0.8159118521932214,-0.0014158816435254629,0.0723427816143048,-0.0014158816435254629,0.0723427816143048,False,False,True,0.0,False,False,False,False,False
mimic_race_unmatched,MIMIC race (unmatched cohort),phase4,phase4__mimic_cxr_unmatched__vit_base_patch16_224__seed42__pr0.0,vit_base_patch16_224,42,0.0,pleural_effusion,BLACK_OR_AA,spec0.90,0.6599870717517776,0.8999918293978266,0.4717773497104645,WHITE,1295,6993,0.44787644787644787,0.44787644787644787,0.0,0.0,0.883464698715664,0.883464698715664,7852,26023,0.33762098828323994,0.33762098828323994,0.0,0.0,0.8820488170721386,0.8820488170721386,0.8844843164588895,0.8844843164588895,0.0,0.6467694326008527,0.6467694326008527,0.8945913109053584,0.8945913109053584,-0.0014158816435254629,0.11025545959320793,-0.0014158816435254629,0.11025545959320793,False,False,True,0.0,False,False,False,False,False
mimic_race_unmatched,MIMIC race (unmatched cohort),phase4,phase4__mimic_cxr_unmatched__vit_base_patch16_224__seed42__pr0.5,vit_base_patch16_224,42,0.5,pleural_effusion,BLACK_OR_AA,t0.5,0.6399482870071105,0.9102050821145519,0.5,WHITE,1295,6993,0.4749034749034749,0.6208494208494209,0.14594594594594595,0.2779411764705882,0.883464698715664,0.8817383597306377,7852,26023,0.36258278145695366,0.41492613346917984,0.052343352012226174,0.08211788211788211,0.8820488170721386,0.8823583026679275,0.8844843164588895,0.8847367832059418,0.00025246674705237115,0.621515250901935,0.5559199737618892,0.904311031044451,0.9269345175750974,0.0006199429372897303,0.20592328738024102,-0.0014158816435254629,0.11232069344652124,True,True,True,0.19582329435270607,True,True,True,True,False
mimic_race_unmatched,MIMIC race (unmatched cohort),phase4,phase4__mimic_cxr_unmatched__vit_base_patch16_224__seed42__pr0.5,vit_base_patch16_224,42,0.5,pleural_effusion,BLACK_OR_AA,youden_j,0.856927386339151,0.7764523245363183,0.2281494140625,WHITE,1295,6993,0.2023166023166023,0.27104247104247103,0.06872586872586872,0.0861568247821878,0.883464698715664,0.8817383597306377,7852,26023,0.14072847682119205,0.15944982170147734,0.01872134488028529,0.021787461093819488,0.8820488170721386,0.8823583026679275,0.8844843164588895,0.8847367832059418,0.00025246674705237115,0.8505520935825954,0.8247512845741773,0.7645900540449956,0.7903556914826763,0.0006199429372897303,0.1115926493409937,-0.0014158816435254629,0.06158812549541026,False,True,True,0.0643693636883683,False,False,False,False,False
mimic_race_unmatched,MIMIC race (unmatched cohort),phase4,phase4__mimic_cxr_unmatched__vit_base_patch16_224__seed42__pr0.5,vit_base_patch16_224,42,0.5,pleural_effusion,BLACK_OR_AA,sens0.80,0.8000430941607413,0.8258844676852684,0.305908203125,WHITE,1295,6993,0.26872586872586873,0.36602316602316604,0.0972972972972973,0.133051742344245,0.883464698715664,0.8817383597306377,7852,26023,0.19638308711156394,0.2238920020376974,0.02750891492613347,0.03423137876386688,0.8820488170721386,0.8823583026679275,0.8844843164588895,0.8847367832059418,0.00025246674705237115,0.7933748770088553,0.7559855690390291,0.8159118521932214,0.8435208848296954,0.0006199429372897303,0.14213116398546863,-0.0014158816435254629,0.0723427816143048,False,True,True,0.09882036358037811,False,True,False,False,False
mimic_race_unmatched,MIMIC race (unmatched cohort),phase4,phase4__mimic_cxr_unmatched__vit_base_patch16_224__seed42__pr0.5,vit_base_patch16_224,42,0.5,pleural_effusion,BLACK_OR_AA,spec0.90,0.6599870717517776,0.8999918293978266,0.4717773497104645,WHITE,1295,6993,0.44787644787644787,0.5822393822393822,0.13436293436293434,0.2433566433566433,0.883464698715664,0.8817383597306377,7852,26023,0.33762098828323994,0.3838512480896587,0.04623025980641876,0.06979427033262836,0.8820488170721386,0.8823583026679275,0.8844843164588895,0.8847367832059418,0.00025246674705237115,0.6467694326008527,0.5880616595605116,0.8945913109053584,0.9182202857262558,0.0006199429372897303,0.1983881341497235,-0.0014158816435254629,0.11025545959320793,True,True,True,0.17356237302401495,True,True,True,True,False
mimic_race_unmatched,MIMIC race (unmatched cohort),phase4,phase4__mimic_cxr_unmatched__vit_base_patch16_224__seed42__pr0.75,vit_base_patch16_224,42,0.75,pleural_effusion,BLACK_OR_AA,t0.5,0.6399482870071105,0.9102050821145519,0.5,WHITE,1295,6993,0.4749034749034749,0.6702702702702703,0.1953667953667954,0.3720588235294118,0.883464698715664,0.8681087721628262,7852,26023,0.36258278145695366,0.38627101375445744,0.023688232297503775,0.037162837162837095,0.8820488170721386,0.8784019585769681,0.8844843164588895,0.8787811242007462,-0.005703192258143308,0.621515250901935,0.5735213731278015,0.904311031044451,0.917256692781432,0.010293186414141897,0.28399925651581287,-0.0014158816435254629,0.11232069344652124,True,True,True,0.3348959863665747,True,True,True,True,True
mimic_race_unmatched,MIMIC race (unmatched cohort),phase4,phase4__mimic_cxr_unmatched__vit_base_patch16_224__seed42__pr0.75,vit_base_patch16_224,42,0.75,pleural_effusion,BLACK_OR_AA,youden_j,0.856927386339151,0.7764523245363183,0.2281494140625,WHITE,1295,6993,0.2023166023166023,0.3444015444015444,0.1420849420849421,0.17812197483059053,0.883464698715664,0.8681087721628262,7852,26023,0.14072847682119205,0.15180845644421803,0.011079979623025982,0.012894619831036017,0.8820488170721386,0.8784019585769681,0.8844843164588895,0.8787811242007462,-0.005703192258143308,0.8505520935825954,0.8209248934076746,0.7645900540449956,0.7843646570865976,0.010293186414141897,0.19259308795732638,-0.0014158816435254629,0.06158812549541026,False,True,True,0.16522735499955452,False,True,True,False,False
mimic_race_unmatched,MIMIC race (unmatched cohort),phase4,phase4__mimic_cxr_unmatched__vit_base_patch16_224__seed42__pr0.75,vit_base_patch16_224,42,0.75,pleural_effusion,BLACK_OR_AA,sens0.80,0.8000430941607413,0.8258844676852684,0.305908203125,WHITE,1295,6993,0.26872586872586873,0.44478764478764476,0.17606177606177603,0.2407602956705385,0.883464698715664,0.8681087721628262,7852,26023,0.19638308711156394,0.21255731023942945,0.01617422312786551,0.020126782884310617,0.8820488170721386,0.8784019585769681,0.8844843164588895,0.8787811242007462,-0.005703192258143308,0.7933748770088553,0.7545643380343282,0.8159118521932214,0.8346809669445725,0.010293186414141897,0.23223033454821532,-0.0014158816435254629,0.0723427816143048,True,True,True,0.2206335127862279,True,True,True,True,False
mimic_race_unmatched,MIMIC race (unmatched cohort),phase4,phase4__mimic_cxr_unmatched__vit_base_patch16_224__seed42__pr0.75,vit_base_patch16_224,42,0.75,pleural_effusion,BLACK_OR_AA,spec0.90,0.6599870717517776,0.8999918293978266,0.4717773497104645,WHITE,1295,6993,0.44787644787644787,0.6494208494208494,0.20154440154440156,0.3650349650349651,0.883464698715664,0.8681087721628262,7852,26023,0.33762098828323994,0.3576158940397351,0.01999490575649515,0.03018650259565467,0.8820488170721386,0.8784019585769681,0.8844843164588895,0.8787811242007462,-0.005703192258143308,0.6467694326008527,0.6010713895266208,0.8945913109053584,0.9084586702417361,0.010293186414141897,0.29180495538111434,-0.0014158816435254629,0.11025545959320793,True,True,True,0.33484846243931043,True,True,True,True,True
mimic_race_unmatched,MIMIC race (unmatched cohort),phase4,phase4__mimic_cxr_unmatched__vit_base_patch16_224__seed42__pr1.0,vit_base_patch16_224,42,1.0,pleural_effusion,BLACK_OR_AA,t0.5,0.6399482870071105,0.9102050821145519,0.5,WHITE,1295,6993,0.4749034749034749,0.738996138996139,0.26409266409266413,0.5029411764705882,0.883464698715664,0.8679369988250297,7852,26023,0.36258278145695366,0.45236882322975036,0.0897860417727967,0.1408591408591408,0.8820488170721386,0.8766579665588747,0.8844843164588895,0.8772225458993006,-0.007261770559588876,0.621515250901935,0.507051492292555,0.904311031044451,0.93359587749801,0.008720967733845009,0.28662731576638867,-0.0014158816435254629,0.11232069344652124,True,True,True,0.3620820356114474,True,True,True,True,True
mimic_race_unmatched,MIMIC race (unmatched cohort),phase4,phase4__mimic_cxr_unmatched__vit_base_patch16_224__seed42__pr1.0,vit_base_patch16_224,42,1.0,pleural_effusion,BLACK_OR_AA,youden_j,0.856927386339151,0.7764523245363183,0.2281494140625,WHITE,1295,6993,0.2023166023166023,0.3583011583011583,0.15598455598455596,0.19554695062923522,0.883464698715664,0.8679369988250297,7852,26023,0.14072847682119205,0.15155374426897605,0.010825267447784004,0.012598191788943234,0.8820488170721386,0.8766579665588747,0.8844843164588895,0.8772225458993006,-0.007261770559588876,0.8505520935825954,0.8191756860172734,0.7645900540449956,0.7785830994176547,0.008720967733845009,0.20674741403218222,-0.0014158816435254629,0.06158812549541026,False,True,True,0.182948758840292,False,True,True,False,False
mimic_race_unmatched,MIMIC race (unmatched cohort),phase4,phase4__mimic_cxr_unmatched__vit_base_patch16_224__seed42__pr1.0,vit_base_patch16_224,42,1.0,pleural_effusion,BLACK_OR_AA,sens0.80,0.8000430941607413,0.8258844676852684,0.305908203125,WHITE,1295,6993,0.26872586872586873,0.47413127413127415,0.20540540540540542,0.2808870116156283,0.883464698715664,0.8679369988250297,7852,26023,0.19638308711156394,0.22465613856342334,0.028273051451859404,0.03518225039619652,0.8820488170721386,0.8766579665588747,0.8844843164588895,0.8772225458993006,-0.007261770559588876,0.7933748770088553,0.740024051601618,0.8159118521932214,0.8400016758138171,0.008720967733845009,0.2494751355678508,-0.0014158816435254629,0.0723427816143048,True,True,True,0.24570476121943177,True,True,True,True,False
mimic_race_unmatched,MIMIC race (unmatched cohort),phase4,phase4__mimic_cxr_unmatched__vit_base_patch16_224__seed42__pr1.0,vit_base_patch16_224,42,1.0,pleural_effusion,BLACK_OR_AA,spec0.90,0.6599870717517776,0.8999918293978266,0.4717773497104645,WHITE,1295,6993,0.44787644787644787,0.7027027027027027,0.25482625482625487,0.4615384615384616,0.883464698715664,0.8679369988250297,7852,26023,0.33762098828323994,0.41696383087111566,0.07934284258787572,0.11978465679676988,0.8820488170721386,0.8766579665588747,0.8844843164588895,0.8772225458993006,-0.007261770559588876,0.6467694326008527,0.5425822674100798,0.8945913109053584,0.9238761573589174,0.008720967733845009,0.2857388718315871,-0.0014158816435254629,0.11025545959320793,True,True,True,0.34175380474169176,True,True,True,True,True
mimic_race_unmatched,MIMIC race (unmatched cohort),phase4,phase4__mimic_cxr_unmatched__vit_base_patch16_224__seed123__pr0.0,vit_base_patch16_224,123,0.0,pleural_effusion,BLACK_OR_AA,t0.5,0.673992673992674,0.8940272898112591,0.5,WHITE,1295,6993,0.4247104247104247,0.4247104247104247,0.0,0.0,0.8827912252622677,0.8827912252622677,7852,26023,0.31482424859908303,0.31482424859908303,0.0,0.0,0.8821305496689023,0.8821305496689023,0.8843936096237699,0.8843936096237699,0.0,0.6696184541379687,0.6696184541379687,0.8863798232016423,0.8863798232016423,-0.0006606755933654673,0.10988617611134166,-0.0006606755933654673,0.10988617611134166,False,False,True,0.0,False,False,False,False,False
mimic_race_unmatched,MIMIC race (unmatched cohort),phase4,phase4__mimic_cxr_unmatched__vit_base_patch16_224__seed123__pr0.0,vit_base_patch16_224,123,0.0,pleural_effusion,BLACK_OR_AA,youden_j,0.8519715578539108,0.7850314568183675,0.28466796875,WHITE,1295,6993,0.20926640926640927,0.20926640926640927,0.0,0.0,0.8827912252622677,0.8827912252622677,7852,26023,0.1491339786041773,0.1491339786041773,0.0,0.0,0.8821305496689023,0.8821305496689023,0.8843936096237699,0.8843936096237699,0.0,0.8423526839400897,0.8423526839400897,0.7695756001508233,0.7695756001508233,-0.0006606755933654673,0.06013243066223198,-0.0006606755933654673,0.06013243066223198,False,False,True,0.0,False,False,False,False,False
mimic_race_unmatched,MIMIC race (unmatched cohort),phase4,phase4__mimic_cxr_unmatched__vit_base_patch16_224__seed123__pr0.0,vit_base_patch16_224,123,0.0,pleural_effusion,BLACK_OR_AA,sens0.80,0.8002585649644474,0.8259661737070022,0.353515625,WHITE,1295,6993,0.27104247104247103,0.27104247104247103,0.0,0.0,0.8827912252622677,0.8827912252622677,7852,26023,0.2000764136525726,0.2000764136525726,0.0,0.0,0.8821305496689023,0.8821305496689023,0.8843936096237699,0.8843936096237699,0.0,0.789876462228053,0.789876462228053,0.8147806778666891,0.8147806778666891,-0.0006606755933654673,0.07096605738989845,-0.0006606755933654673,0.07096605738989845,False,False,True,0.0,False,False,False,False,False
mimic_race_unmatched,MIMIC race (unmatched cohort),phase4,phase4__mimic_cxr_unmatched__vit_base_patch16_224__seed123__pr0.0,vit_base_patch16_224,123,0.0,pleural_effusion,BLACK_OR_AA,spec0.90,0.6627881921999569,0.8999101233760928,0.5126953125,WHITE,1295,6993,0.43783783783783786,0.43783783783783786,0.0,0.0,0.8827912252622677,0.8827912252622677,7852,26023,0.3271777890983189,0.3271777890983189,0.0,0.0,0.8821305496689023,0.8821305496689023,0.8843936096237699,0.8843936096237699,0.0,0.6571553514813601,0.6571553514813601,0.8919937994888768,0.8919937994888768,-0.0006606755933654673,0.11066004873951896,-0.0006606755933654673,0.11066004873951896,False,False,True,0.0,False,False,False,False,False
mimic_race_unmatched,MIMIC race (unmatched cohort),phase4,phase4__mimic_cxr_unmatched__vit_base_patch16_224__seed123__pr0.5,vit_base_patch16_224,123,0.5,pleural_effusion,BLACK_OR_AA,t0.5,0.673992673992674,0.8940272898112591,0.5,WHITE,1295,6993,0.4247104247104247,0.6046332046332046,0.17992277992277989,0.312751677852349,0.8827912252622677,0.8818147260232202,7852,26023,0.31482424859908303,0.4086856851757514,0.09386143657666834,0.1369888475836431,0.8821305496689023,0.8824066911126435,0.8843936096237699,0.8847953574515957,0.00040174782782576024,0.6696184541379687,0.5635727560948945,0.8863798232016423,0.9234572039046461,0.0005919650894232742,0.1959475194574532,-0.0006606755933654673,0.10988617611134166,True,True,True,0.17576283026870587,True,True,True,True,True
mimic_race_unmatched,MIMIC race (unmatched cohort),phase4,phase4__mimic_cxr_unmatched__vit_base_patch16_224__seed123__pr0.5,vit_base_patch16_224,123,0.5,pleural_effusion,BLACK_OR_AA,youden_j,0.8519715578539108,0.7850314568183675,0.28466796875,WHITE,1295,6993,0.20926640926640927,0.3567567567567568,0.1474903474903475,0.18652343750000003,0.8827912252622677,0.8818147260232202,7852,26023,0.1491339786041773,0.20504330106979113,0.05590932246561384,0.06570872623858702,0.8821305496689023,0.8824066911126435,0.8843936096237699,0.8847953574515957,0.00040174782782576024,0.8423526839400897,0.7734776429430414,0.7695756001508233,0.8308684905107042,0.0005919650894232742,0.15171345568696565,-0.0006606755933654673,0.06013243066223198,False,True,True,0.12081471126141301,False,True,True,False,False
mimic_race_unmatched,MIMIC race (unmatched cohort),phase4,phase4__mimic_cxr_unmatched__vit_base_patch16_224__seed123__pr0.5,vit_base_patch16_224,123,0.5,pleural_effusion,BLACK_OR_AA,sens0.80,0.8002585649644474,0.8259661737070022,0.353515625,WHITE,1295,6993,0.27104247104247103,0.44478764478764476,0.17374517374517373,0.23834745762711862,0.8827912252622677,0.8818147260232202,7852,26023,0.2000764136525726,0.26591951095262356,0.06584309730005097,0.0823117338003503,0.8821305496689023,0.8824066911126435,0.8843936096237699,0.8847953574515957,0.00040174782782576024,0.789876462228053,0.7087569694981961,0.8147806778666891,0.8676526037957183,0.0005919650894232742,0.1788681338350212,-0.0006606755933654673,0.07096605738989845,True,True,True,0.15603572382676834,True,True,True,True,False
mimic_race_unmatched,MIMIC race (unmatched cohort),phase4,phase4__mimic_cxr_unmatched__vit_base_patch16_224__seed123__pr0.5,vit_base_patch16_224,123,0.5,pleural_effusion,BLACK_OR_AA,spec0.90,0.6627881921999569,0.8999101233760928,0.5126953125,WHITE,1295,6993,0.43783783783783786,0.6231660231660232,0.18532818532818535,0.32967032967032966,0.8827912252622677,0.8818147260232202,7852,26023,0.3271777890983189,0.42231278655119714,0.09513499745287823,0.141396933560477,0.8821305496689023,0.8824066911126435,0.8843936096237699,0.8847953574515957,0.00040174782782576024,0.6571553514813601,0.5492511205859845,0.8919937994888768,0.9277724244836398,0.0005919650894232742,0.20085323661482607,-0.0006606755933654673,0.11066004873951896,True,True,True,0.18827339610985266,True,True,True,True,True
mimic_race_unmatched,MIMIC race (unmatched cohort),phase4,phase4__mimic_cxr_unmatched__vit_base_patch16_224__seed123__pr0.75,vit_base_patch16_224,123,0.75,pleural_effusion,BLACK_OR_AA,t0.5,0.673992673992674,0.8940272898112591,0.5,WHITE,1295,6993,0.4247104247104247,0.694980694980695,0.27027027027027034,0.46979865771812096,0.8827912252622677,0.872302006664941,7852,26023,0.31482424859908303,0.4155629139072848,0.10073866530820175,0.14702602230483275,0.8821305496689023,0.8804548895079582,0.8843936096237699,0.8811610152447255,-0.00323259437904444,0.6696184541379687,0.5448781021099814,0.8863798232016423,0.9245045875403243,0.008152882843017295,0.27941778107341025,-0.0006606755933654673,0.10988617611134166,True,True,True,0.3227726354132882,True,True,True,True,True
mimic_race_unmatched,MIMIC race (unmatched cohort),phase4,phase4__mimic_cxr_unmatched__vit_base_patch16_224__seed123__pr0.75,vit_base_patch16_224,123,0.75,pleural_effusion,BLACK_OR_AA,youden_j,0.8519715578539108,0.7850314568183675,0.28466796875,WHITE,1295,6993,0.20926640926640927,0.4416988416988417,0.23243243243243245,0.2939453125,0.8827912252622677,0.872302006664941,7852,26023,0.1491339786041773,0.21230259806418747,0.06316861946001018,0.07424038317617122,0.8821305496689023,0.8804548895079582,0.8843936096237699,0.8811610152447255,-0.00323259437904444,0.8423526839400897,0.7552202908057286,0.7695756001508233,0.8356864552348234,0.008152882843017295,0.22939624363465425,-0.0006606755933654673,0.06013243066223198,True,True,True,0.2197049293238288,True,True,True,True,False
mimic_race_unmatched,MIMIC race (unmatched cohort),phase4,phase4__mimic_cxr_unmatched__vit_base_patch16_224__seed123__pr0.75,vit_base_patch16_224,123,0.75,pleural_effusion,BLACK_OR_AA,sens0.80,0.8002585649644474,0.8259661737070022,0.353515625,WHITE,1295,6993,0.27104247104247103,0.5343629343629344,0.2633204633204633,0.361228813559322,0.8827912252622677,0.872302006664941,7852,26023,0.2000764136525726,0.271650534895568,0.07157412124299542,0.08947619805763414,0.8821305496689023,0.8804548895079582,0.8843936096237699,0.8811610152447255,-0.00323259437904444,0.789876462228053,0.6911555701322838,0.8147806778666891,0.8710461267753152,0.008152882843017295,0.26271239946736635,-0.0006606755933654673,0.07096605738989845,True,True,True,0.2717526155016879,True,True,True,True,True
mimic_race_unmatched,MIMIC race (unmatched cohort),phase4,phase4__mimic_cxr_unmatched__vit_base_patch16_224__seed123__pr0.75,vit_base_patch16_224,123,0.75,pleural_effusion,BLACK_OR_AA,spec0.90,0.6627881921999569,0.8999101233760928,0.5126953125,WHITE,1295,6993,0.43783783783783786,0.7104247104247104,0.2725868725868726,0.4848901098901099,0.8827912252622677,0.872302006664941,7852,26023,0.3271777890983189,0.42919001528273054,0.10201222618441164,0.15161839863713802,0.8821305496689023,0.8804548895079582,0.8843936096237699,0.8811610152447255,-0.00323259437904444,0.6571553514813601,0.5309937684486717,0.8919937994888768,0.9284008546650467,0.008152882843017295,0.2812346951419799,-0.0006606755933654673,0.11066004873951896,True,True,True,0.33327171125297184,True,True,True,True,True
mimic_race_unmatched,MIMIC race (unmatched cohort),phase4,phase4__mimic_cxr_unmatched__vit_base_patch16_224__seed123__pr1.0,vit_base_patch16_224,123,1.0,pleural_effusion,BLACK_OR_AA,t0.5,0.673992673992674,0.8940272898112591,0.5,WHITE,1295,6993,0.4247104247104247,0.6138996138996139,0.1891891891891892,0.3288590604026846,0.8827912252622677,0.8617217177062737,7852,26023,0.31482424859908303,0.3349465104431992,0.02012226184411614,0.02936802973977694,0.8821305496689023,0.8800135587169526,0.8843936096237699,0.8784524241390236,-0.005941185484746314,0.6696184541379687,0.6255602929922379,0.8863798232016423,0.9005404499560099,0.018291841010678933,0.2789531034564147,-0.0006606755933654673,0.10988617611134166,True,True,True,0.29949103066290766,True,True,True,True,True
mimic_race_unmatched,MIMIC race (unmatched cohort),phase4,phase4__mimic_cxr_unmatched__vit_base_patch16_224__seed123__pr1.0,vit_base_patch16_224,123,1.0,pleural_effusion,BLACK_OR_AA,youden_j,0.8519715578539108,0.7850314568183675,0.28466796875,WHITE,1295,6993,0.20926640926640927,0.3961389961389961,0.18687258687258684,0.23632812499999997,0.8827912252622677,0.8617217177062737,7852,26023,0.1491339786041773,0.15804890473764646,0.00891492613346917,0.010477473432120929,0.8821305496689023,0.8800135587169526,0.8843936096237699,0.8784524241390236,-0.005941185484746314,0.8423526839400897,0.8082431398272658,0.7695756001508233,0.7920734006451883,0.018291841010678933,0.23809009140134965,-0.0006606755933654673,0.06013243066223198,True,True,True,0.22585065156787903,True,True,True,True,False
mimic_race_unmatched,MIMIC race (unmatched cohort),phase4,phase4__mimic_cxr_unmatched__vit_base_patch16_224__seed123__pr1.0,vit_base_patch16_224,123,1.0,pleural_effusion,BLACK_OR_AA,sens0.80,0.8002585649644474,0.8259661737070022,0.353515625,WHITE,1295,6993,0.27104247104247103,0.45714285714285713,0.1861003861003861,0.2552966101694915,0.8827912252622677,0.8617217177062737,7852,26023,0.2000764136525726,0.21026490066225165,0.01018848700967906,0.012736825346282434,0.8821305496689023,0.8800135587169526,0.8843936096237699,0.8784524241390236,-0.005941185484746314,0.789876462228053,0.7547829889581283,0.8147806778666891,0.8330051531274876,0.018291841010678933,0.24687795648060548,-0.0006606755933654673,0.07096605738989845,True,True,True,0.24255978482320908,True,True,True,True,False
mimic_race_unmatched,MIMIC race (unmatched cohort),phase4,phase4__mimic_cxr_unmatched__vit_base_patch16_224__seed123__pr1.0,vit_base_patch16_224,123,1.0,pleural_effusion,BLACK_OR_AA,spec0.90,0.6627881921999569,0.8999101233760928,0.5126953125,WHITE,1295,6993,0.43783783783783786,0.6277992277992278,0.18996138996138995,0.3379120879120879,0.8827912252622677,0.8617217177062737,7852,26023,0.3271777890983189,0.34704533876719307,0.019867549668874163,0.02952867688813173,0.8821305496689023,0.8800135587169526,0.8843936096237699,0.8784524241390236,-0.005941185484746314,0.6571553514813601,0.6132065157975293,0.8919937994888768,0.9052746239892748,0.018291841010678933,0.28075388903203474,-0.0006606755933654673,0.11066004873951896,True,True,True,0.30838341102395617,True,True,True,True,True
nih_sex_effusion,NIH sex / pleural effusion,phase3,phase3__nih_cxr14_unmatched__densenet121__clean__seed7__pr0.0,densenet121,7,0.0,pleural_effusion,F,t0.5,0.4342900302114804,0.9498483316481294,0.5,M,1013,9237,0.5952615992102666,0.5952615992102666,0.0,0.0,0.8846918560656983,0.8846918560656983,1402,12680,0.5663338088445078,0.5663338088445078,0.0,0.0,0.8790901529216616,0.8790901529216616,0.8805598321603368,0.8805598321603368,0.0,0.4215320910973085,0.4215320910973085,0.9596451645985027,0.9596451645985027,-0.00560170314403674,0.028927790365758765,-0.00560170314403674,0.028927790365758765,False,False,True,0.0,False,False,False,False,False
nih_sex_effusion,NIH sex / pleural effusion,phase3,phase3__nih_cxr14_unmatched__densenet121__clean__seed7__pr0.0,densenet121,7,0.0,pleural_effusion,F,youden_j,0.8240181268882175,0.7996966632962589,0.1300048828125,M,1013,9237,0.25370187561697927,0.25370187561697927,0.0,0.0,0.8846918560656983,0.8846918560656983,1402,12680,0.20470756062767476,0.20470756062767476,0.0,0.0,0.8790901529216616,0.8790901529216616,0.8805598321603368,0.8805598321603368,0.0,0.7747412008281573,0.7747412008281573,0.8300174341093222,0.8300174341093222,-0.00560170314403674,0.04899431498930451,-0.00560170314403674,0.04899431498930451,False,False,True,0.0,False,False,False,False,False
nih_sex_effusion,NIH sex / pleural effusion,phase3,phase3__nih_cxr14_unmatched__densenet121__clean__seed7__pr0.0,densenet121,7,0.0,pleural_effusion,F,sens0.80,0.7998489425981873,0.8195146612740142,0.15163573622703552,M,1013,9237,0.2773938795656466,0.2773938795656466,0.0,0.0,0.8846918560656983,0.8846918560656983,1402,12680,0.22467902995720399,0.22467902995720399,0.0,0.0,0.8790901529216616,0.8790901529216616,0.8805598321603368,0.8805598321603368,0.0,0.7532091097308489,0.7532091097308489,0.8476053738078145,0.8476053738078145,-0.00560170314403674,0.05271484960844261,-0.00560170314403674,0.05271484960844261,False,False,True,0.0,False,False,False,False,False
nih_sex_effusion,NIH sex / pleural effusion,phase3,phase3__nih_cxr14_unmatched__densenet121__clean__seed7__pr0.0,densenet121,7,0.0,pleural_effusion,F,spec0.90,0.6427492447129909,0.8997977755308393,0.306640625,M,1013,9237,0.4412635735439289,0.4412635735439289,0.0,0.0,0.8846918560656983,0.8846918560656983,1402,12680,0.38373751783166904,0.38373751783166904,0.0,0.0,0.8790901529216616,0.8790901529216616,0.8805598321603368,0.8805598321603368,0.0,0.5921325051759835,0.5921325051759835,0.9160598912932006,0.9160598912932006,-0.00560170314403674,0.05752605571225988,-0.00560170314403674,0.05752605571225988,False,False,True,0.0,False,False,False,False,False
nih_sex_effusion,NIH sex / pleural effusion,phase3,phase3__nih_cxr14_unmatched__densenet121__pleural_effusion__seed7__pr0.10,densenet121,7,0.1,pleural_effusion,F,t0.5,0.4342900302114804,0.9498483316481294,0.5,M,1013,9237,0.5952615992102666,0.7117472852912142,0.11648568608094767,0.28780487804878047,0.8846918560656983,0.8845949879196899,1402,12680,0.5663338088445078,0.6540656205420827,0.08773181169757494,0.20230263157894743,0.8790901529216616,0.8791228817343247,0.8805598321603368,0.8804596884791559,-0.00010014368118094197,0.4215320910973085,0.3217391304347826,0.9596451645985027,0.9747718182750487,-0.0054721061853652,0.0576816647491315,-0.00560170314403674,0.028927790365758765,True,True,True,0.08550224646983304,True,True,True,True,False
nih_sex_effusion,NIH sex / pleural effusion,phase3,phase3__nih_cxr14_unmatched__densenet121__pleural_effusion__seed7__pr0.10,densenet121,7,0.1,pleural_effusion,F,youden_j,0.8240181268882175,0.7996966632962589,0.1300048828125,M,1013,9237,0.25370187561697927,0.29615004935834155,0.04244817374136228,0.056878306878306875,0.8846918560656983,0.8845949879196899,1402,12680,0.20470756062767476,0.25606276747503565,0.05135520684736089,0.0645739910313901,0.8790901529216616,0.8791228817343247,0.8805598321603368,0.8804596884791559,-0.00010014368118094197,0.7747412008281573,0.7271221532091098,0.8300174341093222,0.8630909650292278,-0.0054721061853652,0.0400872818833059,-0.00560170314403674,0.04899431498930451,False,False,True,-0.007695684153083221,False,False,False,False,False
nih_sex_effusion,NIH sex / pleural effusion,phase3,phase3__nih_cxr14_unmatched__densenet121__pleural_effusion__seed7__pr0.10,densenet121,7,0.1,pleural_effusion,F,sens0.80,0.7998489425981873,0.8195146612740142,0.15163573622703552,M,1013,9237,0.2773938795656466,0.33267522211253703,0.05528134254689043,0.07650273224043716,0.8846918560656983,0.8845949879196899,1402,12680,0.22467902995720399,0.2746077032810271,0.04992867332382314,0.06439742410303592,0.8790901529216616,0.8791228817343247,0.8805598321603368,0.8804596884791559,-0.00010014368118094197,0.7532091097308489,0.7010351966873706,0.8476053738078145,0.8788842170033843,-0.0054721061853652,0.0580675188315099,-0.00560170314403674,0.05271484960844261,False,False,True,0.012105308137401238,False,False,False,False,False
nih_sex_effusion,NIH sex / pleural effusion,phase3,phase3__nih_cxr14_unmatched__densenet121__pleural_effusion__seed7__pr0.10,densenet121,7,0.1,pleural_effusion,F,spec0.90,0.6427492447129909,0.8997977755308393,0.306640625,M,1013,9237,0.4412635735439289,0.5143139190523198,0.0730503455083909,0.13074204946996465,0.8846918560656983,0.8845949879196899,1402,12680,0.38373751783166904,0.4714693295292439,0.08773181169757488,0.1423611111111111,0.8790901529216616,0.8791228817343247,0.8805598321603368,0.8804596884791559,-0.00010014368118094197,0.5921325051759835,0.5105590062111801,0.9160598912932006,0.9396472156701877,-0.0054721061853652,0.042844589523075904,-0.00560170314403674,0.05752605571225988,False,False,True,-0.011619061641146455,False,False,False,False,False
nih_sex_effusion,NIH sex / pleural effusion,phase3,phase3__nih_cxr14_unmatched__densenet121__pleural_effusion__seed7__pr0.5,densenet121,7,0.5,pleural_effusion,F,t0.5,0.4342900302114804,0.9498483316481294,0.5,M,1013,9237,0.5952615992102666,0.8094768015794669,0.21421520236920033,0.5292682926829267,0.8846918560656983,0.8800252601395862,1402,12680,0.5663338088445078,0.6019971469329529,0.03566333808844513,0.08223684210526326,0.8790901529216616,0.8761650192426444,0.8805598321603368,0.8738709922621941,-0.006688839898142729,0.4215320910973085,0.31097308488612835,0.9596451645985027,0.9698492462311558,-0.0038602408969417024,0.20747965464651397,-0.00560170314403674,0.028927790365758765,True,True,True,0.44703145057766347,True,True,True,True,True
nih_sex_effusion,NIH sex / pleural effusion,phase3,phase3__nih_cxr14_unmatched__densenet121__pleural_effusion__seed7__pr0.5,densenet121,7,0.5,pleural_effusion,F,youden_j,0.8240181268882175,0.7996966632962589,0.1300048828125,M,1013,9237,0.25370187561697927,0.3504442250740375,0.09674234945705823,0.12962962962962962,0.8846918560656983,0.8800252601395862,1402,12680,0.20470756062767476,0.2282453637660485,0.023537803138373753,0.02959641255605381,0.8790901529216616,0.8761650192426444,0.8805598321603368,0.8738709922621941,-0.006688839898142729,0.7747412008281573,0.7204968944099379,0.8300174341093222,0.8590400984514409,-0.0038602408969417024,0.12219886130798899,-0.00560170314403674,0.04899431498930451,False,True,True,0.10003321707357582,False,True,False,False,False
nih_sex_effusion,NIH sex / pleural effusion,phase3,phase3__nih_cxr14_unmatched__densenet121__pleural_effusion__seed7__pr0.5,densenet121,7,0.5,pleural_effusion,F,sens0.80,0.7998489425981873,0.8195146612740142,0.15163573622703552,M,1013,9237,0.2773938795656466,0.3830207305034551,0.10562685093780849,0.14617486338797814,0.8846918560656983,0.8800252601395862,1402,12680,0.22467902995720399,0.2553495007132668,0.0306704707560628,0.03955841766329351,0.8790901529216616,0.8761650192426444,0.8805598321603368,0.8738709922621941,-0.006688839898142729,0.7532091097308489,0.6910973084886128,0.8476053738078145,0.8733463234540048,-0.0038602408969417024,0.1276712297901883,-0.00560170314403674,0.05271484960844261,False,True,True,0.10661644572468462,False,True,False,False,False
nih_sex_effusion,NIH sex / pleural effusion,phase3,phase3__nih_cxr14_unmatched__densenet121__pleural_effusion__seed7__pr0.5,densenet121,7,0.5,pleural_effusion,F,spec0.90,0.6427492447129909,0.8997977755308393,0.306640625,M,1013,9237,0.4412635735439289,0.5952615992102666,0.15399802566633763,0.27561837455830396,0.8846918560656983,0.8800252601395862,1402,12680,0.38373751783166904,0.4136947218259629,0.029957203994293857,0.0486111111111111,0.8790901529216616,0.8761650192426444,0.8805598321603368,0.8738709922621941,-0.006688839898142729,0.5921325051759835,0.5101449275362319,0.9160598912932006,0.934622090042047,-0.0038602408969417024,0.18156687738430366,-0.00560170314403674,0.05752605571225988,True,True,True,0.22700726344719285,True,True,True,True,False
nih_sex_effusion,NIH sex / pleural effusion,phase3,phase3__nih_cxr14_unmatched__densenet121__pleural_effusion__seed7__pr0.75,densenet121,7,0.75,pleural_effusion,F,t0.5,0.4342900302114804,0.9498483316481294,0.5,M,1013,9237,0.5952615992102666,0.9447186574531096,0.349457058242843,0.8634146341463415,0.8846918560656983,0.8748721028382007,1402,12680,0.5663338088445078,0.6654778887303852,0.09914407988587737,0.22861842105263167,0.8790901529216616,0.8745052099210233,0.8805598321603368,0.8630998721158928,-0.017459960044444056,0.4215320910973085,0.21739130434782608,0.9596451645985027,0.9790790688134551,-0.00036689291717739714,0.2792407687227244,-0.00560170314403674,0.028927790365758765,True,True,True,0.6347962130937098,True,True,True,True,True
nih_sex_effusion,NIH sex / pleural effusion,phase3,phase3__nih_cxr14_unmatched__densenet121__pleural_effusion__seed7__pr0.75,densenet121,7,0.75,pleural_effusion,F,youden_j,0.8240181268882175,0.7996966632962589,0.1300048828125,M,1013,9237,0.25370187561697927,0.5074037512339585,0.25370187561697927,0.33994708994708994,0.8846918560656983,0.8748721028382007,1402,12680,0.20470756062767476,0.2275320970042796,0.022824536376604837,0.02869955156950671,0.8790901529216616,0.8745052099210233,0.8805598321603368,0.8630998721158928,-0.017459960044444056,0.7747412008281573,0.6550724637681159,0.8300174341093222,0.8713978053532971,-0.00036689291717739714,0.27987165422967897,-0.00560170314403674,0.04899431498930451,True,True,True,0.31124753837758323,True,True,True,True,True
nih_sex_effusion,NIH sex / pleural effusion,phase3,phase3__nih_cxr14_unmatched__densenet121__pleural_effusion__seed7__pr0.75,densenet121,7,0.75,pleural_effusion,F,sens0.80,0.7998489425981873,0.8195146612740142,0.15163573622703552,M,1013,9237,0.2773938795656466,0.5498519249753209,0.2724580454096743,0.3770491803278689,0.8846918560656983,0.8748721028382007,1402,12680,0.22467902995720399,0.2624821683309558,0.03780313837375179,0.048758049678012894,0.8790901529216616,0.8745052099210233,0.8805598321603368,0.8630998721158928,-0.017459960044444056,0.7532091097308489,0.6169772256728778,0.8476053738078145,0.8883191467541791,-0.00036689291717739714,0.2873697566443651,-0.00560170314403674,0.05271484960844261,True,True,True,0.328291130649856,True,True,True,True,True
nih_sex_effusion,NIH sex / pleural effusion,phase3,phase3__nih_cxr14_unmatched__densenet121__pleural_effusion__seed7__pr0.75,densenet121,7,0.75,pleural_effusion,F,spec0.90,0.6427492447129909,0.8997977755308393,0.306640625,M,1013,9237,0.4412635735439289,0.8005923000987167,0.3593287265547878,0.6431095406360425,0.8846918560656983,0.8748721028382007,1402,12680,0.38373751783166904,0.4579172610556348,0.07417974322396576,0.12037037037037036,0.8790901529216616,0.8745052099210233,0.8805598321603368,0.8630998721158928,-0.017459960044444056,0.5921325051759835,0.39834368530020703,0.9160598912932006,0.9480566095785048,-0.00036689291717739714,0.34267503904308194,-0.00560170314403674,0.05752605571225988,True,True,True,0.5227391702656722,True,True,True,True,True
nih_sex_effusion,NIH sex / pleural effusion,phase3,phase3__nih_cxr14_unmatched__densenet121__pleural_effusion__seed7__pr0.9,densenet121,7,0.9,pleural_effusion,F,t0.5,0.4342900302114804,0.9498483316481294,0.5,M,1013,9237,0.5952615992102666,0.9644619940769991,0.3692003948667325,0.9121951219512197,0.8846918560656983,0.856251752509209,1402,12680,0.5663338088445078,0.6412268188302425,0.07489300998573467,0.17269736842105263,0.8790901529216616,0.8748787294719196,0.8805598321603368,0.8455964488857437,-0.03496338327459314,0.4215320910973085,0.22318840579710145,0.9596451645985027,0.9785663008922162,0.01862697696271054,0.3232351752467566,-0.00560170314403674,0.028927790365758765,True,True,False,0.739497753530167,False,False,False,False,False
nih_sex_effusion,NIH sex / pleural effusion,phase3,phase3__nih_cxr14_unmatched__densenet121__pleural_effusion__seed7__pr0.9,densenet121,7,0.9,pleural_effusion,F,youden_j,0.8240181268882175,0.7996966632962589,0.1300048828125,M,1013,9237,0.25370187561697927,0.6110562685093781,0.35735439289239884,0.4788359788359789,0.8846918560656983,0.856251752509209,1402,12680,0.20470756062767476,0.19614835948644793,-0.008559201141226824,-0.010762331838565028,0.8790901529216616,0.8748787294719196,0.8805598321603368,0.8455964488857437,-0.03496338327459314,0.7747412008281573,0.6298136645962733,0.8300174341093222,0.8612962773048918,0.01862697696271054,0.4149079090229302,-0.00560170314403674,0.04899431498930451,True,True,False,0.4895983106745439,False,False,False,False,False
nih_sex_effusion,NIH sex / pleural effusion,phase3,phase3__nih_cxr14_unmatched__densenet121__pleural_effusion__seed7__pr0.9,densenet121,7,0.9,pleural_effusion,F,sens0.80,0.7998489425981873,0.8195146612740142,0.15163573622703552,M,1013,9237,0.2773938795656466,0.6584402764067128,0.38104639684106617,0.5273224043715847,0.8846918560656983,0.856251752509209,1402,12680,0.22467902995720399,0.2268188302425107,0.00213980028530672,0.002759889604415843,0.8790901529216616,0.8748787294719196,0.8805598321603368,0.8455964488857437,-0.03496338327459314,0.7532091097308489,0.5921325051759835,0.8476053738078145,0.8805763511434724,0.01862697696271054,0.43162144616420206,-0.00560170314403674,0.05271484960844261,True,True,False,0.5245625147671689,False,False,False,False,False
nih_sex_effusion,NIH sex / pleural effusion,phase3,phase3__nih_cxr14_unmatched__densenet121__pleural_effusion__seed7__pr0.9,densenet121,7,0.9,pleural_effusion,F,spec0.90,0.6427492447129909,0.8997977755308393,0.306640625,M,1013,9237,0.4412635735439289,0.859822309970385,0.4185587364264561,0.7491166077738517,0.8846918560656983,0.856251752509209,1402,12680,0.38373751783166904,0.39942938659058486,0.015691868758915817,0.025462962962962937,0.8790901529216616,0.8748787294719196,0.8805598321603368,0.8455964488857437,-0.03496338327459314,0.5921325051759835,0.4074534161490683,0.9160598912932006,0.9445185109219567,0.01862697696271054,0.46039292337980015,-0.00560170314403674,0.05752605571225988,True,True,False,0.7236536448108888,False,False,False,False,False
nih_sex_effusion,NIH sex / pleural effusion,phase3,phase3__nih_cxr14_unmatched__densenet121__pleural_effusion__seed7__pr1.0,densenet121,7,1.0,pleural_effusion,F,t0.5,0.4342900302114804,0.9498483316481294,0.5,M,1013,9237,0.5952615992102666,0.9763079960513327,0.3810463968410661,0.9414634146341463,0.8846918560656983,0.7642651848921223,1402,12680,0.5663338088445078,0.7011412268188303,0.1348074179743225,0.3108552631578949,0.8790901529216616,0.8613084783246086,0.8805598321603368,0.776981529526196,-0.1035783026341408,0.4215320910973085,0.18343685300207038,0.9596451645985027,0.9822582299251359,0.0970432934324863,0.2751667692325024,-0.00560170314403674,0.028927790365758765,True,True,False,0.6306081514762514,False,False,False,False,False
nih_sex_effusion,NIH sex / pleural effusion,phase3,phase3__nih_cxr14_unmatched__densenet121__pleural_effusion__seed7__pr1.0,densenet121,7,1.0,pleural_effusion,F,youden_j,0.8240181268882175,0.7996966632962589,0.1300048828125,M,1013,9237,0.25370187561697927,0.7956564659427443,0.541954590325765,0.7261904761904762,0.8846918560656983,0.7642651848921223,1402,12680,0.20470756062767476,0.2653352353780314,0.06062767475035663,0.07623318385650224,0.8790901529216616,0.8613084783246086,0.8805598321603368,0.776981529526196,-0.1035783026341408,0.7747412008281573,0.5122153209109731,0.8300174341093222,0.8899087273100195,0.0970432934324863,0.5303212305647129,-0.00560170314403674,0.04899431498930451,True,True,False,0.6499572923339739,False,False,False,False,False
nih_sex_effusion,NIH sex / pleural effusion,phase3,phase3__nih_cxr14_unmatched__densenet121__pleural_effusion__seed7__pr1.0,densenet121,7,1.0,pleural_effusion,F,sens0.80,0.7998489425981873,0.8195146612740142,0.15163573622703552,M,1013,9237,0.2773938795656466,0.8213228035538006,0.543928923988154,0.7527322404371584,0.8846918560656983,0.7642651848921223,1402,12680,0.22467902995720399,0.30313837375178315,0.07845934379457917,0.10119595216191352,0.8790901529216616,0.8613084783246086,0.8805598321603368,0.776981529526196,-0.1035783026341408,0.7532091097308489,0.4795031055900621,0.8476053738078145,0.9028817557173623,0.0970432934324863,0.5181844298020175,-0.00560170314403674,0.05271484960844261,True,True,False,0.6515362882752449,False,False,False,False,False
nih_sex_effusion,NIH sex / pleural effusion,phase3,phase3__nih_cxr14_unmatched__densenet121__pleural_effusion__seed7__pr1.0,densenet121,7,1.0,pleural_effusion,F,spec0.90,0.6427492447129909,0.8997977755308393,0.306640625,M,1013,9237,0.4412635735439289,0.9131293188548865,0.47186574531095754,0.8445229681978799,0.8846918560656983,0.7642651848921223,1402,12680,0.38373751783166904,0.5164051355206848,0.13266761768901575,0.2152777777777779,0.8790901529216616,0.8613084783246086,0.8805598321603368,0.776981529526196,-0.1035783026341408,0.5921325051759835,0.31718426501035196,0.9160598912932006,0.9551328068916008,0.0970432934324863,0.3967241833342017,-0.00560170314403674,0.05752605571225988,True,True,False,0.629245190420102,False,False,False,False,False
nih_sex_effusion,NIH sex / pleural effusion,phase3,phase3__nih_cxr14_unmatched__densenet121__clean__seed42__pr0.0,densenet121,42,0.0,pleural_effusion,F,t0.5,0.3814199395770393,0.9575328614762386,0.5,M,1013,9237,0.6120434353405726,0.6120434353405726,0.0,0.0,0.8855647496936709,0.8855647496936709,1402,12680,0.6276747503566333,0.6276747503566333,0.0,0.0,0.877870617279953,0.877870617279953,0.8810914546535866,0.8810914546535866,0.0,0.37888198757763975,0.37888198757763975,0.9669264690800944,0.9669264690800944,-0.007694132413717969,-0.015631315016060743,-0.007694132413717969,-0.015631315016060743,False,False,True,0.0,False,False,False,False,False
nih_sex_effusion,NIH sex / pleural effusion,phase3,phase3__nih_cxr14_unmatched__densenet121__clean__seed42__pr0.0,densenet121,42,0.0,pleural_effusion,F,youden_j,0.8187311178247734,0.7992922143579373,0.1259765625,M,1013,9237,0.23692003948667326,0.23692003948667326,0.0,0.0,0.8855647496936709,0.8855647496936709,1402,12680,0.22325249643366618,0.22325249643366618,0.0,0.0,0.877870617279953,0.877870617279953,0.8810914546535866,0.8810914546535866,0.0,0.7710144927536232,0.7710144927536232,0.8248897548969336,0.8248897548969336,-0.007694132413717969,0.013667543053007075,-0.007694132413717969,0.013667543053007075,False,False,True,0.0,False,False,False,False,False
nih_sex_effusion,NIH sex / pleural effusion,phase3,phase3__nih_cxr14_unmatched__densenet121__clean__seed42__pr0.0,densenet121,42,0.0,pleural_effusion,F,sens0.80,0.7998489425981873,0.8084934277047523,0.138671875,M,1013,9237,0.25863770977295164,0.25863770977295164,0.0,0.0,0.8855647496936709,0.8855647496936709,1402,12680,0.23751783166904422,0.23751783166904422,0.0,0.0,0.877870617279953,0.877870617279953,0.8810914546535866,0.8810914546535866,0.0,0.7536231884057971,0.7536231884057971,0.8365295867090555,0.8365295867090555,-0.007694132413717969,0.02111987810390742,-0.007694132413717969,0.02111987810390742,False,False,True,0.0,False,False,False,False,False
nih_sex_effusion,NIH sex / pleural effusion,phase3,phase3__nih_cxr14_unmatched__densenet121__clean__seed42__pr0.0,densenet121,42,0.0,pleural_effusion,F,spec0.90,0.6216012084592145,0.9,0.3061767518520355,M,1013,9237,0.4155972359328727,0.4155972359328727,0.0,0.0,0.8855647496936709,0.8855647496936709,1402,12680,0.4136947218259629,0.4136947218259629,0.0,0.0,0.877870617279953,0.877870617279953,0.8810914546535866,0.8810914546535866,0.0,0.5855072463768116,0.5855072463768116,0.9217516152189519,0.9217516152189519,-0.007694132413717969,0.0019025141069097806,-0.007694132413717969,0.0019025141069097806,False,False,True,0.0,False,False,False,False,False
nih_sex_effusion,NIH sex / pleural effusion,phase3,phase3__nih_cxr14_unmatched__densenet121__pleural_effusion__seed42__pr0.10,densenet121,42,0.1,pleural_effusion,F,t0.5,0.3814199395770393,0.9575328614762386,0.5,M,1013,9237,0.6120434353405726,0.7068114511352419,0.09476801579466931,0.24427480916030542,0.8855647496936709,0.8857959968848549,1402,12680,0.6276747503566333,0.6697574893009985,0.042082738944365206,0.11302681992337167,0.877870617279953,0.8795519295896042,0.8810914546535866,0.8817747842605939,0.0006833296070072326,0.37888198757763975,0.3146997929606625,0.9669264690800944,0.9747205414829249,-0.0062440672952507326,0.037053961834243365,-0.007694132413717969,-0.015631315016060743,True,True,True,0.13124798923693376,True,True,True,True,False
nih_sex_effusion,NIH sex / pleural effusion,phase3,phase3__nih_cxr14_unmatched__densenet121__pleural_effusion__seed42__pr0.10,densenet121,42,0.1,pleural_effusion,F,youden_j,0.8187311178247734,0.7992922143579373,0.1259765625,M,1013,9237,0.23692003948667326,0.26258637709772953,0.025666337611056272,0.03363518758085382,0.8855647496936709,0.8857959968848549,1402,12680,0.22325249643366618,0.21754636233951496,-0.005706134094151216,-0.007346189164370987,0.877870617279953,0.8795519295896042,0.8810914546535866,0.8817747842605939,0.0006833296070072326,0.7710144927536232,0.7635610766045549,0.8248897548969336,0.8377602297200287,-0.0062440672952507326,0.045040014758214564,-0.007694132413717969,0.013667543053007075,False,False,True,0.040981376745224805,False,False,False,False,False
nih_sex_effusion,NIH sex / pleural effusion,phase3,phase3__nih_cxr14_unmatched__densenet121__pleural_effusion__seed42__pr0.10,densenet121,42,0.1,pleural_effusion,F,sens0.80,0.7998489425981873,0.8084934277047523,0.138671875,M,1013,9237,0.25863770977295164,0.2734452122408687,0.014807502467917066,0.019973368841544593,0.8855647496936709,0.8857959968848549,1402,12680,0.23751783166904422,0.2346647646219686,-0.002853067047075608,-0.0037418147801683843,0.877870617279953,0.8795519295896042,0.8810914546535866,0.8817747842605939,0.0006833296070072326,0.7536231884057971,0.7490683229813665,0.8365295867090555,0.849194954363655,-0.0062440672952507326,0.038780447618900094,-0.007694132413717969,0.02111987810390742,False,False,True,0.023715183621712977,False,False,False,False,False
nih_sex_effusion,NIH sex / pleural effusion,phase3,phase3__nih_cxr14_unmatched__densenet121__pleural_effusion__seed42__pr0.10,densenet121,42,0.1,pleural_effusion,F,spec0.90,0.6216012084592145,0.9,0.3061767518520355,M,1013,9237,0.4155972359328727,0.46890424481737414,0.05330700888450146,0.09121621621621619,0.8855647496936709,0.8857959968848549,1402,12680,0.4136947218259629,0.43509272467902993,0.021398002853067033,0.03649635036496348,0.877870617279953,0.8795519295896042,0.8810914546535866,0.8817747842605939,0.0006833296070072326,0.5855072463768116,0.5507246376811594,0.9217516152189519,0.9318531432673572,-0.0062440672952507326,0.03381152013834421,-0.007694132413717969,0.0019025141069097806,False,True,True,0.05471986585125271,False,False,False,False,False
nih_sex_effusion,NIH sex / pleural effusion,phase3,phase3__nih_cxr14_unmatched__densenet121__pleural_effusion__seed42__pr0.5,densenet121,42,0.5,pleural_effusion,F,t0.5,0.3814199395770393,0.9575328614762386,0.5,M,1013,9237,0.6120434353405726,0.8825271470878578,0.27048371174728525,0.6972010178117048,0.8855647496936709,0.8793606870412267,1402,12680,0.6276747503566333,0.7139800285306704,0.0863052781740371,0.23180076628352492,0.877870617279953,0.8766547814170672,0.8810914546535866,0.8749554698748316,-0.006135984778754988,0.37888198757763975,0.2153209109730849,0.9669264690800944,0.9823607835093836,-0.0027059056241595103,0.1685471185571874,-0.007694132413717969,-0.015631315016060743,True,True,True,0.46540025152817993,True,True,True,True,True
nih_sex_effusion,NIH sex / pleural effusion,phase3,phase3__nih_cxr14_unmatched__densenet121__pleural_effusion__seed42__pr0.5,densenet121,42,0.5,pleural_effusion,F,youden_j,0.8187311178247734,0.7992922143579373,0.1259765625,M,1013,9237,0.23692003948667326,0.33070088845014806,0.0937808489634748,0.12289780077619661,0.8855647496936709,0.8793606870412267,1402,12680,0.22325249643366618,0.2225392296718973,-0.0007132667617688881,-0.0009182736455463556,0.877870617279953,0.8766547814170672,0.8810914546535866,0.8749554698748316,-0.006135984778754988,0.7710144927536232,0.7320910973084886,0.8248897548969336,0.8459132396677264,-0.0027059056241595103,0.10816165877825076,-0.007694132413717969,0.013667543053007075,False,True,True,0.12381607442174296,False,True,False,False,False
nih_sex_effusion,NIH sex / pleural effusion,phase3,phase3__nih_cxr14_unmatched__densenet121__pleural_effusion__seed42__pr0.5,densenet121,42,0.5,pleural_effusion,F,sens0.80,0.7998489425981873,0.8084934277047523,0.138671875,M,1013,9237,0.25863770977295164,0.3543928923988154,0.09575518262586374,0.12916111850865508,0.8855647496936709,0.8793606870412267,1402,12680,0.23751783166904422,0.23823109843081314,0.0007132667617689159,0.0009354536950421143,0.877870617279953,0.8766547814170672,0.8810914546535866,0.8749554698748316,-0.006135984778754988,0.7536231884057971,0.7130434782608696,0.8365295867090555,0.8590913752435647,-0.0027059056241595103,0.11616179396800225,-0.007694132413717969,0.02111987810390742,False,True,True,0.12822566481361297,False,True,False,False,False
nih_sex_effusion,NIH sex / pleural effusion,phase3,phase3__nih_cxr14_unmatched__densenet121__pleural_effusion__seed42__pr0.5,densenet121,42,0.5,pleural_effusion,F,spec0.90,0.6216012084592145,0.9,0.3061767518520355,M,1013,9237,0.4155972359328727,0.6179664363277394,0.20236920039486672,0.34628378378378377,0.8855647496936709,0.8793606870412267,1402,12680,0.4136947218259629,0.4629101283880171,0.0492154065620542,0.08394160583941604,0.877870617279953,0.8766547814170672,0.8810914546535866,0.8749554698748316,-0.006135984778754988,0.5855072463768116,0.4720496894409938,0.9217516152189519,0.9446210645062045,-0.0027059056241595103,0.1550563079397223,-0.007694132413717969,0.0019025141069097806,True,True,True,0.26234217794436776,True,True,True,True,True
nih_sex_effusion,NIH sex / pleural effusion,phase3,phase3__nih_cxr14_unmatched__densenet121__pleural_effusion__seed42__pr0.75,densenet121,42,0.75,pleural_effusion,F,t0.5,0.3814199395770393,0.9575328614762386,0.5,M,1013,9237,0.6120434353405726,0.9842053307008884,0.37216189536031585,0.9592875318066157,0.8855647496936709,0.8718907365724184,1402,12680,0.6276747503566333,0.8081312410841655,0.18045649072753212,0.4846743295019157,0.877870617279953,0.8732385574378962,0.8810914546535866,0.8621299869865234,-0.018961467667063192,0.37888198757763975,0.11801242236024845,0.9669264690800944,0.9911803917546919,0.0013478208654778001,0.176074089616723,-0.007694132413717969,-0.015631315016060743,True,True,True,0.47461320230470005,True,True,True,True,True
nih_sex_effusion,NIH sex / pleural effusion,phase3,phase3__nih_cxr14_unmatched__densenet121__pleural_effusion__seed42__pr0.75,densenet121,42,0.75,pleural_effusion,F,youden_j,0.8187311178247734,0.7992922143579373,0.1259765625,M,1013,9237,0.23692003948667326,0.5340572556762093,0.29713721618953604,0.38939197930142305,0.8855647496936709,0.8718907365724184,1402,12680,0.22325249643366618,0.2724679029957204,0.0492154065620542,0.06336088154269971,0.877870617279953,0.8732385574378962,0.8810914546535866,0.8621299869865234,-0.018961467667063192,0.7710144927536232,0.6178053830227743,0.8248897548969336,0.8916008614501076,0.0013478208654778001,0.26158935268048894,-0.007694132413717969,0.013667543053007075,True,True,True,0.32603109775872335,True,True,True,True,True
nih_sex_effusion,NIH sex / pleural effusion,phase3,phase3__nih_cxr14_unmatched__densenet121__pleural_effusion__seed42__pr0.75,densenet121,42,0.75,pleural_effusion,F,sens0.80,0.7998489425981873,0.8084934277047523,0.138671875,M,1013,9237,0.25863770977295164,0.5666337611056268,0.30799605133267516,0.41544607190412775,0.8855647496936709,0.8718907365724184,1402,12680,0.23751783166904422,0.29600570613409416,0.05848787446504994,0.07670720299345184,0.877870617279953,0.8732385574378962,0.8810914546535866,0.8621299869865234,-0.018961467667063192,0.7536231884057971,0.5904761904761905,0.8365295867090555,0.9005230232796636,0.0013478208654778001,0.27062805497153264,-0.007694132413717969,0.02111987810390742,True,True,True,0.3387388689106759,True,True,True,True,True
nih_sex_effusion,NIH sex / pleural effusion,phase3,phase3__nih_cxr14_unmatched__densenet121__pleural_effusion__seed42__pr0.75,densenet121,42,0.75,pleural_effusion,F,spec0.90,0.6216012084592145,0.9,0.3061767518520355,M,1013,9237,0.4155972359328727,0.8815399802566634,0.4659427443237907,0.7972972972972973,0.8855647496936709,0.8718907365724184,1402,12680,0.4136947218259629,0.5527817403708987,0.13908701854493577,0.2372262773722627,0.877870617279953,0.8732385574378962,0.8810914546535866,0.8621299869865234,-0.018961467667063192,0.5855072463768116,0.3093167701863354,0.9217516152189519,0.9638498615526613,0.0013478208654778001,0.3287582398857647,-0.007694132413717969,0.0019025141069097806,True,True,True,0.5600710199250345,True,True,True,True,True
nih_sex_effusion,NIH sex / pleural effusion,phase3,phase3__nih_cxr14_unmatched__densenet121__pleural_effusion__seed42__pr0.9,densenet121,42,0.9,pleural_effusion,F,t0.5,0.3814199395770393,0.9575328614762386,0.5,M,1013,9237,0.6120434353405726,0.9881539980256664,0.3761105626850938,0.969465648854962,0.8855647496936709,0.8503854079841439,1402,12680,0.6276747503566333,0.775320970042796,0.14764621968616265,0.39655172413793105,0.877870617279953,0.8739296887708108,0.8810914546535866,0.841977772413001,-0.039113682240585645,0.37888198757763975,0.13540372670807455,0.9669264690800944,0.9885139985642498,0.023544280786666927,0.2128330279828704,-0.007694132413717969,-0.015631315016060743,True,True,False,0.572913924717031,False,False,False,False,False
nih_sex_effusion,NIH sex / pleural effusion,phase3,phase3__nih_cxr14_unmatched__densenet121__pleural_effusion__seed42__pr0.9,densenet121,42,0.9,pleural_effusion,F,youden_j,0.8187311178247734,0.7992922143579373,0.1259765625,M,1013,9237,0.23692003948667326,0.7156959526159921,0.4787759131293188,0.6274256144890038,0.8855647496936709,0.8503854079841439,1402,12680,0.22325249643366618,0.25891583452211125,0.035663338088445073,0.04591368227731863,0.877870617279953,0.8739296887708108,0.8810914546535866,0.841977772413001,-0.039113682240585645,0.7710144927536232,0.5494824016563147,0.8248897548969336,0.8933442723823197,0.023544280786666927,0.4567801180938808,-0.007694132413717969,0.013667543053007075,True,True,False,0.5815119322116852,False,False,False,False,False
nih_sex_effusion,NIH sex / pleural effusion,phase3,phase3__nih_cxr14_unmatched__densenet121__pleural_effusion__seed42__pr0.9,densenet121,42,0.9,pleural_effusion,F,sens0.80,0.7998489425981873,0.8084934277047523,0.138671875,M,1013,9237,0.25863770977295164,0.7423494570582428,0.4837117472852912,0.6524633821571239,0.8855647496936709,0.8503854079841439,1402,12680,0.23751783166904422,0.2831669044222539,0.045649072753209674,0.05986903648269408,0.877870617279953,0.8739296887708108,0.8810914546535866,0.841977772413001,-0.039113682240585645,0.7536231884057971,0.5242236024844721,0.8365295867090555,0.9025228181724951,0.023544280786666927,0.45918255263598895,-0.007694132413717969,0.02111987810390742,True,True,False,0.5925943456744298,False,False,False,False,False
nih_sex_effusion,NIH sex / pleural effusion,phase3,phase3__nih_cxr14_unmatched__densenet121__pleural_effusion__seed42__pr0.9,densenet121,42,0.9,pleural_effusion,F,spec0.90,0.6216012084592145,0.9,0.3061767518520355,M,1013,9237,0.4155972359328727,0.928923988153998,0.5133267522211253,0.8783783783783784,0.8855647496936709,0.8503854079841439,1402,12680,0.4136947218259629,0.5278174037089871,0.11412268188302421,0.19464720194647195,0.877870617279953,0.8739296887708108,0.8810914546535866,0.841977772413001,-0.039113682240585645,0.5855072463768116,0.3039337474120083,0.9217516152189519,0.9632858168392985,0.023544280786666927,0.4011065844450109,-0.007694132413717969,0.0019025141069097806,True,True,False,0.6837311764319065,False,False,False,False,False
nih_sex_effusion,NIH sex / pleural effusion,phase3,phase3__nih_cxr14_unmatched__densenet121__pleural_effusion__seed42__pr1.0,densenet121,42,1.0,pleural_effusion,F,t0.5,0.3814199395770393,0.9575328614762386,0.5,M,1013,9237,0.6120434353405726,0.9842053307008884,0.37216189536031585,0.9592875318066157,0.8855647496936709,0.7544860034531634,1402,12680,0.6276747503566333,0.7796005706134094,0.15192582025677603,0.4080459770114942,0.877870617279953,0.8651037240898481,0.8810914546535866,0.7622160534365748,-0.11887540121701179,0.37888198757763975,0.13457556935817805,0.9669264690800944,0.9894882576146037,0.11061772063668474,0.20460476008747908,-0.007694132413717969,-0.015631315016060743,True,True,False,0.5512415547951215,False,False,False,False,False
nih_sex_effusion,NIH sex / pleural effusion,phase3,phase3__nih_cxr14_unmatched__densenet121__pleural_effusion__seed42__pr1.0,densenet121,42,1.0,pleural_effusion,F,youden_j,0.8187311178247734,0.7992922143579373,0.1259765625,M,1013,9237,0.23692003948667326,0.805528134254689,0.5686080947680158,0.7451487710219923,0.8855647496936709,0.7544860034531634,1402,12680,0.22325249643366618,0.20756062767475036,-0.015691868758915817,-0.02020202020202018,0.877870617279953,0.8651037240898481,0.8810914546535866,0.7622160534365748,-0.11887540121701179,0.7710144927536232,0.5416149068322982,0.8248897548969336,0.8709875910163061,0.11061772063668474,0.5979675065799387,-0.007694132413717969,0.013667543053007075,True,True,False,0.7653507912240125,False,False,False,False,False
nih_sex_effusion,NIH sex / pleural effusion,phase3,phase3__nih_cxr14_unmatched__densenet121__pleural_effusion__seed42__pr1.0,densenet121,42,1.0,pleural_effusion,F,sens0.80,0.7998489425981873,0.8084934277047523,0.138671875,M,1013,9237,0.25863770977295164,0.8163869693978283,0.5577492596248766,0.7523302263648469,0.8855647496936709,0.7544860034531634,1402,12680,0.23751783166904422,0.2296718972895863,-0.007845934379457908,-0.01028999064546304,0.877870617279953,0.8651037240898481,0.8810914546535866,0.7622160534365748,-0.11887540121701179,0.7536231884057971,0.5242236024844721,0.8365295867090555,0.882576146036304,0.11061772063668474,0.5867150721082419,-0.007694132413717969,0.02111987810390742,True,True,False,0.7626202170103099,False,False,False,False,False
nih_sex_effusion,NIH sex / pleural effusion,phase3,phase3__nih_cxr14_unmatched__densenet121__pleural_effusion__seed42__pr1.0,densenet121,42,1.0,pleural_effusion,F,spec0.90,0.6216012084592145,0.9,0.3061767518520355,M,1013,9237,0.4155972359328727,0.932872655478776,0.5172754195459033,0.8851351351351352,0.8855647496936709,0.7544860034531634,1402,12680,0.4136947218259629,0.5,0.0863052781740371,0.14720194647201948,0.877870617279953,0.8651037240898481,0.8810914546535866,0.7622160534365748,-0.11887540121701179,0.5855072463768116,0.3184265010351967,0.9217516152189519,0.9555430212285919,0.11061772063668474,0.43287265547877596,-0.007694132413717969,0.0019025141069097806,True,True,False,0.7379331886631157,False,False,False,False,False
nih_sex_effusion,NIH sex / pleural effusion,phase3,phase3__nih_cxr14_unmatched__densenet121__clean__seed123__pr0.0,densenet121,123,0.0,pleural_effusion,F,t0.5,0.3648036253776435,0.9630940343781598,0.5,M,1013,9237,0.5863770977295163,0.5863770977295163,0.0,0.0,0.885726076568808,0.885726076568808,1402,12680,0.6362339514978602,0.6362339514978602,0.0,0.0,0.8825202905989694,0.8825202905989694,0.8837919899068589,0.8837919899068589,0.0,0.3846790890269151,0.3846790890269151,0.9688237103886781,0.9688237103886781,-0.0032057859698385593,-0.04985685376834392,-0.0032057859698385593,-0.04985685376834392,False,False,True,0.0,False,False,False,False,False
nih_sex_effusion,NIH sex / pleural effusion,phase3,phase3__nih_cxr14_unmatched__densenet121__clean__seed123__pr0.0,densenet121,123,0.0,pleural_effusion,F,youden_j,0.8376132930513596,0.7795753286147624,0.11737060546875,M,1013,9237,0.18460019743336623,0.18460019743336623,0.0,0.0,0.885726076568808,0.885726076568808,1402,12680,0.20042796005706134,0.20042796005706134,0.0,0.0,0.8825202905989694,0.8825202905989694,0.8837919899068589,0.8837919899068589,0.0,0.8062111801242235,0.8062111801242235,0.8026356271151677,0.8026356271151677,-0.0032057859698385593,-0.01582776262369512,-0.0032057859698385593,-0.01582776262369512,False,False,True,0.0,False,False,False,False,False
nih_sex_effusion,NIH sex / pleural effusion,phase3,phase3__nih_cxr14_unmatched__densenet121__clean__seed123__pr0.0,densenet121,123,0.0,pleural_effusion,F,sens0.80,0.7998489425981873,0.8103134479271992,0.1468505859375,M,1013,9237,0.21915103652517276,0.21915103652517276,0.0,0.0,0.885726076568808,0.885726076568808,1402,12680,0.2303851640513552,0.2303851640513552,0.0,0.0,0.8825202905989694,0.8825202905989694,0.8837919899068589,0.8837919899068589,0.0,0.7743271221532091,0.7743271221532091,0.8335042559737463,0.8335042559737463,-0.0032057859698385593,-0.011234127526182441,-0.0032057859698385593,-0.011234127526182441,False,False,True,0.0,False,False,False,False,False
nih_sex_effusion,NIH sex / pleural effusion,phase3,phase3__nih_cxr14_unmatched__densenet121__clean__seed123__pr0.0,densenet121,123,0.0,pleural_effusion,F,spec0.90,0.6419939577039275,0.9,0.2793212831020355,M,1013,9237,0.37018756169792694,0.37018756169792694,0.0,0.0,0.885726076568808,0.885726076568808,1402,12680,0.38944365192582026,0.38944365192582026,0.0,0.0,0.8825202905989694,0.8825202905989694,0.8837919899068589,0.8837919899068589,0.0,0.6186335403726708,0.6186335403726708,0.9163162752538201,0.9163162752538201,-0.0032057859698385593,-0.01925609022789332,-0.0032057859698385593,-0.01925609022789332,False,False,True,0.0,False,False,False,False,False
nih_sex_effusion,NIH sex / pleural effusion,phase3,phase3__nih_cxr14_unmatched__densenet121__pleural_effusion__seed123__pr0.10,densenet121,123,0.1,pleural_effusion,F,t0.5,0.3648036253776435,0.9630940343781598,0.5,M,1013,9237,0.5863770977295163,0.6564659427443238,0.0700888450148075,0.16945107398568018,0.885726076568808,0.8822187774879869,1402,12680,0.6362339514978602,0.6426533523537803,0.006419400855920077,0.01764705882352931,0.8825202905989694,0.8810915435325463,0.8837919899068589,0.8814883136687366,-0.002303676238122332,0.3846790890269151,0.3515527950310559,0.9688237103886781,0.9714901035791201,-0.0011272339554406763,0.0138125903905435,-0.0032057859698385593,-0.04985685376834392,False,True,True,0.15180401516215086,False,True,True,False,False
nih_sex_effusion,NIH sex / pleural effusion,phase3,phase3__nih_cxr14_unmatched__densenet121__pleural_effusion__seed123__pr0.10,densenet121,123,0.1,pleural_effusion,F,youden_j,0.8376132930513596,0.7795753286147624,0.11737060546875,M,1013,9237,0.18460019743336623,0.22309970384995065,0.03849950641658442,0.04721549636803876,0.885726076568808,0.8822187774879869,1402,12680,0.20042796005706134,0.21255349500713266,0.01212553495007132,0.015165031222123097,0.8825202905989694,0.8810915435325463,0.8837919899068589,0.8814883136687366,-0.002303676238122332,0.8062111801242235,0.7830227743271222,0.8026356271151677,0.8221720849143678,-0.0011272339554406763,0.010546208842817983,-0.0032057859698385593,-0.01582776262369512,False,False,True,0.03205046514591567,False,False,False,False,False
nih_sex_effusion,NIH sex / pleural effusion,phase3,phase3__nih_cxr14_unmatched__densenet121__pleural_effusion__seed123__pr0.10,densenet121,123,0.1,pleural_effusion,F,sens0.80,0.7998489425981873,0.8103134479271992,0.1468505859375,M,1013,9237,0.21915103652517276,0.26061204343534056,0.0414610069101678,0.053097345132743334,0.885726076568808,0.8822187774879869,1402,12680,0.2303851640513552,0.24607703281027105,0.015691868758915845,0.02038924930491197,0.8825202905989694,0.8810915435325463,0.8837919899068589,0.8814883136687366,-0.002303676238122332,0.7743271221532091,0.7478260869565218,0.8335042559737463,0.8520151779304687,-0.0011272339554406763,0.014535010625069511,-0.0032057859698385593,-0.011234127526182441,False,False,True,0.032708095827831365,False,False,False,False,False
nih_sex_effusion,NIH sex / pleural effusion,phase3,phase3__nih_cxr14_unmatched__densenet121__pleural_effusion__seed123__pr0.10,densenet121,123,0.1,pleural_effusion,F,spec0.90,0.6419939577039275,0.9,0.2793212831020355,M,1013,9237,0.37018756169792694,0.42349457058242845,0.05330700888450152,0.08463949843260193,0.885726076568808,0.8822187774879869,1402,12680,0.38944365192582026,0.39372325249643364,0.004279600570613384,0.007009345794392482,0.8825202905989694,0.8810915435325463,0.8837919899068589,0.8814883136687366,-0.002303676238122332,0.6186335403726708,0.5937888198757764,0.9163162752538201,0.9231360886062968,-0.0011272339554406763,0.029771318085994813,-0.0032057859698385593,-0.01925609022789332,False,True,True,0.07763015263820945,False,False,False,False,False
nih_sex_effusion,NIH sex / pleural effusion,phase3,phase3__nih_cxr14_unmatched__densenet121__pleural_effusion__seed123__pr0.5,densenet121,123,0.5,pleural_effusion,F,t0.5,0.3648036253776435,0.9630940343781598,0.5,M,1013,9237,0.5863770977295163,0.8538993089832182,0.2675222112537019,0.6467780429594273,0.885726076568808,0.8872041260308594,1402,12680,0.6362339514978602,0.579172610556348,-0.05706134094151216,-0.15686274509803932,0.8825202905989694,0.8777928586805919,0.8837919899068589,0.8780197943280437,-0.0057721955788152535,0.3846790890269151,0.30559006211180123,0.9688237103886781,0.9722592554609784,-0.009411267350267538,0.27472669842687014,-0.0032057859698385593,-0.04985685376834392,True,True,True,0.8036407880574666,True,True,True,True,True
nih_sex_effusion,NIH sex / pleural effusion,phase3,phase3__nih_cxr14_unmatched__densenet121__pleural_effusion__seed123__pr0.5,densenet121,123,0.5,pleural_effusion,F,youden_j,0.8376132930513596,0.7795753286147624,0.11737060546875,M,1013,9237,0.18460019743336623,0.3149062191510365,0.13030602171767028,0.1598062953995157,0.885726076568808,0.8872041260308594,1402,12680,0.20042796005706134,0.20827389443651925,0.007845934379457908,0.009812667261373762,0.8825202905989694,0.8777928586805919,0.8837919899068589,0.8780197943280437,-0.0057721955788152535,0.8062111801242235,0.7469979296066253,0.8026356271151677,0.8461183468362219,-0.009411267350267538,0.10663232471451725,-0.0032057859698385593,-0.01582776262369512,False,True,True,0.14999362813814196,False,True,True,False,False
nih_sex_effusion,NIH sex / pleural effusion,phase3,phase3__nih_cxr14_unmatched__densenet121__pleural_effusion__seed123__pr0.5,densenet121,123,0.5,pleural_effusion,F,sens0.80,0.7998489425981873,0.8103134479271992,0.1468505859375,M,1013,9237,0.21915103652517276,0.36426456071076013,0.14511352418558737,0.18584070796460178,0.885726076568808,0.8872041260308594,1402,12680,0.2303851640513552,0.23894436519258203,0.008559201141226824,0.011121408711770165,0.8825202905989694,0.8777928586805919,0.8837919899068589,0.8780197943280437,-0.0057721955788152535,0.7743271221532091,0.7084886128364389,0.8335042559737463,0.8679622602809968,-0.009411267350267538,0.1253201955181781,-0.0032057859698385593,-0.011234127526182441,False,True,True,0.1747192992528316,False,True,True,False,False
nih_sex_effusion,NIH sex / pleural effusion,phase3,phase3__nih_cxr14_unmatched__densenet121__pleural_effusion__seed123__pr0.5,densenet121,123,0.5,pleural_effusion,F,spec0.90,0.6419939577039275,0.9,0.2793212831020355,M,1013,9237,0.37018756169792694,0.5676209279368213,0.19743336623889435,0.3134796238244513,0.885726076568808,0.8872041260308594,1402,12680,0.38944365192582026,0.37375178316690444,-0.015691868758915817,-0.02570093457943922,0.8825202905989694,0.8777928586805919,0.8837919899068589,0.8780197943280437,-0.0057721955788152535,0.6186335403726708,0.5449275362318841,0.9163162752538201,0.927956107065942,-0.009411267350267538,0.19386914476991685,-0.0032057859698385593,-0.01925609022789332,True,True,True,0.33918055840389055,True,True,True,True,True
nih_sex_effusion,NIH sex / pleural effusion,phase3,phase3__nih_cxr14_unmatched__densenet121__pleural_effusion__seed123__pr0.75,densenet121,123,0.75,pleural_effusion,F,t0.5,0.3648036253776435,0.9630940343781598,0.5,M,1013,9237,0.5863770977295163,0.9407699901283317,0.35439289239881544,0.856801909307876,0.885726076568808,0.8754565526559397,1402,12680,0.6362339514978602,0.5656205420827389,-0.07061340941512129,-0.19411764705882362,0.8825202905989694,0.8750486979434795,0.8837919899068589,0.8615928333941648,-0.022199156512694107,0.3846790890269151,0.27701863354037265,0.9688237103886781,0.9718490411239873,-0.00040785471246018723,0.3751494480455928,-0.0032057859698385593,-0.04985685376834392,True,True,True,1.0509195563666998,True,True,True,True,True
nih_sex_effusion,NIH sex / pleural effusion,phase3,phase3__nih_cxr14_unmatched__densenet121__pleural_effusion__seed123__pr0.75,densenet121,123,0.75,pleural_effusion,F,youden_j,0.8376132930513596,0.7795753286147624,0.11737060546875,M,1013,9237,0.18460019743336623,0.472852912142152,0.2882527147087858,0.3535108958837772,0.885726076568808,0.8754565526559397,1402,12680,0.20042796005706134,0.19329529243937232,-0.00713266761768902,-0.00892060660124889,0.8825202905989694,0.8750486979434795,0.8837919899068589,0.8615928333941648,-0.022199156512694107,0.8062111801242235,0.6894409937888198,0.8026356271151677,0.8568864731822378,-0.00040785471246018723,0.2795576197027797,-0.0032057859698385593,-0.01582776262369512,True,True,True,0.3624315024850261,True,True,True,True,True
nih_sex_effusion,NIH sex / pleural effusion,phase3,phase3__nih_cxr14_unmatched__densenet121__pleural_effusion__seed123__pr0.75,densenet121,123,0.75,pleural_effusion,F,sens0.80,0.7998489425981873,0.8103134479271992,0.1468505859375,M,1013,9237,0.21915103652517276,0.5478775913129319,0.32872655478775914,0.42098609355246525,0.885726076568808,0.8754565526559397,1402,12680,0.2303851640513552,0.2261055634807418,-0.004279600570613412,-0.005560704355885082,0.8825202905989694,0.8750486979434795,0.8837919899068589,0.8615928333941648,-0.022199156512694107,0.7743271221532091,0.6389233954451345,0.8335042559737463,0.8787303866270126,-0.00040785471246018723,0.3217720278321901,-0.0032057859698385593,-0.011234127526182441,True,True,True,0.4265467979083503,True,True,True,True,True
nih_sex_effusion,NIH sex / pleural effusion,phase3,phase3__nih_cxr14_unmatched__densenet121__pleural_effusion__seed123__pr0.75,densenet121,123,0.75,pleural_effusion,F,spec0.90,0.6419939577039275,0.9,0.2793212831020355,M,1013,9237,0.37018756169792694,0.7769002961500494,0.40671273445212247,0.64576802507837,0.885726076568808,0.8754565526559397,1402,12680,0.38944365192582026,0.3730385164051355,-0.016405135520684733,-0.026869158878504665,0.8825202905989694,0.8750486979434795,0.8837919899068589,0.8615928333941648,-0.022199156512694107,0.6186335403726708,0.4575569358178054,0.9163162752538201,0.9306737770485078,-0.00040785471246018723,0.4038617797449139,-0.0032057859698385593,-0.01925609022789332,True,True,True,0.6726371839568747,True,True,True,True,True
nih_sex_effusion,NIH sex / pleural effusion,phase3,phase3__nih_cxr14_unmatched__densenet121__pleural_effusion__seed123__pr0.9,densenet121,123,0.9,pleural_effusion,F,t0.5,0.3648036253776435,0.9630940343781598,0.5,M,1013,9237,0.5863770977295163,0.9753208292201382,0.3889437314906219,0.9403341288782816,0.885726076568808,0.856792269561844,1402,12680,0.6362339514978602,0.6105563480741797,-0.02567760342368053,-0.07058823529411785,0.8825202905989694,0.873576185972007,0.8837919899068589,0.8444507469956365,-0.03934124291122243,0.3846790890269151,0.23643892339544514,0.9688237103886781,0.9758486309096502,0.01678391641016308,0.3647644811459585,-0.0032057859698385593,-0.04985685376834392,True,True,False,1.0109223641723994,False,False,False,False,False
nih_sex_effusion,NIH sex / pleural effusion,phase3,phase3__nih_cxr14_unmatched__densenet121__pleural_effusion__seed123__pr0.9,densenet121,123,0.9,pleural_effusion,F,youden_j,0.8376132930513596,0.7795753286147624,0.11737060546875,M,1013,9237,0.18460019743336623,0.6850937808489634,0.5004935834155972,0.6138014527845036,0.885726076568808,0.856792269561844,1402,12680,0.20042796005706134,0.21112696148359486,0.010699001426533516,0.013380909901873319,0.8825202905989694,0.873576185972007,0.8837919899068589,0.8444507469956365,-0.03934124291122243,0.8062111801242235,0.5900621118012422,0.8026356271151677,0.8751922879704646,0.01678391641016308,0.47396681936536855,-0.0032057859698385593,-0.01582776262369512,True,True,False,0.6004205428826302,False,False,False,False,False
nih_sex_effusion,NIH sex / pleural effusion,phase3,phase3__nih_cxr14_unmatched__densenet121__pleural_effusion__seed123__pr0.9,densenet121,123,0.9,pleural_effusion,F,sens0.80,0.7998489425981873,0.8103134479271992,0.1468505859375,M,1013,9237,0.21915103652517276,0.7384007897334649,0.5192497532082921,0.6649810366624526,0.885726076568808,0.856792269561844,1402,12680,0.2303851640513552,0.25320970042796004,0.022824536376604837,0.029657089898053737,0.8825202905989694,0.873576185972007,0.8837919899068589,0.8444507469956365,-0.03934124291122243,0.7743271221532091,0.5432712215320911,0.8335042559737463,0.8942672546405497,0.01678391641016308,0.48519108930550486,-0.0032057859698385593,-0.011234127526182441,True,True,False,0.6353239467643989,False,False,False,False,False
nih_sex_effusion,NIH sex / pleural effusion,phase3,phase3__nih_cxr14_unmatched__densenet121__pleural_effusion__seed123__pr0.9,densenet121,123,0.9,pleural_effusion,F,spec0.90,0.6419939577039275,0.9,0.2793212831020355,M,1013,9237,0.37018756169792694,0.8884501480750246,0.5182625863770978,0.822884012539185,0.885726076568808,0.856792269561844,1402,12680,0.38944365192582026,0.3830242510699001,-0.006419400855920132,-0.010514018691588814,0.8825202905989694,0.873576185972007,0.8837919899068589,0.8444507469956365,-0.03934124291122243,0.6186335403726708,0.4049689440993789,0.9163162752538201,0.9391344477489488,0.01678391641016308,0.5054258970051245,-0.0032057859698385593,-0.01925609022789332,True,True,False,0.8333980312307738,False,False,False,False,False
nih_sex_effusion,NIH sex / pleural effusion,phase3,phase3__nih_cxr14_unmatched__densenet121__pleural_effusion__seed123__pr1.0,densenet121,123,1.0,pleural_effusion,F,t0.5,0.3648036253776435,0.9630940343781598,0.5,M,1013,9237,0.5863770977295163,0.9555774925962488,0.3692003948667325,0.892601431980907,0.885726076568808,0.7293082678102949,1402,12680,0.6362339514978602,0.6062767475035663,-0.029957203994293913,-0.08235294117647073,0.8825202905989694,0.870411515330745,0.8837919899068589,0.765507068022752,-0.11828492188410689,0.3846790890269151,0.24720496894409938,0.9688237103886781,0.9752845861962876,0.14110324752045011,0.3493007450926825,-0.0032057859698385593,-0.04985685376834392,True,True,False,0.9749543731573778,False,False,False,False,False
nih_sex_effusion,NIH sex / pleural effusion,phase3,phase3__nih_cxr14_unmatched__densenet121__pleural_effusion__seed123__pr1.0,densenet121,123,1.0,pleural_effusion,F,youden_j,0.8376132930513596,0.7795753286147624,0.11737060546875,M,1013,9237,0.18460019743336623,0.8361303060217177,0.6515301085883515,0.7990314769975787,0.885726076568808,0.7293082678102949,1402,12680,0.20042796005706134,0.24821683309557774,0.047788873038516394,0.059768064228367515,0.8825202905989694,0.870411515330745,0.8837919899068589,0.765507068022752,-0.11828492188410689,0.8062111801242235,0.505175983436853,0.8026356271151677,0.8916008614501076,0.14110324752045011,0.5879134729261399,-0.0032057859698385593,-0.01582776262369512,True,True,False,0.7392634127692111,False,False,False,False,False
nih_sex_effusion,NIH sex / pleural effusion,phase3,phase3__nih_cxr14_unmatched__densenet121__pleural_effusion__seed123__pr1.0,densenet121,123,1.0,pleural_effusion,F,sens0.80,0.7998489425981873,0.8103134479271992,0.1468505859375,M,1013,9237,0.21915103652517276,0.8538993089832182,0.6347482724580454,0.8128950695322377,0.885726076568808,0.7293082678102949,1402,12680,0.2303851640513552,0.2760342368045649,0.0456490727532097,0.05931417979610751,0.8825202905989694,0.870411515330745,0.8837919899068589,0.765507068022752,-0.11828492188410689,0.7743271221532091,0.48157349896480334,0.8335042559737463,0.9053430417393088,0.14110324752045011,0.5778650721786533,-0.0032057859698385593,-0.011234127526182441,True,True,False,0.7535808897361301,False,False,False,False,False
nih_sex_effusion,NIH sex / pleural effusion,phase3,phase3__nih_cxr14_unmatched__densenet121__pleural_effusion__seed123__pr1.0,densenet121,123,1.0,pleural_effusion,F,spec0.90,0.6419939577039275,0.9,0.2793212831020355,M,1013,9237,0.37018756169792694,0.910167818361303,0.539980256663376,0.8573667711598744,0.885726076568808,0.7293082678102949,1402,12680,0.38944365192582026,0.4015691868758916,0.012125534950071348,0.019859813084112183,0.8825202905989694,0.870411515330745,0.8837919899068589,0.765507068022752,-0.11828492188410689,0.6186335403726708,0.38509316770186336,0.9163162752538201,0.9427750999897446,0.14110324752045011,0.5085986314854114,-0.0032057859698385593,-0.01925609022789332,True,True,False,0.8375069580757621,False,False,False,False,False
nih_sex_pneumothorax,NIH sex / pneumothorax,phase3,phase3__nih_cxr14_unmatched__densenet121__pneumothorax__seed7__pr0.10,densenet121,7,0.1,pneumothorax,F,t0.5,0.1510791366906475,0.9943704259711015,0.5,M,473,9237,0.8731501057082452,0.7885835095137421,-0.08456659619450313,-0.6666666666666664,0.8593658180737458,0.847229995281485,526,12680,0.8954372623574145,0.8174904942965779,-0.07794676806083656,-0.7454545454545464,0.8673763539018591,0.8524200047426843,0.8642067107742603,0.8503812159037324,-0.013825494870527866,0.11511511511511512,0.1961961961961962,0.9953628453963094,0.9900086050291614,0.005190009461199296,-0.02890698478283582,0.008010535828113285,-0.02228715664916925,False,True,True,0.07878787878787996,False,False,False,False,False
nih_sex_pneumothorax,NIH sex / pneumothorax,phase3,phase3__nih_cxr14_unmatched__densenet121__pneumothorax__seed7__pr0.10,densenet121,7,0.1,pneumothorax,F,youden_j,0.8111510791366906,0.8356164383561644,0.04931640625,M,473,9237,0.2854122621564482,0.2452431289640592,-0.04016913319238902,-0.056213017751479306,0.8593658180737458,0.847229995281485,526,12680,0.29277566539923955,0.27756653992395436,-0.01520912547528519,-0.021505376344086048,0.8673763539018591,0.8524200047426843,0.8642067107742603,0.8503812159037324,-0.013825494870527866,0.7107107107107107,0.7377377377377378,0.8478344009943589,0.7968735060713261,0.005190009461199296,-0.03232341095989516,0.008010535828113285,-0.007363403242791333,False,False,True,-0.034707641407393255,False,False,False,False,False
nih_sex_pneumothorax,NIH sex / pneumothorax,phase3,phase3__nih_cxr14_unmatched__densenet121__pneumothorax__seed7__pr0.10,densenet121,7,0.1,pneumothorax,F,sens0.80,0.8003597122302158,0.8421842747232126,0.05224609375,M,473,9237,0.2959830866807611,0.2558139534883721,-0.04016913319238902,-0.057057057057057076,0.8593658180737458,0.847229995281485,526,12680,0.30988593155893535,0.2813688212927757,-0.028517110266159662,-0.04132231404958672,0.8673763539018591,0.8524200047426843,0.8642067107742603,0.8503812159037324,-0.013825494870527866,0.6966966966966966,0.7307307307307307,0.8553877043694426,0.8045702265991013,0.005190009461199296,-0.02555486780440358,0.008010535828113285,-0.013902844878174225,False,False,True,-0.015734743007470353,False,False,False,False,False
nih_sex_pneumothorax,NIH sex / pneumothorax,phase3,phase3__nih_cxr14_unmatched__densenet121__pneumothorax__seed7__pr0.10,densenet121,7,0.1,pneumothorax,F,spec0.90,0.7086330935251799,0.899981234753237,0.09258423000574112,M,473,9237,0.39323467230443976,0.346723044397463,-0.04651162790697677,-0.07665505226480841,0.8593658180737458,0.847229995281485,526,12680,0.41064638783269963,0.3726235741444867,-0.03802281368821292,-0.06451612903225805,0.8673763539018591,0.8524200047426843,0.8642067107742603,0.8503812159037324,-0.013825494870527866,0.5975975975975976,0.6396396396396397,0.9132326226216656,0.8783822545176403,0.005190009461199296,-0.025900529747023726,0.008010535828113285,-0.017411715528259875,False,False,True,-0.012138923232550364,False,False,False,False,False
nih_sex_pneumothorax,NIH sex / pneumothorax,phase3,phase3__nih_cxr14_unmatched__densenet121__pneumothorax__seed7__pr0.5,densenet121,7,0.5,pneumothorax,F,t0.5,0.1510791366906475,0.9943704259711015,0.5,M,473,9237,0.8731501057082452,0.9788583509513742,0.10570824524312894,0.8333333333333331,0.8593658180737458,0.8436248906008919,526,12680,0.8954372623574145,0.9315589353612167,0.0361216730038022,0.34545454545454485,0.8673763539018591,0.8595820525061457,0.8642067107742603,0.8484328338281871,-0.01577387694607313,0.11511511511511512,0.04604604604604605,0.9953628453963094,0.9986136341906492,0.01595716190525387,0.04729941559015749,0.008010535828113285,-0.02228715664916925,True,True,True,0.4878787878787883,True,True,True,True,True
nih_sex_pneumothorax,NIH sex / pneumothorax,phase3,phase3__nih_cxr14_unmatched__densenet121__pneumothorax__seed7__pr0.5,densenet121,7,0.5,pneumothorax,F,youden_j,0.8111510791366906,0.8356164383561644,0.04931640625,M,473,9237,0.2854122621564482,0.44820295983086683,0.16279069767441862,0.227810650887574,0.8593658180737458,0.8436248906008919,526,12680,0.29277566539923955,0.34600760456273766,0.05323193916349811,0.07526881720430109,0.8673763539018591,0.8595820525061457,0.8642067107742603,0.8484328338281871,-0.01577387694607313,0.7107107107107107,0.6056056056056056,0.8478344009943589,0.887799980877713,0.01595716190525387,0.10219535526812917,0.008010535828113285,-0.007363403242791333,True,True,True,0.1525418336832729,True,True,True,True,False
nih_sex_pneumothorax,NIH sex / pneumothorax,phase3,phase3__nih_cxr14_unmatched__densenet121__pneumothorax__seed7__pr0.5,densenet121,7,0.5,pneumothorax,F,sens0.80,0.8003597122302158,0.8421842747232126,0.05224609375,M,473,9237,0.2959830866807611,0.4503171247357294,0.15433403805496826,0.2192192192192192,0.8593658180737458,0.8436248906008919,526,12680,0.30988593155893535,0.35551330798479086,0.045627376425855515,0.06611570247933884,0.8673763539018591,0.8595820525061457,0.8642067107742603,0.8484328338281871,-0.01577387694607313,0.6966966966966966,0.5995995995995996,0.8553877043694426,0.8940147241610097,0.01595716190525387,0.09480381675093852,0.008010535828113285,-0.013902844878174225,True,True,True,0.15310351673988035,True,True,True,True,False
nih_sex_pneumothorax,NIH sex / pneumothorax,phase3,phase3__nih_cxr14_unmatched__densenet121__pneumothorax__seed7__pr0.5,densenet121,7,0.5,pneumothorax,F,spec0.90,0.7086330935251799,0.899981234753237,0.09258423000574112,M,473,9237,0.39323467230443976,0.6109936575052854,0.2177589852008457,0.35888501742160284,0.8593658180737458,0.8436248906008919,526,12680,0.41064638783269963,0.4467680608365019,0.03612167300380226,0.06129032258064512,0.8673763539018591,0.8595820525061457,0.8642067107742603,0.8484328338281871,-0.01577387694607313,0.5975975975975976,0.4754754754754755,0.9132326226216656,0.9381872071899799,0.01595716190525387,0.16422559666878356,0.008010535828113285,-0.017411715528259875,True,True,True,0.29759469484095774,True,True,True,True,True
nih_sex_pneumothorax,NIH sex / pneumothorax,phase3,phase3__nih_cxr14_unmatched__densenet121__pneumothorax__seed7__pr0.75,densenet121,7,0.75,pneumothorax,F,t0.5,0.1510791366906475,0.9943704259711015,0.5,M,473,9237,0.8731501057082452,0.9513742071881607,0.07822410147991543,0.6166666666666667,0.8593658180737458,0.8443514840163922,526,12680,0.8954372623574145,0.7870722433460076,-0.10836501901140694,-1.0363636363636377,0.8673763539018591,0.8527397292415272,0.8642067107742603,0.8400574778813618,-0.024149232892898498,0.11511511511511512,0.13513513513513514,0.9953628453963094,0.992781336647863,0.008388245225135038,0.16430196384215312,0.008010535828113285,-0.02228715664916925,True,True,True,1.6530303030303044,True,True,True,True,True
nih_sex_pneumothorax,NIH sex / pneumothorax,phase3,phase3__nih_cxr14_unmatched__densenet121__pneumothorax__seed7__pr0.75,densenet121,7,0.75,pneumothorax,F,youden_j,0.8111510791366906,0.8356164383561644,0.04931640625,M,473,9237,0.2854122621564482,0.3361522198731501,0.05073995771670187,0.07100591715976326,0.8593658180737458,0.8443514840163922,526,12680,0.29277566539923955,0.22433460076045628,-0.06844106463878327,-0.0967741935483871,0.8673763539018591,0.8527397292415272,0.8642067107742603,0.8400574778813618,-0.024149232892898498,0.7107107107107107,0.7227227227227228,0.8478344009943589,0.7928578257959652,0.008388245225135038,0.1118176191126938,0.008010535828113285,-0.007363403242791333,False,True,True,0.16778011070815035,False,False,False,False,False
nih_sex_pneumothorax,NIH sex / pneumothorax,phase3,phase3__nih_cxr14_unmatched__densenet121__pneumothorax__seed7__pr0.75,densenet121,7,0.75,pneumothorax,F,sens0.80,0.8003597122302158,0.8421842747232126,0.05224609375,M,473,9237,0.2959830866807611,0.346723044397463,0.05073995771670187,0.07207207207207203,0.8593658180737458,0.8443514840163922,526,12680,0.30988593155893535,0.23193916349809887,-0.07794676806083647,-0.1129476584022038,0.8673763539018591,0.8527397292415272,0.8642067107742603,0.8400574778813618,-0.024149232892898498,0.6966966966966966,0.7137137137137137,0.8553877043694426,0.8017496892628359,0.008388245225135038,0.11478388089936412,0.008010535828113285,-0.013902844878174225,False,True,True,0.18501973047427583,False,False,False,False,False
nih_sex_pneumothorax,NIH sex / pneumothorax,phase3,phase3__nih_cxr14_unmatched__densenet121__pneumothorax__seed7__pr0.75,densenet121,7,0.75,pneumothorax,F,spec0.90,0.7086330935251799,0.899981234753237,0.09258423000574112,M,473,9237,0.39323467230443976,0.4714587737843552,0.07822410147991543,0.1289198606271777,0.8593658180737458,0.8443514840163922,526,12680,0.41064638783269963,0.34220532319391633,-0.0684410646387833,-0.11612903225806456,0.8673763539018591,0.8527397292415272,0.8642067107742603,0.8400574778813618,-0.024149232892898498,0.5975975975975976,0.5965965965965966,0.9132326226216656,0.8798642317621187,0.008388245225135038,0.12925345059043886,0.008010535828113285,-0.017411715528259875,False,True,True,0.24504889288524226,False,True,False,False,False
nih_sex_pneumothorax,NIH sex / pneumothorax,phase3,phase3__nih_cxr14_unmatched__densenet121__pneumothorax__seed7__pr0.9,densenet121,7,0.9,pneumothorax,F,t0.5,0.1510791366906475,0.9943704259711015,0.5,M,473,9237,0.8731501057082452,0.9682875264270613,0.09513742071881603,0.7499999999999998,0.8593658180737458,0.8235157182515828,526,12680,0.8954372623574145,0.8155893536121673,-0.07984790874524716,-0.7636363636363641,0.8673763539018591,0.8474371359692563,0.8642067107742603,0.8171323871916663,-0.047074323582594,0.11511511511511512,0.11211211211211211,0.9953628453963094,0.993355005258629,0.023921417717673532,0.15269817281489395,0.008010535828113285,-0.02228715664916925,True,True,False,1.513636363636364,False,False,False,False,False
nih_sex_pneumothorax,NIH sex / pneumothorax,phase3,phase3__nih_cxr14_unmatched__densenet121__pneumothorax__seed7__pr0.9,densenet121,7,0.9,pneumothorax,F,youden_j,0.8111510791366906,0.8356164383561644,0.04931640625,M,473,9237,0.2854122621564482,0.5095137420718816,0.2241014799154334,0.3136094674556213,0.8593658180737458,0.8235157182515828,526,12680,0.29277566539923955,0.2737642585551331,-0.01901140684410646,-0.02688172043010752,0.8673763539018591,0.8474371359692563,0.8642067107742603,0.8171323871916663,-0.047074323582594,0.7107107107107107,0.6146146146146146,0.8478344009943589,0.8546228128884215,0.023921417717673532,0.23574948351674851,0.008010535828113285,-0.007363403242791333,True,True,False,0.3404911878857288,False,False,False,False,False
nih_sex_pneumothorax,NIH sex / pneumothorax,phase3,phase3__nih_cxr14_unmatched__densenet121__pneumothorax__seed7__pr0.9,densenet121,7,0.9,pneumothorax,F,sens0.80,0.8003597122302158,0.8421842747232126,0.05224609375,M,473,9237,0.2959830866807611,0.5221987315010571,0.226215644820296,0.32132132132132135,0.8593658180737458,0.8235157182515828,526,12680,0.30988593155893535,0.2813688212927757,-0.028517110266159662,-0.04132231404958672,0.8673763539018591,0.8474371359692563,0.8642067107742603,0.8171323871916663,-0.047074323582594,0.6966966966966966,0.6046046046046046,0.8553877043694426,0.8612200019122287,0.023921417717673532,0.24082991020828143,0.008010535828113285,-0.013902844878174225,True,True,False,0.36264363537090805,False,False,False,False,False
nih_sex_pneumothorax,NIH sex / pneumothorax,phase3,phase3__nih_cxr14_unmatched__densenet121__pneumothorax__seed7__pr0.9,densenet121,7,0.9,pneumothorax,F,spec0.90,0.7086330935251799,0.899981234753237,0.09258423000574112,M,473,9237,0.39323467230443976,0.6236786469344608,0.2304439746300211,0.37979094076655046,0.8593658180737458,0.8235157182515828,526,12680,0.41064638783269963,0.39543726235741444,-0.01520912547528519,-0.025806451612903257,0.8673763539018591,0.8474371359692563,0.8642067107742603,0.8171323871916663,-0.047074323582594,0.5975975975975976,0.4964964964964965,0.9132326226216656,0.9172004971794626,0.023921417717673532,0.2282413845770464,0.008010535828113285,-0.017411715528259875,True,True,False,0.4055973923794537,False,False,False,False,False
nih_sex_pneumothorax,NIH sex / pneumothorax,phase3,phase3__nih_cxr14_unmatched__densenet121__pneumothorax__seed7__pr1.0,densenet121,7,1.0,pneumothorax,F,t0.5,0.1510791366906475,0.9943704259711015,0.5,M,473,9237,0.8731501057082452,0.9915433403805497,0.11839323467230445,0.9333333333333335,0.8593658180737458,0.7383198661061057,526,12680,0.8954372623574145,0.8745247148288974,-0.020912547528517123,-0.2000000000000002,0.8673763539018591,0.8035697302864193,0.8642067107742603,0.7188177038306114,-0.14538900694364887,0.11511511511511512,0.07007007007007007,0.9953628453963094,0.9964623769002773,0.06524986418031364,0.11701862555165232,0.008010535828113285,-0.02228715664916925,True,True,False,1.1333333333333337,False,False,False,False,False
nih_sex_pneumothorax,NIH sex / pneumothorax,phase3,phase3__nih_cxr14_unmatched__densenet121__pneumothorax__seed7__pr1.0,densenet121,7,1.0,pneumothorax,F,youden_j,0.8111510791366906,0.8356164383561644,0.04931640625,M,473,9237,0.2854122621564482,0.7674418604651163,0.4820295983086681,0.6745562130177515,0.8593658180737458,0.7383198661061057,526,12680,0.29277566539923955,0.3574144486692015,0.06463878326996197,0.09139784946236558,0.8673763539018591,0.8035697302864193,0.8642067107742603,0.7188177038306114,-0.14538900694364887,0.7107107107107107,0.44844844844844844,0.8478344009943589,0.8688211110048761,0.06524986418031364,0.4100274117959148,0.008010535828113285,-0.007363403242791333,True,True,False,0.5831583635553859,False,False,False,False,False
nih_sex_pneumothorax,NIH sex / pneumothorax,phase3,phase3__nih_cxr14_unmatched__densenet121__pneumothorax__seed7__pr1.0,densenet121,7,1.0,pneumothorax,F,sens0.80,0.8003597122302158,0.8421842747232126,0.05224609375,M,473,9237,0.2959830866807611,0.7716701902748414,0.4756871035940803,0.6756756756756757,0.8593658180737458,0.7383198661061057,526,12680,0.30988593155893535,0.37072243346007605,0.060836501901140705,0.08815426997245181,0.8673763539018591,0.8035697302864193,0.8642067107742603,0.7188177038306114,-0.14538900694364887,0.6966966966966966,0.4394394394394394,0.8553877043694426,0.8755139114638111,0.06524986418031364,0.40094775681476535,0.008010535828113285,-0.013902844878174225,True,True,False,0.5875214057032239,False,False,False,False,False
nih_sex_pneumothorax,NIH sex / pneumothorax,phase3,phase3__nih_cxr14_unmatched__densenet121__pneumothorax__seed7__pr1.0,densenet121,7,1.0,pneumothorax,F,spec0.90,0.7086330935251799,0.899981234753237,0.09258423000574112,M,473,9237,0.39323467230443976,0.8520084566596194,0.4587737843551797,0.7560975609756098,0.8593658180737458,0.7383198661061057,526,12680,0.41064638783269963,0.4866920152091255,0.07604562737642584,0.1290322580645161,0.8673763539018591,0.8035697302864193,0.8642067107742603,0.7188177038306114,-0.14538900694364887,0.5975975975975976,0.34034034034034033,0.9132326226216656,0.9284348408069605,0.06524986418031364,0.36531644145049397,0.008010535828113285,-0.017411715528259875,True,True,False,0.6270653029110936,False,False,False,False,False
nih_sex_pneumothorax,NIH sex / pneumothorax,phase3,phase3__nih_cxr14_unmatched__densenet121__pneumothorax__seed42__pr0.10,densenet121,42,0.1,pneumothorax,F,t0.5,0.13489208633093525,0.9951210358416214,0.5,M,473,9237,0.9154334038054969,0.8224101479915433,-0.09302325581395354,-1.1000000000000012,0.8439692505280588,0.8465880746046435,526,12680,0.9277566539923955,0.8555133079847909,-0.07224334600760463,-1.0000000000000016,0.862713600679743,0.8543884064518026,0.8549233572419346,0.8513148390765755,-0.0036085181653591203,0.07807807807807808,0.16016016016016016,0.9969404340759155,0.9945023424801607,0.007800331847159114,-0.03310315999324753,0.018744350151684186,-0.012323250186898616,False,False,True,-0.09999999999999964,False,False,False,False,False
nih_sex_pneumothorax,NIH sex / pneumothorax,phase3,phase3__nih_cxr14_unmatched__densenet121__pneumothorax__seed42__pr0.10,densenet121,42,0.1,pneumothorax,F,youden_j,0.7859712230215827,0.852036029273785,0.03326416015625,M,473,9237,0.30021141649048627,0.24101479915433405,-0.059196617336152224,-0.08459214501510576,0.8439692505280588,0.8465880746046435,526,12680,0.32129277566539927,0.2813688212927757,-0.03992395437262358,-0.05882352941176472,0.862713600679743,0.8543884064518026,0.8549233572419346,0.8513148390765755,-0.0036085181653591203,0.6886886886886887,0.7377377377377378,0.8616502533703031,0.8012716320871976,0.007800331847159114,-0.040354022138441636,0.018744350151684186,-0.021081359174912995,False,False,True,-0.02576861560334104,False,False,False,False,False
nih_sex_pneumothorax,NIH sex / pneumothorax,phase3,phase3__nih_cxr14_unmatched__densenet121__pneumothorax__seed42__pr0.10,densenet121,42,0.1,pneumothorax,F,sens0.80,0.8003597122302158,0.8324263464064553,0.0287017822265625,M,473,9237,0.2748414376321353,0.22410147991543342,-0.050739957716701894,-0.06997084548104955,0.8439692505280588,0.8465880746046435,526,12680,0.30038022813688214,0.24714828897338403,-0.05323193916349811,-0.07608695652173915,0.862713600679743,0.8543884064518026,0.8549233572419346,0.8513148390765755,-0.0036085181653591203,0.7117117117117117,0.7637637637637638,0.8430538292379769,0.7755043503202983,0.007800331847159114,-0.023046809057950618,0.018744350151684186,-0.025538790504746833,False,False,True,0.006116111040689598,False,False,False,False,False
nih_sex_pneumothorax,NIH sex / pneumothorax,phase3,phase3__nih_cxr14_unmatched__densenet121__pneumothorax__seed42__pr0.10,densenet121,42,0.1,pneumothorax,F,spec0.90,0.6996402877697842,0.8996059298179772,0.053192138671875,M,473,9237,0.39112050739957716,0.3086680761099366,-0.08245243128964058,-0.13541666666666666,0.8439692505280588,0.8465880746046435,526,12680,0.4144486692015209,0.34980988593155893,-0.06463878326996197,-0.11038961038961038,0.862713600679743,0.8543884064518026,0.8549233572419346,0.8513148390765755,-0.0036085181653591203,0.5965965965965966,0.6696696696696697,0.913376039774357,0.8676259680657806,0.007800331847159114,-0.041141809821622355,0.018744350151684186,-0.023328161801943748,False,False,True,-0.025027056277056273,False,False,False,False,False
nih_sex_pneumothorax,NIH sex / pneumothorax,phase3,phase3__nih_cxr14_unmatched__densenet121__pneumothorax__seed42__pr0.5,densenet121,42,0.5,pneumothorax,F,t0.5,0.13489208633093525,0.9951210358416214,0.5,M,473,9237,0.9154334038054969,0.8731501057082452,-0.04228329809725162,-0.5000000000000007,0.8439692505280588,0.8450663776375196,526,12680,0.9277566539923955,0.7870722433460076,-0.14068441064638793,-1.947368421052634,0.862713600679743,0.844136965970927,0.8549233572419346,0.842097403838488,-0.01282595340344661,0.07807807807807808,0.17217217217217218,0.9969404340759155,0.9921120566019695,-0.00092941166659255,0.08607786236223769,0.018744350151684186,-0.012323250186898616,False,True,True,1.4473684210526334,False,False,False,False,False
nih_sex_pneumothorax,NIH sex / pneumothorax,phase3,phase3__nih_cxr14_unmatched__densenet121__pneumothorax__seed42__pr0.5,densenet121,42,0.5,pneumothorax,F,youden_j,0.7859712230215827,0.852036029273785,0.03326416015625,M,473,9237,0.30021141649048627,0.23255813953488372,-0.06765327695560255,-0.09667673716012087,0.8439692505280588,0.8450663776375196,526,12680,0.32129277566539927,0.20152091254752852,-0.11977186311787075,-0.17647058823529416,0.862713600679743,0.844136965970927,0.8549233572419346,0.842097403838488,-0.01282595340344661,0.6886886886886887,0.7837837837837838,0.8616502533703031,0.7276508270389138,-0.00092941166659255,0.0310372269873552,0.018744350151684186,-0.021081359174912995,False,True,True,0.07979385107517328,False,False,False,False,False
nih_sex_pneumothorax,NIH sex / pneumothorax,phase3,phase3__nih_cxr14_unmatched__densenet121__pneumothorax__seed42__pr0.5,densenet121,42,0.5,pneumothorax,F,sens0.80,0.8003597122302158,0.8324263464064553,0.0287017822265625,M,473,9237,0.2748414376321353,0.20718816067653276,-0.06765327695560255,-0.09329446064139944,0.8439692505280588,0.8450663776375196,526,12680,0.30038022813688214,0.16539923954372623,-0.1349809885931559,-0.19293478260869568,0.862713600679743,0.844136965970927,0.8549233572419346,0.842097403838488,-0.01282595340344661,0.7117117117117117,0.8148148148148148,0.8430538292379769,0.7018835452720146,-0.00092941166659255,0.04178892113280652,0.018744350151684186,-0.025538790504746833,False,True,True,0.09964032196729623,False,False,False,False,False
nih_sex_pneumothorax,NIH sex / pneumothorax,phase3,phase3__nih_cxr14_unmatched__densenet121__pneumothorax__seed42__pr0.5,densenet121,42,0.5,pneumothorax,F,spec0.90,0.6996402877697842,0.8996059298179772,0.053192138671875,M,473,9237,0.39112050739957716,0.3128964059196617,-0.07822410147991543,-0.1284722222222222,0.8439692505280588,0.8450663776375196,526,12680,0.4144486692015209,0.27566539923954375,-0.13878326996197715,-0.23701298701298695,0.862713600679743,0.844136965970927,0.8549233572419346,0.842097403838488,-0.01282595340344661,0.5965965965965966,0.7067067067067067,0.913376039774357,0.8035185008126972,-0.00092941166659255,0.03723100668011797,0.018744350151684186,-0.023328161801943748,False,True,True,0.10854076479076474,False,False,False,False,False
nih_sex_pneumothorax,NIH sex / pneumothorax,phase3,phase3__nih_cxr14_unmatched__densenet121__pneumothorax__seed42__pr0.75,densenet121,42,0.75,pneumothorax,F,t0.5,0.13489208633093525,0.9951210358416214,0.5,M,473,9237,0.9154334038054969,0.9429175475687104,0.02748414376321351,0.3249999999999999,0.8439692505280588,0.8091148393919774,526,12680,0.9277566539923955,0.8136882129277566,-0.11406844106463887,-1.5789473684210549,0.862713600679743,0.8405649362959886,0.8549233572419346,0.8227566413339432,-0.03216671590799136,0.07807807807807808,0.12512512512512514,0.9969404340759155,0.9931637823883737,0.03145009690401124,0.12922933464095376,0.018744350151684186,-0.012323250186898616,True,True,False,1.9039473684210548,False,False,False,False,False
nih_sex_pneumothorax,NIH sex / pneumothorax,phase3,phase3__nih_cxr14_unmatched__densenet121__pneumothorax__seed42__pr0.75,densenet121,42,0.75,pneumothorax,F,youden_j,0.7859712230215827,0.852036029273785,0.03326416015625,M,473,9237,0.30021141649048627,0.5560253699788583,0.25581395348837205,0.3655589123867069,0.8439692505280588,0.8091148393919774,526,12680,0.32129277566539927,0.39923954372623577,0.0779467680608365,0.11484593837535015,0.862713600679743,0.8405649362959886,0.8549233572419346,0.8227566413339432,-0.03216671590799136,0.6886886886886887,0.5265265265265265,0.8616502533703031,0.9095515823692514,0.03145009690401124,0.15678582625262255,0.018744350151684186,-0.021081359174912995,True,True,False,0.2507129740113567,False,False,False,False,False
nih_sex_pneumothorax,NIH sex / pneumothorax,phase3,phase3__nih_cxr14_unmatched__densenet121__pneumothorax__seed42__pr0.75,densenet121,42,0.75,pneumothorax,F,sens0.80,0.8003597122302158,0.8324263464064553,0.0287017822265625,M,473,9237,0.2748414376321353,0.5348837209302325,0.2600422832980972,0.35860058309037895,0.8439692505280588,0.8091148393919774,526,12680,0.30038022813688214,0.38022813688212925,0.07984790874524711,0.11413043478260865,0.862713600679743,0.8405649362959886,0.8549233572419346,0.8227566413339432,-0.03216671590799136,0.7117117117117117,0.5465465465465466,0.8430538292379769,0.8998948274213596,0.03145009690401124,0.15465558404810326,0.018744350151684186,-0.025538790504746833,True,True,False,0.2444701483077703,False,False,False,False,False
nih_sex_pneumothorax,NIH sex / pneumothorax,phase3,phase3__nih_cxr14_unmatched__densenet121__pneumothorax__seed42__pr0.75,densenet121,42,0.75,pneumothorax,F,spec0.90,0.6996402877697842,0.8996059298179772,0.053192138671875,M,473,9237,0.39112050739957716,0.6004228329809725,0.2093023255813954,0.34375000000000006,0.8439692505280588,0.8091148393919774,526,12680,0.4144486692015209,0.44866920152091255,0.03422053231939165,0.05844155844155847,0.862713600679743,0.8405649362959886,0.8549233572419346,0.8227566413339432,-0.03216671590799136,0.5965965965965966,0.4794794794794795,0.913376039774357,0.9346495840902572,0.03145009690401124,0.15175363146006,0.018744350151684186,-0.023328161801943748,True,True,False,0.2853084415584416,False,False,False,False,False
nih_sex_pneumothorax,NIH sex / pneumothorax,phase3,phase3__nih_cxr14_unmatched__densenet121__pneumothorax__seed42__pr0.9,densenet121,42,0.9,pneumothorax,F,t0.5,0.13489208633093525,0.9951210358416214,0.5,M,473,9237,0.9154334038054969,0.9957716701902748,0.08033826638477792,0.9499999999999994,0.8439692505280588,0.8057783475162179,526,12680,0.9277566539923955,0.9638783269961977,0.0361216730038022,0.4999999999999992,0.862713600679743,0.8377466993607386,0.8549233572419346,0.8026211027932034,-0.052302254448731156,0.07807807807807808,0.021021021021021023,0.9969404340759155,0.9990916913662874,0.03196835184452074,0.031893343194077106,0.018744350151684186,-0.012323250186898616,True,True,False,0.4500000000000002,False,False,False,False,False
nih_sex_pneumothorax,NIH sex / pneumothorax,phase3,phase3__nih_cxr14_unmatched__densenet121__pneumothorax__seed42__pr0.9,densenet121,42,0.9,pneumothorax,F,youden_j,0.7859712230215827,0.852036029273785,0.03326416015625,M,473,9237,0.30021141649048627,0.653276955602537,0.3530655391120507,0.5045317220543807,0.8439692505280588,0.8057783475162179,526,12680,0.32129277566539927,0.38593155893536124,0.06463878326996197,0.09523809523809523,0.862713600679743,0.8377466993607386,0.8549233572419346,0.8026211027932034,-0.052302254448731156,0.6886886886886887,0.4874874874874875,0.8616502533703031,0.9014246103834018,0.03196835184452074,0.2673453966671757,0.018744350151684186,-0.021081359174912995,True,True,False,0.40929362681628545,False,False,False,False,False
nih_sex_pneumothorax,NIH sex / pneumothorax,phase3,phase3__nih_cxr14_unmatched__densenet121__pneumothorax__seed42__pr0.9,densenet121,42,0.9,pneumothorax,F,sens0.80,0.8003597122302158,0.8324263464064553,0.0287017822265625,M,473,9237,0.2748414376321353,0.6109936575052854,0.33615221987315014,0.4635568513119534,0.8439692505280588,0.8057783475162179,526,12680,0.30038022813688214,0.3574144486692015,0.05703422053231938,0.08152173913043477,0.862713600679743,0.8377466993607386,0.8549233572419346,0.8026211027932034,-0.052302254448731156,0.7117117117117117,0.5225225225225225,0.8430538292379769,0.8845013863658093,0.03196835184452074,0.2535792088360839,0.018744350151684186,-0.025538790504746833,True,True,False,0.38203511218151864,False,False,False,False,False
nih_sex_pneumothorax,NIH sex / pneumothorax,phase3,phase3__nih_cxr14_unmatched__densenet121__pneumothorax__seed42__pr0.9,densenet121,42,0.9,pneumothorax,F,spec0.90,0.6996402877697842,0.8996059298179772,0.053192138671875,M,473,9237,0.39112050739957716,0.7547568710359408,0.36363636363636365,0.5972222222222222,0.8439692505280588,0.8057783475162179,526,12680,0.4144486692015209,0.49049429657794674,0.07604562737642584,0.12987012987012983,0.862713600679743,0.8377466993607386,0.8549233572419346,0.8026211027932034,-0.052302254448731156,0.5965965965965966,0.3843843843843844,0.913376039774357,0.9420594703126494,0.03196835184452074,0.26426257445799406,0.018744350151684186,-0.023328161801943748,True,True,False,0.4673520923520924,False,False,False,False,False
nih_sex_pneumothorax,NIH sex / pneumothorax,phase3,phase3__nih_cxr14_unmatched__densenet121__pneumothorax__seed42__pr1.0,densenet121,42,1.0,pneumothorax,F,t0.5,0.13489208633093525,0.9951210358416214,0.5,M,473,9237,0.9154334038054969,0.9915433403805497,0.07610993657505283,0.9000000000000001,0.8439692505280588,0.7883969158859567,526,12680,0.9277566539923955,0.9657794676806084,0.03802281368821292,0.5263157894736844,0.862713600679743,0.7861635156180099,0.8549233572419346,0.7570475389817583,-0.09787581826017633,0.07807807807807808,0.022022022022022022,0.9969404340759155,0.9992829142365427,-0.002233400267946828,0.025763872699941293,0.018744350151684186,-0.012323250186898616,True,True,False,0.37368421052631573,False,False,False,False,False
nih_sex_pneumothorax,NIH sex / pneumothorax,phase3,phase3__nih_cxr14_unmatched__densenet121__pneumothorax__seed42__pr1.0,densenet121,42,1.0,pneumothorax,F,youden_j,0.7859712230215827,0.852036029273785,0.03326416015625,M,473,9237,0.30021141649048627,0.6765327695560254,0.3763213530655391,0.5377643504531723,0.8439692505280588,0.7883969158859567,526,12680,0.32129277566539927,0.376425855513308,0.05513307984790872,0.08123249299719884,0.862713600679743,0.7861635156180099,0.8549233572419346,0.7570475389817583,-0.09787581826017633,0.6886886886886887,0.48148148148148145,0.8616502533703031,0.8649488478822067,-0.002233400267946828,0.3001069140427174,0.018744350151684186,-0.021081359174912995,True,True,False,0.45653185745597347,False,False,False,False,False
nih_sex_pneumothorax,NIH sex / pneumothorax,phase3,phase3__nih_cxr14_unmatched__densenet121__pneumothorax__seed42__pr1.0,densenet121,42,1.0,pneumothorax,F,sens0.80,0.8003597122302158,0.8324263464064553,0.0287017822265625,M,473,9237,0.2748414376321353,0.642706131078224,0.36786469344608874,0.5072886297376092,0.8439692505280588,0.7883969158859567,526,12680,0.30038022813688214,0.34220532319391633,0.04182509505703419,0.059782608695652134,0.862713600679743,0.7861635156180099,0.8549233572419346,0.7570475389817583,-0.09787581826017633,0.7117117117117117,0.5155155155155156,0.8430538292379769,0.8430060235204131,-0.002233400267946828,0.3005008078843077,0.018744350151684186,-0.025538790504746833,True,True,False,0.44750602104195714,False,False,False,False,False
nih_sex_pneumothorax,NIH sex / pneumothorax,phase3,phase3__nih_cxr14_unmatched__densenet121__pneumothorax__seed42__pr1.0,densenet121,42,1.0,pneumothorax,F,spec0.90,0.6996402877697842,0.8996059298179772,0.053192138671875,M,473,9237,0.39112050739957716,0.8118393234672304,0.42071881606765327,0.6909722222222222,0.8439692505280588,0.7883969158859567,526,12680,0.4144486692015209,0.5209125475285171,0.10646387832699622,0.18181818181818185,0.862713600679743,0.7861635156180099,0.8549233572419346,0.7570475389817583,-0.09787581826017633,0.5965965965965966,0.34134134134134136,0.913376039774357,0.9181088058131752,-0.002233400267946828,0.2909267759387133,0.018744350151684186,-0.023328161801943748,True,True,False,0.5091540404040403,False,False,False,False,False
nih_sex_pneumothorax,NIH sex / pneumothorax,phase3,phase3__nih_cxr14_unmatched__densenet121__pneumothorax__seed123__pr0.10,densenet121,123,0.1,pneumothorax,F,t0.5,0.20863309352517986,0.9887408519422031,0.5,M,473,9237,0.813953488372093,0.7780126849894292,-0.03594080338266381,-0.19318181818181798,0.8513444631748368,0.8619406171508854,526,12680,0.8688212927756654,0.7946768060836502,-0.07414448669201523,-0.5652173913043482,0.8612545057065504,0.8652095321698533,0.857235450384891,0.8644771073779584,0.007241656993067336,0.15715715715715717,0.2132132132132132,0.992542308060044,0.9893871307008318,0.003268915018967866,-0.016664121094220996,0.00991004253171357,-0.05486780440357242,False,True,True,0.3720355731225302,False,False,False,False,False
nih_sex_pneumothorax,NIH sex / pneumothorax,phase3,phase3__nih_cxr14_unmatched__densenet121__pneumothorax__seed123__pr0.10,densenet121,123,0.1,pneumothorax,F,youden_j,0.8129496402877698,0.8273597297804466,0.04534912109375,M,473,9237,0.2642706131078224,0.28752642706131076,0.023255813953488358,0.03160919540229883,0.8513444631748368,0.8619406171508854,526,12680,0.30988593155893535,0.344106463878327,0.03422053231939165,0.04958677685950415,0.8612545057065504,0.8652095321698533,0.857235450384891,0.8644771073779584,0.007241656993067336,0.7117117117117117,0.6826826826826827,0.8433406635433598,0.8708767568601204,0.003268915018967866,-0.05658003681701623,0.00991004253171357,-0.04561531845111294,False,False,True,-0.017977581457205315,False,False,False,False,False
nih_sex_pneumothorax,NIH sex / pneumothorax,phase3,phase3__nih_cxr14_unmatched__densenet121__pneumothorax__seed123__pr0.10,densenet121,123,0.1,pneumothorax,F,sens0.80,0.802158273381295,0.8321448677050103,0.04681396484375,M,473,9237,0.26849894291754756,0.28964059196617337,0.02114164904862581,0.028901734104046263,0.8513444631748368,0.8619406171508854,526,12680,0.311787072243346,0.3517110266159696,0.03992395437262358,0.05801104972375692,0.8612545057065504,0.8652095321698533,0.857235450384891,0.8644771073779584,0.007241656993067336,0.7087087087087087,0.6776776776776777,0.8474997609714122,0.8731714313031839,0.003268915018967866,-0.062070434649796224,0.00991004253171357,-0.04328812932579845,False,False,True,-0.029109315619710655,False,False,False,False,False
nih_sex_pneumothorax,NIH sex / pneumothorax,phase3,phase3__nih_cxr14_unmatched__densenet121__pneumothorax__seed123__pr0.10,densenet121,123,0.1,pneumothorax,F,spec0.90,0.6996402877697842,0.899793582285607,0.087890625,M,473,9237,0.3784355179704017,0.39323467230443976,0.014799154334038056,0.023809523809523815,0.8513444631748368,0.8619406171508854,526,12680,0.41064638783269963,0.4448669201520912,0.034220532319391594,0.058064516129032184,0.8612545057065504,0.8652095321698533,0.857235450384891,0.8644771073779584,0.007241656993067336,0.6046046046046046,0.5795795795795796,0.911511616789368,0.919495171622526,0.003268915018967866,-0.05163224784765147,0.00991004253171357,-0.03221086986229793,False,False,True,-0.03425499231950837,False,False,False,False,False
nih_sex_pneumothorax,NIH sex / pneumothorax,phase3,phase3__nih_cxr14_unmatched__densenet121__pneumothorax__seed123__pr0.5,densenet121,123,0.5,pneumothorax,F,t0.5,0.20863309352517986,0.9887408519422031,0.5,M,473,9237,0.813953488372093,0.919661733615222,0.10570824524312894,0.568181818181818,0.8513444631748368,0.8417298857617603,526,12680,0.8688212927756654,0.8079847908745247,-0.06083650190114076,-0.4637681159420297,0.8612545057065504,0.8583702591144944,0.857235450384891,0.8503425502182552,-0.006892900166635796,0.15715715715715717,0.13913913913913914,0.992542308060044,0.9942155081747777,0.01664037335273405,0.11167694274069728,0.00991004253171357,-0.05486780440357242,True,True,True,1.0319499341238476,True,True,True,True,True
nih_sex_pneumothorax,NIH sex / pneumothorax,phase3,phase3__nih_cxr14_unmatched__densenet121__pneumothorax__seed123__pr0.5,densenet121,123,0.5,pneumothorax,F,youden_j,0.8129496402877698,0.8273597297804466,0.04534912109375,M,473,9237,0.2642706131078224,0.39323467230443976,0.12896405919661735,0.17528735632183912,0.8513444631748368,0.8417298857617603,526,12680,0.30988593155893535,0.3403041825095057,0.03041825095057038,0.044077134986225945,0.8612545057065504,0.8583702591144944,0.857235450384891,0.8503425502182552,-0.006892900166635796,0.7117117117117117,0.6346346346346347,0.8433406635433598,0.8894253752748829,0.01664037335273405,0.05293048979493403,0.00991004253171357,-0.04561531845111294,False,True,True,0.13121022133561316,False,True,True,False,False
nih_sex_pneumothorax,NIH sex / pneumothorax,phase3,phase3__nih_cxr14_unmatched__densenet121__pneumothorax__seed123__pr0.5,densenet121,123,0.5,pneumothorax,F,sens0.80,0.802158273381295,0.8321448677050103,0.04681396484375,M,473,9237,0.26849894291754756,0.40169133192389006,0.1331923890063425,0.18208092485549132,0.8513444631748368,0.8417298857617603,526,12680,0.311787072243346,0.34220532319391633,0.030418250950570325,0.04419889502762429,0.8612545057065504,0.8583702591144944,0.857235450384891,0.8503425502182552,-0.006892900166635796,0.7087087087087087,0.6296296296296297,0.8474997609714122,0.8922459126111483,0.01664037335273405,0.05948600872997373,0.00991004253171357,-0.04328812932579845,False,True,True,0.13788202982786704,False,True,True,False,False
nih_sex_pneumothorax,NIH sex / pneumothorax,phase3,phase3__nih_cxr14_unmatched__densenet121__pneumothorax__seed123__pr0.5,densenet121,123,0.5,pneumothorax,F,spec0.90,0.6996402877697842,0.899793582285607,0.087890625,M,473,9237,0.3784355179704017,0.5200845665961945,0.1416490486257928,0.22789115646258504,0.8513444631748368,0.8417298857617603,526,12680,0.41064638783269963,0.44866920152091255,0.03802281368821292,0.06451612903225805,0.8612545057065504,0.8583702591144944,0.857235450384891,0.8503425502182552,-0.006892900166635796,0.6046046046046046,0.5175175175175175,0.911511616789368,0.9355578927239698,0.01664037335273405,0.07141536507528196,0.00991004253171357,-0.03221086986229793,True,True,True,0.163375027430327,True,True,True,True,False
nih_sex_pneumothorax,NIH sex / pneumothorax,phase3,phase3__nih_cxr14_unmatched__densenet121__pneumothorax__seed123__pr0.75,densenet121,123,0.75,pneumothorax,F,t0.5,0.20863309352517986,0.9887408519422031,0.5,M,473,9237,0.813953488372093,0.959830866807611,0.14587737843551796,0.7840909090909091,0.8513444631748368,0.8329595027900994,526,12680,0.8688212927756654,0.9239543726235742,0.05513307984790872,0.4202898550724637,0.8612545057065504,0.8357108019954312,0.857235450384891,0.8283745788048302,-0.028860871580060787,0.15715715715715717,0.05905905905905906,0.992542308060044,0.9963189597475858,0.002751299205331792,0.03587649418403682,0.00991004253171357,-0.05486780440357242,True,True,True,0.36380105401844537,True,True,True,True,True
nih_sex_pneumothorax,NIH sex / pneumothorax,phase3,phase3__nih_cxr14_unmatched__densenet121__pneumothorax__seed123__pr0.75,densenet121,123,0.75,pneumothorax,F,youden_j,0.8129496402877698,0.8273597297804466,0.04534912109375,M,473,9237,0.2642706131078224,0.427061310782241,0.16279069767441862,0.22126436781609196,0.8513444631748368,0.8329595027900994,526,12680,0.30988593155893535,0.3041825095057034,-0.005703422053231932,-0.008264462809917345,0.8612545057065504,0.8357108019954312,0.857235450384891,0.8283745788048302,-0.028860871580060787,0.7117117117117117,0.6376376376376376,0.8433406635433598,0.8499856582847308,0.002751299205331792,0.12287880127653761,0.00991004253171357,-0.04561531845111294,True,True,True,0.22952883062600932,True,True,True,True,False
nih_sex_pneumothorax,NIH sex / pneumothorax,phase3,phase3__nih_cxr14_unmatched__densenet121__pneumothorax__seed123__pr0.75,densenet121,123,0.75,pneumothorax,F,sens0.80,0.802158273381295,0.8321448677050103,0.04681396484375,M,473,9237,0.26849894291754756,0.42917547568710357,0.160676532769556,0.21965317919075142,0.8513444631748368,0.8329595027900994,526,12680,0.311787072243346,0.30988593155893535,-0.0019011406844106626,-0.002762430939226543,0.8612545057065504,0.8357108019954312,0.857235450384891,0.8283745788048302,-0.028860871580060787,0.7087087087087087,0.6336336336336337,0.8474997609714122,0.8540491442776557,0.002751299205331792,0.11928954412816822,0.00991004253171357,-0.04328812932579845,True,True,True,0.22241561012997796,True,True,True,True,False
nih_sex_pneumothorax,NIH sex / pneumothorax,phase3,phase3__nih_cxr14_unmatched__densenet121__pneumothorax__seed123__pr0.75,densenet121,123,0.75,pneumothorax,F,spec0.90,0.6996402877697842,0.899793582285607,0.087890625,M,473,9237,0.3784355179704017,0.572938689217759,0.19450317124735733,0.3129251700680273,0.8513444631748368,0.8329595027900994,526,12680,0.41064638783269963,0.47718631178707227,0.06653992395437264,0.11290322580645162,0.8612545057065504,0.8357108019954312,0.857235450384891,0.8283745788048302,-0.028860871580060787,0.6046046046046046,0.4774774774774775,0.911511616789368,0.9164356056984415,0.002751299205331792,0.09575237743068676,0.00991004253171357,-0.03221086986229793,True,True,True,0.20002194426157566,True,True,True,True,True
nih_sex_pneumothorax,NIH sex / pneumothorax,phase3,phase3__nih_cxr14_unmatched__densenet121__pneumothorax__seed123__pr0.9,densenet121,123,0.9,pneumothorax,F,t0.5,0.20863309352517986,0.9887408519422031,0.5,M,473,9237,0.813953488372093,0.9767441860465116,0.16279069767441856,0.8749999999999998,0.8513444631748368,0.8094206020593567,526,12680,0.8688212927756654,0.8155893536121673,-0.05323193916349811,-0.4057971014492756,0.8612545057065504,0.8514764733449252,0.857235450384891,0.8172250795589547,-0.04001037082593628,0.15715715715715717,0.10810810810810811,0.992542308060044,0.9939764795869586,0.042055871285568425,0.16115483243434425,0.00991004253171357,-0.05486780440357242,True,True,False,1.2807971014492754,False,False,False,False,False
nih_sex_pneumothorax,NIH sex / pneumothorax,phase3,phase3__nih_cxr14_unmatched__densenet121__pneumothorax__seed123__pr0.9,densenet121,123,0.9,pneumothorax,F,youden_j,0.8129496402877698,0.8273597297804466,0.04534912109375,M,473,9237,0.2642706131078224,0.6871035940803383,0.42283298097251587,0.5747126436781609,0.8513444631748368,0.8094206020593567,526,12680,0.30988593155893535,0.37832699619771865,0.0684410646387833,0.0991735537190083,0.8612545057065504,0.8514764733449252,0.857235450384891,0.8172250795589547,-0.04001037082593628,0.7117117117117117,0.4754754754754755,0.8433406635433598,0.9154316856296013,0.042055871285568425,0.30877659788261963,0.00991004253171357,-0.04561531845111294,True,True,False,0.4755390899591526,False,False,False,False,False
nih_sex_pneumothorax,NIH sex / pneumothorax,phase3,phase3__nih_cxr14_unmatched__densenet121__pneumothorax__seed123__pr0.9,densenet121,123,0.9,pneumothorax,F,sens0.80,0.802158273381295,0.8321448677050103,0.04681396484375,M,473,9237,0.26849894291754756,0.6892177589852009,0.4207188160676533,0.5751445086705202,0.8513444631748368,0.8094206020593567,526,12680,0.311787072243346,0.38022813688212925,0.06844106463878324,0.09944751381215466,0.8612545057065504,0.8514764733449252,0.857235450384891,0.8172250795589547,-0.04001037082593628,0.7087087087087087,0.47347347347347346,0.8474997609714122,0.9178219715077923,0.042055871285568425,0.3089896221030716,0.00991004253171357,-0.04328812932579845,True,True,False,0.4756969948583656,False,False,False,False,False
nih_sex_pneumothorax,NIH sex / pneumothorax,phase3,phase3__nih_cxr14_unmatched__densenet121__pneumothorax__seed123__pr0.9,densenet121,123,0.9,pneumothorax,F,spec0.90,0.6996402877697842,0.899793582285607,0.087890625,M,473,9237,0.3784355179704017,0.7906976744186046,0.4122621564482029,0.6632653061224489,0.8513444631748368,0.8094206020593567,526,12680,0.41064638783269963,0.4448669201520912,0.034220532319391594,0.058064516129032184,0.8612545057065504,0.8514764733449252,0.857235450384891,0.8172250795589547,-0.04001037082593628,0.6046046046046046,0.3913913913913914,0.911511616789368,0.9477005449851802,0.042055871285568425,0.3458307542665134,0.00991004253171357,-0.03221086986229793,True,True,False,0.6052007899934168,False,False,False,False,False
nih_sex_pneumothorax,NIH sex / pneumothorax,phase3,phase3__nih_cxr14_unmatched__densenet121__pneumothorax__seed123__pr1.0,densenet121,123,1.0,pneumothorax,F,t0.5,0.20863309352517986,0.9887408519422031,0.5,M,473,9237,0.813953488372093,0.9978858350951374,0.18393234672304437,0.9886363636363635,0.8513444631748368,0.7632978415447396,526,12680,0.8688212927756654,0.908745247148289,0.03992395437262353,0.30434782608695626,0.8612545057065504,0.8189047746567967,0.857235450384891,0.7575797663999213,-0.09965568398496971,0.15715715715715717,0.04904904904904905,0.992542308060044,0.9965579883354049,0.05560693311205711,0.08914058794684843,0.00991004253171357,-0.05486780440357242,True,True,False,0.6842885375494072,False,False,False,False,False
nih_sex_pneumothorax,NIH sex / pneumothorax,phase3,phase3__nih_cxr14_unmatched__densenet121__pneumothorax__seed123__pr1.0,densenet121,123,1.0,pneumothorax,F,youden_j,0.8129496402877698,0.8273597297804466,0.04534912109375,M,473,9237,0.2642706131078224,0.6913319238900634,0.42706131078224097,0.5804597701149424,0.8513444631748368,0.7632978415447396,526,12680,0.30988593155893535,0.30038022813688214,-0.009505703422053202,-0.013774104683195548,0.8612545057065504,0.8189047746567967,0.857235450384891,0.7575797663999213,-0.09965568398496971,0.7117117117117117,0.5145145145145145,0.8433406635433598,0.8415240462759346,0.05560693311205711,0.3909516957531812,0.00991004253171357,-0.04561531845111294,True,True,False,0.5942338747981379,False,False,False,False,False
nih_sex_pneumothorax,NIH sex / pneumothorax,phase3,phase3__nih_cxr14_unmatched__densenet121__pneumothorax__seed123__pr1.0,densenet121,123,1.0,pneumothorax,F,sens0.80,0.802158273381295,0.8321448677050103,0.04681396484375,M,473,9237,0.26849894291754756,0.6976744186046512,0.4291754756871036,0.5867052023121387,0.8513444631748368,0.7632978415447396,526,12680,0.311787072243346,0.30988593155893535,-0.0019011406844106626,-0.002762430939226543,0.8612545057065504,0.8189047746567967,0.857235450384891,0.7575797663999213,-0.09965568398496971,0.7087087087087087,0.5065065065065065,0.8474997609714122,0.8447748350702744,0.05560693311205711,0.38778848704571584,0.00991004253171357,-0.04328812932579845,True,True,False,0.5894676332513653,False,False,False,False,False
nih_sex_pneumothorax,NIH sex / pneumothorax,phase3,phase3__nih_cxr14_unmatched__densenet121__pneumothorax__seed123__pr1.0,densenet121,123,1.0,pneumothorax,F,spec0.90,0.6996402877697842,0.899793582285607,0.087890625,M,473,9237,0.3784355179704017,0.8054968287526427,0.427061310782241,0.6870748299319729,0.8513444631748368,0.7632978415447396,526,12680,0.41064638783269963,0.46387832699619774,0.05323193916349811,0.0903225806451613,0.8612545057065504,0.8189047746567967,0.857235450384891,0.7575797663999213,-0.09965568398496971,0.6046046046046046,0.3743743743743744,0.911511616789368,0.9063964050100392,0.05560693311205711,0.341618501756445,0.00991004253171357,-0.03221086986229793,True,True,False,0.5967522492868116,False,False,False,False,False
pcam_site,PCam site,phase5_pcam,phase5_pcam__unmatched__densenet121__seed7__pr0.0,densenet121,7,0.0,tumor_patch,UMCU,t0.5,0.7732163549081278,0.9695374200827379,0.5,RUMC,4935,7907,0.1325227963525836,0.1325227963525836,0.0,0.0,0.9810638229691235,0.9810638229691235,5482,10843,0.21488507843852608,0.21488507843852608,0.0,0.0,0.9473672328172288,0.9473672328172288,0.9638503654766523,0.9638503654766523,0.0,0.8241336277239129,0.8241336277239129,0.9764790591623665,0.9764790591623665,-0.033696590151894745,-0.08236228208594248,-0.033696590151894745,-0.08236228208594248,False,False,True,0.0,False,False,False,False,False
pcam_site,PCam site,phase5_pcam,phase5_pcam__unmatched__densenet121__seed7__pr0.0,densenet121,7,0.0,tumor_patch,UMCU,youden_j,0.8051647078298295,0.9562492164974301,0.35302734375,RUMC,4935,7907,0.10030395136778116,0.10030395136778116,0.0,0.0,0.9810638229691235,0.9810638229691235,5482,10843,0.18168551623495074,0.18168551623495074,0.0,0.0,0.9473672328172288,0.9473672328172288,0.9638503654766523,0.9638503654766523,0.0,0.8568685802054334,0.8568685802054334,0.9612384495379815,0.9612384495379815,-0.033696590151894745,-0.08138156486716959,-0.033696590151894745,-0.08138156486716959,False,False,True,0.0,False,False,False,False,False
pcam_site,PCam site,phase5_pcam,phase5_pcam__unmatched__densenet121__seed7__pr0.0,densenet121,7,0.0,tumor_patch,UMCU,sens0.80,0.8000331071014732,0.9601353892440767,0.38427734375,RUMC,4935,7907,0.10638297872340426,0.10638297872340426,0.0,0.0,0.9810638229691235,0.9810638229691235,5482,10843,0.19153593578985773,0.19153593578985773,0.0,0.0,0.9473672328172288,0.9473672328172288,0.9638503654766523,0.9638503654766523,0.0,0.8488048382451762,0.8488048382451762,0.9643585743429737,0.9643585743429737,-0.033696590151894745,-0.08515295706645347,-0.033696590151894745,-0.08515295706645347,False,False,True,0.0,False,False,False,False,False
pcam_site,PCam site,phase5_pcam,phase5_pcam__unmatched__densenet121__seed7__pr0.0,densenet121,7,0.0,tumor_patch,UMCU,spec0.90,0.8541632180102632,0.8999623918766454,0.13601073622703552,RUMC,4935,7907,0.052279635258358666,0.052279635258358666,0.0,0.0,0.9810638229691235,0.9810638229691235,5482,10843,0.12294782925939438,0.12294782925939438,0.0,0.0,0.9473672328172288,0.9473672328172288,0.9638503654766523,0.9638503654766523,0.0,0.9105308630123836,0.9105308630123836,0.9047161886475459,0.9047161886475459,-0.033696590151894745,-0.07066819400103572,-0.033696590151894745,-0.07066819400103572,False,False,True,0.0,False,False,False,False,False
pcam_site,PCam site,phase5_pcam,phase5_pcam__unmatched__densenet121__seed7__pr0.5,densenet121,7,0.5,tumor_patch,UMCU,t0.5,0.7732163549081278,0.9695374200827379,0.5,RUMC,4935,7907,0.1325227963525836,0.7396149949341438,0.6070921985815603,0.699836486802149,0.9810638229691235,0.9834762409302084,5482,10843,0.21488507843852608,0.14793870850054724,-0.06694636993797884,-0.08526951672862454,0.9473672328172288,0.9666416028689917,0.9638503654766523,0.9663430887816294,0.0024927233049771846,0.8241336277239129,0.5717577037534799,0.9764790591623665,0.9795991839673587,-0.016834638061216656,0.5916762864335966,-0.033696590151894745,-0.08236228208594248,True,True,True,0.7851060035307735,True,True,True,True,True
pcam_site,PCam site,phase5_pcam,phase5_pcam__unmatched__densenet121__seed7__pr0.5,densenet121,7,0.5,tumor_patch,UMCU,youden_j,0.8051647078298295,0.9562492164974301,0.35302734375,RUMC,4935,7907,0.10030395136778116,0.18115501519756838,0.08085106382978723,0.08986486486486485,0.9810638229691235,0.9834762409302084,5482,10843,0.18168551623495074,0.12623130244436337,-0.055454213790587376,-0.06776638430673206,0.9473672328172288,0.9666416028689917,0.9638503654766523,0.9663430887816294,0.0024927233049771846,0.8568685802054334,0.8477488720360948,0.9612384495379815,0.968798751950078,-0.016834638061216656,0.05492371275320501,-0.033696590151894745,-0.08138156486716959,False,True,True,0.1576312491715969,False,False,False,False,False
pcam_site,PCam site,phase5_pcam,phase5_pcam__unmatched__densenet121__seed7__pr0.5,densenet121,7,0.5,tumor_patch,UMCU,sens0.80,0.8000331071014732,0.9601353892440767,0.38427734375,RUMC,4935,7907,0.10638297872340426,0.20506585612968592,0.09868287740628166,0.11043083900226758,0.9810638229691235,0.9834762409302084,5482,10843,0.19153593578985773,0.13042685151404596,-0.06110908427581177,-0.07558664259927801,0.9473672328172288,0.9666416028689917,0.9638503654766523,0.9663430887816294,0.0024927233049771846,0.8488048382451762,0.8342133051742344,0.9643585743429737,0.9710788431537262,-0.016834638061216656,0.07463900461563996,-0.033696590151894745,-0.08515295706645347,False,True,True,0.18601748160154558,False,True,False,False,False
pcam_site,PCam site,phase5_pcam,phase5_pcam__unmatched__densenet121__seed7__pr0.5,densenet121,7,0.5,tumor_patch,UMCU,spec0.90,0.8541632180102632,0.8999623918766454,0.13601073622703552,RUMC,4935,7907,0.052279635258358666,0.08166160081053699,0.02938196555217832,0.03100277955954672,0.9810638229691235,0.9834762409302084,5482,10843,0.12294782925939438,0.0893834367019336,-0.03356439255746077,-0.03826955074875207,0.9473672328172288,0.9666416028689917,0.9638503654766523,0.9663430887816294,0.0024927233049771846,0.9105308630123836,0.9142747432082173,0.9047161886475459,0.9255970238809552,-0.016834638061216656,-0.0077218358913966195,-0.033696590151894745,-0.07066819400103572,False,True,True,0.06927233030829878,False,False,False,False,False
pcam_site,PCam site,phase5_pcam,phase5_pcam__unmatched__densenet121__seed7__pr0.75,densenet121,7,0.75,tumor_patch,UMCU,t0.5,0.7732163549081278,0.9695374200827379,0.5,RUMC,4935,7907,0.1325227963525836,1.0,0.8674772036474164,1.0,0.9810638229691235,0.976292100128044,5482,10843,0.21488507843852608,0.24133527909522073,0.02645020065669465,0.03368959107806693,0.9473672328172288,0.950344605100915,0.9638503654766523,0.9534480966451868,-0.010402268831465444,0.8241336277239129,0.39925122396083323,0.9764790591623665,0.984879395175807,-0.02594749502712901,0.7586647209047792,-0.033696590151894745,-0.08236228208594248,True,True,True,0.9663104089219331,True,True,True,True,True
pcam_site,PCam site,phase5_pcam,phase5_pcam__unmatched__densenet121__seed7__pr0.75,densenet121,7,0.75,tumor_patch,UMCU,youden_j,0.8051647078298295,0.9562492164974301,0.35302734375,RUMC,4935,7907,0.10030395136778116,1.0,0.8996960486322189,1.0,0.9810638229691235,0.976292100128044,5482,10843,0.18168551623495074,0.21816855162349508,0.03648303538854433,0.044583147570218466,0.9473672328172288,0.950344605100915,0.9638503654766523,0.9534480966451868,-0.010402268831465444,0.8568685802054334,0.41144283382931746,0.9612384495379815,0.9789991599663986,-0.02594749502712901,0.781831448376505,-0.033696590151894745,-0.08138156486716959,True,True,True,0.9554168524297816,True,True,True,True,True
pcam_site,PCam site,phase5_pcam,phase5_pcam__unmatched__densenet121__seed7__pr0.75,densenet121,7,0.75,tumor_patch,UMCU,sens0.80,0.8000331071014732,0.9601353892440767,0.38427734375,RUMC,4935,7907,0.10638297872340426,1.0,0.8936170212765957,1.0,0.9810638229691235,0.976292100128044,5482,10843,0.19153593578985773,0.22163443998540677,0.030098504195549047,0.03722924187725629,0.9473672328172288,0.950344605100915,0.9638503654766523,0.9534480966451868,-0.010402268831465444,0.8488048382451762,0.4096188921954497,0.9643585743429737,0.9803192127685108,-0.02594749502712901,0.7783655600145932,-0.033696590151894745,-0.08515295706645347,True,True,True,0.9627707581227437,True,True,True,True,True
pcam_site,PCam site,phase5_pcam,phase5_pcam__unmatched__densenet121__seed7__pr0.75,densenet121,7,0.75,tumor_patch,UMCU,spec0.90,0.8541632180102632,0.8999623918766454,0.13601073622703552,RUMC,4935,7907,0.052279635258358666,0.13495440729483282,0.08267477203647416,0.08723540731237973,0.9810638229691235,0.976292100128044,5482,10843,0.12294782925939438,0.15815395840933966,0.03520612914994528,0.04014143094841931,0.9473672328172288,0.950344605100915,0.9638503654766523,0.9534480966451868,-0.010402268831465444,0.9105308630123836,0.8528367092253047,0.9047161886475459,0.9469578783151326,-0.02594749502712901,-0.023199551114506833,-0.033696590151894745,-0.07066819400103572,False,False,True,0.04709397636396043,False,False,False,False,False
pcam_site,PCam site,phase5_pcam,phase5_pcam__unmatched__densenet121__seed7__pr1.0,densenet121,7,1.0,tumor_patch,UMCU,t0.5,0.7732163549081278,0.9695374200827379,0.5,RUMC,4935,7907,0.1325227963525836,1.0,0.8674772036474164,1.0,0.9810638229691235,0.602296407810282,5482,10843,0.21488507843852608,0.28402043049981757,0.06913535206129148,0.08805762081784385,0.9473672328172288,0.9459422269595953,0.9638503654766523,0.6421032342877665,-0.32174713118888576,0.8241336277239129,0.37678794278583083,0.9764790591623665,0.9854794191767671,0.34364581914931325,0.7159795695001825,-0.033696590151894745,-0.08236228208594248,True,True,False,0.9119423791821561,False,False,False,False,False
pcam_site,PCam site,phase5_pcam,phase5_pcam__unmatched__densenet121__seed7__pr1.0,densenet121,7,1.0,tumor_patch,UMCU,youden_j,0.8051647078298295,0.9562492164974301,0.35302734375,RUMC,4935,7907,0.10030395136778116,1.0,0.8996960486322189,1.0,0.9810638229691235,0.602296407810282,5482,10843,0.18168551623495074,0.25757022984312294,0.0758847136081722,0.0927329469460544,0.9473672328172288,0.9459422269595953,0.9638503654766523,0.6421032342877665,-0.32174713118888576,0.8568685802054334,0.3907074973600845,0.9612384495379815,0.9816392655706229,0.34364581914931325,0.7424297701568771,-0.033696590151894745,-0.08138156486716959,True,True,False,0.9072670530539456,False,False,False,False,False
pcam_site,PCam site,phase5_pcam,phase5_pcam__unmatched__densenet121__seed7__pr1.0,densenet121,7,1.0,tumor_patch,UMCU,sens0.80,0.8000331071014732,0.9601353892440767,0.38427734375,RUMC,4935,7907,0.10638297872340426,1.0,0.8936170212765957,1.0,0.9810638229691235,0.602296407810282,5482,10843,0.19153593578985773,0.26413717621306093,0.0726012404232032,0.0898014440433213,0.9473672328172288,0.9459422269595953,0.9638503654766523,0.6421032342877665,-0.32174713118888576,0.8488048382451762,0.38725160794854563,0.9643585743429737,0.9825993039721589,0.34364581914931325,0.7358628237869391,-0.033696590151894745,-0.08515295706645347,True,True,False,0.9101985559566788,False,False,False,False,False
pcam_site,PCam site,phase5_pcam,phase5_pcam__unmatched__densenet121__seed7__pr1.0,densenet121,7,1.0,tumor_patch,UMCU,spec0.90,0.8541632180102632,0.8999623918766454,0.13601073622703552,RUMC,4935,7907,0.052279635258358666,1.0,0.9477203647416413,1.0,0.9810638229691235,0.602296407810282,5482,10843,0.12294782925939438,0.18697555636628968,0.0640277271068953,0.07300332778702165,0.9473672328172288,0.9459422269595953,0.9638503654766523,0.6421032342877665,-0.32174713118888576,0.9105308630123836,0.42785830853412693,0.9047161886475459,0.9648385935437418,0.34364581914931325,0.8130244436337103,-0.033696590151894745,-0.07066819400103572,True,True,False,0.9269966722129783,False,False,False,False,False
pcam_site,PCam site,phase5_pcam,phase5_pcam__unmatched__densenet121__seed42__pr0.0,densenet121,42,0.0,tumor_patch,UMCU,t0.5,0.7674226121503063,0.9720446283063808,0.5,RUMC,4935,7907,0.09037487335359676,0.09037487335359676,0.0,0.0,0.9802385588696119,0.9802385588696119,5482,10843,0.20850054724553083,0.20850054724553083,0.0,0.0,0.945378495669911,0.945378495669911,0.9621218159660436,0.9621218159660436,0.0,0.8474608812518,0.8474608812518,0.9678387135485419,0.9678387135485419,-0.03486006319970092,-0.11812567389193407,-0.03486006319970092,-0.11812567389193407,False,False,True,0.0,False,False,False,False,False
pcam_site,PCam site,phase5_pcam,phase5_pcam__unmatched__densenet121__seed42__pr0.0,densenet121,42,0.0,tumor_patch,UMCU,youden_j,0.8091375600066214,0.9491036730600476,0.26806640625,RUMC,4935,7907,0.06707193515704155,0.06707193515704155,0.0,0.0,0.9802385588696119,0.9802385588696119,5482,10843,0.15797154323239693,0.15797154323239693,0.0,0.0,0.945378495669911,0.945378495669911,0.9621218159660436,0.9621218159660436,0.0,0.8850916770663338,0.8850916770663338,0.9407176287051482,0.9407176287051482,-0.03486006319970092,-0.09089960807535538,-0.03486006319970092,-0.09089960807535538,False,False,True,0.0,False,False,False,False,False
pcam_site,PCam site,phase5_pcam,phase5_pcam__unmatched__densenet121__seed42__pr0.0,densenet121,42,0.0,tumor_patch,UMCU,sens0.80,0.8000331071014732,0.9557477748527016,0.323486328125,RUMC,4935,7907,0.0729483282674772,0.0729483282674772,0.0,0.0,0.9802385588696119,0.9802385588696119,5482,10843,0.1692812842028457,0.1692812842028457,0.0,0.0,0.945378495669911,0.945378495669911,0.9621218159660436,0.9621218159660436,0.0,0.8763559566093885,0.8763559566093885,0.9513980559222369,0.9513980559222369,-0.03486006319970092,-0.09633295593536849,-0.03486006319970092,-0.09633295593536849,False,False,True,0.0,False,False,False,False,False
pcam_site,PCam site,phase5_pcam,phase5_pcam__unmatched__densenet121__seed42__pr0.0,densenet121,42,0.0,tumor_patch,UMCU,spec0.90,0.850024830326105,0.8998370314654632,0.11102294921875,RUMC,4935,7907,0.044579533941236066,0.044579533941236066,0.0,0.0,0.9802385588696119,0.9802385588696119,5482,10843,0.1147391462969719,0.1147391462969719,0.0,0.0,0.945378495669911,0.945378495669911,0.9621218159660436,0.9621218159660436,0.0,0.9184986080445425,0.9184986080445425,0.8858754350174007,0.8858754350174007,-0.03486006319970092,-0.07015961235573584,-0.03486006319970092,-0.07015961235573584,False,False,True,0.0,False,False,False,False,False
pcam_site,PCam site,phase5_pcam,phase5_pcam__unmatched__densenet121__seed42__pr0.5,densenet121,42,0.5,tumor_patch,UMCU,t0.5,0.7674226121503063,0.9720446283063808,0.5,RUMC,4935,7907,0.09037487335359676,0.8162107396149949,0.7258358662613982,0.7979505457785698,0.9802385588696119,0.9778747540366622,5482,10843,0.20850054724553083,0.30682232761765776,0.09832178037212694,0.12422217100714447,0.945378495669911,0.9210875551337199,0.9621218159660436,0.9420360859744941,-0.02008572999154956,0.8474608812518,0.45185754055870214,0.9678387135485419,0.9816392655706229,-0.05678719890294237,0.5093884119973371,-0.03486006319970092,-0.11812567389193407,True,True,True,0.6737283747714253,True,True,True,True,True
pcam_site,PCam site,phase5_pcam,phase5_pcam__unmatched__densenet121__seed42__pr0.5,densenet121,42,0.5,tumor_patch,UMCU,youden_j,0.8091375600066214,0.9491036730600476,0.26806640625,RUMC,4935,7907,0.06707193515704155,0.20081053698074974,0.1337386018237082,0.14335360556038226,0.9802385588696119,0.9778747540366622,5482,10843,0.15797154323239693,0.23403867201751186,0.07606712878511493,0.09033795493934144,0.945378495669911,0.9210875551337199,0.9621218159660436,0.9420360859744941,-0.02008572999154956,0.8850916770663338,0.7817029855044638,0.9407176287051482,0.953318132725309,-0.05678719890294237,-0.03322813503676211,-0.03486006319970092,-0.09089960807535538,False,True,True,0.05301565062104083,False,True,False,False,False
pcam_site,PCam site,phase5_pcam,phase5_pcam__unmatched__densenet121__seed42__pr0.5,densenet121,42,0.5,tumor_patch,UMCU,sens0.80,0.8000331071014732,0.9557477748527016,0.323486328125,RUMC,4935,7907,0.0729483282674772,0.2571428571428571,0.1841945288753799,0.1986885245901639,0.9802385588696119,0.9778747540366622,5482,10843,0.1692812842028457,0.25592849325063843,0.08664720904779274,0.10430390865173471,0.945378495669911,0.9210875551337199,0.9621218159660436,0.9420360859744941,-0.02008572999154956,0.8763559566093885,0.7434962081213401,0.9513980559222369,0.9636385455418217,-0.05678719890294237,0.001214363892218684,-0.03486006319970092,-0.09633295593536849,False,True,True,0.09438461593842919,False,True,True,False,False
pcam_site,PCam site,phase5_pcam,phase5_pcam__unmatched__densenet121__seed42__pr0.5,densenet121,42,0.5,tumor_patch,UMCU,spec0.90,0.850024830326105,0.8998370314654632,0.11102294921875,RUMC,4935,7907,0.044579533941236066,0.08105369807497467,0.03647416413373861,0.03817603393425239,0.9802385588696119,0.9778747540366622,5482,10843,0.1147391462969719,0.17402407880335644,0.05928493250638453,0.06696888522563363,0.945378495669911,0.9210875551337199,0.9621218159660436,0.9420360859744941,-0.02008572999154956,0.9184986080445425,0.8700201593549006,0.8858754350174007,0.890675627025081,-0.05678719890294237,-0.09297038072838176,-0.03486006319970092,-0.07015961235573584,False,False,True,-0.02879285129138124,False,False,False,False,False
pcam_site,PCam site,phase5_pcam,phase5_pcam__unmatched__densenet121__seed42__pr0.75,densenet121,42,0.75,tumor_patch,UMCU,t0.5,0.7674226121503063,0.9720446283063808,0.5,RUMC,4935,7907,0.09037487335359676,1.0,0.9096251266464033,1.0,0.9802385588696119,0.9786003032695566,5482,10843,0.20850054724553083,0.22218168551623496,0.013681138270704135,0.017285088730122165,0.945378495669911,0.9354097155119456,0.9621218159660436,0.9325381501388499,-0.02958366582719374,0.8474608812518,0.40933090141115486,0.9678387135485419,0.9678387135485419,-0.043190587757610976,0.777818314483765,-0.03486006319970092,-0.11812567389193407,True,True,True,0.9827149112698779,True,True,True,True,True
pcam_site,PCam site,phase5_pcam,phase5_pcam__unmatched__densenet121__seed42__pr0.75,densenet121,42,0.75,tumor_patch,UMCU,youden_j,0.8091375600066214,0.9491036730600476,0.26806640625,RUMC,4935,7907,0.06707193515704155,0.9663627152988855,0.8992907801418439,0.9639443961772372,0.9802385588696119,0.9786003032695566,5482,10843,0.15797154323239693,0.17840204304998175,0.020430499817584824,0.024263431542461005,0.945378495669911,0.9354097155119456,0.9621218159660436,0.9325381501388499,-0.02958366582719374,0.8850916770663338,0.448305654219065,0.9407176287051482,0.9429977199087963,-0.043190587757610976,0.7879606722489038,-0.03486006319970092,-0.09089960807535538,True,True,True,0.9396809646347761,True,True,True,True,True
pcam_site,PCam site,phase5_pcam,phase5_pcam__unmatched__densenet121__seed42__pr0.75,densenet121,42,0.75,tumor_patch,UMCU,sens0.80,0.8000331071014732,0.9557477748527016,0.323486328125,RUMC,4935,7907,0.0729483282674772,0.9949341438703141,0.9219858156028369,0.994535519125683,0.9802385588696119,0.9786003032695566,5482,10843,0.1692812842028457,0.1873403867201751,0.018059102517329423,0.021739130434782587,0.945378495669911,0.9354097155119456,0.9621218159660436,0.9325381501388499,-0.02958366582719374,0.8763559566093885,0.43006623788038784,0.9513980559222369,0.9511580463218529,-0.043190587757610976,0.807593757150139,-0.03486006319970092,-0.09633295593536849,True,True,True,0.9727963886909005,True,True,True,True,True
pcam_site,PCam site,phase5_pcam,phase5_pcam__unmatched__densenet121__seed42__pr0.75,densenet121,42,0.75,tumor_patch,UMCU,spec0.90,0.850024830326105,0.8998370314654632,0.11102294921875,RUMC,4935,7907,0.044579533941236066,0.057750759878419454,0.013171225937183388,0.013785790031813365,0.9802385588696119,0.9786003032695566,5482,10843,0.1147391462969719,0.13881794965341115,0.02407880335643925,0.027199670307026573,0.945378495669911,0.9354097155119456,0.9621218159660436,0.9325381501388499,-0.02958366582719374,0.9184986080445425,0.8995872132091773,0.8858754350174007,0.8714748589943597,-0.043190587757610976,-0.0810671897749917,-0.03486006319970092,-0.07015961235573584,False,False,True,-0.013413880275213208,False,False,False,False,False
pcam_site,PCam site,phase5_pcam,phase5_pcam__unmatched__densenet121__seed42__pr1.0,densenet121,42,1.0,tumor_patch,UMCU,t0.5,0.7674226121503063,0.9720446283063808,0.5,RUMC,4935,7907,0.09037487335359676,1.0,0.9096251266464033,1.0,0.9802385588696119,0.6825930228911244,5482,10843,0.20850054724553083,0.23257935060197008,0.02407880335643925,0.03042175616501497,0.945378495669911,0.9532431383685638,0.9621218159660436,0.6655921780693825,-0.2965296378966611,0.8474608812518,0.4038590765095517,0.9678387135485419,0.9861994479779191,0.27065011547743933,0.7674206493980299,-0.03486006319970092,-0.11812567389193407,True,True,False,0.969578243834985,False,False,False,False,False
pcam_site,PCam site,phase5_pcam,phase5_pcam__unmatched__densenet121__seed42__pr1.0,densenet121,42,1.0,tumor_patch,UMCU,youden_j,0.8091375600066214,0.9491036730600476,0.26806640625,RUMC,4935,7907,0.06707193515704155,1.0,0.9329280648429584,1.0,0.9802385588696119,0.6825930228911244,5482,10843,0.15797154323239693,0.19098869025902956,0.03301714702663264,0.03921143847487004,0.945378495669911,0.9532431383685638,0.9621218159660436,0.6655921780693825,-0.2965296378966611,0.8850916770663338,0.4257463761159643,0.9407176287051482,0.9776791071642865,0.27065011547743933,0.8090113097409705,-0.03486006319970092,-0.09089960807535538,True,True,False,0.9607885615251299,False,False,False,False,False
pcam_site,PCam site,phase5_pcam,phase5_pcam__unmatched__densenet121__seed42__pr1.0,densenet121,42,1.0,tumor_patch,UMCU,sens0.80,0.8000331071014732,0.9557477748527016,0.323486328125,RUMC,4935,7907,0.0729483282674772,1.0,0.9270516717325228,1.0,0.9802385588696119,0.6825930228911244,5482,10843,0.1692812842028457,0.19937978839839474,0.030098504195549047,0.03623188405797099,0.945378495669911,0.9532431383685638,0.9621218159660436,0.6655921780693825,-0.2965296378966611,0.8763559566093885,0.42133051742344246,0.9513980559222369,0.9807992319692788,0.27065011547743933,0.8006202116016052,-0.03486006319970092,-0.09633295593536849,True,True,False,0.963768115942029,False,False,False,False,False
pcam_site,PCam site,phase5_pcam,phase5_pcam__unmatched__densenet121__seed42__pr1.0,densenet121,42,1.0,tumor_patch,UMCU,spec0.90,0.850024830326105,0.8998370314654632,0.11102294921875,RUMC,4935,7907,0.044579533941236066,1.0,0.955420466058764,1.0,0.9802385588696119,0.6825930228911244,5482,10843,0.1147391462969719,0.15632980663991244,0.04159066034294054,0.04698124871213683,0.945378495669911,0.9532431383685638,0.9621218159660436,0.6655921780693825,-0.2965296378966611,0.9184986080445425,0.4439857924546414,0.8858754350174007,0.9645985839433577,0.27065011547743933,0.8436701933600875,-0.03486006319970092,-0.07015961235573584,True,True,False,0.9530187512878632,False,False,False,False,False
pcam_site,PCam site,phase5_pcam,phase5_pcam__unmatched__densenet121__seed123__pr0.0,densenet121,123,0.0,tumor_patch,UMCU,t0.5,0.7660983280913756,0.9737996740629309,0.5,RUMC,4935,7907,0.1254305977710233,0.1254305977710233,0.0,0.0,0.9710087803627507,0.9710087803627507,5482,10843,0.17986136446552353,0.17986136446552353,0.0,0.0,0.9645519095884917,0.9645519095884917,0.9670325374981017,0.9670325374981017,0.0,0.8459249304022272,0.8459249304022272,0.9735989439577583,0.9735989439577583,-0.006456870774259049,-0.05443076669450023,-0.006456870774259049,-0.05443076669450023,False,False,True,0.0,False,False,False,False,False
pcam_site,PCam site,phase5_pcam,phase5_pcam__unmatched__densenet121__seed123__pr0.0,densenet121,123,0.0,tumor_patch,UMCU,youden_j,0.8235391491474922,0.9422088504450294,0.1864013671875,RUMC,4935,7907,0.08449848024316109,0.08449848024316109,0.0,0.0,0.9710087803627507,0.9710087803627507,5482,10843,0.11236774899671653,0.11236774899671653,0.0,0.0,0.9645519095884917,0.9645519095884917,0.9670325374981017,0.9670325374981017,0.0,0.9008351732744552,0.9008351732744552,0.9347173886955478,0.9347173886955478,-0.006456870774259049,-0.027869268753555443,-0.006456870774259049,-0.027869268753555443,False,False,True,0.0,False,False,False,False,False
pcam_site,PCam site,phase5_pcam,phase5_pcam__unmatched__densenet121__seed123__pr0.0,densenet121,123,0.0,tumor_patch,UMCU,sens0.80,0.8000331071014732,0.957878901842798,0.291015625,RUMC,4935,7907,0.09807497467071935,0.09807497467071935,0.0,0.0,0.9710087803627507,0.9710087803627507,5482,10843,0.1408245165997811,0.1408245165997811,0.0,0.0,0.9645519095884917,0.9645519095884917,0.9670325374981017,0.9670325374981017,0.0,0.8794278583085341,0.8794278583085341,0.953318132725309,0.953318132725309,-0.006456870774259049,-0.042749541929061746,-0.006456870774259049,-0.042749541929061746,False,False,True,0.0,False,False,False,False,False
pcam_site,PCam site,phase5_pcam,phase5_pcam__unmatched__densenet121__seed123__pr0.0,densenet121,123,0.0,tumor_patch,UMCU,spec0.90,0.8477073332229763,0.8999623918766454,0.07939453423023224,RUMC,4935,7907,0.06747720364741641,0.06747720364741641,0.0,0.0,0.9710087803627507,0.9710087803627507,5482,10843,0.07606712878511492,0.07606712878511492,0.0,0.0,0.9645519095884917,0.9645519095884917,0.9670325374981017,0.9670325374981017,0.0,0.9280023039262744,0.9280023039262744,0.8849153966158646,0.8849153966158646,-0.006456870774259049,-0.008589925137698504,-0.006456870774259049,-0.008589925137698504,False,False,True,0.0,False,False,False,False,False
pcam_site,PCam site,phase5_pcam,phase5_pcam__unmatched__densenet121__seed123__pr0.5,densenet121,123,0.5,tumor_patch,UMCU,t0.5,0.7660983280913756,0.9737996740629309,0.5,RUMC,4935,7907,0.1254305977710233,0.8066869300911854,0.6812563323201621,0.7789620018535681,0.9710087803627507,0.9798676536563481,5482,10843,0.17986136446552353,0.24388909157241884,0.0640277271068953,0.07806939501779361,0.9645519095884917,0.9535169993183163,0.9670325374981017,0.9617700038710966,-0.005262533627005128,0.8459249304022272,0.4894883363732361,0.9735989439577583,0.9872794911796472,-0.026350654338031743,0.5627978385187666,-0.006456870774259049,-0.05443076669450023,True,True,True,0.7008926068357745,True,True,True,True,True
pcam_site,PCam site,phase5_pcam,phase5_pcam__unmatched__densenet121__seed123__pr0.5,densenet121,123,0.5,tumor_patch,UMCU,youden_j,0.8235391491474922,0.9422088504450294,0.1864013671875,RUMC,4935,7907,0.08449848024316109,0.08085106382978724,-0.0036474164133738496,-0.003984063745019909,0.9710087803627507,0.9798676536563481,5482,10843,0.11236774899671653,0.15742429770156877,0.045056548704852234,0.050760378133990945,0.9645519095884917,0.9535169993183163,0.9670325374981017,0.9617700038710966,-0.005262533627005128,0.9008351732744552,0.8788518767399444,0.9347173886955478,0.9443177727109084,-0.026350654338031743,-0.07657323387178153,-0.006456870774259049,-0.027869268753555443,False,False,True,-0.054744441879010855,False,False,False,False,False
pcam_site,PCam site,phase5_pcam,phase5_pcam__unmatched__densenet121__seed123__pr0.5,densenet121,123,0.5,tumor_patch,UMCU,sens0.80,0.8000331071014732,0.957878901842798,0.291015625,RUMC,4935,7907,0.09807497467071935,0.12198581560283688,0.023910840932117525,0.026510896427769038,0.9710087803627507,0.9798676536563481,5482,10843,0.1408245165997811,0.18661072601240422,0.045786209412623124,0.05329087048832271,0.9645519095884917,0.9535169993183163,0.9670325374981017,0.9617700038710966,-0.005262533627005128,0.8794278583085341,0.8440049918402611,0.953318132725309,0.9671186847473899,-0.026350654338031743,-0.06462491040956735,-0.006456870774259049,-0.042749541929061746,False,False,True,-0.026779974060553675,False,False,False,False,False
pcam_site,PCam site,phase5_pcam,phase5_pcam__unmatched__densenet121__seed123__pr0.5,densenet121,123,0.5,tumor_patch,UMCU,spec0.90,0.8477073332229763,0.8999623918766454,0.07939453423023224,RUMC,4935,7907,0.06747720364741641,0.04701114488348531,-0.0204660587639311,-0.021946979574098215,0.9710087803627507,0.9798676536563481,5482,10843,0.07606712878511492,0.11400948558920102,0.0379423568040861,0.04106614017769003,0.9645519095884917,0.9535169993183163,0.9670325374981017,0.9617700038710966,-0.005262533627005128,0.9280023039262744,0.9177306326197562,0.8849153966158646,0.8957158286331454,-0.026350654338031743,-0.0669983407057157,-0.006456870774259049,-0.008589925137698504,False,False,True,-0.06301311975178825,False,False,False,False,False
pcam_site,PCam site,phase5_pcam,phase5_pcam__unmatched__densenet121__seed123__pr0.75,densenet121,123,0.75,tumor_patch,UMCU,t0.5,0.7660983280913756,0.9737996740629309,0.5,RUMC,4935,7907,0.1254305977710233,0.9997973657548126,0.8743667679837893,0.9997683039851715,0.9710087803627507,0.9734011871694068,5482,10843,0.17986136446552353,0.30901130974097046,0.12914994527544693,0.15747330960854095,0.9645519095884917,0.9138031975362757,0.9670325374981017,0.927125158347987,-0.039907379150114664,0.8459249304022272,0.36373236056446195,0.9735989439577583,0.9729989199567983,-0.05959798963313112,0.6907860560138421,-0.006456870774259049,-0.05443076669450023,True,True,False,0.8422949943766305,False,False,False,False,False
pcam_site,PCam site,phase5_pcam,phase5_pcam__unmatched__densenet121__seed123__pr0.75,densenet121,123,0.75,tumor_patch,UMCU,youden_j,0.8235391491474922,0.9422088504450294,0.1864013671875,RUMC,4935,7907,0.08449848024316109,0.25775075987841944,0.17325227963525835,0.1892430278884462,0.9710087803627507,0.9734011871694068,5482,10843,0.11236774899671653,0.23586282378693907,0.12349507479022254,0.1391286477599671,0.9645519095884917,0.9138031975362757,0.9670325374981017,0.927125158347987,-0.039907379150114664,0.9008351732744552,0.7537678794278583,0.9347173886955478,0.9441977679107164,-0.05959798963313112,0.021887936091480376,-0.006456870774259049,-0.027869268753555443,False,True,False,0.0501143801284791,False,False,False,False,False
pcam_site,PCam site,phase5_pcam,phase5_pcam__unmatched__densenet121__seed123__pr0.75,densenet121,123,0.75,tumor_patch,UMCU,sens0.80,0.8000331071014732,0.957878901842798,0.291015625,RUMC,4935,7907,0.09807497467071935,0.9691995947315096,0.8711246200607903,0.9658503707032128,0.9710087803627507,0.9734011871694068,5482,10843,0.1408245165997811,0.2593943816125502,0.11856986501276909,0.1380042462845011,0.9645519095884917,0.9138031975362757,0.9670325374981017,0.927125158347987,-0.039907379150114664,0.8794278583085341,0.4043390611500432,0.953318132725309,0.9595583823352934,-0.05959798963313112,0.7098052131189594,-0.006456870774259049,-0.042749541929061746,True,True,False,0.8278461244187116,False,False,False,False,False
pcam_site,PCam site,phase5_pcam,phase5_pcam__unmatched__densenet121__seed123__pr0.75,densenet121,123,0.75,tumor_patch,UMCU,spec0.90,0.8477073332229763,0.8999623918766454,0.07939453423023224,RUMC,4935,7907,0.06747720364741641,0.10314083080040527,0.03566362715298886,0.03824424163407215,0.9710087803627507,0.9734011871694068,5482,10843,0.07606712878511492,0.18861729295877416,0.11255016417365925,0.12181638696939782,0.9645519095884917,0.9138031975362757,0.9670325374981017,0.927125158347987,-0.039907379150114664,0.9280023039262744,0.8518767399443218,0.8849153966158646,0.8947557902316092,-0.05959798963313112,-0.08547646215836889,-0.006456870774259049,-0.008589925137698504,False,False,False,-0.08357214533532567,False,False,False,False,False
pcam_site,PCam site,phase5_pcam,phase5_pcam__unmatched__densenet121__seed123__pr1.0,densenet121,123,1.0,tumor_patch,UMCU,t0.5,0.7660983280913756,0.9737996740629309,0.5,RUMC,4935,7907,0.1254305977710233,1.0,0.8745694022289767,1.0,0.9710087803627507,0.6338437370882033,5482,10843,0.17986136446552353,0.3411163808828895,0.16125501641736595,0.19661921708185057,0.9645519095884917,0.9108521446219916,0.9670325374981017,0.6410171372776001,-0.32601540022050157,0.8459249304022272,0.3467409042910627,0.9735989439577583,0.9777991119644786,0.2770084075337883,0.6588836191171106,-0.006456870774259049,-0.05443076669450023,True,True,False,0.8033807829181494,False,False,False,False,False
pcam_site,PCam site,phase5_pcam,phase5_pcam__unmatched__densenet121__seed123__pr1.0,densenet121,123,1.0,tumor_patch,UMCU,youden_j,0.8235391491474922,0.9422088504450294,0.1864013671875,RUMC,4935,7907,0.08449848024316109,1.0,0.9155015197568389,1.0,0.9710087803627507,0.6338437370882033,5482,10843,0.11236774899671653,0.25592849325063843,0.1435607442539219,0.1617344841759145,0.9645519095884917,0.9108521446219916,0.9670325374981017,0.6410171372776001,-0.32601540022050157,0.9008351732744552,0.3915714697129692,0.9347173886955478,0.9570382815312612,0.2770084075337883,0.7440715067493615,-0.006456870774259049,-0.027869268753555443,True,True,False,0.8382655158240855,False,False,False,False,False
pcam_site,PCam site,phase5_pcam,phase5_pcam__unmatched__densenet121__seed123__pr1.0,densenet121,123,1.0,tumor_patch,UMCU,sens0.80,0.8000331071014732,0.957878901842798,0.291015625,RUMC,4935,7907,0.09807497467071935,1.0,0.9019250253292806,1.0,0.9710087803627507,0.6338437370882033,5482,10843,0.1408245165997811,0.2823786939073331,0.14155417730755201,0.164755838641189,0.9645519095884917,0.9108521446219916,0.9670325374981017,0.6410171372776001,-0.32601540022050157,0.8794278583085341,0.37765191513871554,0.953318132725309,0.9648385935437418,0.2770084075337883,0.7176213060926668,-0.006456870774259049,-0.042749541929061746,True,True,False,0.835244161358811,False,False,False,False,False
pcam_site,PCam site,phase5_pcam,phase5_pcam__unmatched__densenet121__seed123__pr1.0,densenet121,123,1.0,tumor_patch,UMCU,spec0.90,0.8477073332229763,0.8999623918766454,0.07939453423023224,RUMC,4935,7907,0.06747720364741641,1.0,0.9325227963525836,1.0,0.9710087803627507,0.6338437370882033,5482,10843,0.07606712878511492,0.2081357168916454,0.1320685881065305,0.14294175715695956,0.9645519095884917,0.9108521446219916,0.9670325374981017,0.6410171372776001,-0.32601540022050157,0.9280023039262744,0.41672266487472404,0.8849153966158646,0.9338773550942038,0.2770084075337883,0.7918642831083547,-0.006456870774259049,-0.008589925137698504,True,True,False,0.8570582428430404,False,False,False,False,False
pcam_site,PCam site,phase5_pcam,phase5_pcam__unmatched__vit_base_patch16_224__seed7__pr0.0,vit_base_patch16_224,7,0.0,tumor_patch,UMCU,t0.5,0.777851349114385,0.9685345367932807,0.5,RUMC,4935,7907,0.12239108409321175,0.12239108409321175,0.0,0.0,0.981954029571509,0.981954029571509,5482,10843,0.1822327617657789,0.1822327617657789,0.0,0.0,0.9614941671037349,0.9614941671037349,0.9714460115315431,0.9714460115315431,0.0,0.8461169242584238,0.8461169242584238,0.9727589103564143,0.9727589103564143,-0.020459862467774093,-0.05984167767256715,-0.020459862467774093,-0.05984167767256715,False,False,True,0.0,False,False,False,False,False
pcam_site,PCam site,phase5_pcam,phase5_pcam__unmatched__vit_base_patch16_224__seed7__pr0.0,vit_base_patch16_224,7,0.0,tumor_patch,UMCU,youden_j,0.8917397781824201,0.8968283815970917,0.0792236328125,RUMC,4935,7907,0.05146909827760891,0.05146909827760891,0.0,0.0,0.981954029571509,0.981954029571509,5482,10843,0.09266690988690258,0.09266690988690258,0.0,0.0,0.9614941671037349,0.9614941671037349,0.9714460115315431,0.9714460115315431,0.0,0.9268503407890948,0.9268503407890948,0.8942757710308412,0.8942757710308412,-0.020459862467774093,-0.04119781160929367,-0.020459862467774093,-0.04119781160929367,False,False,True,0.0,False,False,False,False,False
pcam_site,PCam site,phase5_pcam,phase5_pcam__unmatched__vit_base_patch16_224__seed7__pr0.0,vit_base_patch16_224,7,0.0,tumor_patch,UMCU,sens0.80,0.8000331071014732,0.9630186787012661,0.4052734375,RUMC,4935,7907,0.11165146909827761,0.11165146909827761,0.0,0.0,0.981954029571509,0.981954029571509,5482,10843,0.16435607442539218,0.16435607442539218,0.0,0.0,0.9614941671037349,0.9614941671037349,0.9714460115315431,0.9714460115315431,0.0,0.8606124604012672,0.8606124604012672,0.9661586463458538,0.9661586463458538,-0.020459862467774093,-0.05270460532711457,-0.020459862467774093,-0.05270460532711457,False,False,True,0.0,False,False,False,False,False
pcam_site,PCam site,phase5_pcam,phase5_pcam__unmatched__vit_base_patch16_224__seed7__pr0.0,vit_base_patch16_224,7,0.0,tumor_patch,UMCU,spec0.90,0.8859460354245986,0.8999623918766454,0.08393554389476776,RUMC,4935,7907,0.052279635258358666,0.052279635258358666,0.0,0.0,0.981954029571509,0.981954029571509,5482,10843,0.09430864647938708,0.09430864647938708,0.0,0.0,0.9614941671037349,0.9614941671037349,0.9714460115315431,0.9714460115315431,0.0,0.9256023807238168,0.9256023807238168,0.8981159246369855,0.8981159246369855,-0.020459862467774093,-0.042029011221028416,-0.020459862467774093,-0.042029011221028416,False,False,True,0.0,False,False,False,False,False
pcam_site,PCam site,phase5_pcam,phase5_pcam__unmatched__vit_base_patch16_224__seed7__pr0.5,vit_base_patch16_224,7,0.5,tumor_patch,UMCU,t0.5,0.777851349114385,0.9685345367932807,0.5,RUMC,4935,7907,0.12239108409321175,0.5868287740628166,0.4644376899696049,0.5292080350958208,0.981954029571509,0.9811618333081062,5482,10843,0.1822327617657789,0.1342575702298431,-0.047975191535935796,-0.05866607182690163,0.9614941671037349,0.964360120156513,0.9714460115315431,0.9579789143375277,-0.013467097194015398,0.8461169242584238,0.6513391571469713,0.9727589103564143,0.9665186607464299,-0.01680171315159329,0.45257120383297356,-0.020459862467774093,-0.05984167767256715,True,True,True,0.5878741069227225,True,True,True,True,True
pcam_site,PCam site,phase5_pcam,phase5_pcam__unmatched__vit_base_patch16_224__seed7__pr0.5,vit_base_patch16_224,7,0.5,tumor_patch,UMCU,youden_j,0.8917397781824201,0.8968283815970917,0.0792236328125,RUMC,4935,7907,0.05146909827760891,0.045997973657548125,-0.005471124620060788,-0.005767998290963468,0.981954029571509,0.9811618333081062,5482,10843,0.09266690988690258,0.05691353520612915,-0.035753374680773435,-0.03940490550864495,0.9614941671037349,0.964360120156513,0.9714460115315431,0.9579789143375277,-0.013467097194015398,0.9268503407890948,0.9482576557550159,0.8942757710308412,0.8269530781231249,-0.01680171315159329,-0.010915561548581025,-0.020459862467774093,-0.04119781160929367,False,False,True,0.033636907217681485,False,False,False,False,False
pcam_site,PCam site,phase5_pcam,phase5_pcam__unmatched__vit_base_patch16_224__seed7__pr0.5,vit_base_patch16_224,7,0.5,tumor_patch,UMCU,sens0.80,0.8000331071014732,0.9630186787012661,0.4052734375,RUMC,4935,7907,0.11165146909827761,0.17304964539007092,0.06139817629179331,0.06911496350364964,0.981954029571509,0.9811618333081062,5482,10843,0.16435607442539218,0.11784020430499817,-0.046515870120394015,-0.05566470203012443,0.9614941671037349,0.964360120156513,0.9714460115315431,0.9579789143375277,-0.013467097194015398,0.8606124604012672,0.8560046078525487,0.9661586463458538,0.9522380895235809,-0.01680171315159329,0.05520944108507275,-0.020459862467774093,-0.05270460532711457,False,True,True,0.12477966553377406,False,False,False,False,False
pcam_site,PCam site,phase5_pcam,phase5_pcam__unmatched__vit_base_patch16_224__seed7__pr0.5,vit_base_patch16_224,7,0.5,tumor_patch,UMCU,spec0.90,0.8859460354245986,0.8999623918766454,0.08393554389476776,RUMC,4935,7907,0.052279635258358666,0.04842958459979736,-0.0038500506585613034,-0.004062433183664749,0.981954029571509,0.9811618333081062,5482,10843,0.09430864647938708,0.05800802626778548,-0.0363006202116016,-0.04008056394763343,0.9614941671037349,0.964360120156513,0.9714460115315431,0.9579789143375277,-0.013467097194015398,0.9256023807238168,0.9465297110492464,0.8981159246369855,0.8323532941317653,-0.01680171315159329,-0.009578441667988116,-0.020459862467774093,-0.042029011221028416,False,False,True,0.03601813076396868,False,False,False,False,False
pcam_site,PCam site,phase5_pcam,phase5_pcam__unmatched__vit_base_patch16_224__seed7__pr0.75,vit_base_patch16_224,7,0.75,tumor_patch,UMCU,t0.5,0.777851349114385,0.9685345367932807,0.5,RUMC,4935,7907,0.12239108409321175,1.0,0.8776089159067882,1.0,0.981954029571509,0.9836126031409672,5482,10843,0.1822327617657789,0.21214885078438525,0.029916089018606346,0.036582645549855,0.9614941671037349,0.942042724009478,0.9714460115315431,0.9447327897915763,-0.02671322173996682,0.8461169242584238,0.4146107324565614,0.9727589103564143,0.9777991119644786,-0.04156987913148924,0.7878511492156147,-0.020459862467774093,-0.05984167767256715,True,True,True,0.963417354450145,True,True,True,True,True
pcam_site,PCam site,phase5_pcam,phase5_pcam__unmatched__vit_base_patch16_224__seed7__pr0.75,vit_base_patch16_224,7,0.75,tumor_patch,UMCU,youden_j,0.8917397781824201,0.8968283815970917,0.0792236328125,RUMC,4935,7907,0.05146909827760891,0.030800405268490375,-0.020668693009118538,-0.021790215765861994,0.981954029571509,0.9836126031409672,5482,10843,0.09266690988690258,0.09211966435607442,-0.000547245530828161,-0.0006031363088057858,0.9614941671037349,0.942042724009478,0.9714460115315431,0.9447327897915763,-0.02671322173996682,0.9268503407890948,0.9369300182394164,0.8942757710308412,0.8250330013200528,-0.04156987913148924,-0.06131925908758405,-0.020459862467774093,-0.04119781160929367,False,False,True,-0.021187079457056206,False,False,False,False,False
pcam_site,PCam site,phase5_pcam,phase5_pcam__unmatched__vit_base_patch16_224__seed7__pr0.75,vit_base_patch16_224,7,0.75,tumor_patch,UMCU,sens0.80,0.8000331071014732,0.9630186787012661,0.4052734375,RUMC,4935,7907,0.11165146909827761,1.0,0.8883485309017224,1.0,0.981954029571509,0.9836126031409672,5482,10843,0.16435607442539218,0.19190076614374316,0.027544691718350972,0.03296223531979918,0.9614941671037349,0.942042724009478,0.9714460115315431,0.9447327897915763,-0.02671322173996682,0.8606124604012672,0.4252663914754728,0.9661586463458538,0.9702388095523821,-0.04156987913148924,0.8080992338562568,-0.020459862467774093,-0.05270460532711457,True,True,True,0.9670377646802009,True,True,True,True,True
pcam_site,PCam site,phase5_pcam,phase5_pcam__unmatched__vit_base_patch16_224__seed7__pr0.75,vit_base_patch16_224,7,0.75,tumor_patch,UMCU,spec0.90,0.8859460354245986,0.8999623918766454,0.08393554389476776,RUMC,4935,7907,0.052279635258358666,0.03221884498480243,-0.020060790273556235,-0.021167415009621555,0.981954029571509,0.9836126031409672,5482,10843,0.09430864647938708,0.09522072236410069,0.0009120758847136062,0.0010070493454179233,0.9614941671037349,0.942042724009478,0.9714460115315431,0.9447327897915763,-0.02671322173996682,0.9256023807238168,0.9346260919650571,0.8981159246369855,0.8313932557302293,-0.04156987913148924,-0.06300187737929826,-0.020459862467774093,-0.042029011221028416,False,False,True,-0.02217446435503948,False,False,False,False,False
pcam_site,PCam site,phase5_pcam,phase5_pcam__unmatched__vit_base_patch16_224__seed7__pr1.0,vit_base_patch16_224,7,1.0,tumor_patch,UMCU,t0.5,0.777851349114385,0.9685345367932807,0.5,RUMC,4935,7907,0.12239108409321175,1.0,0.8776089159067882,1.0,0.981954029571509,0.2994639942400602,5482,10843,0.1822327617657789,0.18150310105800802,-0.0007296607077708905,-0.000892259647557444,0.9614941671037349,0.9526920989014871,0.9714460115315431,0.560674511073752,-0.4107715004577911,0.8461169242584238,0.43073821637707593,0.9727589103564143,0.9785191407656306,0.6532281046614269,0.818496898941992,-0.020459862467774093,-0.05984167767256715,True,True,False,1.0008922596475573,False,False,False,False,False
pcam_site,PCam site,phase5_pcam,phase5_pcam__unmatched__vit_base_patch16_224__seed7__pr1.0,vit_base_patch16_224,7,1.0,tumor_patch,UMCU,youden_j,0.8917397781824201,0.8968283815970917,0.0792236328125,RUMC,4935,7907,0.05146909827760891,1.0,0.9485309017223911,1.0,0.981954029571509,0.2994639942400602,5482,10843,0.09266690988690258,0.09193724917913171,-0.0007296607077708767,-0.000804181745074376,0.9614941671037349,0.9526920989014871,0.9714460115315431,0.560674511073752,-0.4107715004577911,0.9268503407890948,0.47787270807334165,0.8942757710308412,0.9101164046561863,0.6532281046614269,0.9080627508208683,-0.020459862467774093,-0.04119781160929367,True,True,False,1.0008041817450744,False,False,False,False,False
pcam_site,PCam site,phase5_pcam,phase5_pcam__unmatched__vit_base_patch16_224__seed7__pr1.0,vit_base_patch16_224,7,1.0,tumor_patch,UMCU,sens0.80,0.8000331071014732,0.9630186787012661,0.4052734375,RUMC,4935,7907,0.11165146909827761,1.0,0.8883485309017224,1.0,0.981954029571509,0.2994639942400602,5482,10843,0.16435607442539218,0.1694636993797884,0.005107624954396206,0.0061122025758568,0.9614941671037349,0.9526920989014871,0.9714460115315431,0.560674511073752,-0.4107715004577911,0.8606124604012672,0.4370740136315638,0.9661586463458538,0.9726389055562222,0.6532281046614269,0.8305363006202116,-0.020459862467774093,-0.05270460532711457,True,True,False,0.9938877974241432,False,False,False,False,False
pcam_site,PCam site,phase5_pcam,phase5_pcam__unmatched__vit_base_patch16_224__seed7__pr1.0,vit_base_patch16_224,7,1.0,tumor_patch,UMCU,spec0.90,0.8859460354245986,0.8999623918766454,0.08393554389476776,RUMC,4935,7907,0.052279635258358666,1.0,0.9477203647416413,1.0,0.981954029571509,0.2994639942400602,5482,10843,0.09430864647938708,0.09558555271798613,0.0012769062385990515,0.0014098690835850957,0.9614941671037349,0.9526920989014871,0.9714460115315431,0.560674511073752,-0.4107715004577911,0.9256023807238168,0.47595276951137566,0.8981159246369855,0.9134765390615625,0.6532281046614269,0.9044144472820139,-0.020459862467774093,-0.042029011221028416,True,True,False,0.9985901309164149,False,False,False,False,False
pcam_site,PCam site,phase5_pcam,phase5_pcam__unmatched__vit_base_patch16_224__seed42__pr0.0,vit_base_patch16_224,42,0.0,tumor_patch,UMCU,t0.5,0.9043204767422612,0.9314278550833647,0.5,RUMC,4935,7907,0.11165146909827761,0.11165146909827761,0.0,0.0,0.9797312232644841,0.9797312232644841,5482,10843,0.10324699014958044,0.10324699014958044,0.0,0.0,0.9670961266394823,0.9670961266394823,0.970062736463572,0.970062736463572,0.0,0.8927714313141979,0.8927714313141979,0.9420376815072603,0.9420376815072603,-0.01263509662500184,0.00840447894869717,-0.01263509662500184,0.00840447894869717,False,False,True,0.0,False,False,False,False,False
pcam_site,PCam site,phase5_pcam,phase5_pcam__unmatched__vit_base_patch16_224__seed42__pr0.0,vit_base_patch16_224,42,0.0,tumor_patch,UMCU,youden_j,0.9079622579043205,0.9301742509715432,0.486572265625,RUMC,4935,7907,0.1094224924012158,0.1094224924012158,0.0,0.0,0.9797312232644841,0.9797312232644841,5482,10843,0.09996351696461146,0.09996351696461146,0.0,0.0,0.9670961266394823,0.9670961266394823,0.970062736463572,0.970062736463572,0.0,0.8955553422290486,0.8955553422290486,0.9399975999039961,0.9399975999039961,-0.01263509662500184,0.009458975436604344,-0.01263509662500184,0.009458975436604344,False,False,True,0.0,False,False,False,False,False
pcam_site,PCam site,phase5_pcam,phase5_pcam__unmatched__vit_base_patch16_224__seed42__pr0.0,vit_base_patch16_224,42,0.0,tumor_patch,UMCU,sens0.80,0.8000331071014732,0.9783126488654883,0.91259765625,RUMC,4935,7907,0.22168186423505573,0.22168186423505573,0.0,0.0,0.9797312232644841,0.9797312232644841,5482,10843,0.16253192265596497,0.16253192265596497,0.0,0.0,0.9670961266394823,0.9670961266394823,0.970062736463572,0.970062736463572,0.0,0.8094460977248729,0.8094460977248729,0.983919356774271,0.983919356774271,-0.01263509662500184,0.05914994157909076,-0.01263509662500184,0.05914994157909076,False,False,True,0.0,False,False,False,False,False
pcam_site,PCam site,phase5_pcam,phase5_pcam__unmatched__vit_base_patch16_224__seed42__pr0.0,vit_base_patch16_224,42,0.0,tumor_patch,UMCU,spec0.90,0.9263366992219831,0.8999623918766454,0.3177734315395355,RUMC,4935,7907,0.08855116514690983,0.08855116514690983,0.0,0.0,0.9797312232644841,0.9797312232644841,5482,10843,0.07935060197008391,0.07935060197008391,0.0,0.0,0.9670961266394823,0.9670961266394823,0.970062736463572,0.970062736463572,0.0,0.9162906786982816,0.9162906786982816,0.9121564862594503,0.9121564862594503,-0.01263509662500184,0.009200563176825924,-0.01263509662500184,0.009200563176825924,False,False,True,0.0,False,False,False,False,False
pcam_site,PCam site,phase5_pcam,phase5_pcam__unmatched__vit_base_patch16_224__seed42__pr0.5,vit_base_patch16_224,42,0.5,tumor_patch,UMCU,t0.5,0.9043204767422612,0.9314278550833647,0.5,RUMC,4935,7907,0.11165146909827761,0.8316109422492401,0.7199594731509625,0.8104470802919709,0.9797312232644841,0.9729402488064899,5482,10843,0.10324699014958044,0.23367384166362642,0.13042685151404598,0.14544344995931655,0.9670961266394823,0.9601889169288566,0.970062736463572,0.9610376831315932,-0.009025053331978783,0.8927714313141979,0.4830565421906499,0.9420376815072603,0.9879995199807993,-0.012751331877633332,0.5979371005856138,-0.01263509662500184,0.00840447894869717,True,True,True,0.6650036303326543,True,True,True,True,True
pcam_site,PCam site,phase5_pcam,phase5_pcam__unmatched__vit_base_patch16_224__seed42__pr0.5,vit_base_patch16_224,42,0.5,tumor_patch,UMCU,youden_j,0.9079622579043205,0.9301742509715432,0.486572265625,RUMC,4935,7907,0.1094224924012158,0.5785207700101317,0.46909827760891587,0.5267349260523322,0.9797312232644841,0.9729402488064899,5482,10843,0.09996351696461146,0.2302079533017147,0.13024443633710325,0.14471017430077018,0.9670961266394823,0.9601889169288566,0.970062736463572,0.9610376831315932,-0.009025053331978783,0.8955553422290486,0.6047806470192953,0.9399975999039961,0.9875195007800313,-0.012751331877633332,0.34831281670841696,-0.01263509662500184,0.009458975436604344,True,True,True,0.38202475175156203,True,True,True,True,True
pcam_site,PCam site,phase5_pcam,phase5_pcam__unmatched__vit_base_patch16_224__seed42__pr0.5,vit_base_patch16_224,42,0.5,tumor_patch,UMCU,sens0.80,0.8000331071014732,0.9783126488654883,0.91259765625,RUMC,4935,7907,0.22168186423505573,1.0,0.7783181357649442,1.0,0.9797312232644841,0.9729402488064899,5482,10843,0.16253192265596497,0.3380153228748632,0.17548340021889822,0.20954040514049227,0.9670961266394823,0.9601889169288566,0.970062736463572,0.9610376831315932,-0.009025053331978783,0.8094460977248729,0.3483728520687338,0.983919356774271,0.9971198847953918,-0.012751331877633332,0.6619846771251368,-0.01263509662500184,0.05914994157909076,True,True,True,0.7904595948595077,True,True,True,True,True
pcam_site,PCam site,phase5_pcam,phase5_pcam__unmatched__vit_base_patch16_224__seed42__pr0.5,vit_base_patch16_224,42,0.5,tumor_patch,UMCU,spec0.90,0.9263366992219831,0.8999623918766454,0.3177734315395355,RUMC,4935,7907,0.08855116514690983,0.1762917933130699,0.08774062816616007,0.09626500666963095,0.9797312232644841,0.9729402488064899,5482,10843,0.07935060197008391,0.19810288215979568,0.11875228018971178,0.1289875173370319,0.9670961266394823,0.9601889169288566,0.970062736463572,0.9610376831315932,-0.009025053331978783,0.9162906786982816,0.8122300086397235,0.9121564862594503,0.9807992319692788,-0.012751331877633332,-0.02181108884672578,-0.01263509662500184,0.009200563176825924,False,False,True,-0.03272251066740095,False,False,False,False,False
pcam_site,PCam site,phase5_pcam,phase5_pcam__unmatched__vit_base_patch16_224__seed42__pr0.75,vit_base_patch16_224,42,0.75,tumor_patch,UMCU,t0.5,0.9043204767422612,0.9314278550833647,0.5,RUMC,4935,7907,0.11165146909827761,1.0,0.8883485309017224,1.0,0.9797312232644841,0.981674452948901,5482,10843,0.10324699014958044,0.16800437796424664,0.0647573878146662,0.072213181448332,0.9670961266394823,0.9603071074002444,0.970062736463572,0.9566393004189017,-0.013423436044670334,0.8927714313141979,0.4378419890563502,0.9420376815072603,0.9793591743669747,-0.021367345548656602,0.8319956220357534,-0.01263509662500184,0.00840447894869717,True,True,True,0.927786818551668,True,True,True,True,True
pcam_site,PCam site,phase5_pcam,phase5_pcam__unmatched__vit_base_patch16_224__seed42__pr0.75,vit_base_patch16_224,42,0.75,tumor_patch,UMCU,youden_j,0.9079622579043205,0.9301742509715432,0.486572265625,RUMC,4935,7907,0.1094224924012158,1.0,0.8905775075987842,1.0,0.9797312232644841,0.981674452948901,5482,10843,0.09996351696461146,0.1669098869025903,0.06694636993797883,0.07438184029185244,0.9670961266394823,0.9603071074002444,0.970062736463572,0.9566393004189017,-0.013423436044670334,0.8955553422290486,0.43841797062494,0.9399975999039961,0.9788791551662066,-0.021367345548656602,0.8330901130974098,-0.01263509662500184,0.009458975436604344,True,True,True,0.9256181597081475,True,True,True,True,True
pcam_site,PCam site,phase5_pcam,phase5_pcam__unmatched__vit_base_patch16_224__seed42__pr0.75,vit_base_patch16_224,42,0.75,tumor_patch,UMCU,sens0.80,0.8000331071014732,0.9783126488654883,0.91259765625,RUMC,4935,7907,0.22168186423505573,1.0,0.7783181357649442,1.0,0.9797312232644841,0.981674452948901,5482,10843,0.16253192265596497,0.25957679678949286,0.09704487413352789,0.11587889348725765,0.9670961266394823,0.9603071074002444,0.970062736463572,0.9566393004189017,-0.013423436044670334,0.8094460977248729,0.38965153115100315,0.983919356774271,0.9935197407896316,-0.021367345548656602,0.7404232032105071,-0.01263509662500184,0.05914994157909076,True,True,True,0.8841211065127423,True,True,True,True,True
pcam_site,PCam site,phase5_pcam,phase5_pcam__unmatched__vit_base_patch16_224__seed42__pr0.75,vit_base_patch16_224,42,0.75,tumor_patch,UMCU,spec0.90,0.9263366992219831,0.8999623918766454,0.3177734315395355,RUMC,4935,7907,0.08855116514690983,0.998176291793313,0.9096251266464032,0.9979991107158737,0.9797312232644841,0.981674452948901,5482,10843,0.07935060197008391,0.1441079897847501,0.06475738781466618,0.07033881513770557,0.9670961266394823,0.9603071074002444,0.970062736463572,0.9566393004189017,-0.013423436044670334,0.9162906786982816,0.4512815589901123,0.9121564862594503,0.969278771150846,-0.021367345548656602,0.8540683020085629,-0.01263509662500184,0.009200563176825924,True,True,True,0.9276602955781681,True,True,True,True,True
pcam_site,PCam site,phase5_pcam,phase5_pcam__unmatched__vit_base_patch16_224__seed42__pr1.0,vit_base_patch16_224,42,1.0,tumor_patch,UMCU,t0.5,0.9043204767422612,0.9314278550833647,0.5,RUMC,4935,7907,0.11165146909827761,1.0,0.8883485309017224,1.0,0.9797312232644841,0.4590504281091607,5482,10843,0.10324699014958044,0.22747172564757387,0.12422473549799343,0.13852725793327908,0.9670961266394823,0.959859644094073,0.970062736463572,0.5901087440252915,-0.37995399243828054,0.8927714313141979,0.4065469904963041,0.9420376815072603,0.9894395775831033,0.5008092159849122,0.7725282743524261,-0.01263509662500184,0.00840447894869717,True,True,False,0.861472742066721,False,False,False,False,False
pcam_site,PCam site,phase5_pcam,phase5_pcam__unmatched__vit_base_patch16_224__seed42__pr1.0,vit_base_patch16_224,42,1.0,tumor_patch,UMCU,youden_j,0.9079622579043205,0.9301742509715432,0.486572265625,RUMC,4935,7907,0.1094224924012158,1.0,0.8905775075987842,1.0,0.9797312232644841,0.4590504281091607,5482,10843,0.09996351696461146,0.22473549799343306,0.1247719810288216,0.13862991487636805,0.9670961266394823,0.959859644094073,0.970062736463572,0.5901087440252915,-0.37995399243828054,0.8955553422290486,0.4079869444177786,0.9399975999039961,0.9890795631825273,0.5008092159849122,0.7752645020065669,-0.01263509662500184,0.009458975436604344,True,True,False,0.8613700851236319,False,False,False,False,False
pcam_site,PCam site,phase5_pcam,phase5_pcam__unmatched__vit_base_patch16_224__seed42__pr1.0,vit_base_patch16_224,42,1.0,tumor_patch,UMCU,sens0.80,0.8000331071014732,0.9783126488654883,0.91259765625,RUMC,4935,7907,0.22168186423505573,1.0,0.7783181357649442,1.0,0.9797312232644841,0.4590504281091607,5482,10843,0.16253192265596497,0.33783290769792046,0.1753009850419555,0.20932258767153125,0.9670961266394823,0.959859644094073,0.970062736463572,0.5901087440252915,-0.37995399243828054,0.8094460977248729,0.3484688489968321,0.983919356774271,0.9965198607944318,0.5008092159849122,0.6621670923020795,-0.01263509662500184,0.05914994157909076,True,True,False,0.7906774123284688,False,False,False,False,False
pcam_site,PCam site,phase5_pcam,phase5_pcam__unmatched__vit_base_patch16_224__seed42__pr1.0,vit_base_patch16_224,42,1.0,tumor_patch,UMCU,spec0.90,0.9263366992219831,0.8999623918766454,0.3177734315395355,RUMC,4935,7907,0.08855116514690983,1.0,0.9114488348530901,1.0,0.9797312232644841,0.4590504281091607,5482,10843,0.07935060197008391,0.19171835096680043,0.11236774899671652,0.12205270457697641,0.9670961266394823,0.959859644094073,0.970062736463572,0.5901087440252915,-0.37995399243828054,0.9162906786982816,0.4253623884035711,0.9121564862594503,0.9830793231729269,0.5008092159849122,0.8082816490331995,-0.01263509662500184,0.009200563176825924,True,True,False,0.8779472954230236,False,False,False,False,False
pcam_site,PCam site,phase5_pcam,phase5_pcam__unmatched__vit_base_patch16_224__seed123__pr0.0,vit_base_patch16_224,123,0.0,tumor_patch,UMCU,t0.5,0.7425922860453568,0.9781872884543061,0.5,RUMC,4935,7907,0.13637284701114488,0.13637284701114488,0.0,0.0,0.9769762634299732,0.9769762634299732,5482,10843,0.20758847136081723,0.20758847136081723,0.0,0.0,0.9675127110474864,0.9675127110474864,0.9716550608842056,0.9716550608842056,0.0,0.8261495632139771,0.8261495632139771,0.9803192127685108,0.9803192127685108,-0.009463552382486862,-0.07121562434967235,-0.009463552382486862,-0.07121562434967235,False,False,True,0.0,False,False,False,False,False
pcam_site,PCam site,phase5_pcam,phase5_pcam__unmatched__vit_base_patch16_224__seed123__pr0.0,vit_base_patch16_224,123,0.0,tumor_patch,UMCU,youden_j,0.8652540970038073,0.9033471229785633,0.09283447265625,RUMC,4935,7907,0.06849037487335359,0.06849037487335359,0.0,0.0,0.9769762634299732,0.9769762634299732,5482,10843,0.10361182050346589,0.10361182050346589,0.0,0.0,0.9675127110474864,0.9675127110474864,0.9716550608842056,0.9716550608842056,0.0,0.9130267831429394,0.9130267831429394,0.9161166446657867,0.9161166446657867,-0.009463552382486862,-0.0351214456301123,-0.009463552382486862,-0.0351214456301123,False,False,True,0.0,False,False,False,False,False
pcam_site,PCam site,phase5_pcam,phase5_pcam__unmatched__vit_base_patch16_224__seed123__pr0.0,vit_base_patch16_224,123,0.0,tumor_patch,UMCU,sens0.80,0.8000331071014732,0.9529898458066942,0.245849609375,RUMC,4935,7907,0.10030395136778116,0.10030395136778116,0.0,0.0,0.9769762634299732,0.9769762634299732,5482,10843,0.16125501641736592,0.16125501641736592,0.0,0.0,0.9675127110474864,0.9675127110474864,0.9716550608842056,0.9716550608842056,0.0,0.8676202361524431,0.8676202361524431,0.9593183727349094,0.9593183727349094,-0.009463552382486862,-0.060951065049584766,-0.009463552382486862,-0.060951065049584766,False,False,True,0.0,False,False,False,False,False
pcam_site,PCam site,phase5_pcam,phase5_pcam__unmatched__vit_base_patch16_224__seed123__pr0.0,vit_base_patch16_224,123,0.0,tumor_patch,UMCU,spec0.90,0.8664128455553717,0.8999623918766454,0.08873291313648224,RUMC,4935,7907,0.06727456940222898,0.06727456940222898,0.0,0.0,0.9769762634299732,0.9769762634299732,5482,10843,0.09996351696461146,0.09996351696461146,0.0,0.0,0.9675127110474864,0.9675127110474864,0.9716550608842056,0.9716550608842056,0.0,0.9155227032734953,0.9155227032734953,0.9126365054602185,0.9126365054602185,-0.009463552382486862,-0.032688947562382484,-0.009463552382486862,-0.032688947562382484,False,False,True,0.0,False,False,False,False,False
pcam_site,PCam site,phase5_pcam,phase5_pcam__unmatched__vit_base_patch16_224__seed123__pr0.5,vit_base_patch16_224,123,0.5,tumor_patch,UMCU,t0.5,0.7425922860453568,0.9781872884543061,0.5,RUMC,4935,7907,0.13637284701114488,0.3843971631205674,0.2480243161094225,0.2871891130924449,0.9769762634299732,0.9838313281270241,5482,10843,0.20758847136081723,0.24589565851878875,0.03830718715797152,0.048342541436464055,0.9675127110474864,0.9510113000774916,0.9716550608842056,0.9632676158539094,-0.008387445030296203,0.8261495632139771,0.6884899683210137,0.9803192127685108,0.9872794911796472,-0.032820028049532546,0.13850150460177862,-0.009463552382486862,-0.07121562434967235,True,True,True,0.23884657165598083,True,True,True,True,False
pcam_site,PCam site,phase5_pcam,phase5_pcam__unmatched__vit_base_patch16_224__seed123__pr0.5,vit_base_patch16_224,123,0.5,tumor_patch,UMCU,youden_j,0.8652540970038073,0.9033471229785633,0.09283447265625,RUMC,4935,7907,0.06849037487335359,0.05734549138804458,-0.01114488348530901,-0.011964324559495315,0.9769762634299732,0.9838313281270241,5482,10843,0.10361182050346589,0.1247719810288216,0.021160160525355715,0.02360602360602361,0.9675127110474864,0.9510113000774916,0.9716550608842056,0.9632676158539094,-0.008387445030296203,0.9130267831429394,0.907170970528943,0.9161166446657867,0.9099963998559942,-0.032820028049532546,-0.06742648964077702,-0.009463552382486862,-0.0351214456301123,False,False,True,-0.03557034816551893,False,False,False,False,False
pcam_site,PCam site,phase5_pcam,phase5_pcam__unmatched__vit_base_patch16_224__seed123__pr0.5,vit_base_patch16_224,123,0.5,tumor_patch,UMCU,sens0.80,0.8000331071014732,0.9529898458066942,0.245849609375,RUMC,4935,7907,0.10030395136778116,0.09787234042553192,-0.0024316109422492377,-0.0027027027027027,0.9769762634299732,0.9838313281270241,5482,10843,0.16125501641736592,0.17840204304998175,0.01714702663261583,0.020443671161374508,0.9675127110474864,0.9510113000774916,0.9716550608842056,0.9632676158539094,-0.008387445030296203,0.8676202361524431,0.8597484880483824,0.9593183727349094,0.9596783871354854,-0.032820028049532546,-0.08052970262444983,-0.009463552382486862,-0.060951065049584766,False,False,True,-0.023146373864077207,False,False,False,False,False
pcam_site,PCam site,phase5_pcam,phase5_pcam__unmatched__vit_base_patch16_224__seed123__pr0.5,vit_base_patch16_224,123,0.5,tumor_patch,UMCU,spec0.90,0.8664128455553717,0.8999623918766454,0.08873291313648224,RUMC,4935,7907,0.06727456940222898,0.05612968591691996,-0.011144883485309016,-0.011948729089724093,0.9769762634299732,0.9838313281270241,5482,10843,0.09996351696461146,0.12276541408245166,0.022801897117840197,0.02533441426834211,0.9675127110474864,0.9510113000774916,0.9716550608842056,0.9632676158539094,-0.008387445030296203,0.9155227032734953,0.9088029183066142,0.9126365054602185,0.906876275051002,-0.032820028049532546,-0.0666357281655317,-0.009463552382486862,-0.032688947562382484,False,False,True,-0.0372831433580662,False,False,False,False,False
pcam_site,PCam site,phase5_pcam,phase5_pcam__unmatched__vit_base_patch16_224__seed123__pr0.75,vit_base_patch16_224,123,0.75,tumor_patch,UMCU,t0.5,0.7425922860453568,0.9781872884543061,0.5,RUMC,4935,7907,0.13637284701114488,1.0,0.8636271529888551,1.0,0.9769762634299732,0.9821234255278241,5482,10843,0.20758847136081723,0.15906603429405328,-0.04852243706676396,-0.06123388581952118,0.9675127110474864,0.9628238311733076,0.9716550608842056,0.9512295284938018,-0.02042553239040379,0.8261495632139771,0.4425458385331669,0.9803192127685108,0.9777991119644786,-0.019299594354516447,0.8409339657059467,-0.009463552382486862,-0.07121562434967235,True,True,True,1.0612338858195212,True,True,True,True,True
pcam_site,PCam site,phase5_pcam,phase5_pcam__unmatched__vit_base_patch16_224__seed123__pr0.75,vit_base_patch16_224,123,0.75,tumor_patch,UMCU,youden_j,0.8652540970038073,0.9033471229785633,0.09283447265625,RUMC,4935,7907,0.06849037487335359,0.09868287740628166,0.030192502532928073,0.03241244289754189,0.9769762634299732,0.9821234255278241,5482,10843,0.10361182050346589,0.08135716891645385,-0.022254651587012036,-0.024827024827024823,0.9675127110474864,0.9628238311733076,0.9716550608842056,0.9512295284938018,-0.02042553239040379,0.9130267831429394,0.9104348660842853,0.9161166446657867,0.8984759390375615,-0.019299594354516447,0.017325708489827812,-0.009463552382486862,-0.0351214456301123,False,True,True,0.057239467724566714,False,False,False,False,False
pcam_site,PCam site,phase5_pcam,phase5_pcam__unmatched__vit_base_patch16_224__seed123__pr0.75,vit_base_patch16_224,123,0.75,tumor_patch,UMCU,sens0.80,0.8000331071014732,0.9529898458066942,0.245849609375,RUMC,4935,7907,0.10030395136778116,0.5562310030395137,0.45592705167173253,0.5067567567567568,0.9769762634299732,0.9821234255278241,5482,10843,0.16125501641736592,0.1196643560744254,-0.041590660342940525,-0.04958677685950413,0.9675127110474864,0.9628238311733076,0.9716550608842056,0.9512295284938018,-0.02042553239040379,0.8676202361524431,0.6735144475376788,0.9593183727349094,0.9541581663266531,-0.019299594354516447,0.4365666469650883,-0.009463552382486862,-0.060951065049584766,True,True,True,0.5563435336162609,True,True,True,True,True
pcam_site,PCam site,phase5_pcam,phase5_pcam__unmatched__vit_base_patch16_224__seed123__pr0.75,vit_base_patch16_224,123,0.75,tumor_patch,UMCU,spec0.90,0.8664128455553717,0.8999623918766454,0.08873291313648224,RUMC,4935,7907,0.06727456940222898,0.09341438703140831,0.02613981762917933,0.028025200955898326,0.9769762634299732,0.9821234255278241,5482,10843,0.09996351696461146,0.08044509303174024,-0.019518423932871218,-0.021686258613700854,0.9675127110474864,0.9628238311733076,0.9716550608842056,0.9512295284938018,-0.02042553239040379,0.9155227032734953,0.9134107708553326,0.9126365054602185,0.8953558142325693,-0.019299594354516447,0.012969293999668063,-0.009463552382486862,-0.032688947562382484,False,False,True,0.04971145956959918,False,False,False,False,False
pcam_site,PCam site,phase5_pcam,phase5_pcam__unmatched__vit_base_patch16_224__seed123__pr1.0,vit_base_patch16_224,123,1.0,tumor_patch,UMCU,t0.5,0.7425922860453568,0.9781872884543061,0.5,RUMC,4935,7907,0.13637284701114488,1.0,0.8636271529888551,1.0,0.9769762634299732,0.3847962953114581,5482,10843,0.20758847136081723,0.19481940897482672,-0.012769062385990515,-0.016114180478821363,0.9675127110474864,0.9659610251481148,0.9716550608842056,0.5796533675688968,-0.39200169331530876,0.8261495632139771,0.4237304406259,0.9803192127685108,0.984159366374655,0.5811647298366567,0.8051805910251733,-0.009463552382486862,-0.07121562434967235,True,True,False,1.0161141804788214,False,False,False,False,False
pcam_site,PCam site,phase5_pcam,phase5_pcam__unmatched__vit_base_patch16_224__seed123__pr1.0,vit_base_patch16_224,123,1.0,tumor_patch,UMCU,youden_j,0.8652540970038073,0.9033471229785633,0.09283447265625,RUMC,4935,7907,0.06849037487335359,1.0,0.9315096251266464,1.0,0.9769762634299732,0.3847962953114581,5482,10843,0.10361182050346589,0.09011309740970448,-0.013498723093761406,-0.015059015059015064,0.9675127110474864,0.9659610251481148,0.9716550608842056,0.5796533675688968,-0.39200169331530876,0.9130267831429394,0.47883267735432467,0.9161166446657867,0.9341173646945878,0.5811647298366567,0.9098869025902955,-0.009463552382486862,-0.0351214456301123,True,True,False,1.015059015059015,False,False,False,False,False
pcam_site,PCam site,phase5_pcam,phase5_pcam__unmatched__vit_base_patch16_224__seed123__pr1.0,vit_base_patch16_224,123,1.0,tumor_patch,UMCU,sens0.80,0.8000331071014732,0.9529898458066942,0.245849609375,RUMC,4935,7907,0.10030395136778116,1.0,0.8996960486322189,1.0,0.9769762634299732,0.3847962953114581,5482,10843,0.16125501641736592,0.14228383801532288,-0.018971178402043043,-0.02261852979556328,0.9675127110474864,0.9659610251481148,0.9716550608842056,0.5796533675688968,-0.39200169331530876,0.8676202361524431,0.4513775559182106,0.9593183727349094,0.9673586943477739,0.5811647298366567,0.8577161619846772,-0.009463552382486862,-0.060951065049584766,True,True,False,1.0226185297955632,False,False,False,False,False
pcam_site,PCam site,phase5_pcam,phase5_pcam__unmatched__vit_base_patch16_224__seed123__pr1.0,vit_base_patch16_224,123,1.0,tumor_patch,UMCU,spec0.90,0.8664128455553717,0.8999623918766454,0.08873291313648224,RUMC,4935,7907,0.06727456940222898,1.0,0.932725430597771,1.0,0.9769762634299732,0.3847962953114581,5482,10843,0.09996351696461146,0.08883619117110543,-0.011127325793506032,-0.012363194162950966,0.9675127110474864,0.9659610251481148,0.9716550608842056,0.5796533675688968,-0.39200169331530876,0.9155227032734953,0.47950465585101276,0.9126365054602185,0.9319572782911316,0.5811647298366567,0.9111638088288946,-0.009463552382486862,-0.032688947562382484,True,True,False,1.012363194162951,False,False,False,False,False
ptbxl_sex,PTB-XL sex,phase5_ptbxl,phase5_ptbxl__unmatched__resnet1d__seed7__pr0.0,resnet1d,7,0.0,is_mi,male,t0.5,0.8713592233009708,0.9787685774946921,0.5,female,226,737,0.15486725663716813,0.15486725663716813,0.0,0.0,0.9853272258109208,0.9853272258109208,189,632,0.1746031746031746,0.1746031746031746,0.0,0.0,0.9680807863652107,0.9680807863652107,0.9777424162057033,0.9777424162057033,0.0,0.8361445783132531,0.8361445783132531,0.9758909853249476,0.9758909853249476,-0.017246439445710138,-0.01973591796600646,-0.017246439445710138,-0.01973591796600646,False,False,True,0.0,False,False,False,False,False
ptbxl_sex,PTB-XL sex,phase5_ptbxl,phase5_ptbxl__unmatched__resnet1d__seed7__pr0.0,resnet1d,7,0.0,is_mi,male,youden_j,0.9514563106796117,0.9384288747346072,0.1419677734375,female,226,737,0.09292035398230089,0.09292035398230089,0.0,0.0,0.9853272258109208,0.9853272258109208,189,632,0.09523809523809523,0.09523809523809523,0.0,0.0,0.9680807863652107,0.9680807863652107,0.9777424162057033,0.9777424162057033,0.0,0.9060240963855422,0.9060240963855422,0.9371069182389937,0.9371069182389937,-0.017246439445710138,-0.002317741255794342,-0.017246439445710138,-0.002317741255794342,False,False,True,0.0,False,False,False,False,False
ptbxl_sex,PTB-XL sex,phase5_ptbxl,phase5_ptbxl__unmatched__resnet1d__seed7__pr0.0,resnet1d,7,0.0,is_mi,male,sens0.80,0.7985436893203883,0.9915074309978769,0.886425793170929,female,226,737,0.23008849557522124,0.23008849557522124,0.0,0.0,0.9853272258109208,0.9853272258109208,189,632,0.26455026455026454,0.26455026455026454,0.0,0.0,0.9680807863652107,0.9680807863652107,0.9777424162057033,0.9777424162057033,0.0,0.7542168674698795,0.7542168674698795,0.9947589098532494,0.9947589098532494,-0.017246439445710138,-0.0344617689750433,-0.017246439445710138,-0.0344617689750433,False,False,True,0.0,False,False,False,False,False
ptbxl_sex,PTB-XL sex,phase5_ptbxl,phase5_ptbxl__unmatched__resnet1d__seed7__pr0.0,resnet1d,7,0.0,is_mi,male,spec0.90,0.9757281553398058,0.8991507430997877,0.064544677734375,female,226,737,0.04424778761061947,0.04424778761061947,0.0,0.0,0.9853272258109208,0.9853272258109208,189,632,0.07407407407407407,0.07407407407407407,0.0,0.0,0.9680807863652107,0.9680807863652107,0.9777424162057033,0.9777424162057033,0.0,0.9421686746987952,0.9421686746987952,0.9025157232704403,0.9025157232704403,-0.017246439445710138,-0.0298262864634546,-0.017246439445710138,-0.0298262864634546,False,False,True,0.0,False,False,False,False,False
ptbxl_sex,PTB-XL sex,phase5_ptbxl,phase5_ptbxl__unmatched__resnet1d__seed7__pr0.5,resnet1d,7,0.5,is_mi,male,t0.5,0.8713592233009708,0.9787685774946921,0.5,female,226,737,0.15486725663716813,0.30973451327433627,0.15486725663716813,0.18324607329842932,0.9853272258109208,0.98469078503022,189,632,0.1746031746031746,0.328042328042328,0.15343915343915343,0.1858974358974359,0.9680807863652107,0.9638049852496805,0.9777424162057033,0.9750006314566442,-0.002741784749059173,0.8361445783132531,0.6819277108433734,0.9758909853249476,0.9947589098532494,-0.020885799780539505,-0.01830781476799176,-0.017246439445710138,-0.01973591796600646,False,False,True,-0.0026513625990065848,False,False,False,False,False
ptbxl_sex,PTB-XL sex,phase5_ptbxl,phase5_ptbxl__unmatched__resnet1d__seed7__pr0.5,resnet1d,7,0.5,is_mi,male,youden_j,0.9514563106796117,0.9384288747346072,0.1419677734375,female,226,737,0.09292035398230089,0.168141592920354,0.0752212389380531,0.08292682926829269,0.9853272258109208,0.98469078503022,189,632,0.09523809523809523,0.1693121693121693,0.07407407407407407,0.08187134502923976,0.9680807863652107,0.9638049852496805,0.9777424162057033,0.9750006314566442,-0.002741784749059173,0.9060240963855422,0.8313253012048193,0.9371069182389937,0.9790356394129979,-0.020885799780539505,-0.001170576391815309,-0.017246439445710138,-0.002317741255794342,False,False,True,0.0010554842390529257,False,False,False,False,False
ptbxl_sex,PTB-XL sex,phase5_ptbxl,phase5_ptbxl__unmatched__resnet1d__seed7__pr0.5,resnet1d,7,0.5,is_mi,male,sens0.80,0.7985436893203883,0.9915074309978769,0.886425793170929,female,226,737,0.23008849557522124,0.9646017699115044,0.7345132743362831,0.9540229885057471,0.9853272258109208,0.98469078503022,189,632,0.26455026455026454,0.873015873015873,0.6084656084656085,0.8273381294964028,0.9680807863652107,0.9638049852496805,0.9777424162057033,0.9750006314566442,-0.002741784749059173,0.7542168674698795,0.07710843373493977,0.9947589098532494,1.0,-0.020885799780539505,0.09158589689563135,-0.017246439445710138,-0.0344617689750433,True,True,True,0.12668485900934423,True,True,True,True,True
ptbxl_sex,PTB-XL sex,phase5_ptbxl,phase5_ptbxl__unmatched__resnet1d__seed7__pr0.5,resnet1d,7,0.5,is_mi,male,spec0.90,0.9757281553398058,0.8991507430997877,0.064544677734375,female,226,737,0.04424778761061947,0.12389380530973451,0.07964601769911504,0.08333333333333333,0.9853272258109208,0.98469078503022,189,632,0.07407407407407407,0.12698412698412698,0.05291005291005291,0.05714285714285714,0.9680807863652107,0.9638049852496805,0.9777424162057033,0.9750006314566442,-0.002741784749059173,0.9421686746987952,0.8746987951807229,0.9025157232704403,0.9654088050314465,-0.020885799780539505,-0.0030903216743924655,-0.017246439445710138,-0.0298262864634546,False,False,True,0.026190476190476188,False,False,False,False,False
ptbxl_sex,PTB-XL sex,phase5_ptbxl,phase5_ptbxl__unmatched__resnet1d__seed7__pr0.75,resnet1d,7,0.75,is_mi,male,t0.5,0.8713592233009708,0.9787685774946921,0.5,female,226,737,0.15486725663716813,0.7699115044247787,0.6150442477876106,0.7277486910994764,0.9853272258109208,0.9761962488959701,189,632,0.1746031746031746,0.4973544973544973,0.32275132275132273,0.391025641025641,0.9680807863652107,0.9558087594204975,0.9777424162057033,0.9647533530347806,-0.012989063170922743,0.8361445783132531,0.3542168674698795,0.9758909853249476,0.9958071278825996,-0.020387489475472642,0.2725570070702814,-0.017246439445710138,-0.01973591796600646,True,True,True,0.33672305007383535,True,True,True,True,True
ptbxl_sex,PTB-XL sex,phase5_ptbxl,phase5_ptbxl__unmatched__resnet1d__seed7__pr0.75,resnet1d,7,0.75,is_mi,male,youden_j,0.9514563106796117,0.9384288747346072,0.1419677734375,female,226,737,0.09292035398230089,0.19911504424778761,0.10619469026548672,0.11707317073170732,0.9853272258109208,0.9761962488959701,189,632,0.09523809523809523,0.15343915343915343,0.0582010582010582,0.06432748538011696,0.9680807863652107,0.9558087594204975,0.9777424162057033,0.9647533530347806,-0.012989063170922743,0.9060240963855422,0.8216867469879519,0.9371069182389937,0.9622641509433962,-0.020387489475472642,0.045675890808634184,-0.017246439445710138,-0.002317741255794342,False,True,True,0.05274568535159037,False,True,False,False,False
ptbxl_sex,PTB-XL sex,phase5_ptbxl,phase5_ptbxl__unmatched__resnet1d__seed7__pr0.75,resnet1d,7,0.75,is_mi,male,sens0.80,0.7985436893203883,0.9915074309978769,0.886425793170929,female,226,737,0.23008849557522124,0.9646017699115044,0.7345132743362831,0.9540229885057471,0.9853272258109208,0.9761962488959701,189,632,0.26455026455026454,0.873015873015873,0.6084656084656085,0.8273381294964028,0.9680807863652107,0.9558087594204975,0.9777424162057033,0.9647533530347806,-0.012989063170922743,0.7542168674698795,0.07710843373493977,0.9947589098532494,1.0,-0.020387489475472642,0.09158589689563135,-0.017246439445710138,-0.0344617689750433,True,True,True,0.12668485900934423,True,True,True,True,True
ptbxl_sex,PTB-XL sex,phase5_ptbxl,phase5_ptbxl__unmatched__resnet1d__seed7__pr0.75,resnet1d,7,0.75,is_mi,male,spec0.90,0.9757281553398058,0.8991507430997877,0.064544677734375,female,226,737,0.04424778761061947,0.11946902654867257,0.0752212389380531,0.0787037037037037,0.9853272258109208,0.9761962488959701,189,632,0.07407407407407407,0.10582010582010581,0.031746031746031744,0.03428571428571428,0.9680807863652107,0.9558087594204975,0.9777424162057033,0.9647533530347806,-0.012989063170922743,0.9421686746987952,0.8867469879518072,0.9025157232704403,0.9287211740041929,-0.020387489475472642,0.013648920728566757,-0.017246439445710138,-0.0298262864634546,False,False,True,0.044417989417989426,False,False,False,False,False
ptbxl_sex,PTB-XL sex,phase5_ptbxl,phase5_ptbxl__unmatched__resnet1d__seed7__pr1.0,resnet1d,7,1.0,is_mi,male,t0.5,0.8713592233009708,0.9787685774946921,0.5,female,226,737,0.15486725663716813,0.6504424778761062,0.49557522123893805,0.5863874345549738,0.9853272258109208,0.9535484820670903,189,632,0.1746031746031746,0.3544973544973545,0.17989417989417988,0.21794871794871795,0.9680807863652107,0.9409031734088167,0.9777424162057033,0.9378937132176504,-0.039848702988052986,0.8361445783132531,0.4843373493975904,0.9758909853249476,0.9863731656184487,-0.012645308658273624,0.29594512337875173,-0.017246439445710138,-0.01973591796600646,True,True,False,0.3684387166062558,False,False,False,False,False
ptbxl_sex,PTB-XL sex,phase5_ptbxl,phase5_ptbxl__unmatched__resnet1d__seed7__pr1.0,resnet1d,7,1.0,is_mi,male,youden_j,0.9514563106796117,0.9384288747346072,0.1419677734375,female,226,737,0.09292035398230089,0.33185840707964603,0.23893805309734514,0.2634146341463415,0.9853272258109208,0.9535484820670903,189,632,0.09523809523809523,0.1164021164021164,0.021164021164021163,0.023391812865497075,0.9680807863652107,0.9409031734088167,0.9777424162057033,0.9378937132176504,-0.039848702988052986,0.9060240963855422,0.7662650602409639,0.9371069182389937,0.939203354297694,-0.012645308658273624,0.21545629067752964,-0.017246439445710138,-0.002317741255794342,True,True,False,0.2400228212808444,False,False,False,False,False
ptbxl_sex,PTB-XL sex,phase5_ptbxl,phase5_ptbxl__unmatched__resnet1d__seed7__pr1.0,resnet1d,7,1.0,is_mi,male,sens0.80,0.7985436893203883,0.9915074309978769,0.886425793170929,female,226,737,0.23008849557522124,0.9601769911504425,0.7300884955752213,0.9482758620689655,0.9853272258109208,0.9535484820670903,189,632,0.26455026455026454,0.8201058201058201,0.5555555555555556,0.7553956834532374,0.9680807863652107,0.9409031734088167,0.9777424162057033,0.9378937132176504,-0.039848702988052986,0.7542168674698795,0.10361445783132531,0.9947589098532494,0.9989517819706499,-0.012645308658273624,0.1400711710446224,-0.017246439445710138,-0.0344617689750433,True,True,False,0.19288017861572815,False,False,False,False,False
ptbxl_sex,PTB-XL sex,phase5_ptbxl,phase5_ptbxl__unmatched__resnet1d__seed7__pr1.0,resnet1d,7,1.0,is_mi,male,spec0.90,0.9757281553398058,0.8991507430997877,0.064544677734375,female,226,737,0.04424778761061947,0.23893805309734514,0.1946902654867257,0.20370370370370372,0.9853272258109208,0.9535484820670903,189,632,0.07407407407407407,0.10052910052910052,0.026455026455026454,0.02857142857142857,0.9680807863652107,0.9409031734088167,0.9777424162057033,0.9378937132176504,-0.039848702988052986,0.9421686746987952,0.8240963855421687,0.9025157232704403,0.9025157232704403,-0.012645308658273624,0.13840895256824462,-0.017246439445710138,-0.0298262864634546,True,True,False,0.17513227513227514,False,False,False,False,False
ptbxl_sex,PTB-XL sex,phase5_ptbxl,phase5_ptbxl__unmatched__resnet1d__seed42__pr0.0,resnet1d,42,0.0,is_mi,male,t0.5,0.866504854368932,0.9745222929936306,0.5,female,226,737,0.16371681415929204,0.16371681415929204,0.0,0.0,0.9833356424155308,0.9833356424155308,189,632,0.18518518518518517,0.18518518518518517,0.0,0.0,0.9681823067827583,0.9681823067827583,0.976646207471395,0.976646207471395,0.0,0.8265060240963855,0.8265060240963855,0.9790356394129979,0.9790356394129979,-0.015153335632772547,-0.021468371025893135,-0.015153335632772547,-0.021468371025893135,False,False,True,0.0,False,False,False,False,False
ptbxl_sex,PTB-XL sex,phase5_ptbxl,phase5_ptbxl__unmatched__resnet1d__seed42__pr0.0,resnet1d,42,0.0,is_mi,male,youden_j,0.9368932038834952,0.945859872611465,0.2037353515625,female,226,737,0.09292035398230089,0.09292035398230089,0.0,0.0,0.9833356424155308,0.9833356424155308,189,632,0.10582010582010581,0.10582010582010581,0.0,0.0,0.9681823067827583,0.9681823067827583,0.976646207471395,0.976646207471395,0.0,0.9012048192771084,0.9012048192771084,0.9433962264150944,0.9433962264150944,-0.015153335632772547,-0.012899751837804924,-0.015153335632772547,-0.012899751837804924,False,False,True,0.0,False,False,False,False,False
ptbxl_sex,PTB-XL sex,phase5_ptbxl,phase5_ptbxl__unmatched__resnet1d__seed42__pr0.0,resnet1d,42,0.0,is_mi,male,sens0.80,0.7985436893203883,0.9936305732484076,0.846972644329071,female,226,737,0.22566371681415928,0.22566371681415928,0.0,0.0,0.9833356424155308,0.9833356424155308,189,632,0.2698412698412698,0.2698412698412698,0.0,0.0,0.9681823067827583,0.9681823067827583,0.976646207471395,0.976646207471395,0.0,0.7542168674698795,0.7542168674698795,0.9905660377358491,0.9905660377358491,-0.015153335632772547,-0.044177553027110544,-0.015153335632772547,-0.044177553027110544,False,False,True,0.0,False,False,False,False,False
ptbxl_sex,PTB-XL sex,phase5_ptbxl,phase5_ptbxl__unmatched__resnet1d__seed42__pr0.0,resnet1d,42,0.0,is_mi,male,spec0.90,0.9635922330097088,0.8991507430997877,0.09501342475414276,female,226,737,0.04424778761061947,0.04424778761061947,0.0,0.0,0.9833356424155308,0.9833356424155308,189,632,0.07936507936507936,0.07936507936507936,0.0,0.0,0.9681823067827583,0.9681823067827583,0.976646207471395,0.976646207471395,0.0,0.9397590361445783,0.9397590361445783,0.8972746331236897,0.8972746331236897,-0.015153335632772547,-0.03511729175445989,-0.015153335632772547,-0.03511729175445989,False,False,True,0.0,False,False,False,False,False
ptbxl_sex,PTB-XL sex,phase5_ptbxl,phase5_ptbxl__unmatched__resnet1d__seed42__pr0.5,resnet1d,42,0.5,is_mi,male,t0.5,0.866504854368932,0.9745222929936306,0.5,female,226,737,0.16371681415929204,0.2831858407079646,0.11946902654867256,0.14285714285714285,0.9833356424155308,0.9767850648563462,189,632,0.18518518518518517,0.2857142857142857,0.10052910052910052,0.12337662337662336,0.9681823067827583,0.9539933354831774,0.976646207471395,0.9667512818569877,-0.009894925614407302,0.8265060240963855,0.7156626506024096,0.9790356394129979,0.9926624737945493,-0.022791729373168756,-0.0025284450063211006,-0.015153335632772547,-0.021468371025893135,False,False,True,0.019480519480519487,False,False,False,False,False
ptbxl_sex,PTB-XL sex,phase5_ptbxl,phase5_ptbxl__unmatched__resnet1d__seed42__pr0.5,resnet1d,42,0.5,is_mi,male,youden_j,0.9368932038834952,0.945859872611465,0.2037353515625,female,226,737,0.09292035398230089,0.13274336283185842,0.03982300884955753,0.043902439024390255,0.9833356424155308,0.9767850648563462,189,632,0.10582010582010581,0.1693121693121693,0.06349206349206349,0.07100591715976332,0.9681823067827583,0.9539933354831774,0.976646207471395,0.9667512818569877,-0.009894925614407302,0.9012048192771084,0.8506024096385543,0.9433962264150944,0.9769392033542977,-0.022791729373168756,-0.036568806480310884,-0.015153335632772547,-0.012899751837804924,False,False,True,-0.02710347813537306,False,False,False,False,False
ptbxl_sex,PTB-XL sex,phase5_ptbxl,phase5_ptbxl__unmatched__resnet1d__seed42__pr0.5,resnet1d,42,0.5,is_mi,male,sens0.80,0.7985436893203883,0.9936305732484076,0.846972644329071,female,226,737,0.22566371681415928,0.9336283185840708,0.7079646017699115,0.9142857142857143,0.9833356424155308,0.9767850648563462,189,632,0.2698412698412698,0.8994708994708994,0.6296296296296295,0.86231884057971,0.9681823067827583,0.9539933354831774,0.976646207471395,0.9667512818569877,-0.009894925614407302,0.7542168674698795,0.0819277108433735,0.9905660377358491,1.0,-0.022791729373168756,0.03415741911317138,-0.015153335632772547,-0.044177553027110544,True,True,True,0.05196687370600428,True,True,True,True,True
ptbxl_sex,PTB-XL sex,phase5_ptbxl,phase5_ptbxl__unmatched__resnet1d__seed42__pr0.5,resnet1d,42,0.5,is_mi,male,spec0.90,0.9635922330097088,0.8991507430997877,0.09501342475414276,female,226,737,0.04424778761061947,0.11504424778761062,0.07079646017699115,0.07407407407407407,0.9833356424155308,0.9767850648563462,189,632,0.07936507936507936,0.12698412698412698,0.047619047619047616,0.051724137931034475,0.9681823067827583,0.9539933354831774,0.976646207471395,0.9667512818569877,-0.009894925614407302,0.9397590361445783,0.8795180722891566,0.8972746331236897,0.9622641509433962,-0.022791729373168756,-0.01193987919651636,-0.015153335632772547,-0.03511729175445989,False,False,True,0.022349936143039595,False,False,False,False,False
ptbxl_sex,PTB-XL sex,phase5_ptbxl,phase5_ptbxl__unmatched__resnet1d__seed42__pr0.75,resnet1d,42,0.75,is_mi,male,t0.5,0.866504854368932,0.9745222929936306,0.5,female,226,737,0.16371681415929204,0.5929203539823009,0.42920353982300885,0.5132275132275133,0.9833356424155308,0.965792390419618,189,632,0.18518518518518517,0.42328042328042326,0.23809523809523808,0.2922077922077922,0.9681823067827583,0.9534618462383698,0.976646207471395,0.9595400469803743,-0.01710616049102065,0.8265060240963855,0.4843373493975904,0.9790356394129979,0.9958071278825996,-0.012330544181248126,0.16963993070187766,-0.015153335632772547,-0.021468371025893135,True,True,True,0.22101972101972106,True,True,True,True,True
ptbxl_sex,PTB-XL sex,phase5_ptbxl,phase5_ptbxl__unmatched__resnet1d__seed42__pr0.75,resnet1d,42,0.75,is_mi,male,youden_j,0.9368932038834952,0.945859872611465,0.2037353515625,female,226,737,0.09292035398230089,0.22123893805309736,0.12831858407079647,0.14146341463414636,0.9833356424155308,0.965792390419618,189,632,0.10582010582010581,0.19576719576719576,0.08994708994708994,0.10059171597633136,0.9681823067827583,0.9534618462383698,0.976646207471395,0.9595400469803743,-0.01710616049102065,0.9012048192771084,0.7903614457831325,0.9433962264150944,0.9706498951781971,-0.012330544181248126,0.0254717422859016,-0.015153335632772547,-0.012899751837804924,False,False,True,0.040871698657814995,False,False,False,False,False
ptbxl_sex,PTB-XL sex,phase5_ptbxl,phase5_ptbxl__unmatched__resnet1d__seed42__pr0.75,resnet1d,42,0.75,is_mi,male,sens0.80,0.7985436893203883,0.9936305732484076,0.846972644329071,female,226,737,0.22566371681415928,0.9247787610619469,0.6991150442477876,0.9028571428571428,0.9833356424155308,0.965792390419618,189,632,0.2698412698412698,0.8095238095238095,0.5396825396825398,0.7391304347826088,0.9681823067827583,0.9534618462383698,0.976646207471395,0.9595400469803743,-0.01710616049102065,0.7542168674698795,0.12771084337349398,0.9905660377358491,1.0,-0.012330544181248126,0.11525495153813736,-0.015153335632772547,-0.044177553027110544,True,True,True,0.16372670807453404,True,True,True,True,True
ptbxl_sex,PTB-XL sex,phase5_ptbxl,phase5_ptbxl__unmatched__resnet1d__seed42__pr0.75,resnet1d,42,0.75,is_mi,male,spec0.90,0.9635922330097088,0.8991507430997877,0.09501342475414276,female,226,737,0.04424778761061947,0.15486725663716813,0.11061946902654866,0.11574074074074073,0.9833356424155308,0.965792390419618,189,632,0.07936507936507936,0.13756613756613756,0.0582010582010582,0.0632183908045977,0.9681823067827583,0.9534618462383698,0.976646207471395,0.9595400469803743,-0.01710616049102065,0.9397590361445783,0.8530120481927711,0.8972746331236897,0.9444444444444444,-0.012330544181248126,0.017301119071030574,-0.015153335632772547,-0.03511729175445989,False,True,True,0.052522349936143034,False,True,False,False,False
ptbxl_sex,PTB-XL sex,phase5_ptbxl,phase5_ptbxl__unmatched__resnet1d__seed42__pr1.0,resnet1d,42,1.0,is_mi,male,t0.5,0.866504854368932,0.9745222929936306,0.5,female,226,737,0.16371681415929204,0.8849557522123894,0.7212389380530974,0.8624338624338624,0.9833356424155308,0.9561288814228566,189,632,0.18518518518518517,0.746031746031746,0.5608465608465609,0.6883116883116883,0.9681823067827583,0.9390996930500315,0.976646207471395,0.9468364022126241,-0.02980980525877086,0.8265060240963855,0.1783132530120482,0.9790356394129979,1.0,-0.017029188372825077,0.13892400618064338,-0.015153335632772547,-0.021468371025893135,True,True,True,0.17412217412217412,True,True,True,True,True
ptbxl_sex,PTB-XL sex,phase5_ptbxl,phase5_ptbxl__unmatched__resnet1d__seed42__pr1.0,resnet1d,42,1.0,is_mi,male,youden_j,0.9368932038834952,0.945859872611465,0.2037353515625,female,226,737,0.09292035398230089,0.6283185840707964,0.5353982300884955,0.5902439024390244,0.9833356424155308,0.9561288814228566,189,632,0.10582010582010581,0.49206349206349204,0.3862433862433862,0.4319526627218935,0.9681823067827583,0.9390996930500315,0.976646207471395,0.9468364022126241,-0.02980980525877086,0.9012048192771084,0.43373493975903615,0.9433962264150944,0.9958071278825996,-0.017029188372825077,0.1362550920073044,-0.015153335632772547,-0.012899751837804924,True,True,True,0.15829123971713088,True,True,True,True,True
ptbxl_sex,PTB-XL sex,phase5_ptbxl,phase5_ptbxl__unmatched__resnet1d__seed42__pr1.0,resnet1d,42,1.0,is_mi,male,sens0.80,0.7985436893203883,0.9936305732484076,0.846972644329071,female,226,737,0.22566371681415928,1.0,0.7743362831858407,1.0,0.9833356424155308,0.9561288814228566,189,632,0.2698412698412698,1.0,0.7301587301587302,1.0,0.9681823067827583,0.9390996930500315,0.976646207471395,0.9468364022126241,-0.02980980525877086,0.7542168674698795,0.0,0.9905660377358491,1.0,-0.017029188372825077,0.0,-0.015153335632772547,-0.044177553027110544,True,False,True,0.0,False,False,False,False,False
ptbxl_sex,PTB-XL sex,phase5_ptbxl,phase5_ptbxl__unmatched__resnet1d__seed42__pr1.0,resnet1d,42,1.0,is_mi,male,spec0.90,0.9635922330097088,0.8991507430997877,0.09501342475414276,female,226,737,0.04424778761061947,0.43805309734513276,0.3938053097345133,0.41203703703703703,0.9833356424155308,0.9561288814228566,189,632,0.07936507936507936,0.3386243386243386,0.25925925925925924,0.28160919540229884,0.9681823067827583,0.9390996930500315,0.976646207471395,0.9468364022126241,-0.02980980525877086,0.9397590361445783,0.6072289156626506,0.8972746331236897,0.9916142557651991,-0.017029188372825077,0.09942875872079415,-0.015153335632772547,-0.03511729175445989,True,True,True,0.1304278416347382,True,True,True,True,True
ptbxl_sex,PTB-XL sex,phase5_ptbxl,phase5_ptbxl__unmatched__resnet1d__seed123__pr0.0,resnet1d,123,0.0,is_mi,male,t0.5,0.8689320388349514,0.9830148619957537,0.5,female,226,737,0.13274336283185842,0.13274336283185842,0.0,0.0,0.989271426839617,0.989271426839617,189,632,0.18518518518518517,0.18518518518518517,0.0,0.0,0.9823055884003965,0.9823055884003965,0.9862910762547044,0.9862910762547044,0.0,0.8433734939759037,0.8433734939759037,0.9769392033542977,0.9769392033542977,-0.006965838439220495,-0.052441822353326756,-0.006965838439220495,-0.052441822353326756,False,False,True,0.0,False,False,False,False,False
ptbxl_sex,PTB-XL sex,phase5_ptbxl,phase5_ptbxl__unmatched__resnet1d__seed123__pr0.0,resnet1d,123,0.0,is_mi,male,youden_j,0.9611650485436893,0.9256900212314225,0.105224609375,female,226,737,0.061946902654867256,0.061946902654867256,0.0,0.0,0.989271426839617,0.989271426839617,189,632,0.08465608465608465,0.08465608465608465,0.0,0.0,0.9823055884003965,0.9823055884003965,0.9862910762547044,0.9862910762547044,0.0,0.927710843373494,0.927710843373494,0.9423480083857443,0.9423480083857443,-0.006965838439220495,-0.022709182001217396,-0.006965838439220495,-0.022709182001217396,False,False,True,0.0,False,False,False,False,False
ptbxl_sex,PTB-XL sex,phase5_ptbxl,phase5_ptbxl__unmatched__resnet1d__seed123__pr0.0,resnet1d,123,0.0,is_mi,male,sens0.80,0.7985436893203883,0.994692144373673,0.8749023675918579,female,226,737,0.22566371681415928,0.22566371681415928,0.0,0.0,0.989271426839617,0.989271426839617,189,632,0.291005291005291,0.291005291005291,0.0,0.0,0.9823055884003965,0.9823055884003965,0.9862910762547044,0.9862910762547044,0.0,0.744578313253012,0.744578313253012,0.9958071278825996,0.9958071278825996,-0.006965838439220495,-0.06534157419113171,-0.006965838439220495,-0.06534157419113171,False,False,True,0.0,False,False,False,False,False
ptbxl_sex,PTB-XL sex,phase5_ptbxl,phase5_ptbxl__unmatched__resnet1d__seed123__pr0.0,resnet1d,123,0.0,is_mi,male,spec0.90,0.9684466019417476,0.8991507430997877,0.06058349460363388,female,226,737,0.04424778761061947,0.04424778761061947,0.0,0.0,0.989271426839617,0.989271426839617,189,632,0.05291005291005291,0.05291005291005291,0.0,0.0,0.9823055884003965,0.9823055884003965,0.9862910762547044,0.9862910762547044,0.0,0.9518072289156626,0.9518072289156626,0.9182389937106918,0.9182389937106918,-0.006965838439220495,-0.008662265299433439,-0.006965838439220495,-0.008662265299433439,False,False,True,0.0,False,False,False,False,False
ptbxl_sex,PTB-XL sex,phase5_ptbxl,phase5_ptbxl__unmatched__resnet1d__seed123__pr0.5,resnet1d,123,0.5,is_mi,male,t0.5,0.8689320388349514,0.9830148619957537,0.5,female,226,737,0.13274336283185842,0.30973451327433627,0.17699115044247785,0.20408163265306117,0.989271426839617,0.9768370192057911,189,632,0.18518518518518517,0.3386243386243386,0.15343915343915343,0.1883116883116883,0.9823055884003965,0.9652143275168106,0.9862910762547044,0.9714834179485236,-0.014807658306180804,0.8433734939759037,0.6771084337349398,0.9769392033542977,0.9916142557651991,-0.011622691688980558,-0.02888982535000234,-0.006965838439220495,-0.052441822353326756,True,False,True,0.015769944341372882,False,False,False,False,False
ptbxl_sex,PTB-XL sex,phase5_ptbxl,phase5_ptbxl__unmatched__resnet1d__seed123__pr0.5,resnet1d,123,0.5,is_mi,male,youden_j,0.9611650485436893,0.9256900212314225,0.105224609375,female,226,737,0.061946902654867256,0.16371681415929204,0.10176991150442478,0.10849056603773585,0.989271426839617,0.9768370192057911,189,632,0.08465608465608465,0.13756613756613756,0.05291005291005291,0.057803468208092484,0.9823055884003965,0.9652143275168106,0.9862910762547044,0.9714834179485236,-0.014807658306180804,0.927710843373494,0.8481927710843373,0.9423480083857443,0.9633123689727463,-0.011622691688980558,0.02615067659315448,-0.006965838439220495,-0.022709182001217396,False,True,True,0.05068709782964337,False,True,False,False,False
ptbxl_sex,PTB-XL sex,phase5_ptbxl,phase5_ptbxl__unmatched__resnet1d__seed123__pr0.5,resnet1d,123,0.5,is_mi,male,sens0.80,0.7985436893203883,0.994692144373673,0.8749023675918579,female,226,737,0.22566371681415928,0.9513274336283186,0.7256637168141593,0.9371428571428572,0.989271426839617,0.9768370192057911,189,632,0.291005291005291,0.8306878306878307,0.5396825396825398,0.7611940298507464,0.9823055884003965,0.9652143275168106,0.9862910762547044,0.9714834179485236,-0.014807658306180804,0.744578313253012,0.10361445783132531,0.9958071278825996,1.0,-0.011622691688980558,0.12063960294048792,-0.006965838439220495,-0.06534157419113171,True,True,True,0.1759488272921108,True,True,True,True,True
ptbxl_sex,PTB-XL sex,phase5_ptbxl,phase5_ptbxl__unmatched__resnet1d__seed123__pr0.5,resnet1d,123,0.5,is_mi,male,spec0.90,0.9684466019417476,0.8991507430997877,0.06058349460363388,female,226,737,0.04424778761061947,0.13716814159292035,0.09292035398230088,0.09722222222222221,0.989271426839617,0.9768370192057911,189,632,0.05291005291005291,0.1164021164021164,0.06349206349206349,0.0670391061452514,0.9823055884003965,0.9652143275168106,0.9862910762547044,0.9714834179485236,-0.014807658306180804,0.9518072289156626,0.8722891566265061,0.9182389937106918,0.9486373165618449,-0.011622691688980558,0.02076602519080395,-0.006965838439220495,-0.008662265299433439,False,False,True,0.030183116076970815,False,False,False,False,False
ptbxl_sex,PTB-XL sex,phase5_ptbxl,phase5_ptbxl__unmatched__resnet1d__seed123__pr0.75,resnet1d,123,0.75,is_mi,male,t0.5,0.8689320388349514,0.9830148619957537,0.5,female,226,737,0.13274336283185842,0.49557522123893805,0.36283185840707965,0.41836734693877553,0.989271426839617,0.9754905356493427,189,632,0.18518518518518517,0.4126984126984127,0.2275132275132275,0.2792207792207792,0.9823055884003965,0.9526198239516523,0.9862910762547044,0.9646283246192316,-0.02166275163547271,0.8433734939759037,0.5421686746987951,0.9769392033542977,0.9968553459119497,-0.022870711697690393,0.08287680854052537,-0.006965838439220495,-0.052441822353326756,True,True,True,0.13914656771799633,True,True,True,True,True
ptbxl_sex,PTB-XL sex,phase5_ptbxl,phase5_ptbxl__unmatched__resnet1d__seed123__pr0.75,resnet1d,123,0.75,is_mi,male,youden_j,0.9611650485436893,0.9256900212314225,0.105224609375,female,226,737,0.061946902654867256,0.13716814159292035,0.07522123893805309,0.08018867924528301,0.989271426839617,0.9754905356493427,189,632,0.08465608465608465,0.13227513227513227,0.047619047619047616,0.05202312138728323,0.9823055884003965,0.9526198239516523,0.9862910762547044,0.9646283246192316,-0.02166275163547271,0.927710843373494,0.8650602409638555,0.9423480083857443,0.9423480083857443,-0.022870711697690393,0.004893009317788077,-0.006965838439220495,-0.022709182001217396,False,False,True,0.028165557857999783,False,False,False,False,False
ptbxl_sex,PTB-XL sex,phase5_ptbxl,phase5_ptbxl__unmatched__resnet1d__seed123__pr0.75,resnet1d,123,0.75,is_mi,male,sens0.80,0.7985436893203883,0.994692144373673,0.8749023675918579,female,226,737,0.22566371681415928,0.995575221238938,0.7699115044247787,0.9942857142857143,0.989271426839617,0.9754905356493427,189,632,0.291005291005291,0.9682539682539683,0.6772486772486772,0.9552238805970148,0.9823055884003965,0.9526198239516523,0.9862910762547044,0.9646283246192316,-0.02166275163547271,0.744578313253012,0.016867469879518072,0.9958071278825996,1.0,-0.022870711697690393,0.02732125298496979,-0.006965838439220495,-0.06534157419113171,True,False,True,0.03906183368869953,False,False,False,False,False
ptbxl_sex,PTB-XL sex,phase5_ptbxl,phase5_ptbxl__unmatched__resnet1d__seed123__pr0.75,resnet1d,123,0.75,is_mi,male,spec0.90,0.9684466019417476,0.8991507430997877,0.06058349460363388,female,226,737,0.04424778761061947,0.10176991150442478,0.057522123893805316,0.06018518518518519,0.989271426839617,0.9754905356493427,189,632,0.05291005291005291,0.10582010582010581,0.05291005291005291,0.055865921787709494,0.9823055884003965,0.9526198239516523,0.9862910762547044,0.9646283246192316,-0.02166275163547271,0.9518072289156626,0.8963855421686747,0.9182389937106918,0.9046121593291404,-0.022870711697690393,-0.00405019431568103,-0.006965838439220495,-0.008662265299433439,False,False,True,0.004319263397475695,False,False,False,False,False
ptbxl_sex,PTB-XL sex,phase5_ptbxl,phase5_ptbxl__unmatched__resnet1d__seed123__pr1.0,resnet1d,123,1.0,is_mi,male,t0.5,0.8689320388349514,0.9830148619957537,0.5,female,226,737,0.13274336283185842,0.7787610619469026,0.6460176991150443,0.7448979591836734,0.989271426839617,0.9533753009022738,189,632,0.18518518518518517,0.544973544973545,0.3597883597883598,0.44155844155844154,0.9823055884003965,0.937672435415099,0.9862910762547044,0.941650880250562,-0.044640196004142374,0.8433734939759037,0.327710843373494,0.9769392033542977,0.9958071278825996,-0.01570286548717481,0.23378751697335765,-0.006965838439220495,-0.052441822353326756,True,True,False,0.30333951762523187,False,False,False,False,False
ptbxl_sex,PTB-XL sex,phase5_ptbxl,phase5_ptbxl__unmatched__resnet1d__seed123__pr1.0,resnet1d,123,1.0,is_mi,male,youden_j,0.9611650485436893,0.9256900212314225,0.105224609375,female,226,737,0.061946902654867256,0.23893805309734514,0.17699115044247787,0.18867924528301885,0.989271426839617,0.9533753009022738,189,632,0.08465608465608465,0.14814814814814814,0.06349206349206349,0.06936416184971098,0.9823055884003965,0.937672435415099,0.9862910762547044,0.941650880250562,-0.044640196004142374,0.927710843373494,0.8024096385542169,0.9423480083857443,0.9245283018867925,-0.01570286548717481,0.090789904949197,-0.006965838439220495,-0.022709182001217396,False,True,False,0.11931508343330788,False,False,False,False,False
ptbxl_sex,PTB-XL sex,phase5_ptbxl,phase5_ptbxl__unmatched__resnet1d__seed123__pr1.0,resnet1d,123,1.0,is_mi,male,sens0.80,0.7985436893203883,0.994692144373673,0.8749023675918579,female,226,737,0.22566371681415928,0.995575221238938,0.7699115044247787,0.9942857142857143,0.989271426839617,0.9533753009022738,189,632,0.291005291005291,0.9682539682539683,0.6772486772486772,0.9552238805970148,0.9823055884003965,0.937672435415099,0.9862910762547044,0.941650880250562,-0.044640196004142374,0.744578313253012,0.016867469879518072,0.9958071278825996,1.0,-0.01570286548717481,0.02732125298496979,-0.006965838439220495,-0.06534157419113171,True,False,False,0.03906183368869953,False,False,False,False,False
ptbxl_sex,PTB-XL sex,phase5_ptbxl,phase5_ptbxl__unmatched__resnet1d__seed123__pr1.0,resnet1d,123,1.0,is_mi,male,spec0.90,0.9684466019417476,0.8991507430997877,0.06058349460363388,female,226,737,0.04424778761061947,0.15486725663716813,0.11061946902654866,0.11574074074074073,0.989271426839617,0.9533753009022738,189,632,0.05291005291005291,0.09523809523809523,0.042328042328042326,0.04469273743016759,0.9823055884003965,0.937672435415099,0.9862910762547044,0.941650880250562,-0.044640196004142374,0.9518072289156626,0.8722891566265061,0.9182389937106918,0.8637316561844863,-0.01570286548717481,0.0596291613990729,-0.006965838439220495,-0.008662265299433439,False,True,False,0.07104800331057314,False,False,False,False,False
